listing_id,title,district,property_type,price_hkd,usable_area_sqft,bedrooms,bathrooms,floor,kitchen_type,building_age_years,agency,image_url,url,fetched_at,enriched_at,estate,building_area_sqft,address,description,latitude,longitude,rent_includes,cooking_method,primary_school_net,secondary_school_net,published_at,updated_at,expires_at,image_urls
3932506,香港大學 港大学生合租 水電網+清潔洗衣+额外宽敞24小時自習室 免佣11个月,上環,文景大廈,9500,466,3,2,高層,梗廚,41,,https://i1.28hse.com/2026/07/202607150936337394735_thumb.jpg,https://www.28hse.com/rent/apartment/property-3932506,2026-08-02T21:33:05.478720+00:00,2026-08-02T21:35:34.741074+00:00,文景大廈,526,香港島上環文景大廈 文咸西街9-11號,"每個房間都有窗戶、獨立冷氣、床、書桌書架和衣櫃
共享范圍有客廳沙發餐桌鞋櫃廚房洗手間 
配備一個日常生活助手
交通方便 5分鐘步行 即可到上環地鐵站/西港城電車站/皇后道巴士站
距離香港大學10分鐘車程
價格已經水電網全包，並且包含定時有人日常清潔整理和洗衣
福利：港大自習室一位難求，可免費樓下共享業主寬大辦公室24小時自習，有打印機。
单间10500-9800全包价
學生整付11個月 免佣",22.286819,114.14923900000001,差餉地租､管理費 / 水電 / 煤氣,,,,2026-07-16T12:12:01+08:00,2026-07-19T19:36:08+08:00,2026-08-15T12:12:01+08:00,"[""https://i1.28hse.com/2026/07/20260715093634400419_large.jpg"", ""https://i1.28hse.com/2026/07/202607150936353249857_large.jpg"", ""https://i1.28hse.com/2026/07/202607150936366902666_large.jpg"", ""https://i1.28hse.com/2026/07/202607150936377444968_large.jpg"", ""https://i1.28hse.com/2026/07/202607150936384599686_large.jpg"", ""https://i1.28hse.com/2026/07/202607161034366904860_large.jpg"", ""https://i1.28hse.com/2026/07/202607191934372358120_large.jpg"", ""https://i1.28hse.com/2026/07/202607191934395677384_large.jpg"", ""https://i1.28hse.com/2026/07/202607191934427654543_large.jpg"", ""https://i1.28hse.com/2026/07/202607191934454423166_large.jpg"", ""https://i1.28hse.com/2026/07/202607191934484439561_large.jpg"", ""https://i1.28hse.com/2026/07/202607191934501384788_large.jpg""]"
3922832,【獨家VR/圖則】內外翻新 / 包傢電 / 近扶手梯,中環,伊利近街8-10號,17000,463,2,1,低層,梗廚,,小村置業有限公司,https://i1.28hse.com/2026/07/202607081038412628163_thumb.jpg,https://www.28hse.com/rent/apartment/property-3922832,2026-08-02T21:33:05.478720+00:00,2026-08-02T21:35:35.396330+00:00,伊利近街8-10號,,香港島中環伊利近街8-10號 伊利近街8-10號,"獨家VR影片及單位圖則能讓您安坐在家中，也可了解每間房間的呎寸。 
　
這個單位位於繁華的中環地區，與大館、PMQ、Soho區近在咫尺，鄰近熱門的娛樂區蘭桂芳。高標準的現代裝修，寬敞的客廳和臥室，讓您能輕鬆佈置家具，大窗戶帶來自然光線和新鮮空氣。
　
行樓梯，獨立住宅單位，非商業契。
　　
我們的代理住在這區，熟悉附近社區環境，歡迎預約並在您方便的時候和您一起參觀這個漂亮的單位。
　
專業物管公司統一管理，乾淨企理，省卻漏水/滲水/噪音煩惱，無後顧之憂。
　
尚有其他單位（開放式、中層、高層）選擇，可安排一次過參觀，有議價空間，歡迎查詢。
　
地租、差餉、管理費全包。
　
 | 網上搵樓盤 | VR睇樓 | 5星好評 | 一站式租務管理 |
小村置業：www.omuraproperty.com
Facebook：www.facebook.com/omuraproperty",22.282818,114.152603,差餉地租､管理費,明火煮食,,,2026-07-08T10:38:49+08:00,2026-07-24T16:25:12+08:00,2026-08-07T10:38:49+08:00,"[""https://i1.28hse.com/2026/07/202607081038413759556_large.jpg"", ""https://i1.28hse.com/2026/07/202607081038426599300_large.jpg"", ""https://i1.28hse.com/2026/07/202607081038422222492_large.jpg"", ""https://i1.28hse.com/2026/07/202607081038423604327_large.jpg"", ""https://i1.28hse.com/2026/07/202607081038421559178_large.jpg"", ""https://i1.28hse.com/2026/07/202607081038432566565_large.jpg"", ""https://i1.28hse.com/2026/07/202607081038438132926_large.jpg"", ""https://i1.28hse.com/2026/07/20260708103844817838_large.jpg"", ""https://i1.28hse.com/2026/07/202607081038445229301_large.jpg"", ""https://i1.28hse.com/2026/07/202607081038442840032_large.jpg"", ""https://i1.28hse.com/2026/07/202607081038443080210_large.jpg"", ""https://i1.28hse.com/2026/07/202607081038454803277_large.jpg"", ""https://i1.28hse.com/2026/07/202607081038457563194_large.jpg"", ""https://i1.28hse.com/2026/07/202607081038453303768_large.jpg"", ""https://i1.28hse.com/2026/07/202607081038461738381_large.jpg"", ""https://i1.28hse.com/2026/07/202607081038464737725_large.jpg"", ""https://i1.28hse.com/2026/07/202607081038464229455_large.jpg"", ""https://i1.28hse.com/2026/07/202607081038471536988_large.jpg"", ""https://i1.28hse.com/2026/07/202607081038472112087_large.jpg"", ""https://i1.28hse.com/2026/07/202607081038477036535_large.jpg"", ""https://i1.28hse.com/2026/07/202607081038488478911_large.jpg"", ""https://i1.28hse.com/2026/07/202607081038488304967_large.jpg"", ""https://i1.28hse.com/2026/07/202607081038485152722_large.jpg"", ""https://i1.28hse.com/2026/07/202607081038484056359_large.jpg"", ""https://i1.28hse.com/2026/07/202607081038412628163_large.jpg""]"
3922311,永生大厦｜永樂街｜兩房｜間格實用 l 開揚光猛 l 歡迎大學生,上環,永生大廈,15000,412,2,1,低層,開放式廚房,53,天立地產有限公司,https://i1.28hse.com/2026/07/202607201602575933179_thumb.jpg,https://www.28hse.com/rent/apartment/property-3922311,2026-08-02T21:33:05.478720+00:00,2026-08-02T21:35:36.038994+00:00,永生大廈,,香港島上環永生大廈 永樂街154-158號,"如果您有興趣，請記下*參考編號*
我們可以安排時間查看。
如果您想更新您的要求，請隨時告訴我們。
=============================
一房單位
https://docs.google.com/spreadsheets/d/1RFGv9ukpdIFWpXmzRIKwNoOic8kxT4eAGPUYxMI8xsQ/edit?usp=sharing
=============================
兩房單位
https://docs.google.com/spreadsheets/d/1hZAAlfW-SrcyqL8eLk3eOc4NiV7jPczPQxWCBv_a80w/edit?usp=sharing
=============================
如果您有興趣，請記下*參考編號*
我們可以安排時間查看。
如果您想更新您的要求，請隨時告訴我們。",22.287415,114.149193,差餉地租､管理費,,,,2026-07-07T17:48:57+08:00,2026-07-20T16:13:49+08:00,2026-08-06T17:48:57+08:00,"[""https://i1.28hse.com/2026/07/202607201602564298857_large.jpg"", ""https://i1.28hse.com/2026/07/202607201602578431742_large.jpg"", ""https://i1.28hse.com/2026/07/202607201602585297612_large.jpg"", ""https://i1.28hse.com/2026/07/202607201602583850785_large.jpg""]"
3068889,西營盤醫院路單間,西營盤,育賢樓,13500,656,1,1,,,,,https://i1.28hse.com/2026/07/20260722062338584462_thumb.jpg,https://www.28hse.com/rent/apartment/property-3068889,2026-08-02T21:33:05.478720+00:00,2026-08-02T21:35:36.670256+00:00,育賢樓,,香港島西營盤育賢樓 醫院道11A-11C號,"線上預訂享10%折扣！
 105平方英尺 / 約9.8平方米
房間配有雙人床，採用現代人體工學設計，佈置溫馨舒適。
底層
充滿活力的西營盤街區
交通便利
只要繳一個月押金
全部包含：
 • 無線網路、水、瓦斯和電力
• 公寓維護
• 租戶支持
• 每週清潔服務
• 床單和毛巾
家具齊全的公寓：
 • 臥室：雙人床墊、衣櫃、書桌椅、全身鏡、床罩、羽絨被、枕頭、窗簾、床笠、床墊保護套、延長線
• 客廳：餐桌椅、衣架、沙發、茶几、鏡子
廚房：冰箱、炊具、餐具、電水壺、微波爐、蒸氣熨斗、吸塵器、熨衣板、晾衣架、拖把、掃帚和鏟子、洗衣機
• 浴室用品：馬桶刷、浴盆架、地毯墊、水桶套裝、置物架
步行即可到達：
 • 步行約2分鐘即可到達最近的超市
• 步行約4分鐘即可抵達位於西營盤的喬治五世國王紀念公園（途經醫院道），這是一片宜人的綠地。
 • 步行約5分鐘即可到達西營盤地鐵站（港島線）
 • 步行約6分鐘即可抵達第一街/皇后大道西沿線的當地咖啡廳、餐廳和商店。
 • 步行約8分鐘即可抵達西部地區公共貨物作業區避風池/港區
駕車/公共交通範圍內：
 • 開車 15 分鐘即可抵達香港中環（途經乾諾道西）
 • 12分鐘即可抵達香港島西部走廊/上環。
 • 前往香港國際機場僅需20分鐘（機場快線+計程車）
 • 距離甘迺迪鎮長廊和西部海港僅 10 分鐘車程
交通設施：
 • 港鐵：步行約5分鐘即可到達西營盤站（港島線）
 • 巴士：沿汶鹹道/皇后大道西有多條城巴/小巴線。
 • 電車：步行約 7-8 分鐘即可到達德輔西路電車站。
 • 計程車：在第一街/中心街交叉路口附近很容易找到計程車。
付款條款：
第一個月的租金
可退還保證金",22.28537,114.14563,管理費 / 水電 / 煤氣,,,,2026-07-17T16:48:37+08:00,2026-07-22T08:00:57+08:00,2026-08-16T16:48:37+08:00,"[""https://i1.28hse.com/2026/07/202607220623417796453_large.jpg"", ""https://i1.28hse.com/2026/07/202607220623344716235_large.jpg"", ""https://i1.28hse.com/2026/07/202607220623458213336_large.jpg"", ""https://i1.28hse.com/2026/07/202607220623481664833_large.jpg"", ""https://i1.28hse.com/2026/07/202607220623512332547_large.jpg"", ""https://i1.28hse.com/2026/07/202607220623546131915_large.jpg"", ""https://i1.28hse.com/2026/07/202607220624298954539_large.jpg"", ""https://i1.28hse.com/2026/07/20260722062444989694_large.jpg"", ""https://i1.28hse.com/2026/07/202607220624354024551_large.jpg"", ""https://i1.28hse.com/2026/07/202607220624384098473_large.jpg"", ""https://i1.28hse.com/2026/07/20260722062441653870_large.jpg"", ""https://i1.28hse.com/2026/07/202607220624474534342_large.jpg"", ""https://i1.28hse.com/2026/07/202607220624517204405_large.jpg"", ""https://i1.28hse.com/2026/07/20260722062453213175_large.jpg"", ""https://i1.28hse.com/2026/07/202607220624567356782_large.jpg"", ""https://i1.28hse.com/2026/07/202607220624594757685_large.jpg"", ""https://i1.28hse.com/2026/07/202607220624324983263_large.jpg"", ""https://i1.28hse.com/2026/07/202607220625035477161_large.jpg"", ""https://i1.28hse.com/2026/07/202607220625063745173_large.jpg"", ""https://i1.28hse.com/2026/07/202607220625115686974_large.jpg"", ""https://i1.28hse.com/2026/07/20260722062514195983_large.jpg"", ""https://i1.28hse.com/2026/07/202607220625171938356_large.jpg"", ""https://i1.28hse.com/2026/07/202607220625201999613_large.jpg"", ""https://i1.28hse.com/2026/07/202607010625334133540_large.jpg""]"
3916427,【VR/圖則】行樓梯 / 近地鐵 / 天台,西營盤,西邊街8-10號,15500,425,2,1,,梗廚,44,小村置業有限公司,https://i1.28hse.com/2026/07/202607071222268035236_thumb.jpg,https://www.28hse.com/rent/apartment/property-3916427,2026-08-02T21:33:05.478720+00:00,2026-08-02T21:35:37.278825+00:00,西邊街8-10號,,香港島西營盤西邊街8-10號 西邊街8-10號,"這個單位位於寧靜的西營盤地區，鄰近西營盤地鐵站。簡約裝修，包少量家俬電器，私人天台獨享自然光線和新鮮空氣。
　
我們的代理住在附近，熟悉附近社區環境，歡迎預約並在您方便的時候和您一起參觀這個漂亮的單位。
　
專業公司統一管理，乾淨企理，省卻漏水/滲水/噪音煩惱，無後顧之憂。
　
尚有其他單位（中層、高層）選擇，可安排一次過參觀，有議價空間，歡迎查詢。
　
地租、差餉、管理費全包。
　
| 網上搵樓盤 | VR睇樓 | 業主放盤 | 一站式租務管理 |
小村置業：www.omuraproperty.com
Facebook/IG：omuraproperty",22.286381,114.14075500000001,差餉地租､管理費,,,,2026-07-03T18:24:42+08:00,2026-07-20T17:14:34+08:00,2026-08-02T18:24:42+08:00,"[""https://i1.28hse.com/2026/07/202607071223423803677_large.jpg"", ""https://i1.28hse.com/2026/07/202607071224272190659_large.jpg"", ""https://i1.28hse.com/2026/07/202607071222342801683_large.jpg"", ""https://i1.28hse.com/2026/07/202607071222357446874_large.jpg"", ""https://i1.28hse.com/2026/07/202607071222351009208_large.jpg"", ""https://i1.28hse.com/2026/07/202607071222363836875_large.jpg"", ""https://i1.28hse.com/2026/07/202607071222374296798_large.jpg"", ""https://i1.28hse.com/2026/07/202607071222376153726_large.jpg"", ""https://i1.28hse.com/2026/07/202607071222381614001_large.jpg"", ""https://i1.28hse.com/2026/07/202607071222398741737_large.jpg"", ""https://i1.28hse.com/2026/07/202607071222395803726_large.jpg"", ""https://i1.28hse.com/2026/07/202607071222408576234_large.jpg"", ""https://i1.28hse.com/2026/07/202607071222406896905_large.jpg"", ""https://i1.28hse.com/2026/07/20260707122241458702_large.jpg"", ""https://i1.28hse.com/2026/07/202607071222411033882_large.jpg"", ""https://i1.28hse.com/2026/07/20260707122242417205_large.jpg"", ""https://i1.28hse.com/2026/07/20260707122242825889_large.jpg"", ""https://i1.28hse.com/2026/07/202607071222431387912_large.jpg"", ""https://i1.28hse.com/2026/07/202607071222438203685_large.jpg"", ""https://i1.28hse.com/2026/07/202607071222446624531_large.jpg"", ""https://i1.28hse.com/2026/07/202607071223412546016_large.jpg"", ""https://i1.28hse.com/2026/07/202607071223442350184_large.jpg"", ""https://i1.28hse.com/2026/07/202607071222323930524_large.jpg"", ""https://i1.28hse.com/2026/07/202607071222304000278_large.jpg"", ""https://i1.28hse.com/2026/07/202607071222282217794_large.jpg"", ""https://i1.28hse.com/2026/07/202607071223466933547_large.jpg"", ""https://i1.28hse.com/2026/07/20260707122234146113_large.jpg"", ""https://i1.28hse.com/2026/07/202607071222337904937_large.jpg"", ""https://i1.28hse.com/2026/07/202607071222327266424_large.jpg"", ""https://i1.28hse.com/2026/07/202607071222268035236_large.jpg""]"
3918401,超平租 歡迎大學生 雅裝2房 傢電齊 拎包入住 步行10分鐘至港大,石塘咀,再發大廈,17000,466,2,1,中層,,67,樂家物業有限公司,https://i1.28hse.com/2026/07/20260731025403702735_thumb.jpg,https://www.28hse.com/rent/apartment/property-3918401,2026-08-02T21:33:05.478720+00:00,2026-08-02T21:35:37.886871+00:00,再發大廈,,香港島石塘咀再發大廈 皇后大道西522-530號,"1.歡迎大學生 雅裝2大房
2.傢俬電器齊 拎包入住 
3.交通便利 近港大地鐵站",22.285919,114.134567,差餉地租､管理費,,,,2026-07-04T20:17:58+08:00,2026-07-31T09:02:44+08:00,2026-08-03T20:17:58+08:00,"[""https://i1.28hse.com/2026/07/20260731025402836425_large.jpg"", ""https://i1.28hse.com/2026/07/20260731025403648798_large.jpg"", ""https://i1.28hse.com/2026/07/20260731025403714773_large.jpg"", ""https://i1.28hse.com/2026/07/20260731025403694289_large.jpg""]"
3792770,"大坑區(行樓梯3F), 光猛多窗2房, 8分鐘可到天后或銅鑼灣",大坑,唐樓,14000,418,2,1,,梗廚,,置業佳地產有限公司,https://i1.28hse.com/2026/03/202603311827102453804_thumb.jpg,https://www.28hse.com/rent/apartment/property-3792770,2026-08-02T21:33:05.478720+00:00,2026-08-02T21:35:38.503113+00:00,唐樓,,香港島大坑唐樓 銅鑼灣道,"大坑區(行樓梯3F), 光猛多窗2房, 8分鐘可到天后或銅鑼灣",,,差餉地租,,,,2026-07-31T11:36:56+08:00,2026-07-31T11:36:56+08:00,2026-08-30T11:36:56+08:00,"[""https://i1.28hse.com/2026/03/202603311827106824480_large.jpg"", ""https://i1.28hse.com/2026/04/202604241525301459418_large.jpg"", ""https://i1.28hse.com/2026/04/202604241526416544784_large.jpg"", ""https://i1.28hse.com/2026/06/202606281524458632405_large.jpg"", ""https://i1.28hse.com/2026/06/2026062815252145379_large.jpg"", ""https://i1.28hse.com/2026/06/202606281525373143169_large.jpg"", ""https://i1.28hse.com/2026/06/202606281526135271448_large.jpg"", ""https://i1.28hse.com/2026/06/202606281526355386912_large.jpg"", ""https://i1.28hse.com/2026/06/202606281526471453805_large.jpg"", ""https://i1.28hse.com/2026/06/202606281527096384279_large.jpg"", ""https://i1.28hse.com/2026/06/20260628152721250792_large.jpg"", ""https://i1.28hse.com/2026/06/202606281527342046928_large.jpg"", ""https://i1.28hse.com/2026/06/202606281527425610816_large.jpg""]"
3932060,"(業主禁寵) 大坑區, 2房多窗, 企理裝修",大坑,唐樓,15500,418,2,1,,,,置業佳地產有限公司,https://i1.28hse.com/2026/07/202607221438242444327_thumb.jpg,https://www.28hse.com/rent/apartment/property-3932060,2026-08-02T21:33:05.478720+00:00,2026-08-02T21:35:39.103649+00:00,唐樓,,香港島大坑唐樓 唐樓,"(業主禁寵) 大坑區，2房多窗, 企理裝修",,,差餉地租､管理費,,,,2026-07-14T17:52:57+08:00,2026-07-23T16:46:36+08:00,2026-08-13T17:52:57+08:00,"[""https://i1.28hse.com/2026/07/202607221438418652293_large.jpg"", ""https://i1.28hse.com/2026/07/20260722143849836150_large.jpg"", ""https://i1.28hse.com/2026/07/202607231645495472492_large.jpg"", ""https://i1.28hse.com/2026/07/202607231646103556120_large.jpg"", ""https://i1.28hse.com/2026/07/20260723164625827025_large.jpg""]"
3955479,何文田地鐵站想住大啲 又唔嫌係舊樓 呢個係最好嘅選擇 廳大房大,紅磡,蔚景樓,15000,415,2,1,低層,梗廚,51,富恒地產,https://i1.28hse.com/2026/08/202608011817534869750_thumb.jpg,https://www.28hse.com/rent/apartment/property-3955479,2026-08-02T21:33:05.478720+00:00,2026-08-02T21:35:39.813869+00:00,蔚景樓,,九龍紅磡蔚景樓 漆咸道北275號,"罕有放盤 業主已安排油油，做清潔
平租, 只求好租客
歡迎約睇",22.309568,114.183632,差餉地租､管理費,明火煮食,,,2026-08-01T18:17:55+08:00,2026-08-01T18:17:55+08:00,2026-08-31T18:17:55+08:00,"[""https://i1.28hse.com/2026/08/202608011817537155347_large.jpg"", ""https://i1.28hse.com/2026/08/202608011817531369364_large.jpg"", ""https://i1.28hse.com/2026/08/20260801181754796624_large.jpg"", ""https://i1.28hse.com/2026/08/202608011817543817679_large.jpg"", ""https://i1.28hse.com/2026/08/202608011817544213583_large.jpg"", ""https://i1.28hse.com/2026/08/202608011817555531023_large.jpg"", ""https://i1.28hse.com/2026/08/20260801181755990055_large.jpg""]"
3802502,[租] 紅磡/黃埔 黃埔新村 2房1廳 大間抵住,紅磡,黃埔新村,16000,413,2,1,低層,,49,天富物業,https://i1.28hse.com/2026/08/202608011640006384766_thumb.jpg,https://www.28hse.com/rent/apartment/property-3802502,2026-08-02T21:33:05.478720+00:00,2026-08-02T21:35:40.457846+00:00,黃埔新村,550,九龍紅磡黃埔新村 民泰街39號,"約睇
有興趣請致電/WHATSAPP/WECHAT
 ANNIE 楊小姐/
 ELAINE 曾小姐
**另尚有多間黃埔/紅磡/土瓜灣單位套房出租出售, 歡迎查詢",22.30658,114.187431,,,,,2026-07-09T16:54:40+08:00,2026-08-01T16:40:32+08:00,2026-08-08T16:54:40+08:00,"[""https://i1.28hse.com/2026/08/202608011640015916550_large.jpg"", ""https://i1.28hse.com/2026/08/202608011640015188646_large.jpg"", ""https://i1.28hse.com/2026/08/202608011640022430766_large.jpg"", ""https://i1.28hse.com/2026/08/20260801164002660097_large.jpg"", ""https://i1.28hse.com/2026/08/202608011640032179845_large.jpg"", ""https://i1.28hse.com/2026/08/202608011640036318454_large.jpg""]"
3952421,"唐樓4/F 三大房,三分鐘到土瓜灣站",紅磡,漆馬大廈,12800,683,3,1,中層,梗廚,,錦隆物業代理,https://i1.28hse.com/2026/08/202608011919296268853_thumb.jpg,https://www.28hse.com/rent/apartment/property-3952421,2026-08-02T21:33:05.478720+00:00,2026-08-02T21:35:41.070904+00:00,漆馬大廈,,九龍紅磡漆馬大廈 馬頭圍道212號,歡迎查詢或預約睇樓,22.313341,114.187584,差餉地租､管理費,,,,2026-07-30T16:27:29+08:00,2026-08-01T19:20:08+08:00,2026-08-29T16:27:29+08:00,"[""https://i1.28hse.com/2026/08/202608011919311488911_large.jpg"", ""https://i1.28hse.com/2026/08/20260801191935305255_large.jpg"", ""https://i1.28hse.com/2026/08/202608011919376573300_large.jpg"", ""https://i1.28hse.com/2026/08/202608011919392834912_large.jpg"", ""https://i1.28hse.com/2026/08/202608011919438784959_large.jpg"", ""https://i1.28hse.com/2026/08/20260801191948106478_large.jpg"", ""https://i1.28hse.com/2026/08/202608011919523267351_large.jpg"", ""https://i1.28hse.com/2026/08/202608011919565217033_large.jpg"", ""https://i1.28hse.com/2026/08/202608011920007409810_large.jpg""]"
3931521,[蔚景樓] 何文田地鐵站旁，交通便利，大大間2房，住得舒適,紅磡,蔚景樓,15000,415,2,1,低層,,51,富恒地產,https://i1.28hse.com/2026/07/202607291743173628095_thumb.jpg,https://www.28hse.com/rent/apartment/property-3931521,2026-08-02T21:33:05.478720+00:00,2026-08-02T21:35:41.673470+00:00,蔚景樓,,九龍紅磡蔚景樓 漆咸道北275號,"蔚景樓  物業名稱: 蔚景樓 WEI KING BUILDING 
地區: 何文田 
區域: 九龍 
地址/地段: 漆咸道北275號 
物業座數: 1座 
物業層數: 20層 * 不包括地下及1-5樓 
單位總數: 160伙 
入伙日期: 1975年8月5日 
物業校網: 鄰近幼稚園九龍城; 小學34網; 中學九龍城 
停車場: 有 
免責聲明: 本宣傳資料只可作宣傳及推廣二手住宅物業之用及只供參考，而並非及不可用作宣傳推廣任何一手住宅物業，其準確性及真實性以樓盤發展商提供的資料為準。",22.309568,114.18363199999999,差餉地租､管理費,,,,2026-07-14T14:19:47+08:00,2026-07-29T17:44:22+08:00,2026-08-13T14:19:47+08:00,"[""https://i1.28hse.com/2026/07/202607291743197114905_large.jpg"", ""https://i1.28hse.com/2026/07/202607291743206394520_large.jpg"", ""https://i1.28hse.com/2026/07/202607291743223065407_large.jpg"", ""https://i1.28hse.com/2026/07/202607291743242702096_large.jpg"", ""https://i1.28hse.com/2026/07/202607291743257242233_large.jpg"", ""https://i1.28hse.com/2026/07/20260729174326421432_large.jpg"", ""https://i1.28hse.com/2026/07/202607291743282863125_large.jpg"", ""https://i1.28hse.com/2026/07/202607291743295192603_large.jpg""]"
3950517,罕有平租， 學生可合租 (年付)!,紅磡,蕪湖街38號,14500,712,2,1,,,69,漢賢物業顧問公司,https://i1.28hse.com/2026/07/202607291026268728832_thumb.jpg,https://www.28hse.com/rent/apartment/property-3950517,2026-08-02T21:33:05.478720+00:00,2026-08-02T21:35:42.283235+00:00,蕪湖街38號,,九龍紅磡蕪湖街38號 蕪湖街38號,廳大房大，可間3房!,22.307138,114.186462,差餉地租､管理費,,,,2026-07-29T10:27:09+08:00,2026-07-29T10:27:09+08:00,2026-08-28T10:27:09+08:00,"[""https://i1.28hse.com/2026/07/202607291026257773023_large.jpg"", ""https://i1.28hse.com/2026/07/202607291026262660126_large.jpg"", ""https://i1.28hse.com/2026/07/202607291026264861966_large.jpg"", ""https://i1.28hse.com/2026/07/202607291026262968508_large.jpg"", ""https://i1.28hse.com/2026/07/20260729102626629695_large.jpg""]"
3884505,"電梯中層實用三房,已吉即睇",紅磡,昌盛金鋪大樓,14800,455,3,1,中層,梗廚,59,錦隆物業代理,https://i1.28hse.com/2026/07/202607301605532409764_thumb.jpg,https://www.28hse.com/rent/apartment/property-3884505,2026-08-02T21:33:05.478720+00:00,2026-08-02T21:35:42.891188+00:00,昌盛金鋪大樓,,九龍紅磡昌盛金鋪大樓 新柳街5-7號,歡迎查詢或預約睇樓,22.312519,114.186562,差餉地租､管理費,明火煮食,,,2026-07-12T17:15:11+08:00,2026-07-30T16:06:22+08:00,2026-08-11T17:15:11+08:00,"[""https://i1.28hse.com/2026/07/20260730160553246597_large.jpg"", ""https://i1.28hse.com/2026/07/202607301605513302480_large.jpg"", ""https://i1.28hse.com/2026/07/202607301605517185672_large.jpg"", ""https://i1.28hse.com/2026/07/202607301605527235189_large.jpg"", ""https://i1.28hse.com/2026/07/202607301605511254996_large.jpg"", ""https://i1.28hse.com/2026/07/202607301605537261630_large.jpg"", ""https://i1.28hse.com/2026/07/202607301605547622053_large.jpg""]"
3861891,可8月中起租*福年新樓2房*間隔四正好用*近地鐵站,紅磡,福年新樓,13800,430,2,1,中層,,53,樺毅地產代理公司,https://i1.28hse.com/2026/07/202607100851556330111_thumb.jpg,https://www.28hse.com/rent/apartment/property-3861891,2026-08-02T21:33:05.478720+00:00,2026-08-02T21:35:43.505998+00:00,福年新樓,,九龍紅磡福年新樓 必嘉圍7號,有興趣聯繫謝小姐,22.306868,114.183418,差餉地租､管理費,,,,2026-07-27T16:20:54+08:00,2026-07-27T16:20:54+08:00,2026-08-26T16:20:54+08:00,"[""https://i1.28hse.com/2026/07/20260710085156267743_large.jpg"", ""https://i1.28hse.com/2026/07/202607100851575604240_large.jpg"", ""https://i1.28hse.com/2026/07/202607100851592166181_large.jpg"", ""https://i1.28hse.com/2026/07/202607100852016958177_large.jpg"", ""https://i1.28hse.com/2026/07/202607100852038950918_large.jpg""]"
3948001,"2房靚裝,即租即住,CALL 我睇樓",紅磡,黃埔新村,16888,400,2,,中層,,50,太陽物業,https://i1.28hse.com/2026/07/202607271215035721859_thumb.jpg,https://www.28hse.com/rent/apartment/property-3948001,2026-08-02T21:33:05.478720+00:00,2026-08-02T21:35:44.133858+00:00,黃埔新村,555,九龍紅磡黃埔新村 民泰街39號,"2房靚裝,即租即住,CALL 我睇樓
楊小姐最好租盤推介~此間靚中之靚,快快快!CALL 我 AI 新世代,,,住屋都係最基本需求~此單位自住環境是全面滿足大家的要靜中帶旺,又靜,又舒服,,,地鐵站又近,,一流的格局~ MILK YEUNG 專線接聽~MILK:",22.30658,114.187431,,,,,2026-07-27T12:15:15+08:00,2026-07-27T12:15:15+08:00,2026-08-26T12:15:15+08:00,"[""https://i1.28hse.com/2026/07/202607271215043873604_large.jpg"", ""https://i1.28hse.com/2026/07/202607271215044929577_large.jpg"", ""https://i1.28hse.com/2026/07/202607271215057594914_large.jpg"", ""https://i1.28hse.com/2026/07/202607271215053469622_large.jpg"", ""https://i1.28hse.com/2026/07/202607271215054709193_large.jpg"", ""https://i1.28hse.com/2026/07/202607271215061500785_large.jpg"", ""https://i1.28hse.com/2026/07/202607271215062950486_large.jpg"", ""https://i1.28hse.com/2026/07/202607271215066632202_large.jpg"", ""https://i1.28hse.com/2026/07/202607271215078685936_large.jpg"", ""https://i1.28hse.com/2026/07/202607271215077513025_large.jpg"", ""https://i1.28hse.com/2026/07/202607271215076943743_large.jpg"", ""https://i1.28hse.com/2026/07/202607271215088740613_large.jpg"", ""https://i1.28hse.com/2026/07/202607271215087755074_large.jpg"", ""https://i1.28hse.com/2026/07/202607271215081482628_large.jpg"", ""https://i1.28hse.com/2026/07/202607271215094794004_large.jpg"", ""https://i1.28hse.com/2026/07/202607271215093641559_large.jpg"", ""https://i1.28hse.com/2026/07/202607271215091373774_large.jpg"", ""https://i1.28hse.com/2026/07/202607271215107057524_large.jpg""]"
3915496,紅磡黃埔唐樓，有裝修，可睇樓,紅磡,黃埔唐樓,16000,422,3,1,高層,開放式廚房,59,長城物業代理有限公司,https://i1.28hse.com/2026/07/20260721201014768492_thumb.jpg,https://www.28hse.com/rent/apartment/property-3915496,2026-08-02T21:33:05.478720+00:00,2026-08-02T21:35:44.722765+00:00,黃埔唐樓,,九龍紅磡黃埔唐樓 明安街15號,有匙,22.306261,114.185471,差餉地租､管理費,,,,2026-07-03T13:08:50+08:00,2026-07-25T11:41:41+08:00,2026-08-02T13:08:50+08:00,"[""https://i1.28hse.com/2026/07/202607212010155021289_large.jpg"", ""https://i1.28hse.com/2026/07/202607212010162502122_large.jpg"", ""https://i1.28hse.com/2026/07/202607212010188491819_large.jpg"", ""https://i1.28hse.com/2026/07/20260721201019256066_large.jpg""]"
3934209,何文田地鐵站想住大啲 又唔嫌係舊樓 呢個係最好嘅選擇 廳大房大,紅磡,蔚景樓,15000,415,2,1,低層,梗廚,51,富恒地產,https://i1.28hse.com/2026/07/202607301125126012811_thumb.jpg,https://www.28hse.com/rent/apartment/property-3934209,2026-08-02T21:33:05.478720+00:00,2026-08-02T21:35:45.353319+00:00,蔚景樓,,九龍紅磡蔚景樓 漆咸道北275號,"罕有放盤 業主已安排油油，做清潔
平租, 只求好租客
歡迎約睇",22.309568,114.183632,差餉地租､管理費,明火煮食,,,2026-07-16T15:21:22+08:00,2026-07-30T11:25:23+08:00,2026-08-15T15:21:22+08:00,"[""https://i1.28hse.com/2026/07/202607301125107066903_large.jpg"", ""https://i1.28hse.com/2026/07/202607301125105352048_large.jpg"", ""https://i1.28hse.com/2026/07/20260730112510120896_large.jpg"", ""https://i1.28hse.com/2026/07/202607301125107195658_large.jpg"", ""https://i1.28hse.com/2026/07/202607301125115022304_large.jpg"", ""https://i1.28hse.com/2026/07/202607301125117794984_large.jpg"", ""https://i1.28hse.com/2026/07/202607301125123535608_large.jpg""]"
3921636,全新裝修唐2/F超大584呎三房兩廁，歡迎學生合租，有傢俬電器拎包入住超近何文田,紅磡,漆咸大樓,15000,584,3,2,高層,梗廚,63,德榮地產代理公司,https://i1.28hse.com/2026/07/202607211318023362747_thumb.jpg,https://www.28hse.com/rent/apartment/property-3921636,2026-08-02T21:33:05.478720+00:00,2026-08-02T21:35:46.846721+00:00,漆咸大樓,,九龍紅磡漆咸大樓 漆咸道北226-232號,"罕有放盤, 簡單裝修",22.307705,114.18232,差餉地租､管理費,明火煮食,,,2026-07-07T12:45:25+08:00,2026-07-21T13:24:35+08:00,2026-08-06T12:45:25+08:00,"[""https://i1.28hse.com/2026/07/202607211318025239205_large.jpg"", ""https://i1.28hse.com/2026/07/202607211318033184382_large.jpg"", ""https://i1.28hse.com/2026/07/20260721131803704214_large.jpg"", ""https://i1.28hse.com/2026/07/202607211318044108628_large.jpg"", ""https://i1.28hse.com/2026/07/202607211318041288305_large.jpg"", ""https://i1.28hse.com/2026/07/202607211318048156590_large.jpg"", ""https://i1.28hse.com/2026/07/20260721131805530260_large.jpg"", ""https://i1.28hse.com/2026/07/202607211318057853981_large.jpg"", ""https://i1.28hse.com/2026/07/202607211318067925151_large.jpg"", ""https://i1.28hse.com/2026/07/202607211318066520324_large.jpg"", ""https://i1.28hse.com/2026/07/202607211318068291304_large.jpg"", ""https://i1.28hse.com/2026/07/202607211318072335038_large.jpg"", ""https://i1.28hse.com/2026/07/202607211318072464311_large.jpg"", ""https://i1.28hse.com/2026/07/202607211318082663094_large.jpg""]"
3843205,"裝修企理,間隔實用,家電齊全,環境清靜,租金實惠,只求好客",紅磡,黃埔唐樓,15800,423,2,1,高層,梗廚,59,龍輝地產,https://i1.28hse.com/2026/07/202607201634135793926_thumb.jpg,https://www.28hse.com/rent/apartment/property-3843205,2026-08-02T21:33:05.478720+00:00,2026-08-02T21:35:47.536430+00:00,黃埔唐樓,,九龍紅磡黃埔唐樓 明安街15號,"位於紅磡中心位置.附近有很多各式各樣食店和超級市場,生活十分便利.五分鐘可到黃埔站,步十分鐘左右可達理工大學.
分體式冷氣機,環境特別安靜,家電齊全,可拎包入住.",22.306261,114.185471,差餉地租､管理費,,,,2026-07-18T11:29:46+08:00,2026-07-25T11:14:47+08:00,2026-08-17T11:29:46+08:00,"[""https://i1.28hse.com/2026/07/202607201634127785607_large.jpg"", ""https://i1.28hse.com/2026/07/202607201634122220648_large.jpg"", ""https://i1.28hse.com/2026/07/20260720163413710891_large.jpg"", ""https://i1.28hse.com/2026/07/202607201634132576911_large.jpg""]"
3936689,歡迎查詢，2房出租,紅磡,黃埔新村,16500,401,2,,中層,,43,永利地產,https://i1.28hse.com/2026/07/20260718032334236028_thumb.jpg,https://www.28hse.com/rent/apartment/property-3936689,2026-08-02T21:33:05.478720+00:00,2026-08-02T21:35:48.175247+00:00,黃埔新村,550,九龍紅磡黃埔新村 民泰街39號,歡迎查詢,22.30658,114.18743100000006,差餉地租､管理費,,,,2026-07-18T03:23:35+08:00,2026-07-18T03:23:35+08:00,2026-08-17T03:23:35+08:00,"[""https://i1.28hse.com/2026/07/202607180323345767755_large.jpg"", ""https://i1.28hse.com/2026/07/202607180323355877650_large.jpg"", ""https://i1.28hse.com/2026/07/202607180323356416078_large.jpg"", ""https://i1.28hse.com/estate_data/75/3056/FLOOR/3056_20231116220156342735_thumb.jpg"", ""https://i1.28hse.com/estate_data/75/3056/UNIT/3056_20231116221311869863_thumb.jpg""]"
3929941,連大平台250呎，可燒烤，可種花，可養貓仔狗仔，業主好商量，有匙即睇！罕有放盤！,紅磡,明華閣,14500,499,2,1,低層,梗廚,53,世紀21領先置業代理,https://i1.28hse.com/2026/07/202607131040331074301_thumb.jpg,https://www.28hse.com/rent/apartment/property-3929941,2026-08-02T21:33:05.478720+00:00,2026-08-02T21:35:48.771828+00:00,明華閣,,九龍紅磡明華閣 崇志街26號,連大平台250呎，可燒烤，可種花，可養貓仔狗仔，業主好商量，有匙即睇！罕有放盤！,22.311739,114.188202,差餉地租､管理費,,,,2026-07-13T10:41:22+08:00,2026-07-18T00:53:13+08:00,2026-08-12T10:41:22+08:00,"[""https://i1.28hse.com/2026/07/202607131040366073029_large.jpg"", ""https://i1.28hse.com/2026/07/202607131040385786749_large.jpg"", ""https://i1.28hse.com/2026/07/202607131040413661210_large.jpg"", ""https://i1.28hse.com/2026/07/202607131040446234787_large.jpg"", ""https://i1.28hse.com/2026/07/202607131040471265582_large.jpg"", ""https://i1.28hse.com/2026/07/202607131040498289627_large.jpg""]"
3921651,特大兩房一廳，何文田地鐵站旁邊，我步行理工/都會大學 將會更換冷氣油漆裝修,紅磡,蔚景樓,15000,415,2,1,低層,梗廚,51,德榮地產代理公司,https://i1.28hse.com/2026/07/202607211222054529593_thumb.jpg,https://www.28hse.com/rent/apartment/property-3921651,2026-08-02T21:33:05.478720+00:00,2026-08-02T21:35:49.404791+00:00,蔚景樓,,九龍紅磡蔚景樓 漆咸道北275號,"平租, 只求好租客, 罕有放盤",22.309568,114.183632,差餉地租､管理費,明火煮食,,,2026-07-07T12:52:34+08:00,2026-07-21T12:22:44+08:00,2026-08-06T12:52:34+08:00,"[""https://i1.28hse.com/2026/07/202607211222066938064_large.jpg"", ""https://i1.28hse.com/2026/07/202607211222084247869_large.jpg"", ""https://i1.28hse.com/2026/07/202607211222108361059_large.jpg"", ""https://i1.28hse.com/2026/07/202607211222123035854_large.jpg"", ""https://i1.28hse.com/2026/07/202607211222131263329_large.jpg"", ""https://i1.28hse.com/2026/07/202607211222157310344_large.jpg""]"
3915893,可種花種菜燒嘢食，5分鐘地鐵,紅磡,福年新樓,14800,413,2,1,高層,梗廚,53,環球物業 (香港),https://i1.28hse.com/2026/07/202607031559588673691_thumb.jpg,https://www.28hse.com/rent/apartment/property-3915893,2026-08-02T21:33:05.478720+00:00,2026-08-02T21:35:50.765631+00:00,福年新樓,,九龍紅磡福年新樓 必嘉圍7號,"電梯後要行一樓層，罕有放盤
歡迎致電查詢曾小姐-",22.306868,114.183418,差餉地租､管理費,,,,2026-07-03T16:02:43+08:00,2026-07-10T17:43:17+08:00,2026-08-02T16:02:43+08:00,"[""https://i1.28hse.com/2026/07/202607031600002292155_large.jpg"", ""https://i1.28hse.com/2026/07/20260703160001148346_large.jpg"", ""https://i1.28hse.com/2026/07/202607031600022319234_large.jpg"", ""https://i1.28hse.com/2026/07/202607031600037999674_large.jpg"", ""https://i1.28hse.com/2026/07/202607031600037675973_large.jpg"", ""https://i1.28hse.com/2026/07/202607031600048395800_large.jpg"", ""https://i1.28hse.com/2026/07/202607031600054924838_large.jpg"", ""https://i1.28hse.com/2026/07/202607031600063432386_large.jpg"", ""https://i1.28hse.com/2026/07/202607031600075652999_large.jpg""]"
3875747,新裝修，歡迎學生，三房開陽東南，大單邊明廁，5分鐘生活圈，交通便利,紅磡,崇義樓,15500,462,3,1,低層,梗廚,53,匯誠物業有限公司,https://i1.28hse.com/2026/06/202606041544274378021_thumb.jpg,https://www.28hse.com/rent/apartment/property-3875747,2026-08-02T21:33:05.478720+00:00,2026-08-02T21:35:51.374411+00:00,崇義樓,,九龍紅磡崇義樓 崇潔街24號,"崇義樓 屋苑資料
崇義樓位於紅磡崇潔街24號（紅磡）。入伙日期由02/1973開始。崇義樓提供119個單位。崇義樓的實用面積由246呎至462呎。小學校網為35。中學校網為九龍城區。
1973年2月
入伙日期
1 座
物業座數
119
單位總數
7分鐘
步行到土瓜灣站
屋苑類型
私人住宅
地址/地段
崇潔街24號
所屬校網
小學: 35
・
中學: 九龍城區",22.311741,114.18853,差餉地租､管理費,明火煮食,,,2026-07-05T16:13:02+08:00,2026-07-12T14:21:46+08:00,2026-08-04T16:13:02+08:00,"[""https://i1.28hse.com/2026/06/202606041544273807139_large.jpg"", ""https://i1.28hse.com/2026/06/202606041544284456333_large.jpg"", ""https://i1.28hse.com/2026/06/202606041544288329115_large.jpg"", ""https://i1.28hse.com/2026/06/202606041544281529799_large.jpg"", ""https://i1.28hse.com/2026/06/202606041544294712850_large.jpg"", ""https://i1.28hse.com/2026/06/202606041544291640430_large.jpg"", ""https://i1.28hse.com/2026/06/202606041544306922020_large.jpg"", ""https://i1.28hse.com/2026/06/202606041544307771974_large.jpg""]"
3822498,"「留學生福利」單間起租, 家具齊備, 密碼鎖, 獨立空間",紅磡,海濱南岸,7800,593,3,2,中層,梗廚,23,迎富地產代理有限公司,https://i1.28hse.com/2026/06/202606042122153877780_thumb.jpg,https://www.28hse.com/rent/apartment/property-3822498,2026-08-02T21:33:05.478720+00:00,2026-08-02T21:35:51.996007+00:00,海濱南岸,770,九龍紅磡海濱南岸 愛景街8號,大量租盤，歡迎微信查詢，微信: a,22.302675,114.18694300000001,差餉地租､管理費,明火煮食,,,2026-07-03T11:36:54+08:00,2026-07-03T11:36:54+08:00,2026-08-02T11:36:54+08:00,"[""https://i1.28hse.com/2026/06/202606042122162456322_large.jpg"", ""https://i1.28hse.com/2026/06/202606042122167060962_large.jpg"", ""https://i1.28hse.com/2026/06/202606042122163674191_large.jpg"", ""https://i1.28hse.com/2026/06/202606042122176508258_large.jpg"", ""https://i1.28hse.com/2026/06/202606042122173936884_large.jpg"", ""https://i1.28hse.com/2026/06/20260604212218249878_large.jpg"", ""https://i1.28hse.com/2026/06/202606042122187779626_large.jpg"", ""https://i1.28hse.com/2026/06/202606042122186264530_large.jpg""]"
1589419,"尖沙咀豪裝全新高層套房, 新裝大堂，業主盤免佣。2分鐘地鐵/電腦大門、平地升降機",尖沙咀,漢光大廈,7888,675,1,1,中層,開放式廚房,64,,https://i1.28hse.com/2026/08/202608011734568766021_thumb.jpg,https://www.28hse.com/rent/apartment/property-1589419,2026-08-02T21:33:05.478720+00:00,2026-08-02T21:35:52.617107+00:00,漢光大廈,725,九龍尖沙咀漢光大廈 漢口道25-29號,"尖沙咀豪新裝套房，一列開陽大窗，陽光充沛，超多儲物櫃，乾濕分離洗手間，
平地升降機，新裝大堂，
保安、電腦拍卡進出
近海運大廈、罕有高端、核心地段、
靜中帶旺、交通便捷、
鄰居名店區、購物娛樂、中西美食、一應俱全
獨立水電錶、獨立廚房廁所、
電子密碼大門、私隱度高
3分鐘名店區、歡迎行政人員租用，免舟車勞頓
全新裝修、 即租即住、免佣
包差餉地租管理費、全新傢電
免費提供Wi-Fi ...
不可吸煙、不可養寵物",22.297134,114.170921,差餉地租､管理費,,,,2026-07-25T09:59:44+08:00,2026-08-01T17:53:16+08:00,2026-08-24T09:59:44+08:00,"[""https://i1.28hse.com/2026/08/202608011735264944133_large.jpg"", ""https://i1.28hse.com/2026/08/202608011736477546497_large.jpg"", ""https://i1.28hse.com/2026/08/202608011737085890984_large.jpg"", ""https://i1.28hse.com/2026/08/202608011737297220163_large.jpg"", ""https://i1.28hse.com/2026/08/202608011737387423842_large.jpg"", ""https://i1.28hse.com/2026/08/202608011737527914470_large.jpg"", ""https://i1.28hse.com/2026/08/202608011738573673570_large.jpg"", ""https://i1.28hse.com/2026/08/202608011739244538203_large.jpg"", ""https://i1.28hse.com/2026/08/202608011739335666869_large.jpg"", ""https://i1.28hse.com/2026/08/202608011740116138348_large.jpg"", ""https://i1.28hse.com/2026/08/202608011740235987945_large.jpg"", ""https://i1.28hse.com/2026/08/202608011740383955154_large.jpg"", ""https://i1.28hse.com/2026/08/202608011740426630336_large.jpg"", ""https://i1.28hse.com/2026/08/202608011740511349677_large.jpg"", ""https://i1.28hse.com/2026/08/202608011740592152331_large.jpg"", ""https://i1.28hse.com/2026/08/202608011741265716712_large.jpg"", ""https://i1.28hse.com/2026/08/202608011741514240379_large.jpg"", ""https://i1.28hse.com/2026/08/202608011741518902210_large.jpg"", ""https://i1.28hse.com/2026/08/20260801174210437203_large.jpg"", ""https://i1.28hse.com/2026/08/202608011746453284136_large.jpg"", ""https://i1.28hse.com/2026/08/202608011746467135610_large.jpg"", ""https://i1.28hse.com/2026/08/202608011746471518592_large.jpg"", ""https://i1.28hse.com/2026/08/202608011746495412219_large.jpg"", ""https://i1.28hse.com/2026/08/202608011749204056154_large.jpg"", ""https://i1.28hse.com/2026/08/202608011749185004210_large.jpg"", ""https://i1.28hse.com/2026/08/202608011749196301207_large.jpg"", ""https://i1.28hse.com/2026/08/202608011749205228972_large.jpg"", ""https://i1.28hse.com/2026/08/202608011747567712283_large.jpg"", ""https://i1.28hse.com/2026/08/202608011748184283652_large.jpg"", ""https://i1.28hse.com/2026/08/202608011748536893874_large.jpg"", ""https://i1.28hse.com/2026/08/202608011748312965407_large.jpg"", ""https://i1.28hse.com/2026/08/202608011750262129803_large.jpg"", ""https://i1.28hse.com/2026/08/202608011751397651315_large.jpg"", ""https://i1.28hse.com/2026/08/20260801175306186340_large.jpg""]"
3957365,尖沙咀站出口旁遠東大廈,尖沙咀,遠東大廈,10000,695,1,1,低層,,67,駿輝地產世一有限公司,https://i1.28hse.com/2026/08/202608030120278661266_thumb.jpg,https://www.28hse.com/rent/apartment/property-3957365,2026-08-02T21:33:05.478720+00:00,2026-08-02T21:35:53.243186+00:00,遠東大廈,725,九龍尖沙咀遠東大廈 中間道5-6號,"1站直達紅磡站！地鐵 3 分鐘，走天橋直接進理大校園，通勤流淚推薦！下樓就是尖沙咀核心商圈，食買玩、買日用品無敵方便！
 全包免煩：水費、電費、1000M超高速 Wi-Fi 通通全包，絕無隱藏收費！ 真．拎包入住：配備全新床墊、大衣櫃、冷氣、洗衣機、熱水器，拉著行李箱直接入住！ 安全感拉滿：全新密碼鎖，獨立門戶、獨立衛浴，高層光猛，安全私隱度極高！",22.295952,114.172897,差餉地租､管理費,,,,2026-08-03T01:20:47+08:00,2026-08-03T01:20:47+08:00,2026-09-02T01:20:47+08:00,[]
3957363,【開學急放】尖沙咀地鐵口1min套房 $8750全包免佣 僅此一間先到先得,尖沙咀,遠東大廈,8750,695,1,1,低層,,67,駿輝地產世一有限公司,https://i1.28hse.com/2026/08/202608030109318266907_thumb.jpg,https://www.28hse.com/rent/apartment/property-3957363,2026-08-02T21:33:05.478720+00:00,2026-08-02T21:35:53.907980+00:00,遠東大廈,725,九龍尖沙咀遠東大廈 中間道5-6號,撻訂重租,22.295952,114.172897,差餉地租､管理費,,,,2026-08-03T01:10:04+08:00,2026-08-03T01:10:04+08:00,2026-09-02T01:10:04+08:00,"[""https://i1.28hse.com/2026/08/202608030109322276450_large.jpg""]"
3953949,尖沙咀 【海防大廈】 酒店式精品1房1廳套房 包傢電 新淨企理 樓下即達尖沙咀,尖沙咀,海防大廈,9700,546,1,1,中層,,66,駿輝地產有限公司,https://i1.28hse.com/2026/07/20260731175552815338_thumb.jpg,https://www.28hse.com/rent/apartment/property-3953949,2026-08-02T21:33:05.478720+00:00,2026-08-02T21:35:54.522293+00:00,海防大廈,,九龍尖沙咀海防大廈 彌敦道101號,"歡迎電話 / WhatsApp查詢】
Kero Ng
-
【絕對實盤！內置獨立洗衣機＋茶水台！】
【樓下即達尖沙咀港鐵站，步行1分鐘到】
【全新精品裝修,室內極之新淨企理有電梯！】
【乾濕分離】
【鄰近海港城、K11、iSQUARE，附近食肆、超市林立，生活超級方便！】
-
【歡迎致電/Whatsapp查詢】
* 本司客源廣實客多 *
* 盡心盡力忠誠待客 *
* 專營油尖旺區樓盤 *
* 多行聯營信心保證 *
* 歡迎業主電話放盤 *
-
駿輝地產分行地址:
九龍油麻地碧街28號大安樓地鋪",22.297928,114.171814,差餉地租､管理費,,,,2026-07-31T17:57:09+08:00,2026-07-31T17:57:09+08:00,2026-08-30T17:57:09+08:00,"[""https://i1.28hse.com/2026/07/202607311755545212530_large.jpg"", ""https://i1.28hse.com/2026/07/202607311755556829613_large.jpg"", ""https://i1.28hse.com/2026/07/202607311755568555274_large.jpg"", ""https://i1.28hse.com/2026/07/20260731175557626742_large.jpg""]"
3823532,罕有三房 四正開陽鄰近理工,尖沙咀,唐樓,16000,433,3,1,低層,梗廚,,嘉憶地產,https://i1.28hse.com/2026/07/202607062337238374553_thumb.jpg,https://www.28hse.com/rent/apartment/property-3823532,2026-08-02T21:33:05.478720+00:00,2026-08-02T21:35:55.158778+00:00,唐樓,,九龍尖沙咀唐樓 金巴利街,罕有三房 四正開陽鄰近理工,22.300384,114.174705,差餉地租､管理費,,,,2026-07-30T16:49:04+08:00,2026-07-30T16:49:04+08:00,2026-08-29T16:49:04+08:00,"[""https://i1.28hse.com/2026/07/202607062337256313092_large.jpg"", ""https://i1.28hse.com/2026/07/202607062337252914902_large.jpg"", ""https://i1.28hse.com/2026/07/202607062337241062691_large.jpg"", ""https://i1.28hse.com/2026/07/202607062337563946937_large.jpg"", ""https://i1.28hse.com/2026/07/20260706233723954737_large.jpg"", ""https://i1.28hse.com/2026/07/202607062337223362424_large.jpg""]"
3930744,[美麗都大廈 ]尖沙咀最平3房!!間隔試正 超值價格 唔好錯過,尖沙咀,美麗都大廈,16000,543,3,1,中層,,67,駿輝地產世一有限公司,https://i1.28hse.com/2026/07/202607291803291678625_thumb.jpg,https://www.28hse.com/rent/apartment/property-3930744,2026-08-02T21:33:05.478720+00:00,2026-08-02T21:35:56.610192+00:00,美麗都大廈,,九龍尖沙咀美麗都大廈 彌敦道58號,"性價比極高 自住舒服 
【5分鐘地鐵站 市場難求】
【景觀開掦】
【核心地段 生活配套應有盡有】
【間隔方正 實用率極高】
【交通方便 鄰近地鐵站】
【24小時保安 管理完善】 
【平地電梯 有裝修】
【有保安有街閘 安全可靠】 
【歡迎致電/Whatsapp查詢】
⚑本司客源廣實客多 盡心盡力忠誠待客
⚐專營油尖旺區樓盤 多行聯營信心保證
--------------------
✦✦✦✦✦✦✦✦✦✦✦✦✦✦
☏詳情請Whatsapp/致電: 盧小姐
---------------------
⚑本行專營油尖旺
尚有大量盤源歡迎查詢⚑
⚑歡迎業主電話放盤
駿輝地產分行地址：
九龍油麻地碧街28號大安樓地鋪
九龍佐敦渡船街38號建邦商業大廈2號地鋪
九龍油麻地新填地街144號地鋪
九龍油麻地廣東道896A號地鋪
九龍旺角廣華街23號明威閭D號地舖
九龍旺角道58號國際大廈地下58A舖
九龍深水埗元州街280 -288號地下1號舖(第7分店)
九龍大角咀晏架街3號置發樓地下5-6號(第8分店)
九龍太子太子道西地舖(第9分店)
九龍長沙灣元州街471號昌華閣地舖(第10分店)
九龍尖沙咀金巴利道73號地舖(第11分店)
九龍尖沙咀柯士甸路25號永利大樓地下C舖 （第12間分店）
香港北角七姊妹道2-8號昌苑地下2b號舖（第13間分店）",22.297207,114.172638,差餉地租､管理費,,,,2026-07-13T17:57:54+08:00,2026-07-30T16:27:04+08:00,2026-08-12T17:57:54+08:00,"[""https://i1.28hse.com/2026/07/202607291803296159817_large.jpg"", ""https://i1.28hse.com/2026/07/20260729180329882985_large.jpg"", ""https://i1.28hse.com/2026/07/202607291803287444760_large.jpg"", ""https://i1.28hse.com/2026/07/202607291803286230191_large.jpg""]"
3950952,尖沙咀 美麗都大廈 三房一廳 地方空間大 新淨企理 性價比高,尖沙咀,美麗都大廈,16000,543,3,1,低層,開放式廚房,67,駿輝地產有限公司,https://i1.28hse.com/2026/07/202607291534258357779_thumb.jpg,https://www.28hse.com/rent/apartment/property-3950952,2026-08-02T21:33:05.478720+00:00,2026-08-02T21:35:57.207559+00:00,美麗都大廈,,九龍尖沙咀美麗都大廈 彌敦道58號,"【歡迎電話 / WhatsApp查詢】
Eric Fong
-
【絕對實盤！尖沙咀三房一廳！】
【企理多窗開揚！】
【企理大堂，平地電梯！只此一間！】
【最平係佢！樓下應有盡有！】
-
【歡迎致電/Whatsapp查詢】
* 本司客源廣實客多 *
* 盡心盡力忠誠待客 *
* 專營油尖旺區樓盤 *
* 多行聯營信心保證 *
* 歡迎業主電話放盤 *
-
駿輝地產分行地址:
九龍油麻地碧街28號大安樓地鋪",22.297207,114.172638,差餉地租､管理費,,,,2026-07-29T15:34:34+08:00,2026-07-29T15:34:34+08:00,2026-08-28T15:34:34+08:00,"[""https://i1.28hse.com/2026/07/202607291534251454948_large.jpg"", ""https://i1.28hse.com/2026/07/202607291534262736916_large.jpg"", ""https://i1.28hse.com/2026/07/202607291534276534326_large.jpg"", ""https://i1.28hse.com/2026/07/20260729153427786274_large.jpg"", ""https://i1.28hse.com/2026/07/202607291534276160944_large.jpg""]"
3885155,隨時约看,尖沙咀,單幢樓房,17000,570,2,1,,梗廚,,信富地產,https://i1.28hse.com/2026/06/20260610172656526739_thumb.jpg,https://www.28hse.com/rent/apartment/property-3885155,2026-08-02T21:33:05.478720+00:00,2026-08-02T21:35:57.823468+00:00,單幢樓房,,九龍尖沙咀單幢樓房 金巴利道,"價錢可議, 開揚, 中心旺地, 旺中帶靜, 交通便利, 間隔四正",22.298813,114.172173,差餉地租､管理費,明火煮食,,,2026-07-18T12:14:56+08:00,2026-07-29T12:33:41+08:00,2026-08-17T12:14:56+08:00,"[""https://i1.28hse.com/2026/06/202606101727015443020_large.jpg"", ""https://i1.28hse.com/2026/06/202606101727051141118_large.jpg"", ""https://i1.28hse.com/2026/06/202606101727103304009_large.jpg"", ""https://i1.28hse.com/2026/06/20260610172715684898_large.jpg"", ""https://i1.28hse.com/2026/06/202606101727211402542_large.jpg"", ""https://i1.28hse.com/2026/06/202606101727253770987_large.jpg"", ""https://i1.28hse.com/2026/06/20260610173002102008_large.jpg"", ""https://i1.28hse.com/2026/06/202606101730088015837_large.jpg"", ""https://i1.28hse.com/2026/06/202606101730137503323_large.jpg"", ""https://i1.28hse.com/2026/06/202606101730175357848_large.jpg""]"
3945251,有海景附設電器傢俬交通方便食肆林立即時入住,尖沙咀,恆星樓,16800,431,2,1,高層,開放式廚房,56,駿輝地產皓譽有限公司,https://i1.28hse.com/2026/08/202608011220133357898_thumb.jpg,https://www.28hse.com/rent/apartment/property-3945251,2026-08-02T21:33:05.478720+00:00,2026-08-02T21:35:58.459976+00:00,恆星樓,,九龍尖沙咀恆星樓 緬甸臺3號,"樓盤專員 浩鉦 ９２１7 ６６６６
最強網絡 14店聯成 盤源極多
【裝修簡潔 北歐風格】
【市場難求 型格裝修】
【交通方便 環境優美】
【鄰近商場 應有盡有】
【歡迎查詢】
* 本司客源廣實客多 *
* 盡心盡力忠誠待客 *
* 專營油尖旺區樓盤 *",22.296356,114.173401,差餉地租､管理費,,,,2026-07-24T17:55:44+08:00,2026-08-01T12:20:53+08:00,2026-08-23T17:55:44+08:00,"[""https://i1.28hse.com/2026/08/202608011220145585471_large.jpg"", ""https://i1.28hse.com/2026/08/202608011220146818731_large.jpg"", ""https://i1.28hse.com/2026/08/20260801122015318104_large.jpg"", ""https://i1.28hse.com/2026/08/202608011220164727462_large.jpg"", ""https://i1.28hse.com/2026/08/202608011220168321227_large.jpg"", ""https://i1.28hse.com/2026/08/202608011220173852649_large.jpg"", ""https://i1.28hse.com/2026/08/2026080112201756125_large.jpg"", ""https://i1.28hse.com/2026/08/202608011220172814181_large.jpg"", ""https://i1.28hse.com/2026/08/202608011220188671162_large.jpg"", ""https://i1.28hse.com/2026/08/202608011220186227897_large.jpg"", ""https://i1.28hse.com/2026/08/202608011220194654988_large.jpg"", ""https://i1.28hse.com/2026/08/202608011220193490657_large.jpg"", ""https://i1.28hse.com/2026/08/202608011220201185355_large.jpg"", ""https://i1.28hse.com/2026/08/202608011220204727508_large.jpg"", ""https://i1.28hse.com/2026/08/20260801122021941080_large.jpg"", ""https://i1.28hse.com/2026/08/202608011220212614821_large.jpg"", ""https://i1.28hse.com/2026/08/202608011220218209465_large.jpg"", ""https://i1.28hse.com/2026/08/202608011220224359888_large.jpg""]"
2257553,尖沙咀彌敦道/樂道，近地鐵口，兩房商住，小厨,尖沙咀,華源大廈,15000,478,2,1,低層,,65,利基物業代理有限公司,https://i1.28hse.com/2026/07/202607171451312160766_thumb.jpg,https://www.28hse.com/rent/apartment/property-2257553,2026-08-02T21:33:05.478720+00:00,2026-08-02T21:35:59.085838+00:00,華源大廈,630,九龍尖沙咀華源大廈 彌敦道87號,尖沙咀彌敦道/樂道，近地鐵口ISQUARE，兩房商住小厨，旅遊熱點，人山人海，生財旺地,22.297703,114.171822,差餉地租､管理費,,,,2026-07-24T10:37:20+08:00,2026-07-24T10:37:20+08:00,2026-08-23T10:37:20+08:00,"[""https://i1.28hse.com/2026/07/202607171451396839045_large.jpg"", ""https://i1.28hse.com/2026/07/202607171453463373393_large.jpg"", ""https://i1.28hse.com/2026/07/202607171454027995328_large.jpg"", ""https://i1.28hse.com/2026/07/202607171454122727913_large.jpg"", ""https://i1.28hse.com/2026/07/202607171454323185804_large.jpg"", ""https://i1.28hse.com/2026/07/202607171454437685385_large.jpg"", ""https://i1.28hse.com/2026/07/202607171454516032234_large.jpg"", ""https://i1.28hse.com/2026/07/202607171454574077583_large.jpg"", ""https://i1.28hse.com/2026/07/202607171455043293920_large.jpg"", ""https://i1.28hse.com/2026/07/202607171455115751358_large.jpg"", ""https://i1.28hse.com/2026/07/202607171455283234393_large.jpg"", ""https://i1.28hse.com/2026/07/202607171455362448187_large.jpg"", ""https://i1.28hse.com/2026/07/202607171455436038905_large.jpg""]"
3942845,免上網費、1房獨卫！全新洗衣机/雪櫃,尖沙咀,遠東大廈,8700,695,1,1,低層,,67,世紀21聯動地產,https://i1.28hse.com/2026/07/202607230952471917916_thumb.jpg,https://www.28hse.com/rent/apartment/property-3942845,2026-08-02T21:33:05.478720+00:00,2026-08-02T21:35:59.720054+00:00,遠東大廈,725,九龍尖沙咀遠東大廈 中間道5-6號,"【真实放盘】 !
●专营全港一手及二手●
○大量各区笋盘
●真实盘源 真实委托●
一条龙服务
→笋盘查询→屋苑资讯
→按揭估价→律师转荐
→验楼成交→售后服务
欢迎查询●
Whatsapp：
wechat: peter",22.295952,114.172897,差餉地租､管理費,,,,2026-07-23T09:52:49+08:00,2026-07-25T09:04:23+08:00,2026-08-22T09:52:49+08:00,"[""https://i1.28hse.com/2026/07/202607230952484919970_large.jpg"", ""https://i1.28hse.com/2026/07/202607230952484909778_large.jpg"", ""https://i1.28hse.com/2026/07/20260723095248904666_large.jpg""]"
3940190,尖沙咀地鐵站3分鐘直達 大3房大廳 平地電梯 24小時保安,尖沙咀,美麗都大廈,16000,550,3,1,中層,開放式廚房,67,駿輝地產港一有限公司,https://i1.28hse.com/2026/07/202607300533477664203_thumb.jpg,https://www.28hse.com/rent/apartment/property-3940190,2026-08-02T21:33:05.478720+00:00,2026-08-02T21:36:00.351599+00:00,美麗都大廈,,九龍尖沙咀美麗都大廈 彌敦道58號,3分鐘直達尖沙咀地鐵站 平地電梯二十四小時保安 大3房 歡迎學生合租 看房WhatsApp Becky,22.297207000000004,114.172638,差餉地租､管理費,,,,2026-07-21T01:50:53+08:00,2026-07-30T05:34:24+08:00,2026-08-20T01:50:53+08:00,"[""https://i1.28hse.com/2026/07/202607300533488561015_large.jpg"", ""https://i1.28hse.com/2026/07/202607300533485440943_large.jpg"", ""https://i1.28hse.com/2026/07/202607300533488487077_large.jpg"", ""https://i1.28hse.com/2026/07/202607300533498207423_large.jpg"", ""https://i1.28hse.com/2026/07/202607300533503221895_large.jpg""]"
3916857,"【VR/圖則】歡迎大學生,2房+儲物房,電梯,保安,近理工,尖沙咀/紅磡/佐敦站",尖沙咀,宏富大廈,16500,483,2,1,,梗廚,,小村置業有限公司,https://i1.28hse.com/2026/07/202607032350466721092_thumb.jpg,https://www.28hse.com/rent/apartment/property-3916857,2026-08-02T21:33:05.478720+00:00,2026-08-02T21:36:01.115361+00:00,宏富大廈,,九龍尖沙咀宏富大廈 漆咸圍5-7號,"這是一個位於市中心的優質住宅單位，交通便捷，環境優美清靜。請與我們聯絡以安排參觀。
我們的經紀已在當區生活多年，對社區環境非常熟悉。關於生活配套、租車位和小朋友升學的問題，我們都可以提供幫助。尚有其他單位選擇，亦可安排一次過參觀。
租金已包括地租、差餉和管理費。
業主計劃長期放租，租客無需擔心業主短期內因為出售物業而收回單位。
業主提供優質的物業維護服務，租客可安居無憂！
| 網上搵樓盤 | VR睇樓 |業主放盤
小村置業：www.omuraproperty.com
Facebook/IG：omuraproperty",22.301891,114.176003,差餉地租､管理費,明火煮食,,,2026-07-03T23:50:54+08:00,2026-07-20T17:14:28+08:00,2026-08-02T23:50:54+08:00,"[""https://i1.28hse.com/2026/07/202607032350475567384_large.jpg"", ""https://i1.28hse.com/2026/07/202607032350471381743_large.jpg"", ""https://i1.28hse.com/2026/07/202607032350483803391_large.jpg"", ""https://i1.28hse.com/2026/07/202607032350483773872_large.jpg"", ""https://i1.28hse.com/2026/07/202607032350487369587_large.jpg"", ""https://i1.28hse.com/2026/07/202607032350486420045_large.jpg"", ""https://i1.28hse.com/2026/07/202607032350493010171_large.jpg"", ""https://i1.28hse.com/2026/07/202607032350495103249_large.jpg"", ""https://i1.28hse.com/2026/07/202607032350497994812_large.jpg"", ""https://i1.28hse.com/2026/07/202607032350503267917_large.jpg"", ""https://i1.28hse.com/2026/07/202607032350502818729_large.jpg"", ""https://i1.28hse.com/2026/07/202607032350502341337_large.jpg"", ""https://i1.28hse.com/2026/07/202607032350512351557_large.jpg"", ""https://i1.28hse.com/2026/07/202607032350516364395_large.jpg"", ""https://i1.28hse.com/2026/07/202607032350511230135_large.jpg"", ""https://i1.28hse.com/2026/07/202607032350528887400_large.jpg"", ""https://i1.28hse.com/2026/07/202607032350521902396_large.jpg"", ""https://i1.28hse.com/2026/07/202607032350525658355_large.jpg"", ""https://i1.28hse.com/2026/07/202607032350538280319_large.jpg"", ""https://i1.28hse.com/2026/07/202607032350538034625_large.jpg"", ""https://i1.28hse.com/2026/07/202607032350532749584_large.jpg"", ""https://i1.28hse.com/2026/07/202607032350536266241_large.jpg"", ""https://i1.28hse.com/2026/07/202607032350547910542_large.jpg"", ""https://i1.28hse.com/2026/07/202607032350544539241_large.jpg"", ""https://i1.28hse.com/2026/07/202607032350466721092_large.jpg""]"
3939669,《海景2房2廁》✦傢電齊全✦近K11✦靜中帶旺✦近MTR✦配套完善✦,尖沙咀,恆星樓,16800,431,2,2,高層,開放式廚房,56,駿輝地產發展有限公司,https://i1.28hse.com/2026/08/202608011421377580746_thumb.jpg,https://www.28hse.com/rent/apartment/property-3939669,2026-08-02T21:33:05.478720+00:00,2026-08-02T21:36:01.735947+00:00,恆星樓,,九龍尖沙咀恆星樓 緬甸臺3號,"《高層維港景》
.
✦ 2房2廁 間隔分明
✦ K11旁 商場林立
✦ 近地鐵&西鐵 交通方便
✦ 生活配套齊全 ( 超市, 便利店,餐廳,停車場,商場.........)
✦ 歡迎約睇",22.296356,114.173401,差餉地租､管理費,,,,2026-07-20T16:18:02+08:00,2026-08-01T14:22:12+08:00,2026-08-19T16:18:02+08:00,"[""https://i1.28hse.com/2026/08/20260801142136929943_large.jpg"", ""https://i1.28hse.com/2026/08/202608011421386725918_large.jpg"", ""https://i1.28hse.com/2026/08/202608011421372700015_large.jpg"", ""https://i1.28hse.com/2026/08/202608011421367697000_large.jpg"", ""https://i1.28hse.com/2026/08/202608011421375840051_large.jpg"", ""https://i1.28hse.com/2026/08/202608011421371476615_large.jpg"", ""https://i1.28hse.com/2026/08/202608011421361144952_large.jpg"", ""https://i1.28hse.com/2026/08/202608011421368363266_large.jpg"", ""https://i1.28hse.com/2026/08/202608011421364590852_large.jpg""]"
3929605,地點極好 維多利亞海旁 時尚潮流 浪漫溫馨 家私電器齊 比美五星級酒店,尖沙咀,遠東大廈,12000,695,1,1,中層,,67,中興地產有限公司,https://i1.28hse.com/2026/07/202607121853264550719_thumb.jpg,https://www.28hse.com/rent/apartment/property-3929605,2026-08-02T21:33:05.478720+00:00,2026-08-02T21:36:02.338879+00:00,遠東大廈,950,九龍尖沙咀遠東大廈 中間道5-6號,地點極好 維多利亞海旁 時尚潮流 浪漫溫馨 家私電器齊 比美五星級酒店,22.295952000000003,114.17289699999999,差餉地租､管理費,,,,2026-07-12T18:54:11+08:00,2026-07-19T09:27:03+08:00,2026-08-11T18:54:11+08:00,"[""https://i1.28hse.com/2026/07/202607121853285362699_large.jpg"", ""https://i1.28hse.com/2026/07/20260712185331788675_large.jpg"", ""https://i1.28hse.com/2026/07/202607121853355136247_large.jpg"", ""https://i1.28hse.com/2026/07/202607121853372498415_large.jpg"", ""https://i1.28hse.com/2026/07/202607121853391917296_large.jpg"", ""https://i1.28hse.com/2026/07/202607121853424043334_large.jpg"", ""https://i1.28hse.com/2026/07/202607121853432949621_large.jpg""]"
3936237,1房1卫！學生/工作黨宿舍！免上網費！全新洗衣机/雪櫃,尖沙咀,遠東大廈,8800,695,1,1,低層,,67,世紀21聯動地產,https://i1.28hse.com/2026/07/202607171836493687839_thumb.jpg,https://www.28hse.com/rent/apartment/property-3936237,2026-08-02T21:33:05.478720+00:00,2026-08-02T21:36:02.973432+00:00,遠東大廈,725,九龍尖沙咀遠東大廈 中間道5-6號,"【真实放盘】 !
●专营全港一手及二手●
○大量各区笋盘
●真实盘源 真实委托●
一条龙服务
→笋盘查询→屋苑资讯
→按揭估价→律师转荐
→验楼成交→售后服务
欢迎查询●
Whatsapp：
wechat: peter",22.295952,114.172897,差餉地租､管理費,,,,2026-07-17T18:36:50+08:00,2026-07-25T09:05:29+08:00,2026-08-16T18:36:50+08:00,"[""https://i1.28hse.com/2026/07/202607171836492900439_large.jpg"", ""https://i1.28hse.com/2026/07/202607171836485647210_large.jpg"", ""https://i1.28hse.com/2026/07/202607171836494890394_large.jpg""]"
3919720,尖沙咀地鐵上蓋平地電梯3房套客飯廳廚廁合家庭學生宿舍,尖沙咀,華源大廈,16800,478,3,4,低層,,65,金國置業,https://i1.28hse.com/2026/07/20260705202130555616_thumb.jpg,https://www.28hse.com/rent/apartment/property-3919720,2026-08-02T21:33:05.478720+00:00,2026-08-02T21:36:03.585001+00:00,華源大廈,650,九龍尖沙咀華源大廈 彌敦道87號,3套房1飯廳1廚1客廳1廁另放售$410萬祥情請看YOUTUBE影片,22.297703,114.171822,差餉地租､管理費,明火煮食,,,2026-07-05T20:22:01+08:00,2026-07-09T14:12:20+08:00,2026-08-04T20:22:01+08:00,"[""https://i1.28hse.com/2026/07/202607052021303377663_large.jpg"", ""https://i1.28hse.com/2026/07/20260705202130162972_large.jpg"", ""https://i1.28hse.com/2026/07/202607052021317600791_large.jpg"", ""https://i1.28hse.com/2026/07/202607052021312037568_large.jpg"", ""https://i1.28hse.com/2026/07/2026070520213111567_large.jpg"", ""https://i1.28hse.com/2026/07/20260705202131488092_large.jpg"", ""https://i1.28hse.com/2026/07/202607052021313342257_large.jpg"", ""https://i1.28hse.com/2026/07/202607052021326035155_large.jpg"", ""https://i1.28hse.com/2026/07/202607052021328827959_large.jpg"", ""https://i1.28hse.com/2026/07/20260705202132601946_large.jpg"", ""https://i1.28hse.com/2026/07/202607052021322438540_large.jpg""]"
3856537,雅裝2房1廳，有電梯！近佐敦地鐵站！,佐敦,單幢樓房,16800,407,2,1,,梗廚,,美豐行物業公司,https://i1.28hse.com/2026/07/202607302025162039796_thumb.jpg,https://www.28hse.com/rent/apartment/property-3856537,2026-08-02T21:33:05.478720+00:00,2026-08-02T21:36:04.246440+00:00,單幢樓房,500,九龍佐敦單幢樓房 寶靈街,"雅緻2房1廳 !
近佐敦地鐵站！
平地電梯！
有匙即睇!!!!!!!
最少租一年
歡迎專才,優才,學生,專業人士,在職人士!",22.304322133001396,114.17078967206923,差餉地租､管理費,,,,2026-07-23T11:18:20+08:00,2026-08-01T20:37:37+08:00,2026-08-22T11:18:20+08:00,"[""https://i1.28hse.com/2026/07/202607302025153992272_large.jpg"", ""https://i1.28hse.com/2026/07/202607302025162656107_large.jpg"", ""https://i1.28hse.com/2026/07/202607302025171758728_large.jpg"", ""https://i1.28hse.com/2026/07/202607302025186694203_large.jpg"", ""https://i1.28hse.com/2026/07/202607302025193929326_large.jpg"", ""https://i1.28hse.com/2026/07/202607302025208009983_large.jpg"", ""https://i1.28hse.com/2026/07/202607302025218813519_large.jpg"", ""https://i1.28hse.com/2026/07/202607302025221577571_large.jpg"", ""https://i1.28hse.com/2026/07/202607302025238470719_large.jpg""]"
3930375,近理工大學 靚裝2房 連傢電 有電梯 保安 有匙引看,佐敦,金寶樓,17000,407,2,1,中層,梗廚,50,中興地產有限公司,https://i1.28hse.com/2026/08/20260801182608768591_thumb.jpg,https://www.28hse.com/rent/apartment/property-3930375,2026-08-02T21:33:05.478720+00:00,2026-08-02T21:36:04.848766+00:00,金寶樓,,九龍佐敦金寶樓 白加士街42-50號,"靚裝2房 連傢電 
方正 多窗 乾濕廁
旺中帶靜 有電梯 及 24小時保安
**步行15分鐘到 理工大學
**鄰近大商場及地鐵站
**鄰近多條巴士線去港島，九龍東及新界
多間套房可介紹，歡迎查詢",22.304518,114.170799,差餉地租､管理費,,,,2026-07-13T15:19:53+08:00,2026-08-01T18:27:20+08:00,2026-08-12T15:19:53+08:00,"[""https://i1.28hse.com/2026/08/202608011826107998370_large.jpg"", ""https://i1.28hse.com/2026/08/202608011826124547220_large.jpg"", ""https://i1.28hse.com/2026/08/202608011826156777045_large.jpg"", ""https://i1.28hse.com/2026/08/202608011826171332494_large.jpg"", ""https://i1.28hse.com/2026/08/202608011826197536286_large.jpg"", ""https://i1.28hse.com/2026/08/202608011826577286805_large.jpg"", ""https://i1.28hse.com/2026/08/202608011826218497670_large.jpg"", ""https://i1.28hse.com/2026/08/202608011826251250148_large.jpg"", ""https://i1.28hse.com/2026/08/202608011826274949828_large.jpg"", ""https://i1.28hse.com/2026/08/202608011826305250293_large.jpg"", ""https://i1.28hse.com/2026/08/202608011826332705576_large.jpg"", ""https://i1.28hse.com/2026/08/202608011827002550300_large.jpg""]"
3879841,"【2房1廳特大/ 650呎】租$14800, 閩街5號",佐敦,唐樓,14800,650,2,1,,梗廚,,景龍物業代理公司,https://i1.28hse.com/2026/06/202606061851537129036_thumb.jpg,https://www.28hse.com/rent/apartment/property-3879841,2026-08-02T21:33:05.478720+00:00,2026-08-02T21:36:05.433103+00:00,唐樓,,九龍佐敦唐樓 閩街5號,"唐樓五樓, 閩街5號
特大2房1廳, 650呎
獨立廚房
開揚景觀, 望球場
3分鐘到佐敦MTR
歡迎約睇樓
需入息證明",,,差餉地租､管理費,,,,2026-07-10T12:40:24+08:00,2026-07-10T12:43:23+08:00,2026-08-09T12:40:24+08:00,"[""https://i1.28hse.com/2026/06/202606061851523079809_large.jpg"", ""https://i1.28hse.com/2026/06/202606061851542627861_large.jpg"", ""https://i1.28hse.com/2026/06/202606061851541664027_large.jpg"", ""https://i1.28hse.com/2026/06/202606061851542660051_large.jpg"", ""https://i1.28hse.com/2026/06/202606061851556351751_large.jpg"", ""https://i1.28hse.com/2026/06/202606061851553792983_large.jpg"", ""https://i1.28hse.com/2026/06/202606061851564707089_large.jpg"", ""https://i1.28hse.com/2026/06/202606061851575031908_large.jpg"", ""https://i1.28hse.com/2026/06/202606061851572448898_large.jpg""]"
3957315,地段極佳 華麗實用 自住極品 地鐵站出口 時間就是金錢,佐敦,百誠大廈,16500,468,2,,中層,,49,中興地產有限公司,https://i1.28hse.com/2026/08/202608022337301865582_thumb.jpg,https://www.28hse.com/rent/apartment/property-3957315,2026-08-02T21:33:05.478720+00:00,2026-08-02T21:36:06.074860+00:00,百誠大廈,,九龍佐敦百誠大廈 佐敦道31-37號,地段極佳 華麗實用 自住極品 地鐵站出口 時間就是金錢,22.305513,114.17040300000001,差餉地租､管理費,,,,2026-08-02T23:38:26+08:00,2026-08-02T23:38:53+08:00,2026-09-01T23:38:26+08:00,"[""https://i1.28hse.com/2026/08/202608022337307772355_large.jpg"", ""https://i1.28hse.com/2026/08/202608022337312915969_large.jpg"", ""https://i1.28hse.com/2026/08/202608022337323199322_large.jpg"", ""https://i1.28hse.com/2026/08/202608022337321100147_large.jpg"", ""https://i1.28hse.com/2026/08/202608022337334801899_large.jpg"", ""https://i1.28hse.com/2026/08/202608022337345138576_large.jpg"", ""https://i1.28hse.com/2026/08/202608022337348376947_large.jpg""]"
3957211,地鐵站口 華麗實用 品味之居 陽光燦爛 自住極品 請即比較,佐敦,金寶樓,16500,407,2,1,中層,,50,中興地產有限公司,https://i1.28hse.com/2026/08/202608022031244398867_thumb.jpg,https://www.28hse.com/rent/apartment/property-3957211,2026-08-02T21:33:05.478720+00:00,2026-08-02T21:36:07.633304+00:00,金寶樓,,九龍佐敦金寶樓 白加士街42-50號,地鐵站口 華麗實用 品味之居 陽光燦爛 自住極品 請即比較,22.304517999999998,114.17079900000002,,,,,2026-08-02T20:31:28+08:00,2026-08-02T20:31:28+08:00,2026-09-01T20:31:28+08:00,"[""https://i1.28hse.com/2026/08/202608022031254055564_large.jpg"", ""https://i1.28hse.com/2026/08/202608022031255722481_large.jpg"", ""https://i1.28hse.com/2026/08/202608022031257691284_large.jpg"", ""https://i1.28hse.com/2026/08/202608022031264424349_large.jpg"", ""https://i1.28hse.com/2026/08/20260802203126933183_large.jpg"", ""https://i1.28hse.com/2026/08/202608022031265082855_large.jpg"", ""https://i1.28hse.com/2026/08/202608022031278198821_large.jpg"", ""https://i1.28hse.com/2026/08/202608022031278752583_large.jpg"", ""https://i1.28hse.com/2026/08/202608022031286371412_large.jpg"", ""https://i1.28hse.com/2026/08/202608022031286469904_large.jpg""]"
3940061,靚裝2房，近地鐵站，包全屋傢俬，拎包即住,佐敦,金寶樓,17000,407,2,1,中層,梗廚,50,駿輝地產建榮有限公司,https://i1.28hse.com/2026/08/202608021536001713889_thumb.jpg,https://www.28hse.com/rent/apartment/property-3940061,2026-08-02T21:33:05.478720+00:00,2026-08-02T21:36:08.247783+00:00,金寶樓,,九龍佐敦金寶樓 白加士街42-50號,靚裝2房，近地鐵站，包全屋傢俬，拎包即住,22.304518,114.170799,差餉地租､管理費,,,,2026-07-20T20:44:55+08:00,2026-08-02T15:36:44+08:00,2026-08-19T20:44:55+08:00,"[""https://i1.28hse.com/2026/08/202608021536014853187_large.jpg"", ""https://i1.28hse.com/2026/08/202608021536027474399_large.jpg"", ""https://i1.28hse.com/2026/08/202608021536047835251_large.jpg"", ""https://i1.28hse.com/2026/08/202608021536056446413_large.jpg"", ""https://i1.28hse.com/2026/08/202608021536063986132_large.jpg"", ""https://i1.28hse.com/2026/08/20260802153608401115_large.jpg""]"
3956288,超值大間兩房連儲物室！街窗有匙即睇，快者得,佐敦,文蔚樓,16000,480,2,1,中層,,61,中興地產有限公司,https://i1.28hse.com/2026/08/202608021328061746114_thumb.jpg,https://www.28hse.com/rent/apartment/property-3956288,2026-08-02T21:33:05.478720+00:00,2026-08-02T21:36:08.864836+00:00,文蔚樓,,九龍佐敦文蔚樓 文蔚街24號,"平租, 只求好租客",22.307905,114.167007,差餉地租､管理費,,,,2026-08-02T13:29:07+08:00,2026-08-02T13:29:07+08:00,2026-09-01T13:29:07+08:00,"[""https://i1.28hse.com/2026/08/2026080213280748283_large.jpg"", ""https://i1.28hse.com/2026/08/202608021328091101249_large.jpg"", ""https://i1.28hse.com/2026/08/202608021328117520989_large.jpg"", ""https://i1.28hse.com/2026/08/202608021328145600937_large.jpg"", ""https://i1.28hse.com/2026/08/202608021328165285821_large.jpg"", ""https://i1.28hse.com/2026/08/20260802132818628783_large.jpg"", ""https://i1.28hse.com/2026/08/202608021328206685928_large.jpg""]"
3955725,平地電梯 三房一廳 家電齊全 鄰近佐敦及油麻地站,佐敦,金勳大廈,16500,503,3,1,中層,,57,君皇地產有限公司,https://i1.28hse.com/2026/08/202608012034188607655_thumb.jpg,https://www.28hse.com/rent/apartment/property-3955725,2026-08-02T21:33:05.478720+00:00,2026-08-02T21:36:09.497120+00:00,金勳大廈,,九龍佐敦金勳大廈 彌敦道381號,"詳情或其他間隔單位(租/售)
歡迎致電或WHATSAPP查詢
郭生",22.308268,114.171066,差餉地租､管理費,,,,2026-08-01T20:34:34+08:00,2026-08-01T20:34:34+08:00,2026-08-31T20:34:34+08:00,"[""https://i1.28hse.com/2026/08/20260801203420954905_large.jpg"", ""https://i1.28hse.com/2026/08/202608012034213916904_large.jpg"", ""https://i1.28hse.com/2026/08/20260801203423711456_large.jpg"", ""https://i1.28hse.com/2026/08/202608012034246916332_large.jpg"", ""https://i1.28hse.com/2026/08/202608012034253482978_large.jpg"", ""https://i1.28hse.com/2026/08/202608012034265457502_large.jpg""]"
3955646,{誠意推介} 乾淨企理 中層開揚 實用2房大廳 近地鐵,佐敦,金寶樓,16800,407,2,1,中層,,50,中興地產有限公司,https://i1.28hse.com/2026/08/202608011935236153479_thumb.jpg,https://www.28hse.com/rent/apartment/property-3955646,2026-08-02T21:33:05.478720+00:00,2026-08-02T21:36:10.964153+00:00,金寶樓,,九龍佐敦金寶樓 白加士街42-50號,"冷氣大堂 保安嚴密
近佐敦站/柯士甸站 交通便利",22.304518,114.170799,,,,,2026-08-01T19:35:26+08:00,2026-08-01T19:35:26+08:00,2026-08-31T19:35:26+08:00,"[""https://i1.28hse.com/2026/08/202608011935232255708_large.jpg"", ""https://i1.28hse.com/2026/08/202608011935231348194_large.jpg"", ""https://i1.28hse.com/2026/08/202608011935242290167_large.jpg"", ""https://i1.28hse.com/2026/08/202608011935246398880_large.jpg"", ""https://i1.28hse.com/2026/08/202608011935245050624_large.jpg"", ""https://i1.28hse.com/2026/08/202608011935251528847_large.jpg"", ""https://i1.28hse.com/2026/08/202608011935258853930_large.jpg"", ""https://i1.28hse.com/2026/08/202608011935256577602_large.jpg"", ""https://i1.28hse.com/2026/08/202608011935267060562_large.jpg"", ""https://i1.28hse.com/2026/08/202608011935266088110_large.jpg""]"
3932009,佐敦！2房大廳！407尺！2分鐘地鐵！【金寶樓】房大廳大 合家庭客！有電梯,佐敦,,17000,407,2,1,中層,,50,駿輝地產發展有限公司,https://i1.28hse.com/2026/08/202608011808567574543_thumb.jpg,https://www.28hse.com/rent/apartment/property-3932009,2026-08-02T21:33:05.478720+00:00,2026-08-02T21:36:11.618590+00:00,白加士街42-50號,,九龍佐敦白加士街42-50號 白加士街42-50號,"【多窗開揚 房大廳大 家庭客首選】
【四通八達 超近地鐵站】
【實用2房大廳 旺中帶靜】
【2分鐘地鐵 樓下應有盡有】
 
歡迎致電楊小姐6074 6211。
 
　　
本公司10間分店聯營, 大量盤源, 一通電話, 助你找尋油尖旺全區荀盤
本鋪(佐敦分店):
► 免費提供銀行估價
► 免費網上廣告宣傳
► 免費室內設計諮詢
► 專業銀行按揭, 律師樓轉介, 一條龍服務。",,,差餉地租､管理費,,,,2026-07-14T17:31:11+08:00,2026-08-01T18:12:22+08:00,2026-08-13T17:31:11+08:00,"[""https://i1.28hse.com/2026/08/202608011808545911785_large.jpg"", ""https://i1.28hse.com/2026/08/202608011808462306220_large.jpg"", ""https://i1.28hse.com/2026/08/202608011808545942996_large.jpg"", ""https://i1.28hse.com/2026/08/202608011808538865892_large.jpg"", ""https://i1.28hse.com/2026/08/202608011808521751314_large.jpg"", ""https://i1.28hse.com/2026/08/202608011808556146065_large.jpg"", ""https://i1.28hse.com/2026/08/202608011808553628979_large.jpg"", ""https://i1.28hse.com/2026/08/202608011808475817380_large.jpg""]"
3955191,精裝2房2廳，間格寬敞，有匙引看,佐敦,金寶樓,17000,407,2,1,中層,梗廚,50,金國置業,https://i1.28hse.com/2026/08/20260801161523862336_thumb.jpg,https://www.28hse.com/rent/apartment/property-3955191,2026-08-02T21:33:05.478720+00:00,2026-08-02T21:36:12.279435+00:00,金寶樓,,九龍佐敦金寶樓 白加士街42-50號,核心地段，1分鐘地鐵,22.304518,114.170799,差餉地租､管理費,明火煮食,,,2026-08-01T16:15:33+08:00,2026-08-01T16:15:33+08:00,2026-08-31T16:15:33+08:00,"[""https://i1.28hse.com/2026/08/202608011615237509613_large.jpg"", ""https://i1.28hse.com/2026/08/202608011615242447337_large.jpg"", ""https://i1.28hse.com/2026/08/202608011615246930132_large.jpg"", ""https://i1.28hse.com/2026/08/202608011615257962627_large.jpg"", ""https://i1.28hse.com/2026/08/20260801161525131781_large.jpg"", ""https://i1.28hse.com/2026/08/202608011615267578633_large.jpg""]"
3954905,核心地段 2房梗廚傢俬 還價即成,佐敦,金寶樓,17000,407,2,1,高層,梗廚,50,利嘉閣地產有限公司,https://i1.28hse.com/2026/08/2026080114040350370_thumb.jpg,https://www.28hse.com/rent/apartment/property-3954905,2026-08-02T21:33:05.478720+00:00,2026-08-02T21:36:12.918708+00:00,金寶樓,,九龍佐敦金寶樓 白加士街42-50號,間隔實用 旺中帶靜 近地鐵站 交通方便 生活配備完善,22.304518,114.170799,差餉地租､管理費,,,,2026-08-01T14:05:51+08:00,2026-08-02T09:02:53+08:00,2026-08-31T14:05:51+08:00,"[""https://i1.28hse.com/2026/08/202608011404041240828_large.jpg"", ""https://i1.28hse.com/2026/08/20260801140406436815_large.jpg"", ""https://i1.28hse.com/2026/08/202608011404075016818_large.jpg"", ""https://i1.28hse.com/2026/08/202608011404091087326_large.jpg"", ""https://i1.28hse.com/2026/08/202608011404104656235_large.jpg"", ""https://i1.28hse.com/2026/08/202608011404107565676_large.jpg""]"
3954750,近地鐵站，鄰近九龍公園，旺中帶靜。,佐敦,金寶樓,17000,407,2,1,中層,,50,中興地產有限公司,https://i1.28hse.com/2026/08/202608011243425730231_thumb.jpg,https://www.28hse.com/rent/apartment/property-3954750,2026-08-02T21:33:05.478720+00:00,2026-08-02T21:36:13.549353+00:00,金寶樓,,九龍佐敦金寶樓 白加士街42-50號,向南，高層開揚，廳大房大。,22.304517999999998,114.17079900000002,差餉地租､管理費,,,,2026-08-01T12:42:43+08:00,2026-08-01T12:43:55+08:00,2026-08-31T12:42:43+08:00,"[""https://i1.28hse.com/2026/08/202608011243423350427_large.jpg"", ""https://i1.28hse.com/2026/08/202608011243436546525_large.jpg"", ""https://i1.28hse.com/2026/08/202608011243448253216_large.jpg"", ""https://i1.28hse.com/2026/08/202608011243455145883_large.jpg"", ""https://i1.28hse.com/2026/08/202608011243466180010_large.jpg"", ""https://i1.28hse.com/2026/08/202608011243478271057_large.jpg"", ""https://i1.28hse.com/2026/08/20260801124347195885_large.jpg""]"
3954668,高層 實用2房 樓下佐敦站,佐敦,金寶樓,16800,407,2,1,中層,梗廚,50,金國置業,https://i1.28hse.com/2026/08/202608011158258810927_thumb.jpg,https://www.28hse.com/rent/apartment/property-3954668,2026-08-02T21:33:05.478720+00:00,2026-08-02T21:36:14.178965+00:00,金寶樓,,九龍佐敦金寶樓 白加士街42-50號,"專業代理 Contact：Roy Leung （梁生）
電話 Tel/Whatsapp：+852 (24小時服務熱線)
微信 Wechat：Roy13579_v
電郵 Email：leunghkhl321@gmail.com
誠意為您提供《最快。最新。最好。最多。最平》樓盤資訊
一站式免費服務
無論買樓自住，投資升值，區內換樓，放盤收租，本公司均為貴客提供一條龍買賣及售後服務。",22.304517999999998,114.17079900000002,差餉地租､管理費,,,,2026-08-01T11:58:43+08:00,2026-08-01T12:00:02+08:00,2026-08-31T11:58:43+08:00,"[""https://i1.28hse.com/2026/08/202608011158267851706_large.jpg"", ""https://i1.28hse.com/2026/08/202608011158275809395_large.jpg"", ""https://i1.28hse.com/2026/08/20260801115828263639_large.jpg"", ""https://i1.28hse.com/2026/08/202608011158292388055_large.jpg"", ""https://i1.28hse.com/2026/08/202608011158291321036_large.jpg"", ""https://i1.28hse.com/2026/08/202608011158302186269_large.jpg"", ""https://i1.28hse.com/2026/08/202608011158314659187_large.jpg""]"
3953989,近地鐵實用2房 有匙即睇,佐敦,金寶樓,17000,407,2,1,高層,梗廚,50,金國置業,https://i1.28hse.com/2026/07/202607311806186864287_thumb.jpg,https://www.28hse.com/rent/apartment/property-3953989,2026-08-02T21:33:05.478720+00:00,2026-08-02T21:36:14.834764+00:00,金寶樓,,九龍佐敦金寶樓 白加士街42-50號,"隨時可睇
專業代理 Contact：Jack Lam (林生)
+852 
五鋪聯盟
總店 Head Office
九龍佐敦文匯街文華樓18號地下B鋪
佐敦分店 Jordan Branch
九龍佐敦佐敦道47號地下鋪
寶靈街分行 Bowring Branch
九龍佐敦寶靈街 32-38號
寶安大廈38A號地下鋪
旺角分行 Mongkok Branch
旺角廣華街25號明威閣E2鋪
尖沙咀分行 Tsimshatsui Branch
尖沙咀山林道10-12號山林閣地下2C鋪
盤源眾多 客源廣闊
資深經驗 專業誠懇
盡心盡意 服務認真
敬請各界 放盤支持",22.304518,114.170799,差餉地租､管理費,明火煮食,,,2026-07-31T18:11:17+08:00,2026-08-01T09:27:51+08:00,2026-08-30T18:11:17+08:00,"[""https://i1.28hse.com/2026/07/202607311806194218223_large.jpg"", ""https://i1.28hse.com/2026/07/202607311806183562085_large.jpg"", ""https://i1.28hse.com/2026/07/202607311806181006630_large.jpg"", ""https://i1.28hse.com/2026/07/202607311806196308211_large.jpg"", ""https://i1.28hse.com/2026/07/202607311806192425912_large.jpg"", ""https://i1.28hse.com/2026/07/202607311806191059728_large.jpg"", ""https://i1.28hse.com/2026/07/202607311806184364998_large.jpg""]"
3952850,*秒到地鐵站 實用2房 多窗開揚 連部份傢俬 平地電梯 有匙即睇*,佐敦,金寶樓,17000,407,2,1,中層,梗廚,49,廣信地產顧問有限公司,https://i1.28hse.com/2026/07/202607302009563025233_thumb.jpg,https://www.28hse.com/rent/apartment/property-3952850,2026-08-02T21:33:05.478720+00:00,2026-08-02T21:36:15.437489+00:00,金寶樓,,九龍佐敦金寶樓 白加士街42-50號,"*二十秒可到地鐵站
*靚盤難求 即租即住
*大廈已維修 有匙即睇
*歡迎致電或Whatsapp查詢
*廣信地產多間分行為你服務：
-油麻地上海街383號地下A2舖
-旺角山東街24號地下B舖
-旺角渡船街323號地下2號舖
-大角咀埃華街70號大成樓地下1C2號舖",22.304518,114.170799,差餉地租､管理費,明火煮食,,,2026-07-30T20:10:44+08:00,2026-07-30T20:10:44+08:00,2026-08-29T20:10:44+08:00,"[""https://i1.28hse.com/2026/07/202607302009583140717_large.jpg"", ""https://i1.28hse.com/2026/07/202607302010004648791_large.jpg"", ""https://i1.28hse.com/2026/07/202607302010021094097_large.jpg"", ""https://i1.28hse.com/2026/07/20260730201007300347_large.jpg"", ""https://i1.28hse.com/2026/07/20260730201010423596_large.jpg"", ""https://i1.28hse.com/2026/07/202607302010127634820_large.jpg""]"
3952759,10秒鐘到地鐵站方兩房全屋傢俬,佐敦,金寶樓,17000,407,2,1,中層,梗廚,50,世紀21中華-佐敦,https://i1.28hse.com/2026/07/202607301901312981330_thumb.jpg,https://www.28hse.com/rent/apartment/property-3952759,2026-08-02T21:33:05.478720+00:00,2026-08-02T21:36:16.073468+00:00,金寶樓,,九龍佐敦金寶樓 白加士街42-50號,"平租, 只求好租客, 罕有放盤, 高實用率, 近港鐵站, 樓景, 包傢俬, 包電器, 有裝修",22.304518,114.170799,差餉地租､管理費,,,,2026-07-30T19:01:57+08:00,2026-07-30T19:01:57+08:00,2026-08-29T19:01:57+08:00,"[""https://i1.28hse.com/2026/07/202607301901321000386_large.jpg"", ""https://i1.28hse.com/2026/07/202607301901337126137_large.jpg"", ""https://i1.28hse.com/2026/07/20260730190133161289_large.jpg"", ""https://i1.28hse.com/2026/07/202607301901345807326_large.jpg""]"
3926780,▷高層雅裝𝟮房 光猛多窗◁【金寶樓】3分鐘到佐敦站 近九龍公園,佐敦,金寶樓,17000,407,2,1,中層,梗廚,50,駿輝地產專業有限公司,https://i1.28hse.com/2026/07/202607301900287885650_thumb.jpg,https://www.28hse.com/rent/apartment/property-3926780,2026-08-02T21:33:05.478720+00:00,2026-08-02T21:36:16.689568+00:00,金寶樓,,九龍佐敦金寶樓 白加士街42-50號,"☏ 歡迎致電 黃小姐 𝟲𝟰𝟲𝟭 𝟴𝟴𝟳𝟭 ☏
【金寶樓】
間隔：高層實用雅裝𝟮房 梗廚 乾濕分離
面積：實用𝟰𝟬𝟳呎
租價: $𝟭𝟴,𝟬𝟬𝟬元
民生社區 3分鐘生活圈 生活方便
24小時嚴密保安 大門密碼開門
3分鐘直到佐敦地鐵站
距離高鐵站10分鐘
來回多條巴士線 交通方便
XXXXXX 單位不接受寵物 XXXXXX
歡迎約睇",22.304517999999998,114.17079900000002,差餉地租､管理費,,,,2026-07-10T17:56:15+08:00,2026-07-31T02:51:25+08:00,2026-08-09T17:56:15+08:00,"[""https://i1.28hse.com/2026/07/20260730190029594786_large.jpg"", ""https://i1.28hse.com/2026/07/2026073019002911975_large.jpg"", ""https://i1.28hse.com/2026/07/202607301900293984275_large.jpg"", ""https://i1.28hse.com/2026/07/202607301900302866786_large.jpg"", ""https://i1.28hse.com/2026/07/20260730190030326725_large.jpg"", ""https://i1.28hse.com/2026/07/202607301900318491939_large.jpg"", ""https://i1.28hse.com/2026/07/202607301900327883749_large.jpg"", ""https://i1.28hse.com/2026/07/202607301900322855800_large.jpg"", ""https://i1.28hse.com/2026/07/202607301900333380444_large.jpg"", ""https://i1.28hse.com/2026/07/202607301900334350920_large.jpg"", ""https://i1.28hse.com/2026/07/202607301900341682355_large.jpg"", ""https://i1.28hse.com/2026/07/202607301900343282844_large.jpg""]"
3924558,三房兩廳 齊家電 拎包入住 廁所乾濕分離 近地鐵站近港理 歡迎學生,佐敦,金勳大廈,16500,503,3,1,中層,,57,君皇地產有限公司,https://i1.28hse.com/2026/07/202607302330424970886_thumb.jpg,https://www.28hse.com/rent/apartment/property-3924558,2026-08-02T21:33:05.478720+00:00,2026-08-02T21:36:17.373944+00:00,金勳大廈,,九龍佐敦金勳大廈 彌敦道381號,"本公司另有大量不同价格单位放租及放卖
欢迎WhatsApp或致电張小姐查询",22.308268,114.171066,差餉地租､管理費,,,,2026-07-09T12:53:38+08:00,2026-07-30T23:31:00+08:00,2026-08-08T12:53:38+08:00,"[""https://i1.28hse.com/2026/07/202607302330447353893_large.jpg"", ""https://i1.28hse.com/2026/07/202607302330453390487_large.jpg"", ""https://i1.28hse.com/2026/07/202607302330456834482_large.jpg"", ""https://i1.28hse.com/2026/07/20260730233045296022_large.jpg"", ""https://i1.28hse.com/2026/07/202607302330458243097_large.jpg"", ""https://i1.28hse.com/2026/07/202607302330468673559_large.jpg"", ""https://i1.28hse.com/2026/07/202607302330467449646_large.jpg""]"
3944273,{誠意推介} 乾淨企理 中層開揚 實用2房大廳 近地鐵,佐敦,金寶樓,16800,407,2,1,中層,,50,中興地產有限公司,https://i1.28hse.com/2026/08/20260801122403603163_thumb.jpg,https://www.28hse.com/rent/apartment/property-3944273,2026-08-02T21:33:05.478720+00:00,2026-08-02T21:36:18.060233+00:00,金寶樓,,九龍佐敦金寶樓 白加士街42-50號,"冷氣大堂 保安嚴密
近佐敦站/柯士甸站 交通便利",22.304518,114.170799,差餉地租､管理費,,,,2026-07-24T00:11:04+08:00,2026-08-01T12:25:09+08:00,2026-08-23T00:11:04+08:00,"[""https://i1.28hse.com/2026/08/202608011223544413873_large.jpg"", ""https://i1.28hse.com/2026/08/202608011223536536710_large.jpg"", ""https://i1.28hse.com/2026/08/202608011223556127300_large.jpg"", ""https://i1.28hse.com/2026/08/20260801122356505591_large.jpg"", ""https://i1.28hse.com/2026/08/202608011223574433882_large.jpg"", ""https://i1.28hse.com/2026/08/202608011223581762905_large.jpg"", ""https://i1.28hse.com/2026/08/202608011223591355336_large.jpg"", ""https://i1.28hse.com/2026/08/202608011224005810561_large.jpg"", ""https://i1.28hse.com/2026/08/202608011224014555950_large.jpg"", ""https://i1.28hse.com/2026/08/20260801122402330996_large.jpg""]"
3946853,地點極佳 閙巿中世外桃源 自住極品 萬勿錯過,佐敦,煒亨大廈,14800,452,2,,高層,,60,中興地產有限公司,https://i1.28hse.com/2026/07/20260726162217932629_thumb.jpg,https://www.28hse.com/rent/apartment/property-3946853,2026-08-02T21:33:05.478720+00:00,2026-08-02T21:36:18.887220+00:00,煒亨大廈,,九龍佐敦煒亨大廈 廣東道308號,地點極佳 閙巿中世外桃源 自住極品 萬勿錯過,22.303370000000008,114.16843400000002,差餉地租､管理費,,,,2026-07-25T23:09:52+08:00,2026-07-29T09:07:05+08:00,2026-08-24T23:09:52+08:00,"[""https://i1.28hse.com/2026/07/202607261622202555336_large.jpg"", ""https://i1.28hse.com/2026/07/202607261622238026548_large.jpg"", ""https://i1.28hse.com/2026/07/202607261622251599799_large.jpg"", ""https://i1.28hse.com/2026/07/202607261622276812958_large.jpg"", ""https://i1.28hse.com/2026/07/202607261622291373205_large.jpg"", ""https://i1.28hse.com/2026/07/202607261622316209187_large.jpg"", ""https://i1.28hse.com/2026/07/20260726162233702688_large.jpg"", ""https://i1.28hse.com/2026/07/202607261622358683247_large.jpg"", ""https://i1.28hse.com/2026/07/202607261622378766725_large.jpg"", ""https://i1.28hse.com/2026/07/202607261622403499177_large.jpg"", ""https://i1.28hse.com/2026/07/202607261622421237572_large.jpg""]"
3950318,平地電梯 三房一廳 家具齊全 歡迎學生 近佐敦油麻地站,佐敦,金勳大廈,16500,503,3,1,中層,梗廚,57,君皇地產有限公司,https://i1.28hse.com/2026/07/202607282123075951299_thumb.jpg,https://www.28hse.com/rent/apartment/property-3950318,2026-08-02T21:33:05.478720+00:00,2026-08-02T21:36:19.519532+00:00,金勳大廈,,九龍佐敦金勳大廈 彌敦道381號,"本公司另有大量不同另有不同間隔單位放租及放賣
歡迎WhatsApp或致電許生查詢",22.308267999999998,114.171066,差餉地租､管理費,,,,2026-07-28T21:19:56+08:00,2026-07-28T21:24:02+08:00,2026-08-27T21:19:56+08:00,"[""https://i1.28hse.com/2026/07/202607282123144628314_large.jpg"", ""https://i1.28hse.com/2026/07/202607282123178523321_large.jpg"", ""https://i1.28hse.com/2026/07/202607282123204503160_large.jpg"", ""https://i1.28hse.com/2026/07/202607282123258762509_large.jpg"", ""https://i1.28hse.com/2026/07/202607282123558611750_large.jpg""]"
3926725,▷高層雅裝𝟮房 光猛多窗◁【金寶樓】3分鐘到佐敦站 近九龍公園,佐敦,金寶樓,17000,407,2,1,中層,梗廚,50,駿輝地產專業有限公司,https://i1.28hse.com/2026/07/202607231559151095700_thumb.jpg,https://www.28hse.com/rent/apartment/property-3926725,2026-08-02T21:33:05.478720+00:00,2026-08-02T21:36:20.135518+00:00,金寶樓,,九龍佐敦金寶樓 白加士街42-50號,"☏ 歡迎致電 黃小姐 𝟲𝟰𝟲𝟭 𝟴𝟴𝟳𝟭 ☏
 
【金寶樓】
間隔：高層實用雅裝𝟮房 梗廚 乾濕分離
面積：實用𝟰𝟬𝟳呎
租價: $𝟭𝟴,𝟬𝟬𝟬元
 
民生社區 3分鐘生活圈 生活方便
24小時嚴密保安 大門密碼開門
3分鐘直到佐敦地鐵站 
距離高鐵站10分鐘
來回多條巴士線 交通方便
 
XXXXXX 單位不接受寵物 XXXXXX
 
歡迎約睇",22.304517999999998,114.17079900000002,差餉地租､管理費,,,,2026-07-10T17:40:24+08:00,2026-07-31T02:51:50+08:00,2026-08-09T17:40:24+08:00,"[""https://i1.28hse.com/2026/07/202607231559161310874_large.jpg"", ""https://i1.28hse.com/2026/07/202607231559161196902_large.jpg"", ""https://i1.28hse.com/2026/07/202607231559177382823_large.jpg"", ""https://i1.28hse.com/2026/07/202607231559172729905_large.jpg"", ""https://i1.28hse.com/2026/07/202607231559183332703_large.jpg"", ""https://i1.28hse.com/2026/07/202607231559194011213_large.jpg"", ""https://i1.28hse.com/2026/07/20260723155919675359_large.jpg"", ""https://i1.28hse.com/2026/07/202607231559207641106_large.jpg"", ""https://i1.28hse.com/2026/07/202607231559217833165_large.jpg"", ""https://i1.28hse.com/2026/07/202607231559212127632_large.jpg"", ""https://i1.28hse.com/2026/07/202607231559223220663_large.jpg"", ""https://i1.28hse.com/2026/07/202607231559223005585_large.jpg""]"
3930732,[百誠大廈] 2房 企理實用 樓下佐敦MTR,佐敦,百誠大廈,16500,468,2,1,中層,梗廚,49,順景置業(香港)有限公司,https://i1.28hse.com/2026/08/202608011733154346806_thumb.jpg,https://www.28hse.com/rent/apartment/property-3930732,2026-08-02T21:33:05.478720+00:00,2026-08-02T21:36:21.565256+00:00,百誠大廈,,九龍佐敦百誠大廈 佐敦道31-37號,"2房 企理實用
旺中帶靜 交通方便
鄰近高鐵 3鐵交匯
樓下佐敦MTR",22.305513,114.170403,差餉地租､管理費,,,,2026-07-13T17:53:03+08:00,2026-08-01T17:33:33+08:00,2026-08-12T17:53:03+08:00,"[""https://i1.28hse.com/2026/08/202608011733104163939_large.jpg"", ""https://i1.28hse.com/2026/08/20260801173313356192_large.jpg"", ""https://i1.28hse.com/2026/08/202608011733072462951_large.jpg"", ""https://i1.28hse.com/2026/08/202608011733146118604_large.jpg""]"
3922122,[金寶樓] 2房 企理實用 2mins到佐敦MTR,佐敦,金寶樓,17000,407,2,1,中層,梗廚,50,順景置業(香港)有限公司,https://i1.28hse.com/2026/07/202607311847295250026_thumb.jpg,https://www.28hse.com/rent/apartment/property-3922122,2026-08-02T21:33:05.478720+00:00,2026-08-02T21:36:22.162611+00:00,金寶樓,,九龍佐敦金寶樓 白加士街42-50號,"2房 企理實用
交通方便 旺中帶靜
鄰近高鐵 三鐵交匯
2mins到佐敦MTR",22.304517999999998,114.17079900000002,差餉地租､管理費,,,,2026-07-07T16:35:14+08:00,2026-07-31T18:47:51+08:00,2026-08-06T16:35:14+08:00,"[""https://i1.28hse.com/2026/07/202607311845182794931_large.jpg"", ""https://i1.28hse.com/2026/07/202607311845184935441_large.jpg"", ""https://i1.28hse.com/2026/07/20260731184519932010_large.jpg"", ""https://i1.28hse.com/2026/07/202607311845197606622_large.jpg"", ""https://i1.28hse.com/2026/07/202607311845184166430_large.jpg"", ""https://i1.28hse.com/2026/07/202607311845197599898_large.jpg""]"
3923618,大兩房！高性價比、可做員工宿舍、平地電梯,佐敦,儉德大廈,15000,611,2,1,中層,,61,駿輝地產旺角有限公司,https://i1.28hse.com/2026/07/202607081652372178898_thumb.jpg,https://www.28hse.com/rent/apartment/property-3923618,2026-08-02T21:33:05.478720+00:00,2026-08-02T21:36:22.841222+00:00,儉德大廈,775,九龍佐敦儉德大廈 彌敦道342號,大兩房！高性價比、可做員工宿舍、平地電梯,22.306786000000002,114.171707,差餉地租､管理費,,,,2026-07-08T16:53:01+08:00,2026-07-24T02:11:43+08:00,2026-08-07T16:53:01+08:00,"[""https://i1.28hse.com/2026/07/202607081652393575159_large.jpg"", ""https://i1.28hse.com/2026/07/202607081652405403328_large.jpg"", ""https://i1.28hse.com/2026/07/202607081652425116122_large.jpg"", ""https://i1.28hse.com/2026/07/202607081652431643155_large.jpg"", ""https://i1.28hse.com/2026/07/202607081652442327530_large.jpg""]"
3941782,罕有平地電梯光猛清淨1房合1-2個人住獨立電錶,佐敦,文英樓,8700,850,1,1,中層,開放式廚房,62,金城堡地產,https://i1.28hse.com/2026/07/202607221355102302769_thumb.jpg,https://www.28hse.com/rent/apartment/property-3941782,2026-08-02T21:33:05.478720+00:00,2026-08-02T21:36:24.250447+00:00,文英樓,1000,九龍佐敦文英樓 文苑街23號,"鄰近生活配套齊全交通四通八達*線線相連*
15分鐘*生活圈**油尖旺應有盡有**
2分鐘到高鐵站*/西鉄站轉入**烏溪沙線**屯馬線**東鐵線至**金鐘
5分鐘到佐敦A出口
8分鐘到圓坊機場快線;東涌線九龍站
10分鐘到尖沙咀廣東道名店街及西九文化區",22.307293,114.166695,差餉地租､管理費,,,,2026-07-22T13:55:10+08:00,2026-07-22T13:55:10+08:00,2026-08-21T13:55:10+08:00,[]
3921034,佐敦近地鐵豪華裝修齊家電拎包入住超大studio,佐敦,鴻運大樓,8800,586,1,1,高層,,65,駿輝地產國際有限公司,https://i1.28hse.com/2026/07/202607212028033536009_thumb.jpg,https://www.28hse.com/rent/apartment/property-3921034,2026-08-02T21:33:05.478720+00:00,2026-08-02T21:36:24.890843+00:00,鴻運大樓,,九龍佐敦鴻運大樓 佐敦道22號,"樓盤專員 Miss Lau:最強網絡 11店聯成 盤源極多
［裝修簡潔北歐風格]
［市場難求 型格裝修］
［交通方便 環境優美］
［鄰近商場應有盡有]
【歡迎致電/Whatsapp查詢】
*本司客源廣實客多*
*盡心盡力忠誠待客*
*專營油尖旺區樓盤*·
*多行聯營信心保證*
*歡迎業主電話放盤*",22.305038,114.170868,差餉地租､管理費,,,,2026-07-06T18:37:12+08:00,2026-07-21T20:28:37+08:00,2026-08-05T18:37:12+08:00,"[""https://i1.28hse.com/2026/07/202607212028057791887_large.jpg"", ""https://i1.28hse.com/2026/07/202607212028073563960_large.jpg"", ""https://i1.28hse.com/2026/07/202607212028082975668_large.jpg"", ""https://i1.28hse.com/2026/07/202607212028107637440_large.jpg"", ""https://i1.28hse.com/2026/07/202607212028126533582_large.jpg"", ""https://i1.28hse.com/2026/07/202607212028145967330_large.jpg""]"
3916540,Video有匙罕有3房連露台靚裝 平地電梯 近地鐵 乾濕分離 煤氣煮食沖涼,佐敦,金勳大廈,17000,471,3,1,高層,梗廚,57,世紀21廣發,/assets/img/loadingphoto170_125.jpg,https://www.28hse.com/rent/apartment/property-3916540,2026-08-02T21:33:05.478720+00:00,2026-08-02T21:36:25.543439+00:00,金勳大廈,,九龍佐敦金勳大廈 彌敦道381號,罕有放租 指定代理 大3房靚裝 平地電梯 煤氣煮食沖涼,22.308268,114.171066,差餉地租､管理費,明火煮食,,,2026-07-03T19:03:22+08:00,2026-07-22T12:28:29+08:00,2026-08-02T19:03:22+08:00,[]
3938224,超大一房一廳！獨立門口！明火煮食！有匙,佐敦,文蔚樓,9000,620,1,1,中層,,61,中興地產有限公司,https://i1.28hse.com/2026/07/202607191253177310857_thumb.jpg,https://www.28hse.com/rent/apartment/property-3938224,2026-08-02T21:33:05.478720+00:00,2026-08-02T21:36:26.341244+00:00,文蔚樓,,九龍佐敦文蔚樓 文蔚街24號,"平租, 只求好租客",22.307905,114.167007,差餉地租､管理費,,,,2026-07-19T12:53:50+08:00,2026-07-19T12:53:50+08:00,2026-08-18T12:53:50+08:00,"[""https://i1.28hse.com/2026/07/202607191253197539139_large.jpg"", ""https://i1.28hse.com/2026/07/202607191253218365016_large.jpg"", ""https://i1.28hse.com/2026/07/202607191253234124876_large.jpg""]"
3931706,3房1廳 高層 市中心 3分鐘到佐敦地鐵站,佐敦,金勳大廈,17000,471,3,1,高層,梗廚,57,中興地產有限公司,https://i1.28hse.com/2026/07/202607141536107380871_thumb.jpg,https://www.28hse.com/rent/apartment/property-3931706,2026-08-02T21:33:05.478720+00:00,2026-08-02T21:36:26.971743+00:00,金勳大廈,,九龍佐敦金勳大廈 彌敦道381號,"平地電梯 有保安
有匙, 隨時引看",22.308268,114.171066,差餉地租､管理費,,,,2026-07-14T15:37:42+08:00,2026-07-19T11:26:33+08:00,2026-08-13T15:37:42+08:00,"[""https://i1.28hse.com/2026/07/202607141536186483116_large.jpg"", ""https://i1.28hse.com/2026/07/202607141536262092729_large.jpg"", ""https://i1.28hse.com/2026/07/202607141536341604617_large.jpg"", ""https://i1.28hse.com/2026/07/202607141536407035454_large.jpg"", ""https://i1.28hse.com/2026/07/202607141536468117009_large.jpg"", ""https://i1.28hse.com/2026/07/202607141536501642170_large.jpg"", ""https://i1.28hse.com/2026/07/202607141536578780089_large.jpg"", ""https://i1.28hse.com/2026/07/202607141537005147745_large.jpg"", ""https://i1.28hse.com/2026/07/202607141537072724547_large.jpg"", ""https://i1.28hse.com/2026/07/202607141537135212228_large.jpg""]"
3936795,"【VR/圖則】2房,全新裝修,全棟翻新大廈,平地電梯,保安,佐敦/柯士甸站",佐敦,炮台街2-8號,14800,410,2,1,中層,,,小村置業有限公司,https://i1.28hse.com/2026/07/202607181139378185661_thumb.jpg,https://www.28hse.com/rent/apartment/property-3936795,2026-08-02T21:33:05.478720+00:00,2026-08-02T21:36:27.570689+00:00,炮台街2-8號,,九龍佐敦炮台街2-8號 炮台街2-8號,"這是一個位於市中心的優質住宅單位，交通便捷。請與我們聯絡以安排參觀。
 
我們的經紀已在當區生活多年，對社區環境非常熟悉。關於生活配套、租車位和小朋友升學的問題，我們都可以提供幫助。尚有其他單位選擇，亦可安排一次過參觀。
 
租金已包括地租、差餉和管理費。
業主計劃長期放租，租客無需擔心業主短期內因為出售物業而收回單位。
 
業主提供優質的物業維護服務，租客可安居無憂！
 
| 網上搵樓盤 | VR睇樓 |業主放盤
小村置業：www.omuraproperty.com
Facebook/IG：omuraproperty",22.306395000000002,114.16858699999997,差餉地租､管理費,明火煮食,,,2026-07-18T11:39:44+08:00,2026-07-18T11:39:44+08:00,2026-08-17T11:39:44+08:00,"[""https://i1.28hse.com/2026/07/202607181139378299003_large.jpg"", ""https://i1.28hse.com/2026/07/202607181139384765476_large.jpg"", ""https://i1.28hse.com/2026/07/202607181139388609535_large.jpg"", ""https://i1.28hse.com/2026/07/202607181139381379693_large.jpg"", ""https://i1.28hse.com/2026/07/202607181139391647814_large.jpg"", ""https://i1.28hse.com/2026/07/202607181139393709685_large.jpg"", ""https://i1.28hse.com/2026/07/202607181139395939836_large.jpg"", ""https://i1.28hse.com/2026/07/20260718113939155750_large.jpg"", ""https://i1.28hse.com/2026/07/202607181139401205793_large.jpg"", ""https://i1.28hse.com/2026/07/202607181139404094368_large.jpg"", ""https://i1.28hse.com/2026/07/202607181139401177103_large.jpg"", ""https://i1.28hse.com/2026/07/202607181139403347459_large.jpg"", ""https://i1.28hse.com/2026/07/202607181139414773830_large.jpg"", ""https://i1.28hse.com/2026/07/20260718113941237569_large.jpg"", ""https://i1.28hse.com/2026/07/202607181139411184224_large.jpg"", ""https://i1.28hse.com/2026/07/202607181139421367113_large.jpg"", ""https://i1.28hse.com/2026/07/202607181139422384092_large.jpg"", ""https://i1.28hse.com/2026/07/202607181139425989616_large.jpg"", ""https://i1.28hse.com/2026/07/202607181139438803282_large.jpg"", ""https://i1.28hse.com/2026/07/202607181139437412148_large.jpg"", ""https://i1.28hse.com/2026/07/202607181139434526044_large.jpg"", ""https://i1.28hse.com/2026/07/202607181139436320932_large.jpg"", ""https://i1.28hse.com/2026/07/202607181139448321876_large.jpg"", ""https://i1.28hse.com/2026/07/202607181139441037235_large.jpg"", ""https://i1.28hse.com/2026/07/202607181139378185661_large.jpg""]"
3891741,筍盤即走，佐敦勁靚1房，光線極好，鄰近地鐵站,佐敦,寶輝閣,16500,515,1,1,,梗廚,25,駿輝地產建榮有限公司,https://i1.28hse.com/2026/07/202607130233034017850_thumb.jpg,https://www.28hse.com/rent/apartment/property-3891741,2026-08-02T21:33:05.478720+00:00,2026-08-02T21:36:28.235910+00:00,寶輝閣,,九龍佐敦寶輝閣 佐敦道26號,［寶輝閣］筍盤即走，佐敦勁靚1房，光線極好，鄰近地鐵站,22.304905,114.169777,,,,,2026-07-16T15:30:00+08:00,2026-07-16T15:30:00+08:00,2026-08-15T15:30:00+08:00,"[""https://i1.28hse.com/2026/07/202607130233032724473_large.jpg"", ""https://i1.28hse.com/2026/07/202607130233048135233_large.jpg"", ""https://i1.28hse.com/2026/07/202607130232592137598_large.jpg"", ""https://i1.28hse.com/2026/07/202607130233021416154_large.jpg""]"
3923946,超抵，雅裝2房2廳，景觀開揚，不可養狗，不接受包租或宿舍,佐敦,炮台街2-8號,14500,410,2,1,中層,開放式廚房,59,金國置業,https://i1.28hse.com/2026/07/202607281850377081392_thumb.jpg,https://www.28hse.com/rent/apartment/property-3923946,2026-08-02T21:33:05.478720+00:00,2026-08-02T21:36:28.909269+00:00,炮台街2-8號,,九龍佐敦炮台街2-8號 炮台街2-8號,平地電梯，鄰近三鐵,22.306395,114.168587,差餉地租､管理費,明火煮食,,,2026-07-08T18:39:37+08:00,2026-07-28T18:51:08+08:00,2026-08-07T18:39:37+08:00,"[""https://i1.28hse.com/2026/07/202607281850371080123_large.jpg"", ""https://i1.28hse.com/2026/07/202607281850385029951_large.jpg"", ""https://i1.28hse.com/2026/07/202607281850388412433_large.jpg"", ""https://i1.28hse.com/2026/07/202607281850382928620_large.jpg"", ""https://i1.28hse.com/2026/07/202607281850398072403_large.jpg"", ""https://i1.28hse.com/2026/07/202607281850392377146_large.jpg""]"
3842495,有匙引看，拎包入住,佐敦,文苑樓,8500,565,1,1,低層,,62,景鴻地產,https://i1.28hse.com/2026/05/202605101116543608072_thumb.jpg,https://www.28hse.com/rent/apartment/property-3842495,2026-08-02T21:33:05.478720+00:00,2026-08-02T21:36:29.808894+00:00,文苑樓,565,九龍佐敦文苑樓 文苑街24號,"有匙可即睇
佐敦站及油麻地站约步行7分鐘
柯士甸站2分鐘
高鐵站7分鐘
一房一廳 傢電齊全
 街窗開揚 拎包入住
有電梯 廿四小時保安 CCTV
大型商埸圓坊
公園及跑步長廊
餐廳街市齊全
洗衣乾衣生活所需一應俱全
可以wechat +",22.307598,114.166893,差餉地租､管理費,,,,2026-07-15T15:22:21+08:00,2026-07-15T15:25:13+08:00,2026-08-14T15:22:21+08:00,"[""https://i1.28hse.com/2026/05/202605101116544715438_large.jpg"", ""https://i1.28hse.com/2026/07/202607151525013633476_large.jpg""]"
3930982,一房一廳！大大空間感！超新淨企理！開揚靚景！,佐敦,寶輝閣,16500,515,1,1,,梗廚,25,駿輝地產旺角有限公司,https://i1.28hse.com/2026/07/202607132050084523725_thumb.jpg,https://www.28hse.com/rent/apartment/property-3930982,2026-08-02T21:33:05.478720+00:00,2026-08-02T21:36:30.435312+00:00,寶輝閣,,九龍佐敦寶輝閣 佐敦道26號,一房一廳！大大空間感！超新淨企理！開揚靚景！,22.304904999999998,114.169777,差餉地租､管理費,,,,2026-07-13T20:50:49+08:00,2026-07-13T20:57:13+08:00,2026-08-12T20:50:49+08:00,"[""https://i1.28hse.com/2026/07/202607132050097570293_large.jpg"", ""https://i1.28hse.com/2026/07/202607132050108834817_large.jpg"", ""https://i1.28hse.com/2026/07/202607132050123970570_large.jpg"", ""https://i1.28hse.com/2026/07/202607132050135916833_large.jpg"", ""https://i1.28hse.com/2026/07/202607132050157297699_large.jpg"", ""https://i1.28hse.com/2026/07/202607132050166415978_large.jpg""]"
3928092,2 房 2 廳 佐敦高跌站,佐敦,煒亨大廈,15000,452,2,1,高層,梗廚,60,喜居物業(旺角舖),https://i1.28hse.com/2026/07/202607111607077533764_thumb.jpg,https://www.28hse.com/rent/apartment/property-3928092,2026-08-02T21:33:05.478720+00:00,2026-08-02T21:36:31.079529+00:00,煒亨大廈,,九龍佐敦煒亨大廈 廣東道308號,"佐敦 2 房 2 廳 放租
請 whatsapp 呂先生",22.30337,114.168434,差餉地租､管理費,明火煮食,,,2026-07-11T16:08:08+08:00,2026-08-02T14:57:18+08:00,2026-08-10T16:08:08+08:00,"[""https://i1.28hse.com/2026/07/202607111607187224068_large.jpg"", ""https://i1.28hse.com/2026/07/202607111607341168896_large.jpg"", ""https://i1.28hse.com/2026/07/202607111607557229584_large.jpg""]"
3924239,二房靚裝，市區首選，交通方便！,佐敦,金寶樓,17000,407,2,1,中層,,50,中興地產有限公司,https://i1.28hse.com/2026/07/202607311644336748473_thumb.jpg,https://www.28hse.com/rent/apartment/property-3924239,2026-08-02T21:33:05.478720+00:00,2026-08-02T21:36:31.704096+00:00,金寶樓,,九龍佐敦金寶樓 白加士街42-50號,"● 靜中帶旺近車站
● 四正實用
● 衣食住行娛樂齊備
精選單位，有興趣請即whatsapp 預約",22.304518,114.170799,差餉地租､管理費,,,,2026-07-08T23:55:59+08:00,2026-07-31T16:46:18+08:00,2026-08-07T23:55:59+08:00,"[""https://i1.28hse.com/2026/07/202607311644385678133_large.jpg"", ""https://i1.28hse.com/2026/07/202607311644421963748_large.jpg"", ""https://i1.28hse.com/2026/07/202607311644454575919_large.jpg"", ""https://i1.28hse.com/2026/07/202607311644471699821_large.jpg"", ""https://i1.28hse.com/2026/07/202607311644501174108_large.jpg"", ""https://i1.28hse.com/2026/07/20260731164453589386_large.jpg"", ""https://i1.28hse.com/2026/07/202607311644561200541_large.jpg""]"
3915849,佐敦地鐵站旁邊一房一廳。統一業主管理一流,佐敦,寶輝閣,16500,515,1,1,中層,,25,駿輝地產港一有限公司,https://i1.28hse.com/2026/07/202607051540377847926_thumb.jpg,https://www.28hse.com/rent/apartment/property-3915849,2026-08-02T21:33:05.478720+00:00,2026-08-02T21:36:32.303461+00:00,寶輝閣,,九龍佐敦寶輝閣 佐敦道26號,"致電約睇:
【裝修企理 人見人愛】
【唔洗頭痕 呢間啱哂】
【交通方便 鄰近地鐵】
【電梯洋樓 管理完善】
【配套完善 生活舒適】
* 本司客源廣實客多 *
* 盡心盡力忠誠待客 *
* 專營油尖旺區樓盤 *
* 多行聯營信心保證 *
* 歡迎業主電話放盤*",22.304905,114.169777,差餉地租､管理費,,,,2026-07-03T15:49:08+08:00,2026-07-09T13:43:00+08:00,2026-08-02T15:49:08+08:00,"[""https://i1.28hse.com/2026/07/202607051540387681266_large.jpg"", ""https://i1.28hse.com/2026/07/202607051540383583602_large.jpg"", ""https://i1.28hse.com/2026/07/20260705154039377941_large.jpg"", ""https://i1.28hse.com/2026/07/202607051540397119284_large.jpg"", ""https://i1.28hse.com/2026/07/202607051540398633747_large.jpg"", ""https://i1.28hse.com/2026/07/20260705154040514289_large.jpg""]"
3923389,佐敦文苑樓 一房一廳,佐敦,文苑樓,11000,665,1,1,低層,開放式廚房,62,駿輝地產建榮有限公司,https://i1.28hse.com/2026/07/202607081531443330357_thumb.jpg,https://www.28hse.com/rent/apartment/property-3923389,2026-08-02T21:33:05.478720+00:00,2026-08-02T21:36:32.946835+00:00,文苑樓,665,九龍佐敦文苑樓 文苑街24號,已經包括全部傢俬電器,22.307598,114.166893,差餉地租､管理費,,,,2026-07-08T15:32:31+08:00,2026-07-08T15:32:31+08:00,2026-08-07T15:32:31+08:00,"[""https://i1.28hse.com/2026/07/20260708153145107916_large.jpg"", ""https://i1.28hse.com/2026/07/202607081531465933408_large.jpg"", ""https://i1.28hse.com/2026/07/202607081531466157076_large.jpg"", ""https://i1.28hse.com/2026/07/202607081531478248191_large.jpg""]"
3923327,開揚2房 鄰近MTR 髙鐵站 有key 即約即看,佐敦,金寶樓,16800,480,2,1,中層,梗廚,50,中興地產有限公司,https://i1.28hse.com/2026/07/20260729000324239510_thumb.jpg,https://www.28hse.com/rent/apartment/property-3923327,2026-08-02T21:33:05.478720+00:00,2026-08-02T21:36:33.578237+00:00,金寶樓,,九龍佐敦金寶樓 白加士街42-50號,"高實用率, 近港鐵站, 有匙即約即睇, 開揚, 包電器, 中心旺地, 交通便利, 間隔四正, 廳大房大",22.304518,114.170799,差餉地租､管理費,明火煮食,,,2026-07-08T15:06:42+08:00,2026-07-29T00:05:19+08:00,2026-08-07T15:06:42+08:00,"[""https://i1.28hse.com/2026/07/20260729000323830502_large.jpg"", ""https://i1.28hse.com/2026/07/202607290003176079319_large.jpg"", ""https://i1.28hse.com/2026/07/202607290003225759453_large.jpg"", ""https://i1.28hse.com/2026/07/202607290003161442112_large.jpg"", ""https://i1.28hse.com/2026/07/202607290003204385497_large.jpg"", ""https://i1.28hse.com/2026/07/202607290003181073884_large.jpg"", ""https://i1.28hse.com/2026/07/202607290003138024334_large.jpg"", ""https://i1.28hse.com/2026/07/202607290003155982720_large.jpg""]"
1723016,彌敦道實用洋楼498尺租16000,油麻地,僑江大廈,16000,498,1,1,中層,,66,家田物業代理公司,https://i1.28hse.com/2026/07/202607251153321654061_thumb.jpg,https://www.28hse.com/rent/apartment/property-1723016,2026-08-02T21:33:05.478720+00:00,2026-08-02T21:36:34.225566+00:00,僑江大廈,,九龍油麻地僑江大廈 彌敦道524號,單位全新裝修實用498呎現有兩房兩廳樓下油麻地地鐵出口上面交通方便34校網,22.312572,114.171036,差餉地租,,,,2026-07-06T17:53:09+08:00,2026-07-28T19:26:37+08:00,2026-08-05T17:53:09+08:00,"[""https://i1.28hse.com/2026/07/202607251153343558159_large.jpg"", ""https://i1.28hse.com/2026/07/202607251153351023365_large.jpg"", ""https://i1.28hse.com/2026/07/202607251153367474581_large.jpg""]"
3929851,𓀠大廳大房✦好好住✦開揚通風光猛多窗✦平地電梯✦秒到地鐵✦近商場✦歡迎學生✦,油麻地,寶寧大廈,15500,470,2,1,中層,梗廚,57,駿輝地產國際有限公司,https://i1.28hse.com/2026/07/202607130243111499224_thumb.jpg,https://www.28hse.com/rent/apartment/property-3929851,2026-08-02T21:33:05.478720+00:00,2026-08-02T21:36:34.822128+00:00,寶寧大廈,,九龍油麻地寶寧大廈 彌敦道525-543號,"樓盤專員Mandy Mok: 
本公司12間分店聯營, 大量盤源, 且客源廣
本鋪(旺角分店):
► 免費提供銀行估價
► 免費網上廣告宣傳
► 免費室內設計諮詢
► 專業銀行按揭, 律師樓轉介, 保險理財, 一條龍服務。
【裝修簡潔 北歐風格】
【市場難求 型格裝修】
【交通方便 環境優美】
【鄰近商場 應有盡有】
【歡迎致電/Whatsapp查詢】
* 本司客源廣實客多 *
* 盡心盡力忠誠待客 *
* 專營油尖旺區樓盤 *
* 多行聯營信心保證 *
* 歡迎業主電話放盤 *",22.313432999999996,114.170326,差餉地租､管理費,,,,2026-07-13T02:43:32+08:00,2026-07-28T19:34:01+08:00,2026-08-12T02:43:32+08:00,"[""https://i1.28hse.com/2026/07/202607130243121436267_large.jpg"", ""https://i1.28hse.com/2026/07/202607130243124043147_large.jpg"", ""https://i1.28hse.com/2026/07/202607130243123442355_large.jpg"", ""https://i1.28hse.com/2026/07/202607130243134646633_large.jpg"", ""https://i1.28hse.com/2026/07/202607130243138064224_large.jpg"", ""https://i1.28hse.com/2026/07/202607130243133617381_large.jpg"", ""https://i1.28hse.com/2026/07/202607130243147100534_large.jpg"", ""https://i1.28hse.com/2026/07/202607130243148670410_large.jpg"", ""https://i1.28hse.com/2026/07/202607130243155724941_large.jpg""]"
3820233,地鐵上蓋可商住兩用大房大廳,油麻地,寶寧大廈,15000,470,2,1,高層,,57,大興地產代理有限公司,https://i1.28hse.com/2026/05/202605071503421155848_thumb.jpg,https://www.28hse.com/rent/apartment/property-3820233,2026-08-02T21:33:05.478720+00:00,2026-08-02T21:36:35.459418+00:00,寶寧大廈,,九龍油麻地寶寧大廈 彌敦道525-543號,地鐵口,22.313433,114.170326,差餉地租､管理費,,,,2026-07-25T17:03:23+08:00,2026-07-25T17:03:23+08:00,2026-08-24T17:03:23+08:00,"[""https://i1.28hse.com/2026/05/202605071503425302419_large.jpg"", ""https://i1.28hse.com/2026/05/202605071503436784479_large.jpg"", ""https://i1.28hse.com/2026/05/202605071503435731923_large.jpg"", ""https://i1.28hse.com/2026/05/202605071503441160080_large.jpg""]"
3925369,一房一廳，一梯二伙，獨立單位，電梯,油麻地,東安閣,10800,650,1,1,低層,,40,大同地產,https://i1.28hse.com/2026/08/202608021553432303504_thumb.jpg,https://www.28hse.com/rent/apartment/property-3925369,2026-08-02T21:33:05.478720+00:00,2026-08-02T21:36:36.089358+00:00,東安閣,,九龍油麻地東安閣 東安街17-21號,"快者得！有工作証明。
交通方便，1分鐘到。
歡迎委託放盤：
何生9 3 0 3 4 2 8 8",22.314003,114.167641,差餉地租､管理費,,,,2026-07-09T18:36:41+08:00,2026-08-02T15:53:53+08:00,2026-08-08T18:36:41+08:00,"[""https://i1.28hse.com/2026/08/202608021553435394403_large.jpg"", ""https://i1.28hse.com/2026/08/20260802155343510845_large.jpg"", ""https://i1.28hse.com/2026/08/202608021553425493476_large.jpg""]"
3923908,兩房巨廳！秒到地鐵、平地電梯、學生合租舒適首選,油麻地,寶寧大廈,15300,470,2,1,中層,開放式廚房,57,駿輝地產旺角有限公司,https://i1.28hse.com/2026/07/202607141531192036057_thumb.jpg,https://www.28hse.com/rent/apartment/property-3923908,2026-08-02T21:33:05.478720+00:00,2026-08-02T21:36:36.704310+00:00,寶寧大廈,,九龍油麻地寶寧大廈 彌敦道525-543號,兩房巨廳！秒到地鐵、平地電梯、學生合租舒適首選,22.313432999999996,114.170326,差餉地租､管理費,,,,2026-07-08T18:24:24+08:00,2026-07-24T02:11:35+08:00,2026-08-07T18:24:24+08:00,"[""https://i1.28hse.com/2026/07/202607141531191328212_large.jpg"", ""https://i1.28hse.com/2026/07/202607141531207472948_large.jpg"", ""https://i1.28hse.com/2026/07/20260714153121356028_large.jpg"", ""https://i1.28hse.com/2026/07/202607141531213642755_large.jpg"", ""https://i1.28hse.com/2026/07/202607141531221228655_large.jpg"", ""https://i1.28hse.com/2026/07/2026071415312284402_large.jpg""]"
3862481,22/7 近駿發花園 唐樓 4/F 610呎 2房 可宿舍,油麻地,唐樓,13900,610,2,1,,梗廚,,駿輝地產投資有限公司,https://i1.28hse.com/2026/07/202607201720052420414_thumb.jpg,https://www.28hse.com/rent/apartment/property-3862481,2026-08-02T21:33:05.478720+00:00,2026-08-02T21:36:37.300729+00:00,唐樓,,九龍油麻地唐樓 新填地街,"無電梯無電梯無電梯
不包大租簡樸房",22.310727000000007,114.16921099999995,差餉地租､管理費,,,,2026-07-22T17:58:42+08:00,2026-08-02T20:16:24+08:00,2026-08-23T15:45:27+08:00,"[""https://i1.28hse.com/2026/07/202607201720065287944_large.jpg""]"
3777505,查詢有影片油麻地站上蓋出入方便平地電梯合中醫大大件兩房筍租,油麻地,寶寧大廈,16000,470,2,1,中層,,57,駿輝地產有限公司,https://i1.28hse.com/2026/04/202604011552594271304_thumb.jpg,https://www.28hse.com/rent/apartment/property-3777505,2026-08-02T21:33:05.478720+00:00,2026-08-02T21:36:38.230866+00:00,寶寧大廈,,九龍油麻地寶寧大廈 彌敦道525-543號,"Ryan 洪生 WeChat:Lok421 已打5針
【致電/Whatsapp查詢】
* 本司客源廣實客多 *
* 盡心盡力忠誠待客 *
* 專營油尖旺區樓盤 *
* 多行聯營信心保證 *
* 歡迎業主電話放盤 *
駿輝地產分行地址: 十一行聯營
九龍油麻地碧街28號大安樓地鋪",22.313433,114.170326,差餉地租､管理費,,,,2026-07-20T15:10:17+08:00,2026-07-20T15:10:17+08:00,2026-08-19T15:10:17+08:00,"[""https://i1.28hse.com/2026/04/202604011553016110685_large.jpg"", ""https://i1.28hse.com/2026/04/202604011553024812371_large.jpg"", ""https://i1.28hse.com/2026/04/202604011553053697819_large.jpg"", ""https://i1.28hse.com/2026/04/20260401155306755088_large.jpg"", ""https://i1.28hse.com/2026/04/202604011553088586930_large.jpg"", ""https://i1.28hse.com/2026/04/202604011553097953122_large.jpg"", ""https://i1.28hse.com/2026/04/202604011553201636238_large.jpg"", ""https://i1.28hse.com/2026/04/202604011553224775717_large.jpg""]"
3825452,油麻地A1站頂【中高層2房，商住兩用】多窗開揚,油麻地,寶寧大廈,15000,470,2,1,中層,梗廚,57,三月地產,https://i1.28hse.com/2026/06/202606191613518829488_thumb.jpg,https://www.28hse.com/rent/apartment/property-3825452,2026-08-02T21:33:05.478720+00:00,2026-08-02T21:36:38.891982+00:00,寶寧大廈,,九龍油麻地寶寧大廈 彌敦道525-543號,"【寶寧大廈】
● 中高層2房大廳
● 向北內街，多窗開揚，自住寧靜
● 商業合瑜珈、拳擊、美容、中醫...等
● 門口有水牌位可招牌
● 平地電梯，光猛大堂
● 落街即到油麻地地鐵站A1出口",22.313433,114.170326,差餉地租､管理費,,,,2026-07-06T16:01:09+08:00,2026-07-19T16:45:24+08:00,2026-08-05T16:01:09+08:00,"[""https://i1.28hse.com/2026/06/202606191613528256531_large.jpg"", ""https://i1.28hse.com/2026/06/202606191613597560371_large.jpg"", ""https://i1.28hse.com/2026/06/202606191614003343050_large.jpg"", ""https://i1.28hse.com/2026/06/202606191613515244442_large.jpg"", ""https://i1.28hse.com/2026/06/202606191613522929830_large.jpg"", ""https://i1.28hse.com/2026/06/202606191613562286924_large.jpg"", ""https://i1.28hse.com/2026/06/202606191613553154433_large.jpg"", ""https://i1.28hse.com/2026/06/202606191613544592605_large.jpg"", ""https://i1.28hse.com/2026/06/202606191613531211849_large.jpg"", ""https://i1.28hse.com/2026/06/202606191613541374072_large.jpg"", ""https://i1.28hse.com/2026/06/2026061916135745428_large.jpg"", ""https://i1.28hse.com/2026/06/202606191613585082855_large.jpg"", ""https://i1.28hse.com/2026/06/202606191613578731896_large.jpg""]"
3877264,獨家代理 梁小姐 高層二房 裝修 油油 歡迎約睇,油麻地,文豪閣,16000,437,2,1,,,,駿發地產有限公司,https://i1.28hse.com/2026/07/202607042256395006030_thumb.jpg,https://www.28hse.com/rent/apartment/property-3877264,2026-08-02T21:33:05.478720+00:00,2026-08-02T21:36:40.331322+00:00,文豪閣,,九龍油麻地文豪閣 彌敦道448-452號,快者得,22.310212999999994,114.17147800000001,差餉地租､管理費,,,,2026-07-09T00:12:38+08:00,2026-07-23T20:01:45+08:00,2026-08-08T00:12:38+08:00,"[""https://i1.28hse.com/2026/07/202607042256417020781_large.jpg"", ""https://i1.28hse.com/2026/07/202607042256438325539_large.jpg"", ""https://i1.28hse.com/2026/07/20260704225645170650_large.jpg"", ""https://i1.28hse.com/2026/06/202606051414305760593_large.jpg""]"
3931834,【油麻地黃金地段超實用 470 呎兩房 獨立廚房、高層單邊日光、極寬敞大客廳】,油麻地,寶寧大廈,15500,470,2,1,中層,梗廚,57,駿輝地產旺角有限公司,https://i1.28hse.com/2026/07/202607141628244513662_thumb.jpg,https://www.28hse.com/rent/apartment/property-3931834,2026-08-02T21:33:05.478720+00:00,2026-08-02T21:36:40.949896+00:00,寶寧大廈,,九龍油麻地寶寧大廈 彌敦道525-543號,"【地鐵站旁超巨兩房】彌敦道 470 呎高層日光 2 房 實用率驚人，即租即住！
正在尋找九龍核心地段、兼具超高實用率與無敵便利交通的優質兩房？這個坐落於油麻地彌敦道黃金地段的高層放盤絕對是您的不二之選！下樓即達地鐵站，周邊配套一應俱全，非常適合家庭、上班族或尋求寬敞空間的租客。
單位實用面積達 470 呎，開闢出 2 房 1 廳 1 廚 1 廁 佈局。全屋保養極佳，油漆雪白、地磚光潔，多面大窗帶來充足的自然採光，整體空間感大得驚人。",22.313433,114.170326,差餉地租､管理費,明火煮食,,,2026-07-14T16:30:25+08:00,2026-07-14T16:30:25+08:00,2026-08-13T16:30:25+08:00,"[""https://i1.28hse.com/2026/07/20260714162825552393_large.jpg"", ""https://i1.28hse.com/2026/07/202607141628252800785_large.jpg"", ""https://i1.28hse.com/2026/07/202607141628268459343_large.jpg"", ""https://i1.28hse.com/2026/07/202607141628273219719_large.jpg"", ""https://i1.28hse.com/2026/07/202607141628284450875_large.jpg"", ""https://i1.28hse.com/2026/07/202607141628293044419_large.jpg""]"
3925807,大兩房，唐樓4/F，冇電梯,油麻地,新填地街171號,15000,610,2,1,中層,,45,駿輝地產投資有限公司,https://i1.28hse.com/2026/07/202607100126026106599_thumb.jpg,https://www.28hse.com/rent/apartment/property-3925807,2026-08-02T21:33:05.478720+00:00,2026-08-02T21:36:41.574799+00:00,新填地街171號,,九龍油麻地新填地街171號 新填地街171號,可宿舍，不做劏房,22.310722,114.169228,差餉地租､管理費,,,,2026-07-10T01:26:34+08:00,2026-07-10T01:26:34+08:00,2026-08-09T01:26:34+08:00,"[""https://i1.28hse.com/2026/07/202607100126047659449_large.jpg"", ""https://i1.28hse.com/2026/07/202607100126053576843_large.jpg"", ""https://i1.28hse.com/2026/07/2026071001260678175_large.jpg"", ""https://i1.28hse.com/2026/07/202607100126087160378_large.jpg"", ""https://i1.28hse.com/2026/07/202607100126098262983_large.jpg"", ""https://i1.28hse.com/2026/07/202607100126103390048_large.jpg""]"
3955389,有電梯 保安 兩房大廳 合家庭客 旺角站對面,旺角,百寶大廈,15500,435,2,1,高層,,63,君皇地產有限公司,https://i1.28hse.com/2026/08/202608011744513079301_thumb.jpg,https://www.28hse.com/rent/apartment/property-3955389,2026-08-02T21:33:05.478720+00:00,2026-08-02T21:36:42.187695+00:00,百寶大廈,,九龍旺角百寶大廈 弼街82號,"詳情或其他間隔單位(租/售)
歡迎致電或WHATSAPP查詢
郭生",22.32222,114.170944,差餉地租､管理費,,,,2026-08-01T17:45:44+08:00,2026-08-01T17:45:44+08:00,2026-08-31T17:45:44+08:00,"[""https://i1.28hse.com/2026/08/202608011744503160982_large.jpg"", ""https://i1.28hse.com/2026/08/20260801174451142295_large.jpg"", ""https://i1.28hse.com/2026/08/202608011744477910812_large.jpg"", ""https://i1.28hse.com/2026/08/202608011744458168554_large.jpg"", ""https://i1.28hse.com/2026/08/202608011744462665105_large.jpg"", ""https://i1.28hse.com/2026/08/202608011744486749999_large.jpg"", ""https://i1.28hse.com/2026/08/202608011744497744761_large.jpg""]"
3915343,近朗豪坊 活化唐樓 4樓單位多窗 適合小家庭及年輕在職人士 傢俬另議 業主盤免佣,旺角,唐樓,13000,429,2,1,中層,開放式廚房,60,,https://i1.28hse.com/2026/07/202607031146486384492_thumb.jpg,https://www.28hse.com/rent/apartment/property-3915343,2026-08-02T21:33:05.478720+00:00,2026-08-02T21:36:42.790193+00:00,唐樓,,九龍旺角唐樓 新填地街492號,"罕有放盤, 中心旺地, 開揚清爽, 實用率高.歡迎與鄭小姐預約睇樓。",0.0,0.0,差餉地租､管理費,,,,2026-07-03T12:02:25+08:00,2026-07-23T05:15:54+08:00,2026-08-02T12:02:25+08:00,"[""https://i1.28hse.com/2026/07/202607031146543155590_large.jpg"", ""https://i1.28hse.com/2026/07/202607031146576334212_large.jpg"", ""https://i1.28hse.com/2026/07/202607031147068154238_large.jpg"", ""https://i1.28hse.com/2026/07/202607031147115639834_large.jpg"", ""https://i1.28hse.com/2026/07/202607031147167773277_large.jpg"", ""https://i1.28hse.com/2026/07/202607031147192528395_large.jpg"", ""https://i1.28hse.com/2026/07/202607031147225703109_large.jpg""]"
3954444,近旺角東站 高層電梯 兩房巨廳,旺角,百寶大廈,15500,435,2,1,高層,,63,君皇地產有限公司,https://i1.28hse.com/2026/08/202608011718568165271_thumb.jpg,https://www.28hse.com/rent/apartment/property-3954444,2026-08-02T21:33:05.478720+00:00,2026-08-02T21:36:44.222642+00:00,百寶大廈,,九龍旺角百寶大廈 弼街82號,歡迎查詢梁小姐,22.32222,114.170944,差餉地租､管理費,,,,2026-08-01T00:44:01+08:00,2026-08-01T17:19:33+08:00,2026-08-31T00:44:01+08:00,"[""https://i1.28hse.com/2026/08/202608011718574278524_large.jpg"", ""https://i1.28hse.com/2026/08/20260801171858924120_large.jpg"", ""https://i1.28hse.com/2026/08/202608011718597494120_large.jpg"", ""https://i1.28hse.com/2026/08/202608011719018523029_large.jpg"", ""https://i1.28hse.com/2026/08/202608011719025517083_large.jpg"", ""https://i1.28hse.com/2026/08/202608011719037902228_large.jpg"", ""https://i1.28hse.com/2026/08/202608011719057130315_large.jpg""]"
3908097,有平地電梯，獨立大2房2廳 可以換水電名字，企理乾淨，可即看即租,旺角,藝興大廈,17000,638,2,1,中層,梗廚,62,穌壕地產,https://i1.28hse.com/2026/07/202607201626195120489_thumb.jpg,https://www.28hse.com/rent/apartment/property-3908097,2026-08-02T21:33:05.478720+00:00,2026-08-02T21:36:45.637371+00:00,藝興大廈,,九龍旺角藝興大廈 染布房街5號,"歡迎約看樓
3分鐘旺角東站
5分鐘旺角地鐵站
歡迎任何買家/租客找房
歡迎業主任何放賣/放租",22.317750999999998,114.172928,差餉地租､管理費,,,,2026-07-28T15:05:05+08:00,2026-07-28T15:05:18+08:00,2026-08-27T15:05:05+08:00,"[""https://i1.28hse.com/2026/07/202607201626226138732_large.jpg"", ""https://i1.28hse.com/2026/07/20260720162625563972_large.jpg"", ""https://i1.28hse.com/2026/07/202607201626275106641_large.jpg"", ""https://i1.28hse.com/2026/07/20260720162630876906_large.jpg"", ""https://i1.28hse.com/2026/07/202607201626355772591_large.jpg"", ""https://i1.28hse.com/2026/07/202607201626408419339_large.jpg"", ""https://i1.28hse.com/2026/07/202607201626466138237_large.jpg"", ""https://i1.28hse.com/2026/07/202607201626508499479_large.jpg"", ""https://i1.28hse.com/2026/07/202607201627016415872_large.jpg"", ""https://i1.28hse.com/2026/07/202607201627216769526_large.jpg""]"
3927412,獨家代理 唐六樓 地鐵上蓋 三房廳,旺角,,14500,622,3,1,高層,梗廚,,富旺地產代理有限公司,https://i1.28hse.com/2026/07/202607111000575727091_thumb.jpg,https://www.28hse.com/rent/apartment/property-3927412,2026-08-02T21:33:05.478720+00:00,2026-08-02T21:36:46.248112+00:00,西洋菜南街 Sai Yeung Choi Street South,,九龍旺角西洋菜南街 西洋菜南街,交通方便四通八達步行地鐵站只需20秒，衣食住行一應俱全,,,差餉地租､管理費,,,,2026-07-11T09:56:42+08:00,2026-07-23T12:13:37+08:00,2026-08-10T09:56:42+08:00,"[""https://i1.28hse.com/2026/07/202607111000505782871_large.jpg"", ""https://i1.28hse.com/2026/07/202607111000481183615_large.jpg"", ""https://i1.28hse.com/2026/07/202607111000513647020_large.jpg"", ""https://i1.28hse.com/2026/07/202607111000523152434_large.jpg"", ""https://i1.28hse.com/2026/07/202607111000534238783_large.jpg"", ""https://i1.28hse.com/2026/07/202607111000477163480_large.jpg"", ""https://i1.28hse.com/2026/07/202607111000544965271_large.jpg"", ""https://i1.28hse.com/2026/07/202607111000565739658_large.jpg"", ""https://i1.28hse.com/2026/07/202607111000595892602_large.jpg"", ""https://i1.28hse.com/2026/07/202607111005587851594_large.jpg"", ""https://i1.28hse.com/2026/07/202607111005598425349_large.jpg"", ""https://i1.28hse.com/2026/07/202607111005593367237_large.jpg"", ""https://i1.28hse.com/2026/07/202607210845321384653_large.jpg""]"
3763076,"旺角附近實用3房1龐,乾濕分離",旺角,恒通大廈,13800,475,3,1,高層,梗廚,51,龍鳳地產-富多來商場,https://i1.28hse.com/2026/06/2026060616114762285_thumb.jpg,https://www.28hse.com/rent/apartment/property-3763076,2026-08-02T21:33:05.478720+00:00,2026-08-02T21:36:46.893088+00:00,恒通大廈,,九龍旺角恒通大廈 廣東道1116號,"旺中帶靜,交通非常方便,5分鐘可以到旺角地鐵站,樓下有多條巴士線.",22.321426,114.166969,差餉地租､管理費,明火煮食,,,2026-08-02T21:17:50+08:00,2026-08-02T21:19:35+08:00,2026-09-01T21:17:50+08:00,"[""https://i1.28hse.com/2026/06/202606061612092101311_large.jpg""]"
3957196,旺角近地鐵 雅装大一房帶傢電 筍,旺角,黃金大廈,15900,420,1,1,低層,,61,富旺地產代理有限公司,https://i1.28hse.com/2026/08/202608022015545077542_thumb.jpg,https://www.28hse.com/rent/apartment/property-3957196,2026-08-02T21:33:05.478720+00:00,2026-08-02T21:36:47.517260+00:00,黃金大廈,,九龍旺角黃金大廈 上海街646-650號,旺角生活配套齊全 交通四通八達 理想居所,22.320438,114.167992,差餉地租､管理費,,,,2026-08-02T20:13:46+08:00,2026-08-02T20:39:53+08:00,2026-09-01T20:13:46+08:00,"[""https://i1.28hse.com/2026/08/202608022015538545559_large.jpg"", ""https://i1.28hse.com/2026/08/202608022015543881500_large.jpg"", ""https://i1.28hse.com/2026/08/202608022015552639129_large.jpg"", ""https://i1.28hse.com/2026/08/20260802201555612157_large.jpg"", ""https://i1.28hse.com/2026/08/202608022015567467685_large.jpg"", ""https://i1.28hse.com/2026/08/202608022015568705695_large.jpg""]"
3932789,【 黃金大廈】核心地點 交通方便 實用二房 型格設計 乾淨企理 歡迎約睇,旺角,黃金大廈,16000,420,1,1,低層,開放式廚房,61,駿輝地產安業有限公司,https://i1.28hse.com/2026/08/202608021859166897134_thumb.jpg,https://www.28hse.com/rent/apartment/property-3932789,2026-08-02T21:33:05.478720+00:00,2026-08-02T21:36:48.145162+00:00,黃金大廈,,九龍旺角黃金大廈 上海街646-650號,"(⁠ ⁠♡⁠‿⁠♡⁠) 本人Patrick/鍾先生多年地產經驗*
((⁠ ⁠◜⁠‿⁠◝⁠ ⁠)⁠♡ 歡迎致電： 預約睇筍盤喇
(⁠●⁠♡⁠∀⁠♡⁠) 本公司客源廣實客多 *
♡⁠(⁠Ӧ⁠ｖ⁠Ӧ⁠｡⁠) 專營九龍區樓盤 *
*(⁠●⁠♡⁠∀⁠♡⁠) 多行聯營信心保證 * 
【黃金大廈】核心地點 交通方便 實用二房 型格設計 乾淨企理 歡迎約睇
大廈: 黃金大廈(低層)E室
地區：旺角
地址: 上海街650號
間隔：1x1
面積：420呎
售價：租16000
睇樓: 約",22.320438,114.167992,差餉地租､管理費,明火煮食,,,2026-07-15T13:58:41+08:00,2026-08-02T18:59:30+08:00,2026-08-14T13:58:41+08:00,"[""https://i1.28hse.com/2026/08/202608021859176680639_large.jpg"", ""https://i1.28hse.com/2026/08/202608021859176166289_large.jpg"", ""https://i1.28hse.com/2026/08/202608021859172874723_large.jpg"", ""https://i1.28hse.com/2026/08/202608021859174076927_large.jpg"", ""https://i1.28hse.com/2026/08/202608021859183650981_large.jpg"", ""https://i1.28hse.com/2026/08/202608021859186594565_large.jpg"", ""https://i1.28hse.com/2026/08/202608021859186879259_large.jpg"", ""https://i1.28hse.com/2026/08/202608021859196991238_large.jpg""]"
3940080,靚裝兩房，特大客廳，包電器，乾濕分離,旺角,百寶大廈,15500,435,2,1,高層,梗廚,63,駿輝地產建榮有限公司,https://i1.28hse.com/2026/08/202608011633215449358_thumb.jpg,https://www.28hse.com/rent/apartment/property-3940080,2026-08-02T21:33:05.478720+00:00,2026-08-02T21:36:48.760173+00:00,百寶大廈,,九龍旺角百寶大廈 弼街82號,靚裝兩房，特大客廳，包電器，乾濕分離,22.32222,114.170944,差餉地租､管理費,,,,2026-07-20T21:12:38+08:00,2026-08-02T09:38:02+08:00,2026-08-19T21:12:38+08:00,"[""https://i1.28hse.com/2026/08/202608011633223936011_large.jpg"", ""https://i1.28hse.com/2026/08/202608011633238540452_large.jpg"", ""https://i1.28hse.com/2026/08/202608011633244398284_large.jpg"", ""https://i1.28hse.com/2026/08/202608011633265244968_large.jpg"", ""https://i1.28hse.com/2026/08/202608011633272979550_large.jpg""]"
3954240,旺角東兩房一廳 鳳凰層光猛開揚 廁所乾濕分離 近地鐵 旺角東落嚟1分鐘 歡迎約睇,旺角,百寶大廈,15500,435,2,1,高層,,63,君皇地產有限公司,https://i1.28hse.com/2026/08/202608020039166868242_thumb.jpg,https://www.28hse.com/rent/apartment/property-3954240,2026-08-02T21:33:05.478720+00:00,2026-08-02T21:36:49.387204+00:00,百寶大廈,,九龍旺角百寶大廈 弼街82號,"本公司另有大量不同价格单位放租及放卖
欢迎WhatsApp或致电張小姐查询",22.32222,114.17094399999999,差餉地租､管理費,,,,2026-07-31T20:34:38+08:00,2026-08-02T00:40:30+08:00,2026-08-30T20:34:38+08:00,"[""https://i1.28hse.com/2026/08/202608020039165241633_large.jpg"", ""https://i1.28hse.com/2026/08/202608020039171275589_large.jpg"", ""https://i1.28hse.com/2026/08/202608020039174041938_large.jpg"", ""https://i1.28hse.com/2026/08/202608020039187054975_large.jpg"", ""https://i1.28hse.com/2026/08/202608020039187126012_large.jpg""]"
3955748,【百寶大廈】交通方便 實用兩房 高層開揚 合家庭客 歡迎學生 立即約睇,旺角,百寶大廈,15500,435,2,1,高層,梗廚,63,駿輝地產安業有限公司,https://i1.28hse.com/2026/08/202608012057081415567_thumb.jpg,https://www.28hse.com/rent/apartment/property-3955748,2026-08-02T21:33:05.478720+00:00,2026-08-02T21:36:49.998027+00:00,百寶大廈,,九龍旺角百寶大廈 弼街82號,"(⁠ ⁠♡⁠‿⁠♡⁠)本人Patrick/ 鍾先生 多年地產經驗*
((⁠ ⁠◜⁠‿⁠◝⁠ ⁠)⁠♡ 歡迎致電：預約睇筍盤喇
(⁠●⁠♡⁠∀⁠♡⁠) 本公司客源廣實客多 *
♡⁠(⁠Ӧ⁠ｖ⁠Ӧ⁠｡⁠) 專營九龍區樓盤 *
*(⁠●⁠♡⁠∀⁠♡⁠) 多行聯營信心保證 * 
【百寶大廈】交通方便 實用兩房 高層開揚 合家庭客 歡迎學生 立即約睇
大廈：百寶大廈 (高層)H室
地區：旺角
地址：弼街82號
間隔：2X1
面積：432
睇樓 : 約
租價 : $15500",22.32222,114.170944,差餉地租､管理費,明火煮食,,,2026-08-01T20:57:13+08:00,2026-08-01T20:57:13+08:00,2026-08-31T20:57:13+08:00,"[""https://i1.28hse.com/2026/08/202608012056374639909_large.jpg"", ""https://i1.28hse.com/2026/08/202608012056386866950_large.jpg"", ""https://i1.28hse.com/2026/08/202608012056381693769_large.jpg"", ""https://i1.28hse.com/2026/08/202608012056392108198_large.jpg"", ""https://i1.28hse.com/2026/08/202608012057081282294_large.jpg""]"
3955607,"*近旺角東站 高層兩房 巨廳大房 連雪櫃, 洗衣機 平地電梯 歡迎約睇*",旺角,百寶大廈,15500,435,2,1,高層,梗廚,63,廣信地產顧問有限公司,https://i1.28hse.com/2026/08/202608011915571151853_thumb.jpg,https://www.28hse.com/rent/apartment/property-3955607,2026-08-02T21:33:05.478720+00:00,2026-08-02T21:36:50.638546+00:00,百寶大廈,,九龍旺角百寶大廈 弼街82號,"*鄰近地鐵
*交通方便
*配套齊全
*平地電梯
*24小時保安
-旺角渡船街 323號地下2號舖
*歡迎致電或 Whatsapp蔡生 查詢
*廣信地產多間分行為你服務：
-旺角山東街24號地下B舖
-油麻地上海街 383號地下A2舖
-大角咀埃華街70號大成樓地下 1C2號舖",22.32222,114.170944,差餉地租､管理費,明火煮食,,,2026-08-01T19:17:03+08:00,2026-08-01T19:17:03+08:00,2026-08-31T19:17:03+08:00,"[""https://i1.28hse.com/2026/08/202608011915586592724_large.jpg"", ""https://i1.28hse.com/2026/08/202608011915587321421_large.jpg"", ""https://i1.28hse.com/2026/08/202608011915581719837_large.jpg"", ""https://i1.28hse.com/2026/08/202608011915582665531_large.jpg"", ""https://i1.28hse.com/2026/08/202608011915585591294_large.jpg"", ""https://i1.28hse.com/2026/08/202608011915588890656_large.jpg"", ""https://i1.28hse.com/2026/08/202608011915592963796_large.jpg"", ""https://i1.28hse.com/2026/08/202608011915596970387_large.jpg"", ""https://i1.28hse.com/2026/08/202608011915598094493_large.jpg""]"
3130092,1分鐘旺角地鐵站，可以租學生,旺角,雅佳樓,15000,400,2,,,,59,明威置業,https://i1.28hse.com/2024/08/202408031247145082289_thumb.jpg,https://www.28hse.com/rent/apartment/property-3130092,2026-08-02T21:33:05.478720+00:00,2026-08-02T21:36:51.250442+00:00,雅佳樓,,九龍旺角雅佳樓 砵蘭街274號,位置方便,22.319456,114.168839,差餉地租､管理費,,,,2026-08-01T18:31:24+08:00,2026-08-01T18:34:47+08:00,2026-08-31T18:31:24+08:00,"[""https://i1.28hse.com/2026/08/202608011834382332130_large.jpg"", ""https://i1.28hse.com/2026/08/202608011834384301075_large.jpg"", ""https://i1.28hse.com/2026/08/202608011834393977688_large.jpg"", ""https://i1.28hse.com/2026/08/202608011834407533274_large.jpg"", ""https://i1.28hse.com/2026/08/202608011834412110892_large.jpg"", ""https://i1.28hse.com/2026/08/202608011834427409612_large.jpg""]"
3955438,全屋靚裝，鄰近地鐵站，衣食住行樣樣齊，歡迎約睇,旺角,黃金大廈,15900,420,1,1,低層,開放式廚房,61,八達地產代理有限公司,https://i1.28hse.com/2026/08/202608011802058551608_thumb.jpg,https://www.28hse.com/rent/apartment/property-3955438,2026-08-02T21:33:05.478720+00:00,2026-08-02T21:36:51.859775+00:00,黃金大廈,,九龍旺角黃金大廈 上海街646-650號,"平租, 只求好租客",22.320438,114.167992,差餉地租､管理費,,,,2026-08-01T18:02:15+08:00,2026-08-01T18:02:15+08:00,2026-08-31T18:02:15+08:00,"[""https://i1.28hse.com/2026/08/202608011802051772814_large.jpg"", ""https://i1.28hse.com/2026/08/20260801180206660576_large.jpg"", ""https://i1.28hse.com/2026/08/202608011802066947186_large.jpg"", ""https://i1.28hse.com/2026/08/202608011802062754394_large.jpg"", ""https://i1.28hse.com/2026/08/202608011802066325421_large.jpg"", ""https://i1.28hse.com/2026/08/202608011802078324934_large.jpg""]"
3943397,1分鐘到地鐵//重本裝修//乾濕分離//巨廳//有大量傢俬家電配套//激罕靚裝,旺角,黃金大廈,16000,420,1,1,低層,開放式廚房,61,駿輝地產投資有限公司,https://i1.28hse.com/2026/08/202608010220526126590_thumb.jpg,https://www.28hse.com/rent/apartment/property-3943397,2026-08-02T21:33:05.478720+00:00,2026-08-02T21:36:52.538515+00:00,黃金大廈,610,九龍旺角黃金大廈 上海街646-650號,"•專營油尖旺區租盤
•大量真盤源 大量租盤
•whatsapp 
•歡迎租屋租樓 買賣自主 放盤收租
•同時歡迎業主電話放盤",22.320438,114.167992,差餉地租､管理費,,,,2026-07-23T15:46:44+08:00,2026-08-01T17:52:15+08:00,2026-08-22T15:46:44+08:00,"[""https://i1.28hse.com/2026/08/20260801022055649522_large.jpg"", ""https://i1.28hse.com/2026/08/20260801022105676778_large.jpg"", ""https://i1.28hse.com/2026/08/20260801022106519870_large.jpg""]"
3955409,有匙即睇 兩房一廳 近旺角東站旺角站 求好客,旺角,百寶大廈,15500,435,2,1,高層,梗廚,63,君皇地產有限公司,https://i1.28hse.com/2026/08/202608011750203089040_thumb.jpg,https://www.28hse.com/rent/apartment/property-3955409,2026-08-02T21:33:05.478720+00:00,2026-08-02T21:36:53.153261+00:00,百寶大廈,,九龍旺角百寶大廈 弼街82號,"本公司另有大量不同間隔單位放租及放賣
歡迎WhatsApp或致電許生查詢",22.32222,114.170944,差餉地租､管理費,,,,2026-08-01T17:50:39+08:00,2026-08-01T17:50:39+08:00,2026-08-31T17:50:39+08:00,"[""https://i1.28hse.com/2026/08/202608011750192283616_large.jpg"", ""https://i1.28hse.com/2026/08/202608011750226432527_large.jpg"", ""https://i1.28hse.com/2026/08/202608011750235737797_large.jpg"", ""https://i1.28hse.com/2026/08/202608011750241584432_large.jpg"", ""https://i1.28hse.com/2026/08/202608011750262317505_large.jpg"", ""https://i1.28hse.com/2026/08/202608011750286179955_large.jpg""]"
3955276,大兩房，交通方便，生活配套齊全。,旺角,百寶大廈,15500,435,2,1,高層,梗廚,63,駿輝地產建榮有限公司,https://i1.28hse.com/2026/08/202608011658185530064_thumb.jpg,https://www.28hse.com/rent/apartment/property-3955276,2026-08-02T21:33:05.478720+00:00,2026-08-02T21:36:53.784193+00:00,百寶大廈,,九龍旺角百寶大廈 弼街82號,大兩房，交通方便，生活配套齊全。,22.32222,114.170944,差餉地租､管理費,,,,2026-08-01T16:58:26+08:00,2026-08-01T16:58:26+08:00,2026-08-31T16:58:26+08:00,"[""https://i1.28hse.com/2026/08/202608011658182928396_large.jpg"", ""https://i1.28hse.com/2026/08/2026080116581993235_large.jpg"", ""https://i1.28hse.com/2026/08/202608011658197665048_large.jpg"", ""https://i1.28hse.com/2026/08/202608011658196323689_large.jpg"", ""https://i1.28hse.com/2026/08/202608011658202102532_large.jpg"", ""https://i1.28hse.com/2026/08/202608011658205546386_large.jpg""]"
3955216,近旺角東站近地鐵 2房大廳 高層電梯,旺角,百寶大廈,15500,435,2,1,高層,,63,沙龍地產,https://i1.28hse.com/2026/08/202608011629282193068_thumb.jpg,https://www.28hse.com/rent/apartment/property-3955216,2026-08-02T21:33:05.478720+00:00,2026-08-02T21:36:54.379533+00:00,百寶大廈,,九龍旺角百寶大廈 弼街82號,近旺角東站近地鐵 2房大廳 高層電梯,22.32222,114.170944,差餉地租､管理費,,,,2026-08-01T16:30:59+08:00,2026-08-01T16:30:59+08:00,2026-08-31T16:30:59+08:00,"[""https://i1.28hse.com/2026/08/202608011629032783483_large.jpg"", ""https://i1.28hse.com/2026/08/202608011629122613194_large.jpg"", ""https://i1.28hse.com/2026/08/202608011629553458024_large.jpg"", ""https://i1.28hse.com/2026/08/202608011629235882022_large.jpg"", ""https://i1.28hse.com/2026/08/202608011629476737119_large.jpg"", ""https://i1.28hse.com/2026/08/202608011630011776159_large.jpg"", ""https://i1.28hse.com/2026/08/202608011629368805725_large.jpg""]"
3955182,筍租 475呎 兩房半 乾濕分離 大大間 四通八達 求好客,旺角,恒通大廈,13800,475,2,1,高層,,51,龍鳳地產-大全街分行,https://i1.28hse.com/2026/08/202608011611464202164_thumb.jpg,https://www.28hse.com/rent/apartment/property-3955182,2026-08-02T21:33:05.478720+00:00,2026-08-02T21:36:55.008495+00:00,恒通大廈,,九龍旺角恒通大廈 廣東道1116號,"旺角廣東道恒通大廈
兩房半 乾濕分離 頂層(行一層樓梯)
平地電祶 多窗 開楊 光猛
洋樓 平地電梯 交通方便 快快快
5分鐘旺角地鐵站A2出口
四通八達
快約 即租即住 求好客
只此一間!",22.321426,114.166969,差餉地租､管理費,,,,2026-08-01T16:13:08+08:00,2026-08-01T16:13:08+08:00,2026-08-31T16:13:08+08:00,"[""https://i1.28hse.com/2026/08/20260801161153701331_large.jpg"", ""https://i1.28hse.com/2026/08/202608011611568100981_large.jpg"", ""https://i1.28hse.com/2026/08/202608011612046671698_large.jpg"", ""https://i1.28hse.com/2026/08/202608011612093092944_large.jpg"", ""https://i1.28hse.com/2026/08/202608011612155911220_large.jpg"", ""https://i1.28hse.com/2026/08/202608011612201058201_large.jpg"", ""https://i1.28hse.com/2026/08/202608011612223203121_large.jpg"", ""https://i1.28hse.com/2026/08/202608011612251985452_large.jpg"", ""https://i1.28hse.com/2026/08/20260801161228316854_large.jpg"", ""https://i1.28hse.com/2026/08/202608011612416181402_large.jpg""]"
3955114,近太子Moko，兩房，巨大客廳，近地鐵,旺角,百寶大廈,15500,435,2,1,高層,梗廚,63,富榮地產代理,https://i1.28hse.com/2026/08/20260801154638498000_thumb.jpg,https://www.28hse.com/rent/apartment/property-3955114,2026-08-02T21:33:05.478720+00:00,2026-08-02T21:36:55.645058+00:00,百寶大廈,,九龍旺角百寶大廈 弼街82號,"913 5 99 08
Mr lam",22.32222,114.170944,差餉地租､管理費,,,,2026-08-01T15:46:49+08:00,2026-08-01T15:46:49+08:00,2026-08-31T15:46:49+08:00,"[""https://i1.28hse.com/2026/08/202608011546388403671_large.jpg"", ""https://i1.28hse.com/2026/08/202608011546385824506_large.jpg"", ""https://i1.28hse.com/2026/08/20260801154639211997_large.jpg"", ""https://i1.28hse.com/2026/08/202608011546394131057_large.jpg"", ""https://i1.28hse.com/2026/08/202608011546393601306_large.jpg"", ""https://i1.28hse.com/2026/08/202608011546398703369_large.jpg""]"
3934404,3房 旺角中層 地鉄行3分鐘,旺角,大安大廈,16000,452,3,1,中層,梗廚,61,泰安地產,https://i1.28hse.com/2026/08/202608011214453897957_thumb.jpg,https://www.28hse.com/rent/apartment/property-3934404,2026-08-02T21:33:05.478720+00:00,2026-08-02T21:36:56.302915+00:00,大安大廈,,九龍旺角大安大廈 快富街37號,"旺角地鐵站行3分鐘到
企理裝修
3房
有全屋傢俬電器",22.320522,114.171089,差餉地租､管理費,,,,2026-07-16T16:52:16+08:00,2026-08-01T12:18:00+08:00,2026-08-15T16:52:16+08:00,"[""https://i1.28hse.com/2026/08/202608011214463952177_large.jpg"", ""https://i1.28hse.com/2026/08/202608011214473291758_large.jpg"", ""https://i1.28hse.com/2026/08/202608011214471163707_large.jpg"", ""https://i1.28hse.com/2026/08/202608011214484334090_large.jpg"", ""https://i1.28hse.com/2026/08/202608011214483470352_large.jpg"", ""https://i1.28hse.com/2026/08/202608011214497743388_large.jpg"", ""https://i1.28hse.com/2026/08/202608011214493900973_large.jpg"", ""https://i1.28hse.com/2026/08/202608011214508162934_large.jpg"", ""https://i1.28hse.com/2026/08/202608011214516758477_large.jpg"", ""https://i1.28hse.com/2026/08/20260801121452477804_large.jpg""]"
3954459,靚裝修，交通方便，生活配套齊全。,旺角,黃金大廈,15900,420,1,1,低層,開放式廚房,61,駿輝地產建榮有限公司,https://i1.28hse.com/2026/08/202608010122581292435_thumb.jpg,https://www.28hse.com/rent/apartment/property-3954459,2026-08-02T21:33:05.478720+00:00,2026-08-02T21:36:56.911848+00:00,黃金大廈,,九龍旺角黃金大廈 上海街646-650號,靚裝修，交通方便，生活配套齊全。,22.320438,114.167992,差餉地租､管理費,,,,2026-08-01T01:23:10+08:00,2026-08-01T01:23:10+08:00,2026-08-31T01:23:10+08:00,"[""https://i1.28hse.com/2026/08/202608010122583689873_large.jpg"", ""https://i1.28hse.com/2026/08/202608010122596878218_large.jpg"", ""https://i1.28hse.com/2026/08/202608010122597538617_large.jpg"", ""https://i1.28hse.com/2026/08/202608010122593750911_large.jpg"", ""https://i1.28hse.com/2026/08/202608010123005057214_large.jpg"", ""https://i1.28hse.com/2026/08/202608010123001621199_large.jpg""]"
3925783,"《✿獨立單位✿》近地鐵站,唐樓雅裝三房兩廳單位",旺角,唐樓,13000,515,3,1,,,,堅旺地產有限公司,https://i1.28hse.com/2026/07/20260724022814264615_thumb.jpg,https://www.28hse.com/rent/apartment/property-3925783,2026-08-02T21:33:05.478720+00:00,2026-08-02T21:36:57.518651+00:00,唐樓,,九龍旺角唐樓 唐樓,"***盤源不能盡錄～歡迎Whatsapp查詢***
♡小紅書認証號:堅旺地產♡
完善管理 出入安心保障
單位雅裝 企理 一搬即用
鄰近地鐵站 交通便利",,,差餉地租､管理費,,,,2026-07-10T00:11:03+08:00,2026-07-31T23:46:04+08:00,2026-08-09T00:11:03+08:00,"[""https://i1.28hse.com/2026/07/202607240228121449265_large.jpg"", ""https://i1.28hse.com/2026/07/202607240228151182161_large.jpg"", ""https://i1.28hse.com/2026/07/202607240228187838976_large.jpg"", ""https://i1.28hse.com/2026/07/202607240228175663871_large.jpg"", ""https://i1.28hse.com/2026/07/202607240228202686285_large.jpg"", ""https://i1.28hse.com/2026/07/202607240228161274111_large.jpg"", ""https://i1.28hse.com/2026/07/202607240228197483009_large.jpg"", ""https://i1.28hse.com/2026/07/20260724022816197576_large.jpg"", ""https://i1.28hse.com/2026/07/20260724022820599591_large.jpg"", ""https://i1.28hse.com/2026/07/202607240228213848427_large.jpg"", ""https://i1.28hse.com/2026/07/202607240228226687545_large.jpg"", ""https://i1.28hse.com/2026/07/20260724022824737232_large.jpg"", ""https://i1.28hse.com/2026/07/202607240228236422167_large.jpg"", ""https://i1.28hse.com/2026/07/202607240228267015392_large.jpg"", ""https://i1.28hse.com/2026/07/202607240228277995951_large.jpg"", ""https://i1.28hse.com/2026/07/202607240228304343262_large.jpg"", ""https://i1.28hse.com/2026/07/202607240228282090358_large.jpg"", ""https://i1.28hse.com/2026/07/202607240228314861965_large.jpg"", ""https://i1.28hse.com/2026/07/20260724022832556045_large.jpg"", ""https://i1.28hse.com/2026/07/202607240228334512328_large.jpg"", ""https://i1.28hse.com/2026/07/202607240228345298111_large.jpg"", ""https://i1.28hse.com/2026/07/20260724022834309065_large.jpg"", ""https://i1.28hse.com/2026/07/202607240228046479801_large.jpg"", ""https://i1.28hse.com/2026/07/202607240228027138006_large.jpg"", ""https://i1.28hse.com/2026/07/202607240228061928368_large.jpg"", ""https://i1.28hse.com/2026/07/202607240228077764432_large.jpg"", ""https://i1.28hse.com/2026/07/202607240228096382221_large.jpg"", ""https://i1.28hse.com/2026/07/202607240228106159632_large.jpg"", ""https://i1.28hse.com/2026/07/202607240228298018828_large.jpg"", ""https://i1.28hse.com/2026/07/202607240228256408257_large.jpg""]"
3953292,油尖旺區罕有平價三房，家電全齊，拎包入住，歡迎學生， 1分鐘到旺角地鐵站及旺角東,旺角,大安大廈,16000,452,3,1,中層,梗廚,61,泰安地產,https://i1.28hse.com/2026/07/202607311314267726211_thumb.jpg,https://www.28hse.com/rent/apartment/property-3953292,2026-08-02T21:33:05.478720+00:00,2026-08-02T21:36:58.115504+00:00,大安大廈,,九龍旺角大安大廈 快富街37號,油尖旺區罕有平價三房，家電全齊，拎包入住，歡迎學生， 1分鐘到旺角地鐵站及旺角東,22.320522,114.171089,差餉地租､管理費,明火煮食,,,2026-07-31T13:15:39+08:00,2026-07-31T13:15:39+08:00,2026-08-30T13:15:39+08:00,"[""https://i1.28hse.com/2026/07/202607311314276746614_large.jpg"", ""https://i1.28hse.com/2026/07/202607311314288595949_large.jpg"", ""https://i1.28hse.com/2026/07/202607311314292705367_large.jpg"", ""https://i1.28hse.com/2026/07/202607311314308583746_large.jpg"", ""https://i1.28hse.com/2026/07/20260731131431227646_large.jpg"", ""https://i1.28hse.com/2026/07/20260731131432739752_large.jpg""]"
3864001,開揚多窗，實用平租,旺角,新江大樓,16000,415,1,1,中層,,49,大同地產發展有限公司,https://i1.28hse.com/2026/07/202607152335463508391_thumb.jpg,https://www.28hse.com/rent/apartment/property-3864001,2026-08-02T21:33:05.478720+00:00,2026-08-02T21:36:58.754665+00:00,新江大樓,511,九龍旺角新江大樓 西洋菜南街2-2號,"多窗開揚，間格實用，鄰近港鐵站，歡迎查詢，委託放盤 Whatsapp 
Calvin 陳先生:",22.315916,114.170883,,,,,2026-07-04T14:06:26+08:00,2026-07-30T18:28:21+08:00,2026-08-03T14:06:26+08:00,"[""https://i1.28hse.com/2026/07/202607152335471607636_large.jpg"", ""https://i1.28hse.com/2026/07/202607152335483991754_large.jpg"", ""https://i1.28hse.com/2026/07/202607152335495549894_large.jpg"", ""https://i1.28hse.com/2026/07/202607152335503900757_large.jpg"", ""https://i1.28hse.com/2026/07/202607152335516110404_large.jpg"", ""https://i1.28hse.com/2026/07/202607152335521742086_large.jpg""]"
3924617,"平租,2分鐘到旺角地鐵,中層3房有裝修,傢俬電器齊,歡迎學生租,有匙即睇,快者得",旺角,大安大廈,16000,452,3,1,,,61,富榮地產代理,https://i1.28hse.com/2026/07/20260730125429164851_thumb.jpg,https://www.28hse.com/rent/apartment/property-3924617,2026-08-02T21:33:05.478720+00:00,2026-08-02T21:36:59.353196+00:00,大安大廈,,九龍旺角大安大廈 快富街37號,"2份鐘直達地鐵站 
手快有乎慢冇
衣食住行非常方便 
歡迎約睇 jenny",22.320522,114.171089,,,,,2026-07-09T13:32:58+08:00,2026-07-30T16:39:48+08:00,2026-08-08T13:32:58+08:00,"[""https://i1.28hse.com/2026/07/202607301254298909643_large.jpg"", ""https://i1.28hse.com/2026/07/202607301254304211621_large.jpg"", ""https://i1.28hse.com/2026/07/202607301254304029560_large.jpg"", ""https://i1.28hse.com/2026/07/20260730125430556857_large.jpg"", ""https://i1.28hse.com/2026/07/20260730125428444955_large.jpg"", ""https://i1.28hse.com/2026/07/202607301254287226671_large.jpg"", ""https://i1.28hse.com/2026/07/20260730125428700026_large.jpg""]"
3935912,"近地鐵, 可宿舍",旺角,唐樓,10000,586,2,1,,梗廚,,鉅泰地產,https://i1.28hse.com/2026/07/202607291634208935742_thumb.jpg,https://www.28hse.com/rent/apartment/property-3935912,2026-08-02T21:33:05.478720+00:00,2026-08-02T21:37:00.039989+00:00,唐樓,,九龍旺角唐樓 通菜街44號,"沒有升降機, 樓梯行6層
#宿舍",22.31841669999999,114.170911,差餉地租､管理費,,,,2026-07-17T17:03:59+08:00,2026-08-03T00:20:40+08:00,2026-08-16T17:03:59+08:00,"[""https://i1.28hse.com/2026/07/20260729163422789697_large.jpg"", ""https://i1.28hse.com/2026/07/202607291634255113246_large.jpg"", ""https://i1.28hse.com/2026/07/20260729163432238310_large.jpg"", ""https://i1.28hse.com/2026/07/202607291634346233008_large.jpg"", ""https://i1.28hse.com/2026/07/202607291634356604745_large.jpg"", ""https://i1.28hse.com/2026/07/20260729163437766884_large.jpg"", ""https://i1.28hse.com/2026/07/202607291634392901180_large.jpg""]"
3951354,旺角核心區 2房雅裝 衣食住行一應俱全 交通便利,旺角,得寶大廈,16000,407,2,,中層,,47,鴻發地產物業,https://i1.28hse.com/2026/07/202607291823381027478_thumb.jpg,https://www.28hse.com/rent/apartment/property-3951354,2026-08-02T21:33:05.478720+00:00,2026-08-02T21:37:00.753844+00:00,得寶大廈,,九龍旺角得寶大廈 洗衣街70號,多窗光猛 旺中帶靜,22.319022999999998,114.172112,差餉地租､管理費,,,,2026-07-29T18:21:20+08:00,2026-07-29T18:23:57+08:00,2026-08-28T18:21:20+08:00,"[""https://i1.28hse.com/2026/07/202607291823403811484_large.jpg"", ""https://i1.28hse.com/2026/07/202607291823424042447_large.jpg"", ""https://i1.28hse.com/2026/07/202607291823433540204_large.jpg"", ""https://i1.28hse.com/2026/07/2026072918234567802_large.jpg"", ""https://i1.28hse.com/2026/07/202607291823467602439_large.jpg"", ""https://i1.28hse.com/2026/07/202607291823474385911_large.jpg""]"
3782429,唐樓高層 大三房巨廳 舒適空間 鄰近地鐵站 交通方便,旺角,西洋菜南街154-158號,15000,490,3,1,,梗廚,64,富榮地產代理,https://i1.28hse.com/2026/03/20260322230023727391_thumb.jpg,https://www.28hse.com/rent/apartment/property-3782429,2026-08-02T21:33:05.478720+00:00,2026-08-02T21:37:01.367623+00:00,西洋菜南街154-158號,,九龍旺角西洋菜南街154-158號 西洋菜南街154-158號,"最筍.唐樓租盤
歡迎致電 / Whatsapp 查詢
專營九龍一二手買賣及租務
買賣流程、按揭資訊、律師支援24小時服務
●最新最快最貼市場價錢
●立即查詢盡快回覆
●大量優質筍盤提供
●免費物業按揭服務
●免費律師轉介
●免費裝修轉介",22.320248,114.169922,差餉地租､管理費,明火煮食,,,2026-07-04T14:00:33+08:00,2026-07-29T16:46:23+08:00,2026-08-03T14:00:33+08:00,"[""https://i1.28hse.com/2026/03/202603222300333065863_large.jpg"", ""https://i1.28hse.com/2026/03/202603222300345110120_large.jpg"", ""https://i1.28hse.com/2026/03/202603222300344937404_large.jpg"", ""https://i1.28hse.com/2026/03/202603222300347344296_large.jpg"", ""https://i1.28hse.com/2026/03/202603222300352433310_large.jpg"", ""https://i1.28hse.com/2026/03/202603222300353871789_large.jpg"", ""https://i1.28hse.com/2026/03/202603222300361297431_large.jpg""]"
3950283,￼旺角2房大廳！開揚遠景 面積實用環境舒適 旺中帶靜 連雪櫃和洗衣機 歡迎約睇,旺角,藝興大廈,17000,638,2,1,中層,梗廚,61,廣信地產顧問有限公司,https://i1.28hse.com/2026/07/202607282037261592778_thumb.jpg,https://www.28hse.com/rent/apartment/property-3950283,2026-08-02T21:33:05.478720+00:00,2026-08-02T21:37:01.987306+00:00,藝興大廈,,九龍旺角藝興大廈 染布房街5號,"【多窗光猛 乾淨企理】
【平地電梯 保安大閘】
【鄰近商場 應有盡有】
【歡迎致電/Whatsapp查詢】
-油麻地上海街 383號地下A2舖
-旺角山東街24號地下B舖
-旺角渡船街 323號地下2號舖
-大角咀埃華街70號大成樓地下 1C2號舖",22.317750999999998,114.172928,差餉地租､管理費,明火煮食,,,2026-07-28T20:38:22+08:00,2026-07-28T20:38:22+08:00,2026-08-27T20:38:22+08:00,"[""https://i1.28hse.com/2026/07/202607282037277234591_large.jpg"", ""https://i1.28hse.com/2026/07/202607282037273307251_large.jpg"", ""https://i1.28hse.com/2026/07/202607282037275092138_large.jpg"", ""https://i1.28hse.com/2026/07/202607282037275900036_large.jpg"", ""https://i1.28hse.com/2026/07/20260728203727456529_large.jpg"", ""https://i1.28hse.com/2026/07/202607282037272975295_large.jpg"", ""https://i1.28hse.com/2026/07/202607282037288388865_large.jpg""]"
3949360,"鄰近旺角站頂層三房一廳,翻新裝修,曲尺單邊,廚廁分開,洗衣機位,樓下有保安",旺角,恒通大廈,14300,475,3,1,高層,,51,廸昌地產代理,https://i1.28hse.com/2026/07/202607281312004766148_thumb.jpg,https://www.28hse.com/rent/apartment/property-3949360,2026-08-02T21:33:05.478720+00:00,2026-08-02T21:37:02.622633+00:00,恒通大廈,,九龍旺角恒通大廈 廣東道1116號,"鄰近旺角站頂層三房一廳,(電梯不到,上一層)翻新裝修,曲尺單邊,廚廁分開,洗衣機位,樓下有保安
旺角市中心,交通,購物方便
業主求好租客,正職人仕,適合家庭客人",22.321426,114.166969,差餉地租､管理費,,,,2026-07-28T13:12:03+08:00,2026-07-28T13:12:03+08:00,2026-08-27T13:12:03+08:00,"[""https://i1.28hse.com/2026/07/202607281312007568280_large.jpg"", ""https://i1.28hse.com/2026/07/202607281312018221903_large.jpg"", ""https://i1.28hse.com/2026/07/202607281312014765485_large.jpg"", ""https://i1.28hse.com/2026/07/202607281312012535523_large.jpg"", ""https://i1.28hse.com/2026/07/202607281312026993581_large.jpg"", ""https://i1.28hse.com/2026/07/202607281312022011788_large.jpg"", ""https://i1.28hse.com/2026/07/202607281312026625675_large.jpg"", ""https://i1.28hse.com/2026/07/20260728131202831016_large.jpg"", ""https://i1.28hse.com/2026/07/202607281312025969949_large.jpg""]"
3949078,《有片》旺角 平價2房,旺角,華懋王子大廈,11500,410,2,1,低層,梗廚,53,駿輝地產建榮有限公司,https://i1.28hse.com/2026/07/202607280015212828924_thumb.jpg,https://www.28hse.com/rent/apartment/property-3949078,2026-08-02T21:33:05.478720+00:00,2026-08-02T21:37:03.224823+00:00,華懋王子大廈,,九龍旺角華懋王子大廈 旺角道97號,"《旺角 華懋王子大廈》
️2房1廳
️410呎
️$11500
️有匙即睇
另有其他類似盤源，歡迎查詢
有意請瀏覽 IG FB 專頁
歡迎Whatsapp 查詢
微信號 nyjprt",22.32098,114.171173,差餉地租､管理費,,,,2026-07-28T00:15:58+08:00,2026-07-30T18:39:56+08:00,2026-08-27T00:15:58+08:00,"[""https://i1.28hse.com/2026/07/202607280015237868325_large.jpg"", ""https://i1.28hse.com/2026/07/202607280015251853021_large.jpg"", ""https://i1.28hse.com/2026/07/202607280015274035318_large.jpg"", ""https://i1.28hse.com/2026/07/202607280015298710832_large.jpg"", ""https://i1.28hse.com/2026/07/202607280015312835628_large.jpg"", ""https://i1.28hse.com/2026/07/202607280015336078240_large.jpg"", ""https://i1.28hse.com/2026/07/202607280015412266515_large.jpg"", ""https://i1.28hse.com/2026/07/202607280015428410072_large.jpg""]"
3948683,《位置方便》近朗豪坊✦近MTR✦間隔分明✦舒適雅裝✦,旺角,,12800,429,2,1,,梗廚,,駿輝地產發展有限公司,https://i1.28hse.com/2026/07/20260727173544894687_thumb.jpg,https://www.28hse.com/rent/apartment/property-3948683,2026-08-02T21:33:05.478720+00:00,2026-08-02T21:37:03.840836+00:00,新填地街,,九龍旺角新填地街 新填地街,"✦ 間隔實用 易擺傢俬
✦ 32校網 名校林立
✦ 3分鐘MTR 多巴士綫
✦ 生活配套齊全 ( 超市, 便利店, 街市, 餐廳 , 停車場, 商場.........)
✦ 歡迎約睇",,,差餉地租､管理費,,,,2026-07-27T17:36:08+08:00,2026-07-30T15:40:35+08:00,2026-08-26T17:36:08+08:00,"[""https://i1.28hse.com/2026/07/202607271735438754250_large.jpg"", ""https://i1.28hse.com/2026/07/202607271735448425447_large.jpg"", ""https://i1.28hse.com/2026/07/202607271735438570820_large.jpg"", ""https://i1.28hse.com/2026/07/202607271735435411387_large.jpg"", ""https://i1.28hse.com/2026/07/202607271735446402466_large.jpg"", ""https://i1.28hse.com/2026/07/202607271735452288899_large.jpg""]"
3947964,旺角上海街2/F唐三樓，3房1廳2廁，可改4房，新裝修，樓梯干淨企理,旺角,唐樓,16800,600,3,2,低層,梗廚,,通達物業顧問有限公司,https://i1.28hse.com/2026/07/202607271126042676463_thumb.jpg,https://www.28hse.com/rent/apartment/property-3947964,2026-08-02T21:33:05.478720+00:00,2026-08-02T21:37:04.437036+00:00,唐樓,,九龍旺角唐樓 上海街,旺角上海街2/F唐三樓，3房1廳2廁，可改4房，新裝修，樓梯干淨企理,0.0,0.0,差餉地租､管理費,明火煮食,,,2026-07-27T11:45:30+08:00,2026-07-27T11:45:30+08:00,2026-08-26T11:45:30+08:00,"[""https://i1.28hse.com/2026/07/202607271144348033900_large.jpg"", ""https://i1.28hse.com/2026/07/20260727112607931700_large.jpg"", ""https://i1.28hse.com/2026/07/202607271126095439594_large.jpg"", ""https://i1.28hse.com/2026/07/202607271126121174984_large.jpg"", ""https://i1.28hse.com/2026/07/202607271126165413047_large.jpg"", ""https://i1.28hse.com/2026/07/202607271126198373480_large.jpg"", ""https://i1.28hse.com/2026/07/202607271126231189544_large.jpg"", ""https://i1.28hse.com/2026/07/202607271126272472097_large.jpg""]"
3946745,~~ 企理大兩房，同區多間約睇 ~~,旺角,源發大廈,14500,412,2,1,高層,梗廚,61,廣信地產顧問有限公司,https://i1.28hse.com/2026/07/202607251928537883161_thumb.jpg,https://www.28hse.com/rent/apartment/property-3946745,2026-08-02T21:33:05.478720+00:00,2026-08-02T21:37:05.098511+00:00,源發大廈,,九龍旺角源發大廈 奶路臣街1號,企理大兩房，同區多間約睇,22.318041,114.166634,差餉地租､管理費,,,,2026-07-25T19:28:27+08:00,2026-07-28T21:08:25+08:00,2026-08-24T19:28:27+08:00,"[""https://i1.28hse.com/2026/07/202607251928551031941_large.jpg"", ""https://i1.28hse.com/2026/07/202607251928573729806_large.jpg"", ""https://i1.28hse.com/2026/07/202607251929005253274_large.jpg"", ""https://i1.28hse.com/2026/07/202607251929113935371_large.jpg"", ""https://i1.28hse.com/2026/07/20260725192909116365_large.jpg"", ""https://i1.28hse.com/2026/07/20260725192905339681_large.jpg"", ""https://i1.28hse.com/2026/07/202607251929147084082_large.jpg"", ""https://i1.28hse.com/2026/07/202607251929164067391_large.jpg"", ""https://i1.28hse.com/2026/07/202607251929181569575_large.jpg"", ""https://i1.28hse.com/2026/07/202607251929201927631_large.jpg""]"
3930291,雅裝3房，連傢電，平地電梯,旺角,鴻光大廈,17000,412,3,1,中層,梗廚,47,金國置業,https://i1.28hse.com/2026/07/202607291334598127935_thumb.jpg,https://www.28hse.com/rent/apartment/property-3930291,2026-08-02T21:33:05.478720+00:00,2026-08-02T21:37:05.725043+00:00,鴻光大廈,504,九龍旺角鴻光大廈 通菜街2A-2P號,靜中帶旺，鄰近地鐵,22.316244,114.171387,,明火煮食,,,2026-07-13T14:33:33+08:00,2026-07-30T18:56:57+08:00,2026-08-12T14:33:33+08:00,[]
3940187,3分鐘直達旺角地鐵站 ，大一房大廳 24小時保安 有匙即看,旺角,黃金大廈,16000,420,1,1,低層,,61,駿輝地產港一有限公司,https://i1.28hse.com/2026/07/202607311839536465662_thumb.jpg,https://www.28hse.com/rent/apartment/property-3940187,2026-08-02T21:33:05.478720+00:00,2026-08-02T21:37:06.406114+00:00,黃金大廈,,九龍旺角黃金大廈 上海街646-650號,旺角地鐵站 3分鐘直達 二十四小時保安平地電梯 廁所乾濕分離 有匙看房WhatsApp Becky,22.320438,114.167992,差餉地租､管理費,,,,2026-07-21T01:22:38+08:00,2026-07-31T18:40:39+08:00,2026-08-20T01:22:38+08:00,"[""https://i1.28hse.com/2026/07/202607311839553225827_large.jpg"", ""https://i1.28hse.com/2026/07/20260731183956228797_large.jpg"", ""https://i1.28hse.com/2026/07/202607311839578048803_large.jpg"", ""https://i1.28hse.com/2026/07/202607311839588601951_large.jpg"", ""https://i1.28hse.com/2026/07/202607311839591686797_large.jpg"", ""https://i1.28hse.com/2026/07/202607311840001888914_large.jpg"", ""https://i1.28hse.com/2026/07/202607311840013693424_large.jpg"", ""https://i1.28hse.com/2026/07/202607311840026548705_large.jpg""]"
3939455,［翠園大樓］3房1廳 連傢俬,旺角,翠園大樓,16800,427,3,,高層,,62,明威置業,https://i1.28hse.com/2026/07/202607201406453553576_thumb.jpg,https://www.28hse.com/rent/apartment/property-3939455,2026-08-02T21:33:05.478720+00:00,2026-08-02T21:37:07.012937+00:00,翠園大樓,,九龍旺角翠園大樓 登打士街83-87號及91號,旺角核心地段 平地電梯,22.31608,114.173126,差餉地租､管理費,,,,2026-07-20T13:59:12+08:00,2026-07-20T14:06:54+08:00,2026-08-19T13:59:12+08:00,"[""https://i1.28hse.com/2026/07/202607201406455526599_large.jpg"", ""https://i1.28hse.com/2026/07/202607201406463694028_large.jpg"", ""https://i1.28hse.com/2026/07/202607201406467568133_large.jpg"", ""https://i1.28hse.com/2026/07/202607201406461474611_large.jpg"", ""https://i1.28hse.com/2026/07/202607201406467446397_large.jpg"", ""https://i1.28hse.com/2026/07/202607201406476215579_large.jpg""]"
3861077,地铁D出口，2房,旺角,利群大廈,16800,535,2,1,低層,梗廚,65,中聯集團,https://i1.28hse.com/2026/06/202606151737398576023_thumb.jpg,https://www.28hse.com/rent/apartment/property-3861077,2026-08-02T21:33:05.478720+00:00,2026-08-02T21:37:07.618321+00:00,利群大廈,,九龍旺角利群大廈 通菜街86號,地铁D出口，2房,22.319357,114.170761,差餉地租､管理費,,,,2026-07-06T20:24:09+08:00,2026-07-20T10:39:00+08:00,2026-08-05T20:24:09+08:00,"[""https://i1.28hse.com/2026/06/202606151737415443862_large.jpg"", ""https://i1.28hse.com/2026/06/202606151737467592805_large.jpg"", ""https://i1.28hse.com/2026/06/20260615173749429301_large.jpg"", ""https://i1.28hse.com/2026/06/202606151737513791494_large.jpg"", ""https://i1.28hse.com/2026/06/202606151737536814315_large.jpg"", ""https://i1.28hse.com/2026/06/202606151737441256775_large.jpg"", ""https://i1.28hse.com/2026/06/202606151737374014466_large.jpg""]"
3935464,近旺角地鐵站。 樓下巴士站 交通方便 罕有二房,旺角,利群大廈,16500,535,3,1,低層,,65,富榮地產代理,https://i1.28hse.com/2026/07/202607311208585356815_thumb.jpg,https://www.28hse.com/rent/apartment/property-3935464,2026-08-02T21:33:05.478720+00:00,2026-08-02T21:37:09.243832+00:00,利群大廈,,九龍旺角利群大廈 通菜街86號,"平租, 只求好租客, 罕有放盤, 簡單裝修",22.319357,114.170761,差餉地租､管理費,,,,2026-07-17T14:17:28+08:00,2026-07-31T12:09:06+08:00,2026-08-16T14:17:28+08:00,"[""https://i1.28hse.com/2026/07/20260731120842144469_large.jpg"", ""https://i1.28hse.com/2026/07/20260731120846263110_large.jpg"", ""https://i1.28hse.com/2026/07/20260731120850650778_large.jpg""]"
3926029,太子名廈。單位實用 四正企理2房,旺角,東海大廈,16300,496,2,1,低層,,53,富榮地產代理,https://i1.28hse.com/2026/07/202607101208151767228_thumb.jpg,https://www.28hse.com/rent/apartment/property-3926029,2026-08-02T21:33:05.478720+00:00,2026-08-02T21:37:09.864923+00:00,東海大廈,,九龍旺角東海大廈 彌敦道760號,"平租, 只求好租客, 罕有放盤",22.32362,114.168732,差餉地租､管理費,,,,2026-07-10T12:24:48+08:00,2026-07-11T10:26:09+08:00,2026-08-09T12:24:48+08:00,[]
3767672,"****新裝修, 獨家代理有匙 ! ***",旺角,利群大廈,17000,582,3,1,高層,梗廚,65,雅景物業有限公司,https://i1.28hse.com/2026/03/20260311115004988642_thumb.jpg,https://www.28hse.com/rent/apartment/property-3767672,2026-08-02T21:33:05.478720+00:00,2026-08-02T21:37:10.471170+00:00,利群大廈,,九龍旺角利群大廈 通菜街86號,"***十分光猛,旺中帶靜.地鐵傍****",22.319357,114.170761,差餉地租､管理費,,,,2026-07-11T10:18:03+08:00,2026-07-11T10:18:03+08:00,2026-08-10T10:18:03+08:00,"[""https://i1.28hse.com/2026/03/202603111150175985766_large.jpg"", ""https://i1.28hse.com/2026/03/202603111150171459020_large.jpg"", ""https://i1.28hse.com/2026/03/2026031111501747586_large.jpg"", ""https://i1.28hse.com/2026/03/202603111150188891720_large.jpg"", ""https://i1.28hse.com/2026/03/202603111150185016439_large.jpg"", ""https://i1.28hse.com/2026/03/202603111150184364969_large.jpg"", ""https://i1.28hse.com/2026/03/202603111150182799370_large.jpg"", ""https://i1.28hse.com/2026/03/202603111150184642030_large.jpg"", ""https://i1.28hse.com/2026/03/202603111150204086317_large.jpg"", ""https://i1.28hse.com/2026/03/202603111150207685165_large.jpg""]"
3876678,罕有放盤指定代理@ 歡迎學生 家庭客 近太子站 2房乾濕分離 平地電梯,旺角,百寶大廈,15500,435,2,1,高層,梗廚,63,世紀21廣發,https://i1.28hse.com/2026/08/202608011722458371998_thumb.jpg,https://www.28hse.com/rent/apartment/property-3876678,2026-08-02T21:33:05.478720+00:00,2026-08-02T21:37:11.085528+00:00,百寶大廈,,九龍旺角百寶大廈 弼街82號,"近港鐵站, 有匙即約即睇, 平租, 只求好租客, 巴士總站, 交通便利, 清雅裝修, 廳大房大
平租, 只求好租客, 新委托, 有匙即約即睇, 旺中帶靜, 交通便利, 清雅裝修, 開揚清爽",22.32222,114.170944,差餉地租､管理費,明火煮食,,,2026-07-07T21:00:05+08:00,2026-08-01T17:22:57+08:00,2026-08-06T21:00:04+08:00,"[""https://i1.28hse.com/2026/08/202608011722451778874_large.jpg"", ""https://i1.28hse.com/2026/08/202608011722458635318_large.jpg"", ""https://i1.28hse.com/2026/08/202608011722466754274_large.jpg"", ""https://i1.28hse.com/2026/08/202608011722467851718_large.jpg"", ""https://i1.28hse.com/2026/08/202608011722465995884_large.jpg""]"
3782869,"全城最靚仔,50萬豪裝,7分鐘太子站,旺中帶靜",旺角,荔塘大廈,15800,429,2,1,中層,,53,富榮地產代理,https://i1.28hse.com/2026/03/202603301230446757922_thumb.jpg,https://www.28hse.com/rent/apartment/property-3782869,2026-08-02T21:33:05.478720+00:00,2026-08-02T21:37:11.707648+00:00,荔塘大廈,,九龍旺角荔塘大廈 塘尾道198號,"拎包入住,手快有",22.323961,114.165237,差餉地租､管理費,,,,2026-07-03T13:21:34+08:00,2026-07-06T14:17:18+08:00,2026-08-02T13:21:34+08:00,"[""https://i1.28hse.com/2026/03/202603301230431268913_large.jpg"", ""https://i1.28hse.com/2026/03/202603301230434197818_large.jpg"", ""https://i1.28hse.com/2026/03/202603301230437834656_large.jpg"", ""https://i1.28hse.com/2026/03/202603301230435194305_large.jpg"", ""https://i1.28hse.com/2026/03/202603301230434112597_large.jpg"", ""https://i1.28hse.com/2026/03/202603301230433105907_large.jpg"", ""https://i1.28hse.com/2026/03/202603301230444101761_large.jpg""]"
3919311,旺角波鞋街。交通方便 近地鐵站,旺角,唐樓,13500,410,2,1,,,,富榮地產代理,https://i1.28hse.com/2026/07/202607051646062034050_thumb.jpg,https://www.28hse.com/rent/apartment/property-3919311,2026-08-02T21:33:05.478720+00:00,2026-08-02T21:37:12.321112+00:00,唐樓,,九龍旺角唐樓 通菜街134號,"平租, 只求好租客, 罕有放盤",0.0,0.0,差餉地租､管理費,,,,2026-07-05T16:49:43+08:00,2026-07-05T19:03:24+08:00,2026-08-04T16:49:43+08:00,"[""https://i1.28hse.com/2026/07/202607051903128526540_large.jpg"", ""https://i1.28hse.com/2026/07/202607051903135697122_large.jpg"", ""https://i1.28hse.com/2026/07/202607051903137150340_large.jpg""]"
3928970,"新放,太子站靚裝,業主易溝通,歡迎學生,條件可傾",太子,寶興大樓,16800,405,2,1,中層,梗廚,56,富榮地產代理,https://i1.28hse.com/2026/07/20260727185905617888_thumb.jpg,https://www.28hse.com/rent/apartment/property-3928970,2026-08-02T21:33:05.478720+00:00,2026-08-02T21:37:12.939855+00:00,寶興大樓,,九龍太子寶興大樓 界限街12號,"置業專家
同區No.1代理
精英會2009年-2025年 連續16年達標
公司物業買賣、專業普通話認證
熟悉區內環境 知盤熟價
定期拍攝KOL樓盤介紹 深得業主信任️
熟悉銀行按揭 支出供款一目了然
️專業法律合作夥 ...歡迎查詢
住宅 單幢式大廈",22.326294,114.165855,差餉地租､管理費,,,,2026-07-12T13:09:05+08:00,2026-07-27T18:59:42+08:00,2026-08-11T13:09:05+08:00,"[""https://i1.28hse.com/2026/07/202607271859058602661_large.jpg"", ""https://i1.28hse.com/2026/07/20260727185905888632_large.jpg"", ""https://i1.28hse.com/2026/07/202607271859054314176_large.jpg"", ""https://i1.28hse.com/2026/07/202607271859065638830_large.jpg"", ""https://i1.28hse.com/2026/07/202607271859067485800_large.jpg"", ""https://i1.28hse.com/2026/07/202607271859067893630_large.jpg"", ""https://i1.28hse.com/2026/07/202607271859063336937_large.jpg"", ""https://i1.28hse.com/2026/07/202607271859074277166_large.jpg"", ""https://i1.28hse.com/2026/07/202607271859074311926_large.jpg""]"
3946960,太子分租大房，业主直租,太子,寶興大樓,9800,405,2,1,中層,梗廚,56,,https://i1.28hse.com/2026/07/202607261235086086192_thumb.jpg,https://www.28hse.com/rent/apartment/property-3946960,2026-08-02T21:33:05.478720+00:00,2026-08-02T21:37:13.570369+00:00,寶興大樓,,九龍太子寶興大樓 界限街12号,"太子地铁站步行4分钟，出行便利，城大、理工、浸会，中环二十分钟左右到，平地电梯，大堂24小时保安
全屋靓装配家具
大房间是新配的雅兰20cm厚床垫1.5米X 2米，定做的储物油压床和衣柜，储物空间超大，配了分体式三菱空调，非常静音
客厅两面大窗采光明亮，也配了全新的沙发床，洗衣机，冰箱，电磁炉，厕所干湿分离，新装热水器，家电齐全，拎包入住
限女生",22.326294,114.16585500000001,差餉地租､管理費,,,,2026-07-26T12:39:38+08:00,2026-07-29T13:03:15+08:00,2026-08-25T12:39:38+08:00,"[""https://i1.28hse.com/2026/07/202607261235092241847_large.jpg"", ""https://i1.28hse.com/2026/07/202607261235106939244_large.jpg"", ""https://i1.28hse.com/2026/07/202607261235124188111_large.jpg"", ""https://i1.28hse.com/2026/07/202607261235137580305_large.jpg"", ""https://i1.28hse.com/2026/07/202607261235151247004_large.jpg"", ""https://i1.28hse.com/2026/07/202607261235167964969_large.jpg"", ""https://i1.28hse.com/2026/07/202607261235183239963_large.jpg"", ""https://i1.28hse.com/2026/07/202607261235197922316_large.jpg"", ""https://i1.28hse.com/2026/07/202607261235216378762_large.jpg"", ""https://i1.28hse.com/2026/07/202607261235232694845_large.jpg"", ""https://i1.28hse.com/2026/07/202607291302383308818_large.jpg""]"
3943985,"全新裝修，梗廚,兩大房",太子,利泰大樓,16800,413,2,1,中層,梗廚,63,富榮地產代理,https://i1.28hse.com/2026/07/202607231914241007414_thumb.jpg,https://www.28hse.com/rent/apartment/property-3943985,2026-08-02T21:33:05.478720+00:00,2026-08-02T21:37:14.175588+00:00,利泰大樓,,九龍太子利泰大樓 太子道西101-107號,"隨時起租
WeChat : wxid_it3icbc33f5312",22.323376,114.16590099999999,差餉地租､管理費,,,,2026-07-23T19:12:34+08:00,2026-07-23T19:15:49+08:00,2026-08-22T19:12:34+08:00,"[""https://i1.28hse.com/2026/07/20260723191425406885_large.jpg"", ""https://i1.28hse.com/2026/07/202607231914255543725_large.jpg"", ""https://i1.28hse.com/2026/07/202607231914263591501_large.jpg"", ""https://i1.28hse.com/2026/07/202607231914266248689_large.jpg"", ""https://i1.28hse.com/2026/07/202607231914273795228_large.jpg"", ""https://i1.28hse.com/2026/07/20260723191427992538_large.jpg"", ""https://i1.28hse.com/2026/07/202607231914283977478_large.jpg"", ""https://i1.28hse.com/2026/07/202607231914282390779_large.jpg"", ""https://i1.28hse.com/2026/07/202607231914297588270_large.jpg""]"
3936655,兩房一廳 大大間 求好客 近太子站 即約即睇,太子,利泰大樓,16800,407,2,1,中層,開放式廚房,63,君皇地產有限公司,https://i1.28hse.com/2026/07/202607300134324575896_thumb.jpg,https://www.28hse.com/rent/apartment/property-3936655,2026-08-02T21:33:05.478720+00:00,2026-08-02T21:37:14.821212+00:00,利泰大樓,,九龍太子利泰大樓 太子道西101-107號,"本公司另有大量不同價格單位放租及放賣
歡迎WhatsApp或致電許生查詢",22.323376,114.16590099999999,差餉地租､管理費,,,,2026-07-18T00:45:38+08:00,2026-07-30T01:56:22+08:00,2026-08-17T00:45:38+08:00,"[""https://i1.28hse.com/2026/07/20260730013433327050_large.jpg"", ""https://i1.28hse.com/2026/07/20260730013433330355_large.jpg"", ""https://i1.28hse.com/2026/07/202607300134343108830_large.jpg"", ""https://i1.28hse.com/2026/07/202607300134346717943_large.jpg""]"
3934676,"新放,獨家,7分鐘太子站,60萬裝修,非常罕有",太子,恒滿樓,16800,407,2,1,中層,梗廚,50,富榮地產代理,https://i1.28hse.com/2026/07/202607271909026052094_thumb.jpg,https://www.28hse.com/rent/apartment/property-3934676,2026-08-02T21:33:05.478720+00:00,2026-08-02T21:37:16.457369+00:00,恒滿樓,,九龍太子恒滿樓 長沙灣道40號,歡迎查詢,22.327623,114.166656,差餉地租､管理費,,,,2026-07-16T18:27:18+08:00,2026-07-27T19:09:12+08:00,2026-08-15T18:27:18+08:00,"[""https://i1.28hse.com/2026/07/202607271909025849347_large.jpg"", ""https://i1.28hse.com/2026/07/202607271909024507463_large.jpg"", ""https://i1.28hse.com/2026/07/202607271909023564076_large.jpg"", ""https://i1.28hse.com/2026/07/202607271909032746749_large.jpg"", ""https://i1.28hse.com/2026/07/202607271909033438921_large.jpg"", ""https://i1.28hse.com/2026/07/202607271909037387869_large.jpg"", ""https://i1.28hse.com/2026/07/202607271909037231151_large.jpg"", ""https://i1.28hse.com/2026/07/202607271909031230165_large.jpg""]"
3890910,［利泰大廈］兩大房大廳，梗廚，乾濕分離，已翻新，3分鐘到地鐵卜。,太子,利泰大樓,16800,407,2,1,中層,梗廚,63,鴻利物業代理有限公司,https://i1.28hse.com/2026/06/202606141452443703708_thumb.jpg,https://www.28hse.com/rent/apartment/property-3890910,2026-08-02T21:33:05.478720+00:00,2026-08-02T21:37:17.056516+00:00,利泰大樓,,九龍太子利泰大樓 太子道西101-107號,"兩大房大廳，光猛開揚。
乾淨企理，兩部電梯。
近地鐵站。",22.323376,114.165901,差餉地租､管理費,,,,2026-07-15T11:28:44+08:00,2026-07-15T11:28:44+08:00,2026-08-14T11:28:44+08:00,"[""https://i1.28hse.com/2026/06/202606141452448651568_large.jpg"", ""https://i1.28hse.com/2026/06/202606141452457453982_large.jpg"", ""https://i1.28hse.com/2026/06/202606141452467827094_large.jpg"", ""https://i1.28hse.com/2026/06/202606141452476762640_large.jpg"", ""https://i1.28hse.com/2026/06/202606141452486861876_large.jpg"", ""https://i1.28hse.com/2026/06/202606141452495690952_large.jpg"", ""https://i1.28hse.com/2026/06/202606141452502834958_large.jpg"", ""https://i1.28hse.com/2026/06/202606141452516525218_large.jpg""]"
3940234,太子萬安大廈三房一廳租14300,太子,單幢樓房,14300,420,3,1,,,,旗昌地產公司,https://i1.28hse.com/2026/07/202607211003471089434_thumb.jpg,https://www.28hse.com/rent/apartment/property-3940234,2026-08-02T21:33:05.478720+00:00,2026-08-02T21:37:17.664141+00:00,單幢樓房,,九龍太子單幢樓房 界限街,"太子萬安大廈三房一廳租14300
微信：keecheong2328",22.325504,114.168182,差餉地租､管理費,,,,2026-07-21T10:04:07+08:00,2026-08-02T19:44:07+08:00,2026-08-20T10:04:07+08:00,"[""https://i1.28hse.com/2026/07/202607211003483620185_large.jpg"", ""https://i1.28hse.com/2026/07/202607211003492530350_large.jpg"", ""https://i1.28hse.com/2026/07/202607211003507029873_large.jpg"", ""https://i1.28hse.com/2026/07/202607211003506602619_large.jpg"", ""https://i1.28hse.com/2026/07/202607211003511013519_large.jpg"", ""https://i1.28hse.com/2026/07/202607211003514173872_large.jpg"", ""https://i1.28hse.com/2026/07/20260721100352376462_large.jpg""]"
3930951,唐5樓！家庭客優先！三房一廳！大廳大房！新淨企理！,太子,歡樂樓,12000,580,3,1,中層,梗廚,47,駿輝地產旺角有限公司,https://i1.28hse.com/2026/07/20260724005832436283_thumb.jpg,https://www.28hse.com/rent/apartment/property-3930951,2026-08-02T21:33:05.478720+00:00,2026-08-02T21:37:18.272621+00:00,歡樂樓,,九龍太子歡樂樓 鴉蘭街2-4號,唐5樓！家庭客優先！三房一廳！大廳大房！新淨企理！,22.323097,114.168159,差餉地租､管理費,,,,2026-07-13T20:08:55+08:00,2026-08-01T15:14:52+08:00,2026-08-12T20:08:55+08:00,"[""https://i1.28hse.com/2026/07/202607240058337435739_large.jpg"", ""https://i1.28hse.com/2026/07/202607240058358263682_large.jpg"", ""https://i1.28hse.com/2026/07/202607240058374418880_large.jpg"", ""https://i1.28hse.com/2026/07/202607240058386062194_large.jpg"", ""https://i1.28hse.com/2026/07/202607240058408650794_large.jpg""]"
3930954,全新靚盤！兩房一廳！空間感十足！,太子,利泰大樓,16800,407,2,,中層,梗廚,63,駿輝地產旺角有限公司,https://i1.28hse.com/2026/07/202607132011016098962_thumb.jpg,https://www.28hse.com/rent/apartment/property-3930954,2026-08-02T21:33:05.478720+00:00,2026-08-02T21:37:18.875243+00:00,利泰大樓,,九龍太子利泰大樓 太子道西101-107號,全新靚盤！兩房一廳！空間感十足！,22.323376,114.165901,差餉地租､管理費,,,,2026-07-13T20:11:42+08:00,2026-08-01T15:14:48+08:00,2026-08-12T20:11:42+08:00,"[""https://i1.28hse.com/2026/07/202607132011041307971_large.jpg"", ""https://i1.28hse.com/2026/07/202607132011121371362_large.jpg"", ""https://i1.28hse.com/2026/07/202607132011168379285_large.jpg"", ""https://i1.28hse.com/2026/07/202607132011192014430_large.jpg""]"
3954614,(｡ì _ í｡)超大間407呎！兩房一廳【利泰大樓】太子道西！靚仔裝修！約睇！,太子,利泰大樓,16500,407,2,1,中層,,63,駿輝地產旺角有限公司,https://i1.28hse.com/2026/08/202608011127336215066_thumb.jpg,https://www.28hse.com/rent/apartment/property-3954614,2026-08-02T21:33:05.478720+00:00,2026-08-02T21:37:19.487736+00:00,利泰大樓,,九龍太子利泰大樓 太子道西101-107號,(｡ì _ í｡)超大間407呎！兩房一廳【利泰大樓】太子道西！靚仔裝修！約睇！,22.323376,114.165901,差餉地租､管理費,,,,2026-08-01T11:27:46+08:00,2026-08-01T11:27:46+08:00,2026-08-31T11:27:46+08:00,"[""https://i1.28hse.com/2026/08/202608011127341224281_large.jpg"", ""https://i1.28hse.com/2026/08/202608011127351735802_large.jpg"", ""https://i1.28hse.com/2026/08/202608011127362822126_large.jpg"", ""https://i1.28hse.com/2026/08/202608011127374292304_large.jpg""]"
3890107,巨廳！新裝修兩房、高層、24小時保安,太子,利泰大樓,16800,407,2,1,中層,開放式廚房,63,駿輝地產旺角有限公司,https://i1.28hse.com/2026/06/202606211746293420473_thumb.jpg,https://www.28hse.com/rent/apartment/property-3890107,2026-08-02T21:33:05.478720+00:00,2026-08-02T21:37:20.090967+00:00,利泰大樓,,九龍太子利泰大樓 太子道西101-107號,巨廳！新裝修兩房、高層、24小時保安,22.323376,114.16590099999999,差餉地租､管理費,,,,2026-07-16T11:09:28+08:00,2026-08-01T02:55:36+08:00,2026-08-15T11:09:28+08:00,"[""https://i1.28hse.com/2026/06/202606211746315985356_large.jpg"", ""https://i1.28hse.com/2026/06/202606211746321669481_large.jpg"", ""https://i1.28hse.com/2026/06/202606211746337287679_large.jpg"", ""https://i1.28hse.com/2026/06/202606211746343716631_large.jpg"", ""https://i1.28hse.com/2026/06/202606211746363265216_large.jpg"", ""https://i1.28hse.com/2026/07/202607070212321517323_large.jpg""]"
3911885,（獨家）中層唐樓大單位 鄰近兩鐵路站 位置寧靜 有街閘,太子,單幢樓房,13800,650,2,1,中層,梗廚,,鴻發地產物業,https://i1.28hse.com/2026/07/202607101624267126564_thumb.jpg,https://www.28hse.com/rent/apartment/property-3911885,2026-08-02T21:33:05.478720+00:00,2026-08-02T21:37:20.706047+00:00,單幢樓房,,九龍太子單幢樓房 87,"難得嘅大單位
歡迎家庭客
可以預約睇單位",22.325504,114.168182,差餉地租､管理費,,,,2026-07-31T11:09:52+08:00,2026-07-31T11:09:52+08:00,2026-08-30T11:09:52+08:00,"[""https://i1.28hse.com/2026/07/202607101624254580118_large.jpg"", ""https://i1.28hse.com/2026/07/202607101624272863260_large.jpg"", ""https://i1.28hse.com/2026/07/202607101624276384819_large.jpg"", ""https://i1.28hse.com/2026/07/202607101624286341005_large.jpg"", ""https://i1.28hse.com/2026/07/202607101624293442035_large.jpg"", ""https://i1.28hse.com/2026/07/202607101624304426014_large.jpg"", ""https://i1.28hse.com/2026/07/20260710162430221122_large.jpg"", ""https://i1.28hse.com/2026/07/202607101624315574508_large.jpg"", ""https://i1.28hse.com/2026/07/202607101624321815475_large.jpg""]"
3931562,"【VR/圖則,行6層樓梯】歡迎大學生,2房,連床、櫃,翻新裝修,太子/旺角東站",太子,花園街175-177號,12000,459,2,1,,梗廚,,小村置業有限公司,https://i1.28hse.com/2026/07/202607141437471689863_thumb.jpg,https://www.28hse.com/rent/apartment/property-3931562,2026-08-02T21:33:05.478720+00:00,2026-08-02T21:37:21.532577+00:00,花園街175-177號,,九龍太子花園街175-177號 花園街175-177號,"這是一個位於市中心的優質住宅單位，交通便捷。請與我們聯絡以安排參觀。
 
我們的經紀已在當區生活多年，對社區環境非常熟悉。關於生活配套、租車位和小朋友升學的問題，我們都可以提供幫助。尚有其他單位選擇，亦可安排一次過參觀。
 
租金已包括地租、差餉和管理費。
業主計劃長期放租，租客無需擔心業主短期內因為出售物業而收回單位。
 
業主提供優質的物業維護服務，租客可安居無憂！
 
| 網上搵樓盤 | VR睇樓 |業主放盤
小村置業：www.omuraproperty.com
Facebook/IG：omuraproperty",22.32288,114.170288,差餉地租､管理費,,,,2026-07-14T14:38:43+08:00,2026-07-30T17:05:01+08:00,2026-08-13T14:38:43+08:00,"[""https://i1.28hse.com/2026/07/202607141437381722034_large.jpg"", ""https://i1.28hse.com/2026/07/202607141437407364476_large.jpg"", ""https://i1.28hse.com/2026/07/202607141437415337015_large.jpg"", ""https://i1.28hse.com/2026/07/202607141437414304761_large.jpg"", ""https://i1.28hse.com/2026/07/20260714143743773436_large.jpg"", ""https://i1.28hse.com/2026/07/202607141437442834177_large.jpg"", ""https://i1.28hse.com/2026/07/202607141437442873012_large.jpg"", ""https://i1.28hse.com/2026/07/202607141437453358699_large.jpg"", ""https://i1.28hse.com/2026/07/202607151725394528659_large.jpg"", ""https://i1.28hse.com/2026/07/202607271144184499147_large.jpg"", ""https://i1.28hse.com/2026/07/20260727114418263156_large.jpg"", ""https://i1.28hse.com/2026/07/20260727114419755637_large.jpg"", ""https://i1.28hse.com/2026/07/202607271144195492495_large.jpg"", ""https://i1.28hse.com/2026/07/202607141437471689863_large.jpg""]"
3951640,"*太子站*新裝修高層兩房大廳*寧靜方便,梗廚,乾明廁,兩部新電梯",太子,利泰大樓,16800,407,2,1,中層,梗廚,63,晉聯地產(太子),https://i1.28hse.com/2026/07/202607292252468269337_thumb.jpg,https://www.28hse.com/rent/apartment/property-3951640,2026-08-02T21:33:05.478720+00:00,2026-08-02T21:37:22.163354+00:00,利泰大樓,,九龍太子利泰大樓 太子道西101-107號,"兩部新電梯
非平地電梯(16級樓梯)
太子站步行3分鐘",22.323376,114.16590099999999,差餉地租､管理費,,,,2026-07-29T22:52:50+08:00,2026-07-29T22:52:50+08:00,2026-08-28T22:52:50+08:00,"[""https://i1.28hse.com/2026/07/202607292252477057002_large.jpg"", ""https://i1.28hse.com/2026/07/202607292252478095739_large.jpg"", ""https://i1.28hse.com/2026/07/202607292252477117786_large.jpg"", ""https://i1.28hse.com/2026/07/202607292252481799798_large.jpg"", ""https://i1.28hse.com/2026/07/20260729225248886172_large.jpg"", ""https://i1.28hse.com/2026/07/202607292252482510352_large.jpg"", ""https://i1.28hse.com/2026/07/202607292252488588180_large.jpg"", ""https://i1.28hse.com/2026/07/20260729225249859597_large.jpg"", ""https://i1.28hse.com/2026/07/202607292252497399993_large.jpg"", ""https://i1.28hse.com/2026/07/202607292252493362202_large.jpg"", ""https://i1.28hse.com/2026/07/202607292252497985916_large.jpg"", ""https://i1.28hse.com/2026/07/202607292252504731769_large.jpg""]"
3950872,兩大房，交通方便，生活配套齊全。,太子,寶興大廈,16800,405,2,1,,梗廚,56,駿輝地產建榮有限公司,https://i1.28hse.com/2026/07/202607291457388055599_thumb.jpg,https://www.28hse.com/rent/apartment/property-3950872,2026-08-02T21:33:05.478720+00:00,2026-08-02T21:37:22.790041+00:00,寶興大廈,,九龍太子寶興大廈 界限街10L-12號,兩大房，交通方便，生活配套齊全。,22.326153,114.165207,差餉地租､管理費,,,,2026-07-29T14:58:02+08:00,2026-07-29T14:58:02+08:00,2026-08-28T14:58:02+08:00,"[""https://i1.28hse.com/2026/07/202607291457381476542_large.jpg"", ""https://i1.28hse.com/2026/07/202607291457391470290_large.jpg"", ""https://i1.28hse.com/2026/07/202607291457393324447_large.jpg"", ""https://i1.28hse.com/2026/07/202607291457397082467_large.jpg"", ""https://i1.28hse.com/2026/07/202607291457407674668_large.jpg"", ""https://i1.28hse.com/2026/07/202607291457408322588_large.jpg""]"
3940659,旺角電梯獨立兩房 乾淨企理,太子,利泰大樓,16800,407,2,1,中層,,63,駿輝地產皓譽有限公司,https://i1.28hse.com/2026/07/202607221924233038583_thumb.jpg,https://www.28hse.com/rent/apartment/property-3940659,2026-08-02T21:33:05.478720+00:00,2026-08-02T21:37:23.519507+00:00,利泰大樓,,九龍太子利泰大樓 太子道西101-107號,"whatapps:９４０４８５８８　高生
ｗｅｃｈａｔ：　２５１８００５８２９",22.323376,114.165901,差餉地租､管理費,,,,2026-07-21T15:05:11+08:00,2026-07-28T19:53:01+08:00,2026-08-20T15:05:11+08:00,"[""https://i1.28hse.com/2026/07/202607221924206376982_large.jpg"", ""https://i1.28hse.com/2026/07/202607221924218454413_large.jpg"", ""https://i1.28hse.com/2026/07/202607221924226723916_large.jpg"", ""https://i1.28hse.com/2026/07/202607221924222133977_large.jpg"", ""https://i1.28hse.com/2026/07/202607221924237023503_large.jpg"", ""https://i1.28hse.com/2026/07/202607221924241072609_large.jpg""]"
3950168,家庭客首選！24小時保安、大廳大房，求好租客,太子,歡樂樓,12000,480,3,1,,,47,駿輝地產旺角有限公司,https://i1.28hse.com/2026/07/202607281911042752735_thumb.jpg,https://www.28hse.com/rent/apartment/property-3950168,2026-08-02T21:33:05.478720+00:00,2026-08-02T21:37:24.158614+00:00,歡樂樓,,九龍太子歡樂樓 鴉蘭街2-4號,家庭客首選！24小時保安、大廳大房，求好租客,22.323097,114.168159,差餉地租､管理費,,,,2026-07-28T19:11:15+08:00,2026-07-28T19:11:15+08:00,2026-08-27T19:11:15+08:00,"[""https://i1.28hse.com/2026/07/202607281909574327288_large.jpg"", ""https://i1.28hse.com/2026/07/202607281909581894375_large.jpg"", ""https://i1.28hse.com/2026/07/202607281909534676351_large.jpg"", ""https://i1.28hse.com/2026/07/202607281909518864458_large.jpg"", ""https://i1.28hse.com/2026/07/202607281909547372276_large.jpg"", ""https://i1.28hse.com/2026/07/202607281909566520721_large.jpg""]"
3919412,"太子A出口行2分鐘, 大大間，唐8F樓, 沒有電梯 ，有天台用",太子,金華大樓,9800,500,2,1,高層,梗廚,65,勝達地產,https://i1.28hse.com/2026/07/202607051727318111664_thumb.jpg,https://www.28hse.com/rent/apartment/property-3919412,2026-08-02T21:33:05.478720+00:00,2026-08-02T21:37:24.752888+00:00,金華大樓,,九龍太子金華大樓 西洋菜北街181-185號,"換新泠氣機, 重新油油`
太子A出口行2分鐘, 大大間，唐8F樓, 沒有電梯 ，有天台用",22.326376,114.16835800000001,差餉地租､管理費,,,,2026-07-05T17:29:28+08:00,2026-08-02T12:01:18+08:00,2026-08-04T17:29:28+08:00,"[""https://i1.28hse.com/2026/07/202607051727325177055_large.jpg"", ""https://i1.28hse.com/2026/07/202607051727348204339_large.jpg"", ""https://i1.28hse.com/2026/07/202607051727332448434_large.jpg"", ""https://i1.28hse.com/2026/07/202607051727333367297_large.jpg"", ""https://i1.28hse.com/2026/07/20260705172734893981_large.jpg"", ""https://i1.28hse.com/2026/07/202607051727325161237_large.jpg""]"
3948644,查詢本人有影片太子超罕有皇崗巴士站樓下24小時保安行3層靚仔3房快走筍租,太子,歡樂樓,12000,443,3,1,中層,,45,駿輝地產有限公司,https://i1.28hse.com/2026/07/202607271721001695476_thumb.jpg,https://www.28hse.com/rent/apartment/property-3948644,2026-08-02T21:33:05.478720+00:00,2026-08-02T21:37:25.392741+00:00,歡樂樓,,九龍太子歡樂樓 鴉蘭街2-4號,"Ryan 洪生 WeChat:Lok421 已打5針
【致電/Whatsapp查詢】
* 本司客源廣實客多 *
* 盡心盡力忠誠待客 *
* 專營油尖旺區樓盤 *
* 多行聯營信心保證 *
* 歡迎業主電話放盤 *
駿輝地產分行地址: 十行聯營",22.323097,114.16815900000002,,,,,2026-07-27T17:21:03+08:00,2026-07-27T17:21:03+08:00,2026-08-26T17:21:03+08:00,"[""https://i1.28hse.com/2026/07/202607271721004908525_large.jpg"", ""https://i1.28hse.com/2026/07/20260727172100617105_large.jpg"", ""https://i1.28hse.com/2026/07/202607271721012270852_large.jpg"", ""https://i1.28hse.com/2026/07/202607271721018841809_large.jpg"", ""https://i1.28hse.com/2026/07/20260727172101241537_large.jpg"", ""https://i1.28hse.com/2026/07/202607271721023272724_large.jpg"", ""https://i1.28hse.com/2026/07/202607271721028295737_large.jpg"", ""https://i1.28hse.com/2026/07/202607271721027267514_large.jpg"", ""https://i1.28hse.com/2026/07/202607271721031004554_large.jpg""]"
3928062,獨家2房1套【大大間電梯洋樓】3分鐘太子站,太子,福民樓,16000,626,2,2,中層,梗廚,60,三月地產,https://i1.28hse.com/2026/07/202607111551455805011_thumb.jpg,https://www.28hse.com/rent/apartment/property-3928062,2026-08-02T21:33:05.478720+00:00,2026-08-02T21:37:26.062754+00:00,福民樓,,九龍太子福民樓 太子道西74號,"【福民大樓】
● 雅裝開揚2房1套
● 明亮有窗乾濕分離廁所
● 煤氣熱水爐，可明火煮食
● 平地電梯洋樓
● 周邊生活配套齊備
● 3分鐘太子站
● 11月會更換電梯",22.323736,114.165443,差餉地租､管理費,明火煮食,,,2026-07-11T15:53:21+08:00,2026-07-27T17:05:24+08:00,2026-08-10T15:53:21+08:00,"[""https://i1.28hse.com/2026/07/202607111551452631234_large.jpg"", ""https://i1.28hse.com/2026/07/202607111551457772822_large.jpg"", ""https://i1.28hse.com/2026/07/202607111551463156996_large.jpg"", ""https://i1.28hse.com/2026/07/202607111551467181970_large.jpg"", ""https://i1.28hse.com/2026/07/202607111551472610589_large.jpg"", ""https://i1.28hse.com/2026/07/202607111551488111684_large.jpg"", ""https://i1.28hse.com/2026/07/202607111551492322951_large.jpg"", ""https://i1.28hse.com/2026/07/202607111551488792083_large.jpg"", ""https://i1.28hse.com/2026/07/202607111551491525051_large.jpg"", ""https://i1.28hse.com/2026/07/202607111551488758004_large.jpg"", ""https://i1.28hse.com/2026/07/202607111551506396724_large.jpg"", ""https://i1.28hse.com/2026/07/202607111551496425108_large.jpg"", ""https://i1.28hse.com/2026/07/20260711155143132137_large.jpg"", ""https://i1.28hse.com/2026/07/202607111551446006259_large.jpg"", ""https://i1.28hse.com/2026/07/202607111551434956951_large.jpg"", ""https://i1.28hse.com/2026/07/2026071115514280687_large.jpg"", ""https://i1.28hse.com/2026/07/20260711155150507210_large.jpg"", ""https://i1.28hse.com/2026/07/202607111551422614249_large.jpg"", ""https://i1.28hse.com/2026/07/202607111551422932212_large.jpg""]"
3948452,【近地鐵太子站】3房超筍租,太子,歡樂樓,12000,443,3,1,,,47,喜居物業(旺角舖),https://i1.28hse.com/2026/07/202607271611198530761_thumb.jpg,https://www.28hse.com/rent/apartment/property-3948452,2026-08-02T21:33:05.478720+00:00,2026-08-02T21:37:27.524577+00:00,歡樂樓,,九龍太子歡樂樓 鴉蘭街2-4號,歡樂樓位於鴉蘭街2-4號，近地鐵太子站。,22.323097,114.168159,差餉地租､管理費,,,,2026-07-27T16:05:46+08:00,2026-08-02T10:06:40+08:00,2026-08-26T16:05:46+08:00,"[""https://i1.28hse.com/2026/07/202607271611255968516_large.jpg"", ""https://i1.28hse.com/2026/07/202607271611114110848_large.jpg"", ""https://i1.28hse.com/2026/07/202607271610534283915_large.jpg"", ""https://i1.28hse.com/2026/07/202607271611083737473_large.jpg"", ""https://i1.28hse.com/2026/07/202607271610566036258_large.jpg"", ""https://i1.28hse.com/2026/07/202607271611005340367_large.jpg""]"
3948126,"兩房簡潔企理,非平地電梯",太子,利泰大樓,16800,407,2,1,中層,梗廚,63,晉聯地產(太子),https://i1.28hse.com/2026/07/202607271335008991228_thumb.jpg,https://www.28hse.com/rent/apartment/property-3948126,2026-08-02T21:33:05.478720+00:00,2026-08-02T21:37:28.165846+00:00,利泰大樓,,九龍太子利泰大樓 太子道西101-107號,"大廈步行五分鐘太子地鐵站
廳大房大,旺中有靜
歡迎來電查詢約睇",22.323376,114.165901,差餉地租､管理費,,,,2026-07-27T13:35:02+08:00,2026-07-27T13:35:02+08:00,2026-08-26T13:35:02+08:00,"[""https://i1.28hse.com/2026/07/202607271335004788605_large.jpg"", ""https://i1.28hse.com/2026/07/202607271335012631908_large.jpg"", ""https://i1.28hse.com/2026/07/202607271335012792293_large.jpg"", ""https://i1.28hse.com/2026/07/202607271335017206627_large.jpg""]"
2770837,2房大廳 ，電梯，快約睇!,太子,華寶大廈,16000,411,2,1,低層,梗廚,,兆傲物業顧問有限公司,https://i1.28hse.com/2026/08/202608011152292508962_thumb.jpg,https://www.28hse.com/rent/apartment/property-2770837,2026-08-02T21:33:05.478720+00:00,2026-08-02T21:37:28.791432+00:00,華寶大廈,,九龍太子華寶大廈 基隆街6號,1分鐘到太子站,22.324832999999998,114.16741199999997,差餉地租､管理費,,,,2026-07-26T17:32:06+08:00,2026-08-01T11:53:30+08:00,2026-08-25T17:32:06+08:00,"[""https://i1.28hse.com/2026/08/202608011152121302374_large.jpg"", ""https://i1.28hse.com/2026/08/202608011152221757393_large.jpg"", ""https://i1.28hse.com/2026/08/202608011152198385312_large.jpg"", ""https://i1.28hse.com/2026/08/202608011152266665035_large.jpg"", ""https://i1.28hse.com/2026/08/202608011152332328443_large.jpg"", ""https://i1.28hse.com/2026/08/202608011152163439930_large.jpg""]"
3947075,太子高質兩房 約睇,太子,利泰大樓,16800,407,2,1,中層,,63,駿輝地產投資有限公司,https://i1.28hse.com/2026/07/202607261505194295399_thumb.jpg,https://www.28hse.com/rent/apartment/property-3947075,2026-08-02T21:33:05.478720+00:00,2026-08-02T21:37:29.394642+00:00,利泰大樓,,九龍太子利泰大樓 太子道西101-107號,"許小姐５５０６６０４９
許小姐５５０６６０４９",22.323376,114.16590099999999,差餉地租､管理費,,,,2026-07-26T15:05:20+08:00,2026-07-26T15:05:20+08:00,2026-08-25T15:05:20+08:00,"[""https://i1.28hse.com/2026/07/202607261505191818794_large.jpg"", ""https://i1.28hse.com/2026/07/20260726150519761154_large.jpg"", ""https://i1.28hse.com/2026/07/202607261505208699455_large.jpg"", ""https://i1.28hse.com/2026/07/202607261505201758156_large.jpg""]"
3945557,~~ 相熟業主，睇岩再傾 ~~,太子,歡樂樓,12000,443,3,1,,,47,廣信地產顧問有限公司,https://i1.28hse.com/2026/07/202607242045467771521_thumb.jpg,https://www.28hse.com/rent/apartment/property-3945557,2026-08-02T21:33:05.478720+00:00,2026-08-02T21:37:30.027015+00:00,歡樂樓,,九龍太子歡樂樓 鴉蘭街2-4號,相熟業主，睇岩再傾,22.323097,114.168159,差餉地租､管理費,,,,2026-07-24T20:39:13+08:00,2026-07-24T20:46:17+08:00,2026-08-23T20:39:13+08:00,"[""https://i1.28hse.com/2026/07/202607242045482132619_large.jpg"", ""https://i1.28hse.com/2026/07/202607242045534627756_large.jpg"", ""https://i1.28hse.com/2026/07/202607242045553821775_large.jpg"", ""https://i1.28hse.com/2026/07/202607242045571003453_large.jpg"", ""https://i1.28hse.com/2026/07/2026072420455929441_large.jpg"", ""https://i1.28hse.com/2026/07/202607242046028235666_large.jpg""]"
3926388,"[實盤] [交吉盤]大2房,有裝修,家庭客至愛,歡迎查詢",太子,頌賢花園,16000,445,2,1,中層,梗廚,38,喜居物業(宇宙商場),https://i1.28hse.com/2026/07/202607261715488573245_thumb.jpg,https://www.28hse.com/rent/apartment/property-3926388,2026-08-02T21:33:05.478720+00:00,2026-08-02T21:37:30.858195+00:00,頌賢花園,527,九龍太子頌賢花園 通州街28號,"誠徵業主放盤 招聘地產代理
提供多個同類荀盤
24小時查詢:
專營西九龍區樓宇買賣及租賃
售前壓測 , 預算首期 , 每月供款計算
銀行估價, 法律咨詢轉介
水電煤 , 差餉地租轉名
專車接送各區睇樓參觀
物業資料: 平面圖, 物業土地查册,資訊聆
如未能及時回覆，請麻煩致電/WhatsApp/WeChat ：
（852） 
24小時歡迎查詢",22.32408,114.16391,差餉地租､管理費,明火煮食,,,2026-07-10T15:45:35+08:00,2026-07-26T17:16:00+08:00,2026-08-09T15:45:35+08:00,"[""https://i1.28hse.com/2026/07/202607261715488662806_large.jpg"", ""https://i1.28hse.com/2026/07/202607261715498986250_large.jpg"", ""https://i1.28hse.com/2026/07/202607261715493354597_large.jpg"", ""https://i1.28hse.com/2026/07/202607261715494696909_large.jpg"", ""https://i1.28hse.com/2026/07/202607261715494376262_large.jpg"", ""https://i1.28hse.com/2026/07/202607261715498325906_large.jpg"", ""https://i1.28hse.com/2026/07/202607261715507316120_large.jpg"", ""https://i1.28hse.com/2026/07/202607261715504893358_large.jpg"", ""https://i1.28hse.com/2026/07/202607261715501924236_large.jpg"", ""https://i1.28hse.com/2026/07/202607261715504181988_large.jpg""]"
3933154,**有影片!!【利泰大樓】全屋靚裝 精緻裝修 機會難得 一迅即逝!!,太子,利泰大樓,16800,407,2,1,中層,梗廚,63,駿輝地產投資有限公司,https://i1.28hse.com/2026/07/202607151651247619058_thumb.jpg,https://www.28hse.com/rent/apartment/property-3933154,2026-08-02T21:33:05.478720+00:00,2026-08-02T21:37:31.484191+00:00,利泰大樓,,九龍太子利泰大樓 太子道西101-107號,"【歡迎致電/Whatsapp查詢】
☏ Jack 包生 
⚑本司客源廣實客多 盡心盡力忠誠待客
⚐專營油尖旺區樓盤 多行聯營信心保證
⚑歡迎業主電話放盤
駿輝地產分行地址 :
*九龍油麻地眾坊街59A號地鋪",22.323376,114.165901,差餉地租､管理費,,,,2026-07-15T16:51:27+08:00,2026-07-24T16:29:40+08:00,2026-08-14T16:51:27+08:00,"[""https://i1.28hse.com/2026/07/202607151651254418346_large.jpg"", ""https://i1.28hse.com/2026/07/202607151651258949005_large.jpg"", ""https://i1.28hse.com/2026/07/202607151651265148290_large.jpg"", ""https://i1.28hse.com/2026/07/202607151651262201359_large.jpg"", ""https://i1.28hse.com/2026/07/202607151651263513028_large.jpg"", ""https://i1.28hse.com/2026/07/202607151651272216003_large.jpg""]"
3921731,"旺角｜金荔閣 1房2衛｜連平台｜可貓狗｜全屋傢電｜$13,800",太子,金荔閣,13800,480,1,2,低層,開放式廚房,45,駿輝地產旺角有限公司,https://i1.28hse.com/2026/07/202607111220437659826_thumb.jpg,https://www.28hse.com/rent/apartment/property-3921731,2026-08-02T21:33:05.478720+00:00,2026-08-02T21:37:32.134552+00:00,金荔閣,,九龍太子金荔閣 荔枝角道127-133號,"旺角金荔閣｜特色一房連平台｜可貓狗｜全屋傢電｜拎包入住
━━━━━━━━━━━━━
 單位特色
 罕有特色單位，適合追求生活質素人士
 約480呎實用空間，一房設計
 一浴室＋獨立廁所，生活更方便
 私人平台，陽光充足，可享戶外空間
 南向單位，採光及通風良好
 全屋傢俬及電器齊備，一租即入住
 可飼養貓狗，歡迎毛孩家庭
 間隔四正，空間感充足
 設有電梯（需經少量樓梯到達樓層，非平地直達）
━━━━━━━━━━━━
 平台生活
️ 享受自然陽光
 可擺放植物或打造休閒角落
🪑 增加生活及活動空間
 毛孩亦有更多舒適活動位置
━━━━━━━━━━━━━
 地段優勢
 鄰近旺角港鐵站，交通方便
 超市、街市、商場及便利店一應俱全
 食肆林立，生活配套成熟
 多條巴士及小巴路線，出入港九新界方便
━━━━━━━━━━━━
 適合租客
 毛孩家庭（貓／狗）
 情侶
 小家庭
 上班族
 重視生活空間人士
━━━━━━━━━━━━
 歡迎查詢更多盤源
如果呢個單位未完全符合你的要求，歡迎告訴我你的預算、心儀地區及入住時間，我會按你的需要配對更多真實盤源，協助你更快搵到真正適合自己的家。",22.325245,114.164444,差餉地租､管理費,,,,2026-07-07T13:46:40+08:00,2026-07-23T16:04:05+08:00,2026-08-06T13:46:40+08:00,"[""https://i1.28hse.com/2026/07/202607111220324470453_large.jpg"", ""https://i1.28hse.com/2026/07/202607111220502827820_large.jpg"", ""https://i1.28hse.com/2026/07/202607111220236786565_large.jpg"", ""https://i1.28hse.com/2026/07/202607111220465252892_large.jpg"", ""https://i1.28hse.com/2026/07/202607111220351899680_large.jpg"", ""https://i1.28hse.com/2026/07/202607111220395568065_large.jpg"", ""https://i1.28hse.com/2026/07/20260711122057200747_large.jpg"", ""https://i1.28hse.com/2026/07/202607111221005487369_large.jpg"", ""https://i1.28hse.com/2026/07/20260711122027461017_large.jpg""]"
3942271,✧✧2大房大廳 靚圖積 歡迎睇樓 還價即成✧✧,太子,頌賢花園,16000,445,2,,中層,,35,千億物業 太子分行,https://i1.28hse.com/2026/07/202607221721285244812_thumb.jpg,https://www.28hse.com/rent/apartment/property-3942271,2026-08-02T21:33:05.478720+00:00,2026-08-02T21:37:32.919431+00:00,頌賢花園,527,九龍太子頌賢花園 通州街28號,2大房大廳 靚圖積 歡迎睇樓 還價即成,22.32408,114.16390999999999,,,,,2026-07-22T17:22:05+08:00,2026-08-02T15:54:51+08:00,2026-08-21T17:22:05+08:00,"[""https://i1.28hse.com/2026/07/202607221721277680288_large.jpg"", ""https://i1.28hse.com/2026/07/202607221721246023897_large.jpg"", ""https://i1.28hse.com/2026/07/202607221721258928289_large.jpg"", ""https://i1.28hse.com/2026/07/202607221721267345320_large.jpg"", ""https://i1.28hse.com/2026/07/20260722172128410442_large.jpg"", ""https://i1.28hse.com/2026/07/202607221721294548227_large.jpg"", ""https://i1.28hse.com/2026/07/202607221721294593268_large.jpg"", ""https://i1.28hse.com/2026/07/20260722172204918901_large.jpg""]"
3921043,查詢有影片太子超罕有大大件低層樓下應有盡有交通方便靚仔兩房筍租,太子,南苑大廈,17000,463,2,1,低層,,53,駿輝地產有限公司,https://i1.28hse.com/2026/07/202607141653584713735_thumb.jpg,https://www.28hse.com/rent/apartment/property-3921043,2026-08-02T21:33:05.478720+00:00,2026-08-02T21:37:33.544962+00:00,南苑大廈,,九龍太子南苑大廈 大南街44-62號,"Ryan 洪生 WeChat:Lok421 已打3針
【致電/Whatsapp查詢】
* 本司客源廣實客多 *
* 盡心盡力忠誠待客 *
* 專營油尖旺區樓盤 *
* 多行聯營信心保證 *
* 歡迎業主電話放盤 *
駿輝地產分行地址: 八行聯營
九龍油麻地碧街28號大安樓地鋪
九龍佐敦渡船街38號建邦商業大廈2號地鋪
九龍油麻地新填地街144號地鋪
九龍油麻地廣東道896A號地鋪
九龍旺角廣華街23號明威閣D號地舖
九龍旺角道58號國際大廈地下58A舖
九龍長沙灣元州街288號地下鋪
九龍大角嘴晏架街3號地鋪",22.324799,114.166649,,,,,2026-07-06T18:39:22+08:00,2026-07-22T16:35:36+08:00,2026-08-05T18:39:22+08:00,"[""https://i1.28hse.com/2026/07/202607141653591166449_large.jpg"", ""https://i1.28hse.com/2026/07/202607141654004034309_large.jpg"", ""https://i1.28hse.com/2026/07/202607141654012062054_large.jpg"", ""https://i1.28hse.com/2026/07/202607141654023626496_large.jpg"", ""https://i1.28hse.com/2026/07/202607141654035319346_large.jpg"", ""https://i1.28hse.com/2026/07/202607141654042273163_large.jpg"", ""https://i1.28hse.com/2026/07/202607141654041154636_large.jpg"", ""https://i1.28hse.com/2026/07/202607141654056712723_large.jpg"", ""https://i1.28hse.com/2026/07/202607141654066271634_large.jpg"", ""https://i1.28hse.com/2026/07/202607141654082065170_large.jpg"", ""https://i1.28hse.com/2026/07/202607141654094787702_large.jpg""]"
3941594,"【VR/圖則】3房,全新裝修,24小時保安,太子站出口,直通巴站,屋苑管理",太子,歡樂樓,12000,443,3,1,,梗廚,,小村置業有限公司,https://i1.28hse.com/2026/07/202607221132546950437_thumb.jpg,https://www.28hse.com/rent/apartment/property-3941594,2026-08-02T21:33:05.478720+00:00,2026-08-02T21:37:34.170955+00:00,歡樂樓,,九龍太子歡樂樓 鴉蘭街2-4號,"這是一個位於市中心的優質住宅單位，交通便捷，環境優美清靜，請與我們聯絡以安排參觀。
 
我們的經紀已在當區生活多年，對社區環境非常熟悉。關於生活配套、租車位和小朋友升學的問題，我們都可以提供幫助。尚有其他單位選擇，亦可安排一次過參觀。
 
租金已包括地租、差餉和管理費。
業主計劃長期放租，租客無需擔心業主短期內因為出售物業而收回單位。
 
業主提供優質的物業維護服務，租客可安居無憂！
 
| 網上搵樓盤 | VR睇樓 |業主放盤
小村置業：www.omuraproperty.com
Facebook/IG：omuraproperty",22.323097,114.16815900000002,差餉地租､管理費,明火煮食,,,2026-07-22T11:33:02+08:00,2026-07-22T11:33:02+08:00,2026-08-21T11:33:02+08:00,"[""https://i1.28hse.com/2026/07/202607221132552779978_large.jpg"", ""https://i1.28hse.com/2026/07/20260722113255372294_large.jpg"", ""https://i1.28hse.com/2026/07/202607221132557874487_large.jpg"", ""https://i1.28hse.com/2026/07/202607221132565424143_large.jpg"", ""https://i1.28hse.com/2026/07/202607221132564495836_large.jpg"", ""https://i1.28hse.com/2026/07/202607221132573887212_large.jpg"", ""https://i1.28hse.com/2026/07/202607221132572202995_large.jpg"", ""https://i1.28hse.com/2026/07/202607221132578695267_large.jpg"", ""https://i1.28hse.com/2026/07/202607221132585045400_large.jpg"", ""https://i1.28hse.com/2026/07/202607221132583699123_large.jpg"", ""https://i1.28hse.com/2026/07/202607221132583880975_large.jpg"", ""https://i1.28hse.com/2026/07/202607221132587773137_large.jpg"", ""https://i1.28hse.com/2026/07/202607221132598713999_large.jpg"", ""https://i1.28hse.com/2026/07/202607221132596610242_large.jpg"", ""https://i1.28hse.com/2026/07/20260722113259746829_large.jpg"", ""https://i1.28hse.com/2026/07/20260722113300211565_large.jpg"", ""https://i1.28hse.com/2026/07/20260722113300438202_large.jpg"", ""https://i1.28hse.com/2026/07/202607221133007121115_large.jpg"", ""https://i1.28hse.com/2026/07/202607221133012596460_large.jpg"", ""https://i1.28hse.com/2026/07/202607221133011261786_large.jpg"", ""https://i1.28hse.com/2026/07/202607221133011147124_large.jpg"", ""https://i1.28hse.com/2026/07/202607221132546950437_large.jpg""]"
3940914,【 核心地段 1分鐘地鐵站 實用3房 望公園景 】,太子,寶崙樓,16500,510,3,1,,,60,三月地產,https://i1.28hse.com/2026/07/202607211651373283432_thumb.jpg,https://www.28hse.com/rent/apartment/property-3940914,2026-08-02T21:33:05.478720+00:00,2026-08-02T21:37:34.862606+00:00,寶崙樓,,九龍太子寶崙樓 砵蘭街428號,"寶崙樓
● 核心地段 1分鐘地鐵站
● 實用3房 望公園景",22.325739,114.167564,差餉地租､管理費,,,,2026-07-21T16:52:13+08:00,2026-07-21T16:52:13+08:00,2026-08-20T16:52:13+08:00,"[""https://i1.28hse.com/2026/07/202607211651305518258_large.jpg"", ""https://i1.28hse.com/2026/07/202607211651326673217_large.jpg"", ""https://i1.28hse.com/2026/07/202607211651333905507_large.jpg"", ""https://i1.28hse.com/2026/07/20260721165135819877_large.jpg"", ""https://i1.28hse.com/2026/07/202607211651394479983_large.jpg"", ""https://i1.28hse.com/2026/07/202607211651416177426_large.jpg"", ""https://i1.28hse.com/2026/07/202607211651423019525_large.jpg"", ""https://i1.28hse.com/2026/07/202607211651437273185_large.jpg"", ""https://i1.28hse.com/2026/07/202607211651452834669_large.jpg"", ""https://i1.28hse.com/2026/07/202607211651466983091_large.jpg"", ""https://i1.28hse.com/2026/07/202607211651475341502_large.jpg"", ""https://i1.28hse.com/2026/07/202607211651485420165_large.jpg"", ""https://i1.28hse.com/2026/07/202607211651508461999_large.jpg""]"
3921023,太子高質兩房 約睇,太子,利泰大樓,16800,407,2,1,中層,,63,駿輝地產投資有限公司,https://i1.28hse.com/2026/07/20260723220225327826_thumb.jpg,https://www.28hse.com/rent/apartment/property-3921023,2026-08-02T21:33:05.478720+00:00,2026-08-02T21:37:35.458309+00:00,利泰大樓,,九龍太子利泰大樓 太子道西101-107號,"許小姐５５０６６０４９
許小姐５５０６６０４９",22.323376,114.16590099999999,差餉地租､管理費,,,,2026-07-06T18:34:19+08:00,2026-07-23T22:02:38+08:00,2026-08-05T18:34:19+08:00,"[""https://i1.28hse.com/2026/07/202607232202263656950_large.jpg"", ""https://i1.28hse.com/2026/07/20260723220227622390_large.jpg"", ""https://i1.28hse.com/2026/07/202607232202274803760_large.jpg"", ""https://i1.28hse.com/2026/07/202607232202285233559_large.jpg""]"
3940731,近港鐵 商業契 2房,太子,南苑大廈,17000,464,2,,低層,,47,千億物業 太子分行,https://i1.28hse.com/2026/07/202607211535076710465_thumb.jpg,https://www.28hse.com/rent/apartment/property-3940731,2026-08-02T21:33:05.478720+00:00,2026-08-02T21:37:36.086982+00:00,南苑大廈,,九龍太子南苑大廈 大南街44-62號,近港鐵 商業契 2房,22.324799,114.166649,,,,,2026-07-21T15:35:17+08:00,2026-08-02T15:55:25+08:00,2026-08-20T15:35:17+08:00,"[""https://i1.28hse.com/2026/07/202607211535064045089_large.jpg"", ""https://i1.28hse.com/2026/07/202607211535061034194_large.jpg"", ""https://i1.28hse.com/2026/07/202607211535074080112_large.jpg"", ""https://i1.28hse.com/2026/07/202607211535077342867_large.jpg"", ""https://i1.28hse.com/2026/07/202607211535074139044_large.jpg""]"
3898006,查詢有影片太子道西旺中帶靜非平地電梯大件靚仔乾濕分離實用靚仔兩房快走筍租,太子,利泰大樓,16800,407,2,1,中層,,63,駿輝地產有限公司,https://i1.28hse.com/2026/06/202606241658252673583_thumb.jpg,https://www.28hse.com/rent/apartment/property-3898006,2026-08-02T21:33:05.478720+00:00,2026-08-02T21:37:36.716526+00:00,利泰大樓,,九龍太子利泰大樓 太子道西101-107號,"Ryan 洪生 WeChat:Lok421 已打5針
【致電/Whatsapp查詢】
* 本司客源廣實客多 *
* 盡心盡力忠誠待客 *
* 專營油尖旺區樓盤 *
* 多行聯營信心保證 *
* 歡迎業主電話放盤 *
駿輝地產分行地址: 十一行聯營
九龍油麻地碧街28號大安樓地鋪",22.323376,114.165901,差餉地租､管理費,,,,2026-07-20T15:10:03+08:00,2026-07-20T15:10:03+08:00,2026-08-19T15:10:03+08:00,"[""https://i1.28hse.com/2026/06/202606241658268829086_large.jpg"", ""https://i1.28hse.com/2026/06/202606241658264419271_large.jpg"", ""https://i1.28hse.com/2026/06/202606241658272591651_large.jpg"", ""https://i1.28hse.com/2026/06/202606241658277688106_large.jpg"", ""https://i1.28hse.com/2026/06/202606241658286982476_large.jpg"", ""https://i1.28hse.com/2026/06/202606241658294639665_large.jpg"", ""https://i1.28hse.com/2026/06/202606241658298211834_large.jpg""]"
3928527,屋苑式大房大廳 太子地鐵站 靚仔裝修 旺中帶靜地段,太子,頌賢花園,16000,445,2,,高層,,38,千億物業 太子分行,https://i1.28hse.com/2026/07/202607181746146767698_thumb.jpg,https://www.28hse.com/rent/apartment/property-3928527,2026-08-02T21:33:05.478720+00:00,2026-08-02T21:37:37.404474+00:00,頌賢花園,527,九龍太子頌賢花園 通州街28號,"屋苑式大房大廳 太子地鐵站 靚仔裝修 旺中帶靜地段
請致電千億常小姐",22.32408,114.16390999999999,,,,,2026-07-11T19:13:33+08:00,2026-07-18T17:48:17+08:00,2026-08-10T19:13:33+08:00,"[""https://i1.28hse.com/2026/07/202607181746124670181_large.jpg"", ""https://i1.28hse.com/2026/07/202607181746138769780_large.jpg"", ""https://i1.28hse.com/2026/07/202607181746154358820_large.jpg"", ""https://i1.28hse.com/2026/07/202607181746168977730_large.jpg""]"
3915493,"屋苑管理,24小時保安,交通方便,生活配套,衣食住行.",太子,頌賢花園,16000,445,2,1,中層,梗廚,38,金豐物業,https://i1.28hse.com/2026/07/202607031316014983558_thumb.jpg,https://www.28hse.com/rent/apartment/property-3915493,2026-08-02T21:33:05.478720+00:00,2026-08-02T21:37:38.036434+00:00,頌賢花園,527,九龍太子頌賢花園 通州街28號,"屋苑管理,24小時保安,交通方便,生活配套,衣食住行.二房二廳.合家庭及學生.",22.32408,114.16390999999999,差餉地租､管理費,,,,2026-07-03T13:07:32+08:00,2026-07-26T17:04:49+08:00,2026-08-02T13:07:32+08:00,"[""https://i1.28hse.com/2026/07/202607031316043417656_large.jpg"", ""https://i1.28hse.com/2026/07/202607031316072144303_large.jpg"", ""https://i1.28hse.com/2026/07/202607031316098159597_large.jpg"", ""https://i1.28hse.com/2026/07/202607031316117829330_large.jpg"", ""https://i1.28hse.com/2026/07/202607031316141423964_large.jpg"", ""https://i1.28hse.com/2026/07/202607031316158144289_large.jpg"", ""https://i1.28hse.com/2026/07/202607031316168553649_large.jpg"", ""https://i1.28hse.com/2026/07/202607031316183864742_large.jpg"", ""https://i1.28hse.com/2026/07/202607031316196119847_large.jpg"", ""https://i1.28hse.com/2026/07/202607031316214992956_large.jpg"", ""https://i1.28hse.com/2026/07/20260703131623851941_large.jpg"", ""https://i1.28hse.com/2026/07/202607031316265048454_large.jpg"", ""https://i1.28hse.com/2026/07/202607031316283512921_large.jpg""]"
3933233,🩵三月🩵【靚裝兩房 ● 5分鐘太子站 ● 乾濕分離廁】*即租即住*,太子,利泰大樓,16800,450,2,1,中層,梗廚,63,三月地產,https://i1.28hse.com/2026/07/202607151719475893294_thumb.jpg,https://www.28hse.com/rent/apartment/property-3933233,2026-08-02T21:33:05.478720+00:00,2026-08-02T21:37:38.721669+00:00,利泰大樓,,九龍太子利泰大樓 太子道西101-107號,"*靚裝兩房
*大兩房
*梗廚
*乾濕分離廁
*大廈非平地電梯(約16級)",22.323376,114.165901,差餉地租､管理費,,,,2026-07-15T17:20:29+08:00,2026-07-15T17:20:29+08:00,2026-08-14T17:20:29+08:00,"[""https://i1.28hse.com/2026/07/202607151719486680815_large.jpg"", ""https://i1.28hse.com/2026/07/202607151719483687766_large.jpg"", ""https://i1.28hse.com/2026/07/20260715171946856102_large.jpg"", ""https://i1.28hse.com/2026/07/202607151719474078561_large.jpg"", ""https://i1.28hse.com/2026/07/202607151719476381702_large.jpg"", ""https://i1.28hse.com/2026/07/202607151719462147045_large.jpg"", ""https://i1.28hse.com/2026/07/202607151719445467959_large.jpg"", ""https://i1.28hse.com/2026/07/202607151719453568891_large.jpg"", ""https://i1.28hse.com/2026/07/202607151719458211925_large.jpg""]"
3931766,"全屋傢電,交通方便, 南苑大廈, 2房1廳, 低層",太子,南苑大廈,17000,463,2,1,低層,,53,金暉地產公司,https://i1.28hse.com/2026/07/202607141606258615765_thumb.jpg,https://www.28hse.com/rent/apartment/property-3931766,2026-08-02T21:33:05.478720+00:00,2026-08-02T21:37:39.331858+00:00,南苑大廈,,九龍太子南苑大廈 大南街44-62號,"南苑大廈
2房1廳
低層
有匙即日睇",22.324799,114.166649,,,,,2026-07-14T16:06:36+08:00,2026-07-14T16:06:36+08:00,2026-08-13T16:06:36+08:00,"[""https://i1.28hse.com/2026/07/202607141606268161057_large.jpg"", ""https://i1.28hse.com/2026/07/202607141606272693264_large.jpg"", ""https://i1.28hse.com/2026/07/20260714160627429489_large.jpg"", ""https://i1.28hse.com/2026/07/20260714160628414213_large.jpg"", ""https://i1.28hse.com/2026/07/202607141606292521092_large.jpg""]"
3917649,太子福耀大廈三房一廳租16800,太子,單幢樓房,16800,500,3,1,,,,旗昌地產公司,https://i1.28hse.com/2026/07/202607292147108167479_thumb.jpg,https://www.28hse.com/rent/apartment/property-3917649,2026-08-02T21:33:05.478720+00:00,2026-08-02T21:37:39.978188+00:00,單幢樓房,,九龍太子單幢樓房 大埔道,"太子福耀大廈三房一廳租16800
微信：keecheong2328",22.325504,114.168182,差餉地租､管理費,,,,2026-07-04T15:16:12+08:00,2026-07-29T21:47:39+08:00,2026-08-03T15:16:12+08:00,"[""https://i1.28hse.com/2026/07/202607292147117717386_large.jpg"", ""https://i1.28hse.com/2026/07/202607292147115762429_large.jpg"", ""https://i1.28hse.com/2026/07/202607292147115603138_large.jpg"", ""https://i1.28hse.com/2026/07/202607292147127714279_large.jpg"", ""https://i1.28hse.com/2026/07/202607292147128037198_large.jpg"", ""https://i1.28hse.com/2026/07/202607292147131400186_large.jpg"", ""https://i1.28hse.com/2026/07/202607292147132126879_large.jpg"", ""https://i1.28hse.com/2026/07/202607292147143068902_large.jpg"", ""https://i1.28hse.com/2026/07/202607292147143791762_large.jpg"", ""https://i1.28hse.com/2026/07/202607292147158288047_large.jpg"", ""https://i1.28hse.com/2026/07/202607292147157123277_large.jpg"", ""https://i1.28hse.com/2026/07/202607292147162907376_large.jpg""]"
3921177,【唐4】 1分鐘到太子站 特大2房 將會係全新裝修（裝修中） 筍價出租,太子,砵蘭街442號,13000,475,2,1,,梗廚,60,富榮地產代理,https://i1.28hse.com/2026/07/202607061948064647634_thumb.jpg,https://www.28hse.com/rent/apartment/property-3921177,2026-08-02T21:33:05.478720+00:00,2026-08-02T21:37:40.818406+00:00,砵蘭街442號,,九龍太子砵蘭街442號 砵蘭街442號,"***租客須提供入息證明***
***不可飼養寵物***
1分鐘到太子站
間隔實用 房大廳大
但求好客 平價出租
約睇請電６３３６３６５３ VICTOR王生
************************************
* 本司客源廣盤源足 *
* 四行聯營交易穩妥 *
* 歡迎業主電話委託 *
*歡迎致電或Whatsapp查詢
* 通菜街238號榮森大廈地下A2舖 (運動場道交界)
* 界限街43號恒富大廈地下B2舖 (太子站A出口)
* 旺角奶路臣街19B號得寶大廈地下6號舖 (中旅社側)
*旺角道46號地下A舖(花園街交界)",22.326053999999992,114.167473,差餉地租､管理費,,,,2026-07-06T19:48:09+08:00,2026-07-16T13:08:10+08:00,2026-08-05T19:48:09+08:00,"[""https://i1.28hse.com/2026/07/202607061948072042330_large.jpg"", ""https://i1.28hse.com/2026/07/202607061948077116603_large.jpg"", ""https://i1.28hse.com/2026/07/20260706194807358971_large.jpg"", ""https://i1.28hse.com/2026/07/202607061948085320685_large.jpg"", ""https://i1.28hse.com/2026/07/202607061948085306531_large.jpg"", ""https://i1.28hse.com/2026/07/202607061948083204575_large.jpg"", ""https://i1.28hse.com/2026/07/202607061948081630854_large.jpg""]"
3872386,"唐1字,靚裝,平租",太子,唐樓,13000,516,2,1,,,,富榮地產代理,https://i1.28hse.com/2026/06/20260602140934659732_thumb.jpg,https://www.28hse.com/rent/apartment/property-3872386,2026-08-02T21:33:05.478720+00:00,2026-08-02T21:37:41.398642+00:00,唐樓,,九龍太子唐樓 荔枝角道199號,實用兩房,,,差餉地租､管理費,,,,2026-07-05T12:38:36+08:00,2026-07-05T12:38:36+08:00,2026-08-04T12:38:36+08:00,"[""https://i1.28hse.com/2026/06/202606021409355908242_large.jpg"", ""https://i1.28hse.com/2026/06/202606021409354131894_large.jpg"", ""https://i1.28hse.com/2026/06/202606021409356551054_large.jpg"", ""https://i1.28hse.com/2026/06/202606021409352244555_large.jpg""]"
3371266,弼街新填地街符近朗豪坊及旺角街市場6分鐘地鐵站平租求好客(唐7樓),太子,,14500,600,3,1,中層,,,富榮地產代理,https://i1.28hse.com/2026/06/202606251737001923540_thumb.jpg,https://www.28hse.com/rent/apartment/property-3371266,2026-08-02T21:33:05.478720+00:00,2026-08-02T21:37:41.992117+00:00,"弼街31-33號/新填地街566-568號7樓A室 FIatA,7/F,31-33號BUTESTREET/566-568號REMATIONSTREET",,九龍太子弼街31-33號/新填地街566-568號7樓A室 弼街31-33號/新填地街566-568號7樓A室,弼街新填地街符近朗豪坊及旺角街市場6分鐘地鐵站平租求好客(唐7樓),,,,,,,2026-07-03T12:30:18+08:00,2026-07-03T12:32:40+08:00,2026-08-02T12:30:18+08:00,"[""https://i1.28hse.com/2026/06/202606251737002163573_large.jpg"", ""https://i1.28hse.com/2026/06/202606251737001677967_large.jpg"", ""https://i1.28hse.com/2026/06/202606251737002339172_large.jpg""]"
2049807,"大房大廳,一家大小,寬敞舒適,有匙即睇",大角咀,中耀樓,14000,406,2,1,低層,梗廚,56,名城 (九龍) 地產,https://i1.28hse.com/2026/07/202607301921592922268_thumb.jpg,https://www.28hse.com/rent/apartment/property-2049807,2026-08-02T21:33:05.478720+00:00,2026-08-02T21:37:42.596580+00:00,中耀樓,,九龍大角咀中耀樓 角祥街75號,歡迎學生，市區二房，交通便利，生活配套，一應俱全,22.322851,114.160149,差餉地租､管理費,明火煮食,,,2026-07-30T19:17:16+08:00,2026-07-30T19:22:41+08:00,2026-08-29T19:17:16+08:00,"[""https://i1.28hse.com/2026/07/202607301922027647578_large.jpg"", ""https://i1.28hse.com/2026/07/202607301922041755471_large.jpg"", ""https://i1.28hse.com/2026/07/202607301922066960855_large.jpg"", ""https://i1.28hse.com/2026/07/202607301922087898462_large.jpg"", ""https://i1.28hse.com/2026/07/202607301922115784607_large.jpg""]"
3949424,【筍租】新裝三房平租 只求好客,大角咀,中原樓,12800,403,3,,低層,,60,置業2地產代理,https://i1.28hse.com/2026/07/20260728135300838864_thumb.jpg,https://www.28hse.com/rent/apartment/property-3949424,2026-08-02T21:33:05.478720+00:00,2026-08-02T21:37:43.229943+00:00,中原樓,,九龍大角咀中原樓 樂群街3號,"平租, 只求好租客, 交通便利, 間隔四正, 實用率高, 廳大房大",22.322788,114.160881,差餉地租､管理費,,,,2026-07-28T13:53:16+08:00,2026-07-28T13:53:16+08:00,2026-08-27T13:53:16+08:00,"[""https://i1.28hse.com/2026/07/202607281353017426247_large.jpg"", ""https://i1.28hse.com/2026/07/202607281353027845053_large.jpg"", ""https://i1.28hse.com/2026/07/202607281353038563643_large.jpg"", ""https://i1.28hse.com/2026/07/202607281353035698565_large.jpg"", ""https://i1.28hse.com/2026/07/202607281353044145605_large.jpg"", ""https://i1.28hse.com/2026/07/202607281353056572103_large.jpg"", ""https://i1.28hse.com/2026/07/202607281353078531999_large.jpg"", ""https://i1.28hse.com/2026/07/202607281353082995256_large.jpg""]"
2512489,近太子站 超實用四正 可做3房 東南多窗 舒適好住 求好客,大角咀,福和大樓,13800,438,2,,中層,,49,大同地產(塘尾道),https://i1.28hse.com/2023/01/202301111800002177353_thumb.jpg,https://www.28hse.com/rent/apartment/property-2512489,2026-08-02T21:33:05.478720+00:00,2026-08-02T21:37:43.871489+00:00,福和大樓,,九龍大角咀福和大樓 通州街37-49A號,近太子站 超實用四正 2廳 東南多窗 舒適好住 求好客,22.322979,114.164391,差餉地租､管理費,,,,2026-07-14T19:28:54+08:00,2026-07-14T19:34:56+08:00,2026-08-13T19:28:54+08:00,"[""https://i1.28hse.com/2023/01/202301111800003519965_large.jpg"", ""https://i1.28hse.com/2023/01/202301111800004671348_large.jpg"", ""https://i1.28hse.com/2023/01/202301111800008401304_large.jpg"", ""https://i1.28hse.com/2026/07/20260714193436695841_large.jpg"", ""https://i1.28hse.com/2026/07/202607141934363978062_large.jpg"", ""https://i1.28hse.com/2026/07/202607141934376720947_large.jpg"", ""https://i1.28hse.com/2026/07/20260714193438461522_large.jpg"", ""https://i1.28hse.com/2026/07/202607141934395808673_large.jpg"", ""https://i1.28hse.com/2026/07/202607141934407257751_large.jpg""]"
3929381,"旺中帶靜,十分鐘到奧海城",大角咀,福興大樓,14900,414,2,1,中層,開放式廚房,62,卓越地產,https://i1.28hse.com/2026/07/202607121846416207123_thumb.jpg,https://www.28hse.com/rent/apartment/property-3929381,2026-08-02T21:33:05.478720+00:00,2026-08-02T21:37:44.484798+00:00,福興大樓,,九龍大角咀福興大樓 福全街20-28號,2房/旺中帶靜/十分鐘到奧海城,22.321077,114.164795,差餉地租､管理費,,,,2026-07-12T16:53:51+08:00,2026-07-29T16:29:32+08:00,2026-08-11T16:53:51+08:00,"[""https://i1.28hse.com/2026/07/202607121846443838536_large.jpg"", ""https://i1.28hse.com/2026/07/202607121846471476254_large.jpg"", ""https://i1.28hse.com/2026/07/202607121846513498590_large.jpg"", ""https://i1.28hse.com/2026/07/202607121847006229095_large.jpg"", ""https://i1.28hse.com/2026/07/202607121847115154383_large.jpg"", ""https://i1.28hse.com/2026/07/202607121855334897506_large.jpg""]"
3934961,又大又新淨！兩房、樓下清淨、洋樓,大角咀,櫻桃大廈,13000,401,2,1,低層,,61,駿輝地產旺角有限公司,https://i1.28hse.com/2026/07/202607302201581806412_thumb.jpg,https://www.28hse.com/rent/apartment/property-3934961,2026-08-02T21:33:05.478720+00:00,2026-08-02T21:37:45.136279+00:00,櫻桃大廈,,九龍大角咀櫻桃大廈 橡樹街17-39號,又大又新淨！兩房、樓下清淨、洋樓,22.318825,114.163559,差餉地租､管理費,,,,2026-07-16T22:23:58+08:00,2026-08-01T02:56:28+08:00,2026-08-15T22:23:58+08:00,"[""https://i1.28hse.com/2026/07/202607302201588119086_large.jpg"", ""https://i1.28hse.com/2026/07/202607302201597034002_large.jpg"", ""https://i1.28hse.com/2026/07/202607302201592916094_large.jpg"", ""https://i1.28hse.com/2026/07/202607302201593570183_large.jpg""]"
3954039,大角咀 超筍兩房洋樓 全新靚裝401呎 12000,大角咀,櫻桃大廈,12000,401,2,1,低層,,61,駿輝地產旺角有限公司,https://i1.28hse.com/2026/07/202607311829491776191_thumb.jpg,https://www.28hse.com/rent/apartment/property-3954039,2026-08-02T21:33:05.478720+00:00,2026-08-02T21:37:45.781522+00:00,櫻桃大廈,,九龍大角咀櫻桃大廈 橡樹街17-39號,"筍盤 一房一廳 全新靚裝 乾濕分離 基本家電 全新靚裝 基本家電 傢俬 租合櫃 wifi 近地鐵站
平租, 只求好租客, 豪華靚裝, 街景, 開揚, 遠景, 樓景, 包傢俬, 包電器, 有裝修, 旺中帶靜, 設施齊備, 傢電靚裝, 實用率高",22.318825,114.163559,差餉地租､管理費,,,,2026-07-31T18:29:59+08:00,2026-07-31T18:29:59+08:00,2026-08-30T18:29:59+08:00,"[""https://i1.28hse.com/2026/07/202607311829497310078_large.jpg"", ""https://i1.28hse.com/2026/07/202607311829508182444_large.jpg"", ""https://i1.28hse.com/2026/07/202607311829502692923_large.jpg"", ""https://i1.28hse.com/2026/07/202607311829518494122_large.jpg"", ""https://i1.28hse.com/2026/07/202607311829515141918_large.jpg"", ""https://i1.28hse.com/2026/07/202607311829522487011_large.jpg""]"
3809091,5分鐘直達鐵路站 大2房大廳 開陽多窗,大角咀,櫻桃大廈,13000,410,2,1,低層,,61,駿輝地產港一有限公司,https://i1.28hse.com/2026/07/202607310225313947431_thumb.jpg,https://www.28hse.com/rent/apartment/property-3809091,2026-08-02T21:33:05.478720+00:00,2026-08-02T21:37:46.387802+00:00,櫻桃大廈,,九龍大角咀櫻桃大廈 橡樹街17-39號,鄰近地鐵 大2房大廳多窗 二十四小時保安 只此一間有匙 看房約 ms Becky,22.318825,114.163559,差餉地租､管理費,,,,2026-07-30T07:26:15+08:00,2026-07-31T02:25:40+08:00,2026-08-29T07:26:15+08:00,"[""https://i1.28hse.com/2026/07/202607310225321224829_large.jpg"", ""https://i1.28hse.com/2026/07/202607310225325189072_large.jpg"", ""https://i1.28hse.com/2026/07/202607310225321989808_large.jpg"", ""https://i1.28hse.com/2026/07/202607310225333655605_large.jpg""]"
3825445,獨家大大件【超值2房大廈維修中】5分鐘太子地鐵站,大角咀,長豐大廈,12500,432,2,1,中層,梗廚,60,三月地產,https://i1.28hse.com/2026/07/202607171750168402527_thumb.jpg,https://www.28hse.com/rent/apartment/property-3825445,2026-08-02T21:33:05.478720+00:00,2026-08-02T21:37:47.023537+00:00,長豐大廈,,九龍大角咀長豐大廈 通州街6號,"【長豐大廈】
● 全屋已翻新
● 大大件四四正正2房
● 合家庭客，明廁有窗
● 儲水式熱水爐，梗廚可用煤氣
● 平地電梯洋樓
● 5分鐘太子地鐵站
● 歡迎預約",22.322996,114.165009,差餉地租､管理費 / 煤氣,明火煮食,,,2026-07-29T15:07:48+08:00,2026-07-29T15:07:48+08:00,2026-08-28T15:07:48+08:00,"[""https://i1.28hse.com/2026/07/202607171750122193732_large.jpg"", ""https://i1.28hse.com/2026/07/20260717175012161031_large.jpg"", ""https://i1.28hse.com/2026/07/202607171750128021339_large.jpg"", ""https://i1.28hse.com/2026/07/202607171750121575407_large.jpg"", ""https://i1.28hse.com/2026/07/202607171750121886667_large.jpg"", ""https://i1.28hse.com/2026/07/20260717175013565723_large.jpg"", ""https://i1.28hse.com/2026/07/202607171750132459463_large.jpg"", ""https://i1.28hse.com/2026/07/202607171750138955578_large.jpg"", ""https://i1.28hse.com/2026/07/202607171750141659495_large.jpg"", ""https://i1.28hse.com/2026/07/202607171750142416697_large.jpg"", ""https://i1.28hse.com/2026/07/202607171750108406277_large.jpg"", ""https://i1.28hse.com/2026/07/202607171750142577316_large.jpg"", ""https://i1.28hse.com/2026/07/202607171750148524651_large.jpg"", ""https://i1.28hse.com/2026/07/202607171750156630990_large.jpg"", ""https://i1.28hse.com/2026/07/202607171750155169473_large.jpg"", ""https://i1.28hse.com/2026/07/202607171750153658250_large.jpg"", ""https://i1.28hse.com/2026/07/202607171750103399287_large.jpg"", ""https://i1.28hse.com/2026/07/202607171750114077223_large.jpg"", ""https://i1.28hse.com/2026/07/202607171750116759629_large.jpg""]"
3949544,大型屋苑 配套設施完善 交通便利.,大角咀,中原樓,12800,403,3,1,低層,,60,置業2地產代理,https://i1.28hse.com/2026/07/202607281450334590649_thumb.jpg,https://www.28hse.com/rent/apartment/property-3949544,2026-08-02T21:33:05.478720+00:00,2026-08-02T21:37:47.639065+00:00,中原樓,,九龍大角咀中原樓 樂群街3號,罕有3房 平地電梯 乾濕廁.,22.322788,114.160881,差餉地租､管理費,,,,2026-07-28T14:51:58+08:00,2026-07-28T14:51:58+08:00,2026-08-27T14:51:58+08:00,"[""https://i1.28hse.com/2026/07/202607281450345589321_large.jpg"", ""https://i1.28hse.com/2026/07/202607281450355084127_large.jpg"", ""https://i1.28hse.com/2026/07/202607281450363070940_large.jpg"", ""https://i1.28hse.com/2026/07/202607281450386209258_large.jpg"", ""https://i1.28hse.com/2026/07/202607281450401776190_large.jpg"", ""https://i1.28hse.com/2026/07/202607281450413846520_large.jpg""]"
2651587,裝修3房大廳平地電梯高層,大角咀,櫻桃大廈,12300,401,2,1,高層,,61,裕發地產代理公司,https://i1.28hse.com/2026/07/202607311643534700171_thumb.jpg,https://www.28hse.com/rent/apartment/property-2651587,2026-08-02T21:33:05.478720+00:00,2026-08-02T21:37:48.251458+00:00,櫻桃大廈,580,九龍大角咀櫻桃大廈 橡樹街17-39號,"平租, 只求好租客, 簡單裝修, 高實用率, 新委托, 8月中吉 平租, 只求好租客, 中心旺地, 交通便利, 間隔四正",22.318825,114.163559,差餉地租､管理費,,,,2026-07-25T19:00:59+08:00,2026-07-31T16:44:55+08:00,2026-08-24T19:00:59+08:00,"[""https://i1.28hse.com/2026/07/202607311643545814528_large.jpg"", ""https://i1.28hse.com/2026/07/202607311643541863037_large.jpg"", ""https://i1.28hse.com/2026/07/202607311643551625193_large.jpg"", ""https://i1.28hse.com/2026/07/202607311643555525658_large.jpg"", ""https://i1.28hse.com/2026/07/202607311643551472254_large.jpg"", ""https://i1.28hse.com/2026/07/202607311643566084926_large.jpg""]"
3943039,5分鐘太子地鐵站 廳大房大兩房 可約睇樓,大角咀,慶年大樓,14500,412,2,1,,開放式廚房,59,宇晴地產,https://i1.28hse.com/2026/07/202607231233483582230_thumb.jpg,https://www.28hse.com/rent/apartment/property-3943039,2026-08-02T21:33:05.478720+00:00,2026-08-02T21:37:48.873672+00:00,慶年大樓,,九龍大角咀慶年大樓 塘尾道210號,"實體舖 歡迎查詢
又意可電何小姐6 8 8 8 6 5 2 9",22.32435,114.165222,差餉地租､管理費,,,,2026-07-23T12:35:12+08:00,2026-07-23T12:35:12+08:00,2026-08-22T12:35:12+08:00,"[""https://i1.28hse.com/2026/07/202607231233487853362_large.jpg"", ""https://i1.28hse.com/2026/07/202607231233491193033_large.jpg"", ""https://i1.28hse.com/2026/07/202607231233506890062_large.jpg"", ""https://i1.28hse.com/2026/07/202607231233506980373_large.jpg"", ""https://i1.28hse.com/2026/07/202607231233514482268_large.jpg"", ""https://i1.28hse.com/2026/07/202607231233524727049_large.jpg""]"
3925490,鄰近太子旺角 超實用大廳大房,大角咀,福和大樓,13800,438,2,,中層,,52,大同地產(麗華大廈),https://i1.28hse.com/2026/07/202607221045413759181_thumb.jpg,https://www.28hse.com/rent/apartment/property-3925490,2026-08-02T21:33:05.478720+00:00,2026-08-02T21:37:49.494841+00:00,福和大樓,,九龍大角咀福和大樓 通州街37-49A號,"鄰近地鐵站
靜中帶旺
開揚光猛 實用間格
民生配套一應俱全
交通便利 四通八達",22.322979,114.164391,差餉地租､管理費,,,,2026-07-09T19:34:34+08:00,2026-07-22T11:21:52+08:00,2026-08-08T19:34:34+08:00,"[""https://i1.28hse.com/2026/07/202607221045424162215_large.jpg"", ""https://i1.28hse.com/2026/07/202607221045418119149_large.jpg"", ""https://i1.28hse.com/2026/07/202607221045428155308_large.jpg"", ""https://i1.28hse.com/2026/07/202607221045422900002_large.jpg"", ""https://i1.28hse.com/2026/07/202607221045422523340_large.jpg""]"
3927139,*靚裝3房 適合家庭客 平地電梯 有匙即睇*,大角咀,中原樓,16500,419,3,1,低層,,60,廣信地產顧問有限公司,https://i1.28hse.com/2026/07/202607102040501253495_thumb.jpg,https://www.28hse.com/rent/apartment/property-3927139,2026-08-02T21:33:05.478720+00:00,2026-08-02T21:37:50.129767+00:00,中原樓,420,九龍大角咀中原樓 樂群街3號,"*歡迎致電或Whatsapp查詢
*廣信地產多間分行為你服務：
-油麻地上海街383號地下A2舖
-旺角山東街24號地下B舖
-旺角渡船街323號地下2號舖
-大角咀埃華街70號地下1C2號舖",22.322788,114.160881,差餉地租､管理費,,,,2026-07-10T20:41:12+08:00,2026-07-17T15:45:40+08:00,2026-08-09T20:41:12+08:00,"[""https://i1.28hse.com/2026/07/202607102040512059841_large.jpg"", ""https://i1.28hse.com/2026/07/202607102040526974766_large.jpg"", ""https://i1.28hse.com/2026/07/202607102040532564653_large.jpg"", ""https://i1.28hse.com/2026/07/202607102040537033518_large.jpg"", ""https://i1.28hse.com/2026/07/202607102040553228665_large.jpg"", ""https://i1.28hse.com/2026/07/202607102040576388312_large.jpg"", ""https://i1.28hse.com/2026/07/202607102040597547274_large.jpg"", ""https://i1.28hse.com/2026/07/20260710204100469284_large.jpg"", ""https://i1.28hse.com/2026/07/202607102041014388705_large.jpg"", ""https://i1.28hse.com/2026/07/202607102041022903836_large.jpg""]"
3927709,2大房大廳，新裝修平地電梯，即租即用,大角咀,必發大廈,12900,434,2,,中層,,53,千億物業 太子分行,https://i1.28hse.com/2026/07/20260711131136921069_thumb.jpg,https://www.28hse.com/rent/apartment/property-3927709,2026-08-02T21:33:05.478720+00:00,2026-08-02T21:37:50.755044+00:00,必發大廈,,九龍大角咀必發大廈 必發道9號,2大房大廳，新裝修平地電梯，即租即用,22.321966,114.164917,,,,,2026-07-11T13:11:54+08:00,2026-07-11T13:15:22+08:00,2026-08-10T13:11:54+08:00,"[""https://i1.28hse.com/2026/07/202607111311368862851_large.jpg"", ""https://i1.28hse.com/2026/07/202607111311378437123_large.jpg"", ""https://i1.28hse.com/2026/07/202607111311377247397_large.jpg"", ""https://i1.28hse.com/2026/07/202607111311375132016_large.jpg"", ""https://i1.28hse.com/2026/07/202607111311378187164_large.jpg"", ""https://i1.28hse.com/2026/07/202607111311377700057_large.jpg"", ""https://i1.28hse.com/2026/07/202607111311381987993_large.jpg"", ""https://i1.28hse.com/2026/07/20260711131153396443_large.jpg""]"
3533635,大角咀 %% 港灣豪庭 %% 兩房齊傢電 出租,大角咀,港灣豪庭,16900,403,2,1,中層,,22,泰盛物業,https://i1.28hse.com/2025/08/202508081554015573157_thumb.jpg,https://www.28hse.com/rent/apartment/property-3533635,2026-08-02T21:33:05.478720+00:00,2026-08-02T21:37:51.379182+00:00,港灣豪庭,,九龍大角咀港灣豪庭 福利街8號,"1，放租單位是位於二期10座中層B單位，向南，開揚，合屏式露台，雅裝為主。
2，屋苑內亦有大形平台，會所，泳池，健身室，室內運動場等等，可供住戶使用。
3，如步行約8分鐘左右可到奧運站，而10分鐘左右可到南昌站，10分鐘內可出到太子及深水埗等，屋苑樓下就有12B綠色小巴，出太子及旺角，旺角火車站，交通方面也算可以……
4，基座是港灣商場，鄰近有大角咀市政街市大樓，及各種各樣的小食店及餐廳民生需求不缺乏。
5，屋苑內車位充促，可供駕車人士租用。
6，單位的房間四正，室內現有的傢俱，如不合適，亦可以相討，即使小康家庭也合適。
7，租金及佣金可議，歡迎來電約睇。
8，歡迎行家合作各收。",22.324369,114.15979,差餉地租､管理費,,,,2026-07-06T19:03:23+08:00,2026-07-06T19:04:13+08:00,2026-08-07T12:29:46+08:00,"[""https://i1.28hse.com/2025/08/202508081554006198252_large.jpg"", ""https://i1.28hse.com/2025/08/202508081553347682315_large.jpg"", ""https://i1.28hse.com/2025/08/202508081553286061418_large.jpg"", ""https://i1.28hse.com/2025/08/202508081553371207761_large.jpg"", ""https://i1.28hse.com/2025/08/202508081554014391288_large.jpg"", ""https://i1.28hse.com/2025/08/202508081553511964843_large.jpg"", ""https://i1.28hse.com/2025/08/202508081553404162952_large.jpg"", ""https://i1.28hse.com/2025/08/202508081554004861460_large.jpg"", ""https://i1.28hse.com/2025/08/202508081554011534488_large.jpg"", ""https://i1.28hse.com/2025/08/202508081554015616806_large.jpg"", ""https://i1.28hse.com/2025/08/202508081553461476792_large.jpg"", ""https://i1.28hse.com/estate_data/67/2564/FLOOR/2564_20231116203725223834_thumb.jpg"", ""https://i1.28hse.com/estate_data/67/2564/UNIT/2564_20231116204143838787_thumb.jpg""]"
3916681,大角咀洋樓平地1樓電梯2房雅裝，1樓約睇,大角咀,櫻桃大廈,12300,401,2,1,低層,梗廚,61,家旺物業大埔道,https://i1.28hse.com/2026/07/202607032025174818981_thumb.jpg,https://www.28hse.com/rent/apartment/property-3916681,2026-08-02T21:33:05.478720+00:00,2026-08-02T21:37:51.979566+00:00,櫻桃大廈,,九龍大角咀櫻桃大廈 橡樹街17-39號,大角咀洋樓平地1樓電梯2房雅裝，1樓約睇,22.318825,114.163559,差餉地租､管理費,明火煮食,,,2026-07-03T20:27:36+08:00,2026-07-09T15:35:59+08:00,2026-08-02T20:27:36+08:00,"[""https://i1.28hse.com/2026/07/202607032025187327945_large.jpg""]"
3933425,荔枝角區連平台單位出,美孚,荔灣花園,17000,426,2,1,低層,梗廚,49,開心置業有限公司,https://i1.28hse.com/2026/08/202608022339508160995_thumb.jpg,https://www.28hse.com/rent/apartment/property-3933425,2026-08-02T21:33:05.478720+00:00,2026-08-02T21:37:53.466249+00:00,荔灣花園,477,九龍美孚荔灣花園 荔景山路272號,連特大私家平台,22.341919,114.136124,差餉地租､管理費,明火煮食,,,2026-07-15T18:24:57+08:00,2026-08-02T23:40:17+08:00,2026-08-14T18:24:57+08:00,"[""https://i1.28hse.com/2026/08/202608022339446968816_large.jpg"", ""https://i1.28hse.com/2026/08/202608022339451132372_large.jpg"", ""https://i1.28hse.com/2026/08/202608022339454360714_large.jpg"", ""https://i1.28hse.com/2026/08/20260802233946838087_large.jpg"", ""https://i1.28hse.com/2026/08/202608022339483938157_large.jpg"", ""https://i1.28hse.com/2026/08/202608022339495819136_large.jpg"", ""https://i1.28hse.com/2026/08/202608022339492255354_large.jpg"", ""https://i1.28hse.com/2026/08/202608022339518500295_large.jpg""]"
3933189,"實用長沙灣兩房一廳筍盤, 地點極佳 交通便利!",長沙灣,青山道268號,10500,400,2,1,,,76,奧思房產,https://i1.28hse.com/2026/07/202607151704143632583_thumb.jpg,https://www.28hse.com/rent/apartment/property-3933189,2026-08-02T21:33:05.478720+00:00,2026-08-02T21:37:54.282754+00:00,青山道268號,,九龍長沙灣青山道268號 青山道268號,"Sparrow Home 所有房間設備：
• 專業維護
• 廚房
• 熱水淋浴室
• 冷氣
更多細節：
• 租約長度：最少1年
•按金：兩按一上
Sparrow Home 單位遍佈港島及九龍區，包括標準開放式套房、高級開放式套房、一房單位及兩房單位。
https://owl2lite.com/",22.337799,114.157448,差餉地租､管理費,,,,2026-07-15T17:06:15+08:00,2026-07-15T17:20:36+08:00,2026-08-14T17:06:15+08:00,"[""https://i1.28hse.com/2026/07/202607151704237889879_large.jpg"", ""https://i1.28hse.com/2026/07/202607151704185176591_large.jpg"", ""https://i1.28hse.com/2026/07/20260715170422174836_large.jpg"", ""https://i1.28hse.com/2026/07/202607151704215820923_large.jpg"", ""https://i1.28hse.com/2026/07/202607151704177894440_large.jpg"", ""https://i1.28hse.com/2026/07/202607151704191965652_large.jpg"", ""https://i1.28hse.com/2026/07/202607151704156404651_large.jpg""]"
3922012,長沙灣麗寶花園靚裝修,長沙灣,麗寶花園,17000,404,2,1,中層,梗廚,35,富誠物業有限公司,https://i1.28hse.com/2026/07/202607270000002902036_thumb.jpg,https://www.28hse.com/rent/apartment/property-3922012,2026-08-02T21:33:05.478720+00:00,2026-08-02T21:37:54.882806+00:00,麗寶花園,554,九龍長沙灣麗寶花園 昌華街38號,"麗寶花園 , 靚裝修 ,厠所乾濕分離 , 煤氣熱水爐 , 實用404呎 , 2房1廳 , 業主求好租客17000元 ,歡迎取相片 , 即CALL即盡快到帶睇樓 , 屋苑式 24小時保安 , 裝修及清理傢俱進行中 , 歡迎預約睇樓",22.340282,114.155312,差餉地租､管理費,明火煮食,,,2026-07-07T15:57:55+08:00,2026-07-27T00:01:01+08:00,2026-08-06T15:57:55+08:00,"[""https://i1.28hse.com/2026/07/202607262359596504038_large.jpg"", ""https://i1.28hse.com/2026/07/202607270000192511925_large.jpg"", ""https://i1.28hse.com/2026/07/20260727000020511484_large.jpg"", ""https://i1.28hse.com/2026/07/202607270000201044408_large.jpg"", ""https://i1.28hse.com/2026/07/202607270000218835911_large.jpg"", ""https://i1.28hse.com/2026/07/202607270000215309435_large.jpg"", ""https://i1.28hse.com/2026/07/20260727000022408472_large.jpg""]"
3936559,新寶大廈，企理裝修,長沙灣,新寶大廈,16500,423,2,1,中層,梗廚,51,富豪地產公司,https://i1.28hse.com/2026/07/202607181821173027493_thumb.jpg,https://www.28hse.com/rent/apartment/property-3936559,2026-08-02T21:33:05.478720+00:00,2026-08-02T21:37:55.481810+00:00,新寶大廈,495,九龍長沙灣新寶大廈 保安道27號,三房大廳，廳房多窗，有梗厨，厠所乾濕分開,22.336224,114.160774,差餉地租､管理費,明火煮食,,,2026-07-17T22:27:23+08:00,2026-07-22T17:09:30+08:00,2026-08-16T22:27:23+08:00,"[""https://i1.28hse.com/2026/07/202607181821207459159_large.jpg"", ""https://i1.28hse.com/2026/07/202607181821238125512_large.jpg"", ""https://i1.28hse.com/2026/07/202607181821265691752_large.jpg"", ""https://i1.28hse.com/2026/07/202607181821288683992_large.jpg"", ""https://i1.28hse.com/2026/07/202607181821301013302_large.jpg"", ""https://i1.28hse.com/2026/07/20260718182133758513_large.jpg"", ""https://i1.28hse.com/2026/07/202607181821357058687_large.jpg""]"
3857939,3房 4/F 唐樓 筍價出租,長沙灣,福榮街200-202號,12800,451,3,1,高層,,52,萬基地產代理有限公司,https://i1.28hse.com/2026/07/202607281632371997792_thumb.jpg,https://www.28hse.com/rent/apartment/property-3857939,2026-08-02T21:33:05.478720+00:00,2026-08-02T21:37:56.094983+00:00,福榮街200-202號,,九龍長沙灣福榮街200-202號 福榮街200-202號,歡迎約睇,22.333921,114.160416,差餉地租､管理費,,,,2026-07-03T18:59:21+08:00,2026-07-28T16:33:00+08:00,2026-08-02T18:59:21+08:00,"[""https://i1.28hse.com/2026/07/202607281632395192289_large.jpg"", ""https://i1.28hse.com/2026/07/20260728163241225640_large.jpg"", ""https://i1.28hse.com/2026/07/202607281632438385623_large.jpg"", ""https://i1.28hse.com/2026/07/202607281632461058528_large.jpg"", ""https://i1.28hse.com/2026/07/202607281632483179760_large.jpg""]"
3920165,"福榮街200號，唐5樓，3房,有裝修有景觀",長沙灣,唐樓,12800,450,3,1,中層,梗廚,,進富地產代理有限公司,https://i1.28hse.com/2026/07/202607061243393323512_thumb.jpg,https://www.28hse.com/rent/apartment/property-3920165,2026-08-02T21:33:05.478720+00:00,2026-08-02T21:37:56.712883+00:00,唐樓,,九龍長沙灣唐樓 福榮街200號,景觀開陽，交通方便，歡迎WhatsApp或致電查詢,0.0,0.0,差餉地租､管理費,,,,2026-07-06T12:47:30+08:00,2026-08-01T17:42:36+08:00,2026-08-05T12:47:30+08:00,"[""https://i1.28hse.com/2026/07/202607061243296301273_large.jpg"", ""https://i1.28hse.com/2026/07/20260706124333797849_large.jpg"", ""https://i1.28hse.com/2026/07/202607061243366527811_large.jpg""]"
3953913,【東蘭閣】平地電梯 交通方便 食肆林立 配套齊備 方正實用 歡迎約睇,長沙灣,東蘭閣,14500,462,2,1,高層,梗廚,58,駿輝地產安業有限公司,https://i1.28hse.com/2026/07/202607311746085075474_thumb.jpg,https://www.28hse.com/rent/apartment/property-3953913,2026-08-02T21:33:05.478720+00:00,2026-08-02T21:37:57.373339+00:00,東蘭閣,660,九龍長沙灣東蘭閣 東沙島街167E號 ,"(⁠ ⁠♡⁠‿⁠♡⁠)本人Patrick/ 鍾先生 多年地產經驗*
((⁠ ⁠◜⁠‿⁠◝⁠ ⁠)⁠♡ 歡迎致電：預約睇筍盤喇
(⁠●⁠♡⁠∀⁠♡⁠) 本公司客源廣實客多 *
♡⁠(⁠Ӧ⁠ｖ⁠Ӧ⁠｡⁠) 專營九龍區樓盤 *
*(⁠●⁠♡⁠∀⁠♡⁠) 多行聯營信心保證 * 
【東蘭閣】平地電梯 交通方便 食肆林立 配套齊備 方正實用 歡迎約睇
*大廈*: 東蘭閣 A座 (高層)M室
*地區*：長沙灣
*地址*：東沙島街167E號
*間隔*：2房
*面積*：364呎
*租價*：14500
*睇樓* : 約",22.335602,114.159523,差餉地租､管理費,明火煮食,,,2026-07-31T17:46:17+08:00,2026-07-31T17:46:17+08:00,2026-08-30T17:46:17+08:00,"[""https://i1.28hse.com/2026/07/202607311746083709373_large.jpg"", ""https://i1.28hse.com/2026/07/202607311746095446794_large.jpg"", ""https://i1.28hse.com/2026/07/202607311746097339043_large.jpg"", ""https://i1.28hse.com/2026/07/20260731174609487133_large.jpg"", ""https://i1.28hse.com/2026/07/202607311746106629023_large.jpg"", ""https://i1.28hse.com/2026/07/202607311746102641250_large.jpg"", ""https://i1.28hse.com/2026/07/202607311746108394515_large.jpg""]"
3950801,3房雅裝 高層清靜,長沙灣,新寶大廈,16000,413,3,,高層,,51,田發地產代理,https://i1.28hse.com/2026/07/202607291411412558803_thumb.jpg,https://www.28hse.com/rent/apartment/property-3950801,2026-08-02T21:33:05.478720+00:00,2026-08-02T21:37:58.887862+00:00,新寶大廈,507,九龍長沙灣新寶大廈 保安道27號,三房靚裝 實用靚則,22.336224,114.160774,差餉地租､管理費,,,,2026-07-29T14:11:53+08:00,2026-07-29T14:11:53+08:00,2026-08-28T14:11:53+08:00,"[""https://i1.28hse.com/2026/07/202607291411434018780_large.jpg""]"
3944922,唐3樓 全層2房租 企埋裝修 無電梯 457呎,長沙灣,唐樓,10800,457,2,1,全幢,,,好景地產代理公司,https://i1.28hse.com/2026/07/202607241542252219533_thumb.jpg,https://www.28hse.com/rent/apartment/property-3944922,2026-08-02T21:33:05.478720+00:00,2026-08-02T21:37:59.531313+00:00,唐樓,,九龍長沙灣唐樓 永康街50號d ,五分鐘到地鐵站及巴士站，樓下多間食肆選擇，附近大型超市及商場,22.338818,114.15516699999998,,,,,2026-07-24T15:43:31+08:00,2026-07-24T15:43:31+08:00,2026-08-23T15:43:31+08:00,"[""https://i1.28hse.com/2026/07/202607241542282665479_large.jpg"", ""https://i1.28hse.com/2026/07/202607241542245620770_large.jpg"", ""https://i1.28hse.com/2026/07/202607241542242771761_large.jpg"", ""https://i1.28hse.com/2026/07/202607241542254358665_large.jpg"", ""https://i1.28hse.com/2026/07/202607241542254269579_large.jpg"", ""https://i1.28hse.com/2026/07/202607241542252938803_large.jpg"", ""https://i1.28hse.com/2026/07/202607241542256826142_large.jpg""]"
3896520,中層 ※ 三房一廳 ※ 內街優靜 ※ 歡迎約看,長沙灣,,12300,451,3,1,中層,梗廚,53,壹壹物業,https://i1.28hse.com/2026/06/202606181633553740409_thumb.jpg,https://www.28hse.com/rent/apartment/property-3896520,2026-08-02T21:33:05.478720+00:00,2026-08-02T21:38:00.109476+00:00,福華街唐樓 Fuk Wing Street tenement building,,九龍長沙灣福華街唐樓 福華街,"※ 多窗光猛 ※ 間隔寬敞
※ 步行 5分鐘達港鐵站",,,差餉地租､管理費,,,,2026-07-21T22:19:46+08:00,2026-07-21T22:19:46+08:00,2026-08-20T22:19:46+08:00,"[""https://i1.28hse.com/2026/06/202606181633561339427_large.jpg"", ""https://i1.28hse.com/2026/06/202606181633567523143_large.jpg"", ""https://i1.28hse.com/2026/06/202606181633574505035_large.jpg"", ""https://i1.28hse.com/2026/06/202606181633571066368_large.jpg"", ""https://i1.28hse.com/2026/06/202606181633585957666_large.jpg""]"
3941135,*三房*新寶大廈*近長沙灣地鐵站 裝修企理高層 雅致裝修 多窗開陽遠景 強校網,長沙灣,新寶大廈,16000,423,3,1,中層,梗廚,51,金德物業有限公司,https://i1.28hse.com/2026/07/2026072118231991224_thumb.jpg,https://www.28hse.com/rent/apartment/property-3941135,2026-08-02T21:33:05.478720+00:00,2026-08-02T21:38:00.798411+00:00,新寶大廈,495,九龍長沙灣新寶大廈 保安道27號,"*三房*新寶大廈*
非常搶手
近長沙灣地鐵站
裝修企理高層
雅致裝修
多窗開陽遠景
強校網",22.336223999999998,114.16077399999999,差餉地租,明火煮食,,,2026-07-21T18:23:55+08:00,2026-07-21T22:18:34+08:00,2026-08-20T18:23:55+08:00,"[""https://i1.28hse.com/2026/07/202607211823217708303_large.jpg"", ""https://i1.28hse.com/2026/07/20260721182323948336_large.jpg"", ""https://i1.28hse.com/2026/07/202607211823251368486_large.jpg"", ""https://i1.28hse.com/2026/07/202607211823277588201_large.jpg"", ""https://i1.28hse.com/2026/07/202607211823304639259_large.jpg""]"
3940771,抵租獨立單位 鄰近荔枝角/長沙灣站,長沙灣,永康街50D-50E號,10800,470,2,1,低層,梗廚,67,駿輝地產有限公司,https://i1.28hse.com/2026/07/202607280214194395147_thumb.jpg,https://www.28hse.com/rent/apartment/property-3940771,2026-08-02T21:33:05.478720+00:00,2026-08-02T21:38:01.400677+00:00,永康街50D-50E號,,九龍長沙灣永康街50D-50E號 永康街50D-50E號,"歡迎電話/WhatsApp查詢: 
周小姐 
* 本司客源廣實客多 *
* 盡心盡力忠誠待客 *
* 專營油尖旺區樓盤 *
* 多行聯營信心保證 *
* 歡迎業主電話放盤 *
駿輝地產分行地址:
九龍油麻地碧街28號大安樓地鋪",22.340481,114.153175,差餉地租､管理費,,,,2026-07-21T15:49:54+08:00,2026-07-28T02:15:15+08:00,2026-08-20T15:49:54+08:00,"[""https://i1.28hse.com/2026/07/202607280214194328547_large.jpg"", ""https://i1.28hse.com/2026/07/202607280214205226241_large.jpg"", ""https://i1.28hse.com/2026/07/202607280214216321110_large.jpg"", ""https://i1.28hse.com/2026/07/202607280214217705008_large.jpg"", ""https://i1.28hse.com/2026/07/202607280214224489863_large.jpg"", ""https://i1.28hse.com/2026/07/202607280214226602286_large.jpg""]"
3937816,超大兩房大廳光猛多窗，直接業主，免佣,長沙灣,唐樓,10800,470,2,1,低層,梗廚,60,,https://i1.28hse.com/2026/07/202607182014098284011_thumb.jpg,https://www.28hse.com/rent/apartment/property-3937816,2026-08-02T21:33:05.478720+00:00,2026-08-02T21:38:02.034042+00:00,唐樓,470,九龍長沙灣唐樓 長沙灣永康街5OD號2/F,光猛多窗,0.0,0.0,差餉地租､管理費,明火煮食,,,2026-07-18T20:18:19+08:00,2026-07-18T20:18:19+08:00,2026-08-17T20:18:19+08:00,"[""https://i1.28hse.com/2026/07/202607182014108461775_large.jpg"", ""https://i1.28hse.com/2026/07/202607182014118527083_large.jpg"", ""https://i1.28hse.com/2026/07/202607182014125331053_large.jpg"", ""https://i1.28hse.com/2026/07/202607182014138633851_large.jpg"", ""https://i1.28hse.com/2026/07/202607182014146183861_large.jpg"", ""https://i1.28hse.com/2026/07/202607182014156033195_large.jpg"", ""https://i1.28hse.com/2026/07/202607182014162660506_large.jpg"", ""https://i1.28hse.com/2026/07/202607182014162402389_large.jpg""]"
3752239,鄰近地鐵 旺中帶靜 環境舒適 景觀優雅 交通方便,長沙灣,麗寶花園,16800,410,2,1,低層,,31,好景地產代理公司,https://i1.28hse.com/2026/02/202602271613141556282_thumb.jpg,https://www.28hse.com/rent/apartment/property-3752239,2026-08-02T21:33:05.478720+00:00,2026-08-02T21:38:02.655961+00:00,麗寶花園,564,九龍長沙灣麗寶花園 昌華街38號,間隔實用,22.340282,114.155312,,,,,2026-07-14T14:38:50+08:00,2026-07-20T15:52:03+08:00,2026-08-13T14:38:50+08:00,"[""https://i1.28hse.com/2026/02/2026022716131460376_large.jpg"", ""https://i1.28hse.com/2026/02/20260227161314958078_large.jpg"", ""https://i1.28hse.com/2026/02/202602271613131426466_large.jpg"", ""https://i1.28hse.com/2026/02/202602271613133921857_large.jpg"", ""https://i1.28hse.com/2026/02/202602271613144237120_large.jpg""]"
3931267,長沙灣 清靜地段 新寶大廈,長沙灣,新寶大廈,16000,423,3,1,中層,,51,港威置業（青山道）,https://i1.28hse.com/2026/07/202607241444335055357_thumb.jpg,https://www.28hse.com/rent/apartment/property-3931267,2026-08-02T21:33:05.478720+00:00,2026-08-02T21:38:03.290032+00:00,新寶大廈,495,九龍長沙灣新寶大廈 保安道27號,"長沙灣位置超靚
中層三房靚裝修
觀景開揚 即租即住
配套齊備 交通方便
預約 代理許先生",22.336224,114.160774,差餉地租､管理費,,,,2026-07-14T11:58:56+08:00,2026-07-24T14:47:34+08:00,2026-08-13T11:58:56+08:00,"[""https://i1.28hse.com/2026/07/202607241447105499702_large.jpg"", ""https://i1.28hse.com/2026/07/202607241447102946027_large.jpg""]"
3841040,3房清靜 企理,長沙灣,新寶大廈,16000,423,3,1,中層,,51,高盛地產,https://i1.28hse.com/2026/07/202607151942526954447_thumb.jpg,https://www.28hse.com/rent/apartment/property-3841040,2026-08-02T21:33:05.478720+00:00,2026-08-02T21:38:03.882000+00:00,新寶大廈,495,九龍長沙灣新寶大廈 保安道27號,約睇,22.336224,114.160774,差餉地租､管理費,,,,2026-07-09T16:57:23+08:00,2026-07-20T14:14:56+08:00,2026-08-08T16:57:23+08:00,"[""https://i1.28hse.com/2026/07/202607151942467459793_large.jpg"", ""https://i1.28hse.com/2026/07/202607151942475885264_large.jpg"", ""https://i1.28hse.com/2026/07/202607151942483393802_large.jpg"", ""https://i1.28hse.com/2026/07/202607151942503572045_large.jpg"", ""https://i1.28hse.com/2026/07/202607151942532681137_large.jpg""]"
3920255,3分鐘地鐵！高層實用！,荔枝角,鴻昌工廠大廈,13800,500,3,1,,梗廚,,進昇地產代理有限公司,/assets/img/loadingphoto170_125.jpg,https://www.28hse.com/rent/apartment/property-3920255,2026-08-02T21:33:05.478720+00:00,2026-08-02T21:38:04.509582+00:00,鴻昌工廠大廈,,九龍荔枝角鴻昌工廠大廈 光昌街3 號,步行3分鐘可到荔枝角地鐵！高層開陽實用！罕有放租！,22.339094,114.151566,差餉地租､管理費,明火煮食,,,2026-07-06T13:38:17+08:00,2026-07-28T11:37:56+08:00,2026-08-05T13:38:17+08:00,[]
3953042,【好房推薦】三房兩廳兩衛，靓裝修，近地鐵站，我舖有匙，歡迎專才學生家庭客約看樓,深水埗,昌遠大廈,16000,450,1,1,低層,開放式廚房,60,利嘉閣地產有限公司,https://i1.28hse.com/2026/08/202608011828524367099_thumb.jpg,https://www.28hse.com/rent/apartment/property-3953042,2026-08-02T21:33:05.478720+00:00,2026-08-02T21:38:05.146857+00:00,昌遠大廈,,九龍深水埗昌遠大廈 钦州街1-9号,"香港租房买房
专才学生租房
真实房源
絕無虛假
真誠待客
用心服務
欢迎谘询",22.328657,114.15789,差餉地租､管理費,,,,2026-07-31T05:06:47+08:00,2026-08-01T18:29:52+08:00,2026-08-30T05:06:47+08:00,"[""https://i1.28hse.com/2026/08/202608011828551880307_large.jpg"", ""https://i1.28hse.com/2026/08/202608011828594641329_large.jpg"", ""https://i1.28hse.com/2026/08/202608011829047835246_large.jpg"", ""https://i1.28hse.com/2026/08/202608011829084751023_large.jpg"", ""https://i1.28hse.com/2026/08/202608011829138592568_large.jpg"", ""https://i1.28hse.com/2026/08/202608011829191341963_large.jpg"", ""https://i1.28hse.com/2026/08/202608011829267353649_large.jpg""]"
3948278,超筍2房洋樓益街坊， 求好租客,深水埗,慶華大廈,13200,407,2,1,高層,,63,高盛地產,https://i1.28hse.com/2026/07/202607271436508341261_thumb.jpg,https://www.28hse.com/rent/apartment/property-3948278,2026-08-02T21:33:05.478720+00:00,2026-08-02T21:38:05.774157+00:00,慶華大廈,,九龍深水埗慶華大廈 福華街147-151A號,有匙,22.331213,114.162521,差餉地租､管理費,明火煮食,,,2026-07-27T14:36:52+08:00,2026-07-27T14:36:52+08:00,2026-08-26T14:36:52+08:00,"[""https://i1.28hse.com/2026/07/202607271436504814091_large.jpg"", ""https://i1.28hse.com/2026/07/202607271436502757447_large.jpg"", ""https://i1.28hse.com/2026/07/202607271436511767298_large.jpg"", ""https://i1.28hse.com/2026/07/202607271436514491274_large.jpg"", ""https://i1.28hse.com/2026/07/202607271436516112432_large.jpg"", ""https://i1.28hse.com/2026/07/202607271436526835174_large.jpg""]"
3945377,((全新豪裝))三間套房 仲有廳仔 可租宿舍/學生合租/長租,深水埗,單幢樓房,15500,450,3,3,,開放式廚房,,廣信地產顧問有限公司,https://i1.28hse.com/2026/07/202607241846143285781_thumb.jpg,https://www.28hse.com/rent/apartment/property-3945377,2026-08-02T21:33:05.478720+00:00,2026-08-02T21:38:06.391972+00:00,單幢樓房,,九龍深水埗單幢樓房 南昌街,"+whatsapp有片
+全新分間2間1房1廳+1間套房
+獨立水電錶
*廣信地產多間分行為你服務：
-油麻地上海街383號地下A2舖
-旺角山東街24號地下B舖
-旺角渡船街323號地下2號舖
-大角咀埃華街70號地下1C2號舖",22.330994,114.161789,差餉地租､管理費,,,,2026-07-24T18:47:40+08:00,2026-08-02T18:50:51+08:00,2026-08-23T18:47:40+08:00,"[""https://i1.28hse.com/2026/07/202607241846156652196_large.jpg"", ""https://i1.28hse.com/2026/07/202607241846162036135_large.jpg"", ""https://i1.28hse.com/2026/07/20260724184617306206_large.jpg"", ""https://i1.28hse.com/2026/07/202607241846188618586_large.jpg"", ""https://i1.28hse.com/2026/07/202607241846195796321_large.jpg"", ""https://i1.28hse.com/2026/07/20260724184620479357_large.jpg"", ""https://i1.28hse.com/2026/07/202607241846213633316_large.jpg"", ""https://i1.28hse.com/2026/07/202607241846228417544_large.jpg"", ""https://i1.28hse.com/2026/07/202607241846236232106_large.jpg"", ""https://i1.28hse.com/2026/07/202607241846241756317_large.jpg"", ""https://i1.28hse.com/2026/07/202607241846251108013_large.jpg"", ""https://i1.28hse.com/2026/07/20260724184626229369_large.jpg"", ""https://i1.28hse.com/2026/07/202607241846271294406_large.jpg""]"
3938857,"福江大廈放租,3房,開揚景觀，交通方便",深水埗,福江大廈,9500,498,3,1,,梗廚,60,進富地產代理有限公司,https://i1.28hse.com/2026/07/202607201326288860692_thumb.jpg,https://www.28hse.com/rent/apartment/property-3938857,2026-08-02T21:33:05.478720+00:00,2026-08-02T21:38:07.005535+00:00,福江大廈,,九龍深水埗福江大廈 福華街208A-208C號,企理裝修，聽大房大，歡迎致電查詢或WhatsApp,22.333117,114.16048400000003,差餉地租､管理費,,,,2026-07-19T18:42:49+08:00,2026-08-01T17:42:13+08:00,2026-08-18T18:42:49+08:00,"[""https://i1.28hse.com/2026/07/202607201326333195410_large.jpg"", ""https://i1.28hse.com/2026/07/202607201326371581923_large.jpg"", ""https://i1.28hse.com/2026/07/202607201326426853548_large.jpg"", ""https://i1.28hse.com/2026/07/202607201326468359974_large.jpg"", ""https://i1.28hse.com/2026/07/202607201326502083087_large.jpg""]"
3944093,"全新裝修,交通方便,生活配套,衣食住行,合家庭及學生",深水埗,大安樓,10800,510,2,2,,,,金豐物業,https://i1.28hse.com/2026/07/202607251702007485463_thumb.jpg,https://www.28hse.com/rent/apartment/property-3944093,2026-08-02T21:33:05.478720+00:00,2026-08-02T21:38:08.341426+00:00,大安樓,,九龍深水埗大安樓 荔枝角道195-201號,"全新裝修,交通方便,生活配套,衣食住行,合家庭及學生,二房二廳,",22.322147000000005,114.16517600000002,差餉地租､管理費,,,,2026-07-23T20:25:03+08:00,2026-08-01T17:18:47+08:00,2026-08-22T20:25:03+08:00,"[""https://i1.28hse.com/2026/07/202607251702022102379_large.jpg"", ""https://i1.28hse.com/2026/07/202607251702036553759_large.jpg"", ""https://i1.28hse.com/2026/07/202607251702066902270_large.jpg"", ""https://i1.28hse.com/2026/07/202607251702084525395_large.jpg"", ""https://i1.28hse.com/2026/07/20260725170210538858_large.jpg"", ""https://i1.28hse.com/2026/07/202607251702118664464_large.jpg"", ""https://i1.28hse.com/2026/07/202607251702133166345_large.jpg"", ""https://i1.28hse.com/2026/07/202607251702153844712_large.jpg""]"
3955247,全新裝，實用2房,深水埗,東盧大廈,14500,429,2,,,,,安迪物業代理,https://i1.28hse.com/2026/08/202608011644058974393_thumb.jpg,https://www.28hse.com/rent/apartment/property-3955247,2026-08-02T21:33:05.478720+00:00,2026-08-02T21:38:08.952191+00:00,東盧大廈,,九龍深水埗東盧大廈 大埔道140號,平地𨋢,0.0,0.0,差餉地租､管理費,,,,2026-08-01T16:44:52+08:00,2026-08-01T16:56:31+08:00,2026-08-31T16:44:52+08:00,"[""https://i1.28hse.com/2026/08/202608011645321356320_large.jpg"", ""https://i1.28hse.com/2026/08/202608011654114300068_large.jpg"", ""https://i1.28hse.com/2026/08/20260801165412347676_large.jpg"", ""https://i1.28hse.com/2026/08/202608011654136423619_large.jpg"", ""https://i1.28hse.com/2026/08/2026080116541481618_large.jpg""]"
3931227,"【VR,圖則,分貝計】2房,全新裝修,開陽大窗,太子/深水埗站",深水埗,基隆街112-116號,12800,422,2,1,,梗廚,,小村置業有限公司,https://i1.28hse.com/2026/07/202607141134175922056_thumb.jpg,https://www.28hse.com/rent/apartment/property-3931227,2026-08-02T21:33:05.478720+00:00,2026-08-02T21:38:09.588882+00:00,基隆街112-116號,,九龍深水埗基隆街112-116號 基隆街112-116號,"這是一個位於市中心的優質住宅單位，交通便捷，環境優美清靜，請與我們聯絡以安排參觀。
 
我們的經紀已在當區生活多年，對社區環境非常熟悉。關於生活配套、租車位和小朋友升學的問題，我們都可以提供幫助。尚有其他單位選擇，亦可安排一次過參觀。
 
租金已包括地租、差餉和管理費。
業主計劃長期放租，租客無需擔心業主短期內因為出售物業而收回單位。
 
業主提供優質的物業維護服務，租客可安居無憂！
 
| 網上搵樓盤 | VR睇樓 |業主放盤
小村置業：www.omuraproperty.com
Facebook/IG：omuraproperty",22.326904,114.164642,差餉地租､管理費,,,,2026-07-14T11:34:23+08:00,2026-07-30T17:05:26+08:00,2026-08-13T11:34:23+08:00,"[""https://i1.28hse.com/2026/07/20260714113417667495_large.jpg"", ""https://i1.28hse.com/2026/07/202607141134186472643_large.jpg"", ""https://i1.28hse.com/2026/07/20260714113418246313_large.jpg"", ""https://i1.28hse.com/2026/07/202607141134186093063_large.jpg"", ""https://i1.28hse.com/2026/07/202607141134188852027_large.jpg"", ""https://i1.28hse.com/2026/07/202607141134192975693_large.jpg"", ""https://i1.28hse.com/2026/07/202607141134193220851_large.jpg"", ""https://i1.28hse.com/2026/07/202607141134191917339_large.jpg"", ""https://i1.28hse.com/2026/07/20260714113420537168_large.jpg"", ""https://i1.28hse.com/2026/07/202607141134208513656_large.jpg"", ""https://i1.28hse.com/2026/07/202607141134204757562_large.jpg"", ""https://i1.28hse.com/2026/07/202607141134205855572_large.jpg"", ""https://i1.28hse.com/2026/07/20260714113421954601_large.jpg"", ""https://i1.28hse.com/2026/07/202607141134214456366_large.jpg"", ""https://i1.28hse.com/2026/07/202607141134224604758_large.jpg"", ""https://i1.28hse.com/2026/07/202607141134222211231_large.jpg"", ""https://i1.28hse.com/2026/07/202607141134224025500_large.jpg"", ""https://i1.28hse.com/2026/07/202607141134175922056_large.jpg""]"
3931806,"【VR/圖則】大2房,業主將油新油漆,新晉文青社區,鄰豪宅新樓",深水埗,鴨寮街85-87號,13800,650,2,1,,梗廚,,小村置業有限公司,https://i1.28hse.com/2026/07/202607141618324701542_thumb.jpg,https://www.28hse.com/rent/apartment/property-3931806,2026-08-02T21:33:05.478720+00:00,2026-08-02T21:38:10.210958+00:00,鴨寮街85-87號,,九龍深水埗鴨寮街85-87號 鴨寮街85-87號,"這是一個位於市中心的優質住宅單位，交通便捷。請與我們聯絡以安排參觀。
 
我們的經紀已在當區生活多年，對社區環境非常熟悉。關於生活配套、租車位和小朋友升學的問題，我們都可以提供幫助。尚有其他單位選擇，亦可安排一次過參觀。
 
租金已包括地租、差餉和管理費。
業主計劃長期放租，租客無需擔心業主短期內因為出售物業而收回單位。
 
業主提供優質的物業維護服務，租客可安居無憂！
 
| 網上搵樓盤 | VR睇樓 |業主放盤
小村置業：www.omuraproperty.com
Facebook/IG：omuraproperty",22.32811,114.164413,差餉地租､管理費,,,,2026-07-14T16:21:25+08:00,2026-07-30T17:04:54+08:00,2026-08-13T16:21:25+08:00,"[""https://i1.28hse.com/2026/07/202607141618326493067_large.jpg"", ""https://i1.28hse.com/2026/07/202607141618337674804_large.jpg"", ""https://i1.28hse.com/2026/07/202607141618331679866_large.jpg"", ""https://i1.28hse.com/2026/07/202607141618343597040_large.jpg"", ""https://i1.28hse.com/2026/07/202607141618345446674_large.jpg"", ""https://i1.28hse.com/2026/07/20260714161834533244_large.jpg"", ""https://i1.28hse.com/2026/07/202607141618358506687_large.jpg"", ""https://i1.28hse.com/2026/07/202607141618364127697_large.jpg"", ""https://i1.28hse.com/2026/07/202607141618377943910_large.jpg"", ""https://i1.28hse.com/2026/07/202607141618376863771_large.jpg"", ""https://i1.28hse.com/2026/07/202607141618374590364_large.jpg"", ""https://i1.28hse.com/2026/07/2026071516331590460_large.jpg"", ""https://i1.28hse.com/2026/07/20260715163351828523_large.jpg"", ""https://i1.28hse.com/2026/07/202607151633521817476_large.jpg"", ""https://i1.28hse.com/2026/07/202607151633538596631_large.jpg"", ""https://i1.28hse.com/2026/07/20260715163354842731_large.jpg"", ""https://i1.28hse.com/2026/07/202607141618324701542_large.jpg""]"
3935247,三房大廳 唐5樓 近地鐵站 多窗,深水埗,唐樓,10000,407,3,1,高層,,,恒龍地產,https://i1.28hse.com/2026/07/202607211921401653338_thumb.jpg,https://www.28hse.com/rent/apartment/property-3935247,2026-08-02T21:33:05.478720+00:00,2026-08-02T21:38:10.798755+00:00,唐樓,,九龍深水埗唐樓 鴨寮街,歡迎約睇,0.0,0.0,差餉地租､管理費,,,,2026-07-17T11:56:34+08:00,2026-07-29T15:39:40+08:00,2026-08-16T11:56:34+08:00,"[""https://i1.28hse.com/2026/07/20260721192140588145_large.jpg"", ""https://i1.28hse.com/2026/07/202607211921415368711_large.jpg"", ""https://i1.28hse.com/2026/07/202607211921422456481_large.jpg"", ""https://i1.28hse.com/2026/07/202607211921421064280_large.jpg"", ""https://i1.28hse.com/2026/07/202607211921438044313_large.jpg"", ""https://i1.28hse.com/2026/07/202607211921444798228_large.jpg""]"
3538993,有匙企理3房~合租學生皆可(要行一層樓梯),深水埗,德昌大廈,14500,460,3,1,高層,,62,日豐地產公司,https://i1.28hse.com/2026/07/202607091510334465910_thumb.jpg,https://www.28hse.com/rent/apartment/property-3538993,2026-08-02T21:33:05.478720+00:00,2026-08-02T21:38:11.422683+00:00,德昌大廈,,九龍深水埗德昌大廈 欽州街24-30號,"交通方面:
坐擁鐵路優勢
南昌站過海9分鐘!
南昌站坐1個站到柯士甸站到高鐵站
深水埗站去尖沙咀站11分鍾!
荔枝角道有小巴到佐敦,觀塘
生活方面:
1分鐘到超市,藥房(應有盡有)
2分鐘到北河街街市(出名平靚正)
3分鐘到西九龍中心(休閒生活)
6分鐘到南昌新商場V-WALK",22.328938,114.158737,差餉地租､管理費,,,,2026-07-28T15:31:15+08:00,2026-07-30T16:14:20+08:00,2026-08-27T15:31:15+08:00,"[""https://i1.28hse.com/2026/07/202607091510298827948_large.jpg"", ""https://i1.28hse.com/2026/07/202607091510305343308_large.jpg"", ""https://i1.28hse.com/2026/07/202607091510305149519_large.jpg"", ""https://i1.28hse.com/2026/07/202607091510311208049_large.jpg"", ""https://i1.28hse.com/2026/07/202607091510328642100_large.jpg"", ""https://i1.28hse.com/2026/07/20260709151032378866_large.jpg"", ""https://i1.28hse.com/2026/07/202607091510331681409_large.jpg"", ""https://i1.28hse.com/2026/07/202607091510346253363_large.jpg"", ""https://i1.28hse.com/2026/07/202607091510341213864_large.jpg""]"
3921728,超筍 ! 極罕3房租•乾淨企理·有時即睇,深水埗,嘉匯大廈,14500,421,3,1,中層,梗廚,56,富榮地產代理,https://i1.28hse.com/2026/07/202607071341023589376_thumb.jpg,https://www.28hse.com/rent/apartment/property-3921728,2026-08-02T21:33:05.478720+00:00,2026-08-02T21:38:12.030913+00:00,嘉匯大廈,,九龍深水埗嘉匯大廈 福榮街7號,超筍 ! 極罕3房租•乾淨企理·有時即睇,22.328947,114.166344,差餉地租､管理費,,,,2026-07-07T13:44:34+08:00,2026-07-28T12:18:33+08:00,2026-08-06T13:44:34+08:00,"[""https://i1.28hse.com/2026/07/202607071341038054533_large.jpg"", ""https://i1.28hse.com/2026/07/202607071341032034141_large.jpg"", ""https://i1.28hse.com/2026/07/202607071341045425338_large.jpg"", ""https://i1.28hse.com/2026/07/202607071341045537524_large.jpg"", ""https://i1.28hse.com/2026/07/202607071341058627864_large.jpg"", ""https://i1.28hse.com/2026/07/202607071341064394935_large.jpg""]"
3812119,深水涉南昌街180號3房放租,深水埗,普泰大樓,12500,400,3,1,高層,,60,金豪物業代理有限公司,https://i1.28hse.com/2026/04/202604161508066899705_thumb.jpg,https://www.28hse.com/rent/apartment/property-3812119,2026-08-02T21:33:05.478720+00:00,2026-08-02T21:38:12.840672+00:00,普泰大樓,650,九龍深水埗普泰大樓 南昌街180號,已吉,22.330408,114.16452,差餉地租､管理費,明火煮食,,,2026-07-27T11:50:42+08:00,2026-07-27T11:50:42+08:00,2026-08-26T11:50:42+08:00,"[""https://i1.28hse.com/2026/04/202604161508015195312_large.jpg"", ""https://i1.28hse.com/2026/04/202604161507427508437_large.jpg"", ""https://i1.28hse.com/2026/04/20260416150747829632_large.jpg"", ""https://i1.28hse.com/2026/04/202604161508122742511_large.jpg"", ""https://i1.28hse.com/2026/04/202604161507283945748_large.jpg"", ""https://i1.28hse.com/2026/04/202604161507358199474_large.jpg"", ""https://i1.28hse.com/2026/04/202604161507557454380_large.jpg""]"
3658016,兩房有匙即睇,深水埗,慶華大廈,13200,407,2,1,高層,,63,高盛地產,https://i1.28hse.com/2026/07/202607271434483918762_thumb.jpg,https://www.28hse.com/rent/apartment/property-3658016,2026-08-02T21:33:05.478720+00:00,2026-08-02T21:38:13.466721+00:00,慶華大廈,,九龍深水埗慶華大廈 福華街147-151A號,"平租, 只求好租客, 近港鐵站",22.331213,114.162521,差餉地租､管理費,,,,2026-07-07T15:43:45+08:00,2026-07-27T14:34:59+08:00,2026-08-06T15:43:45+08:00,"[""https://i1.28hse.com/2026/07/202607271434488241609_large.jpg"", ""https://i1.28hse.com/2026/07/202607271434463147949_large.jpg"", ""https://i1.28hse.com/2026/07/202607271434475162326_large.jpg"", ""https://i1.28hse.com/2026/07/202607271434471901862_large.jpg"", ""https://i1.28hse.com/2026/07/202607271434465987493_large.jpg"", ""https://i1.28hse.com/2026/07/202607271434478001557_large.jpg""]"
3872824,只租家庭客，包大租免問,深水埗,唐樓,12800,526,2,1,中層,,,高盛地產,https://i1.28hse.com/2026/06/202606021710252310191_thumb.jpg,https://www.28hse.com/rent/apartment/property-3872824,2026-08-02T21:33:05.478720+00:00,2026-08-02T21:38:14.080934+00:00,唐樓,,九龍深水埗唐樓 長沙灣道98號,有匙,0.0,0.0,差餉地租､管理費,,,,2026-07-05T10:30:20+08:00,2026-07-25T13:13:43+08:00,2026-08-04T10:30:20+08:00,"[""https://i1.28hse.com/2026/06/202606021710253649523_large.jpg"", ""https://i1.28hse.com/2026/06/202606021710267809106_large.jpg"", ""https://i1.28hse.com/2026/06/202606021710262513201_large.jpg"", ""https://i1.28hse.com/2026/06/202606021710263211582_large.jpg"", ""https://i1.28hse.com/2026/06/202606021710274980722_large.jpg"", ""https://i1.28hse.com/2026/06/202606021710273175009_large.jpg""]"
3923942,"【8/f無電梯兩房!!! 大大間!!! $8,200!!】",深水埗,唐樓,8200,550,2,1,,梗廚,60,駿輝地產投資有限公司,https://i1.28hse.com/2026/07/202607241547248272629_thumb.jpg,https://www.28hse.com/rent/apartment/property-3923942,2026-08-02T21:33:05.478720+00:00,2026-08-02T21:38:14.670583+00:00,唐樓,,九龍深水埗唐樓 福華街,"【歡迎致電/Whatsapp查詢】
【Sean 劉生 】
本司客源廣實客多
盡心盡力忠誠待客
專營油尖旺區樓盤
多行聯營信心保證
歡迎業主電話放盤",22.3297998,114.1644023,差餉地租､管理費,,,,2026-07-08T18:38:13+08:00,2026-07-28T12:47:07+08:00,2026-08-07T18:38:13+08:00,"[""https://i1.28hse.com/2026/07/202607241547235135891_large.jpg"", ""https://i1.28hse.com/2026/07/202607241547224125698_large.jpg"", ""https://i1.28hse.com/2026/07/202607241547267134828_large.jpg"", ""https://i1.28hse.com/2026/07/202607241547263421407_large.jpg"", ""https://i1.28hse.com/2026/07/202607241547215810907_large.jpg""]"
3930337,可租 宿舍 3房3廁,深水埗,南昌樓,16500,500,3,3,低層,開放式廚房,51,富榮地產代理,https://i1.28hse.com/2026/07/202607131502486453699_thumb.jpg,https://www.28hse.com/rent/apartment/property-3930337,2026-08-02T21:33:05.478720+00:00,2026-08-02T21:38:15.340024+00:00,南昌樓,,九龍深水埗南昌樓 南昌街177-179號,"3房間 3廚房 3廁所
員工宿舍 學生宿舍",22.330564,114.16420699999999,差餉地租､管理費,,,,2026-07-13T15:02:54+08:00,2026-07-25T22:10:48+08:00,2026-08-12T15:02:54+08:00,"[""https://i1.28hse.com/2026/07/202607131502487618490_large.jpg"", ""https://i1.28hse.com/2026/07/202607131502494420603_large.jpg"", ""https://i1.28hse.com/2026/07/202607131502492341885_large.jpg"", ""https://i1.28hse.com/2026/07/202607131502504167993_large.jpg"", ""https://i1.28hse.com/2026/07/202607131502503428688_large.jpg"", ""https://i1.28hse.com/2026/07/202607131502503748554_large.jpg"", ""https://i1.28hse.com/2026/07/202607131502516890077_large.jpg"", ""https://i1.28hse.com/2026/07/202607131502514950833_large.jpg"", ""https://i1.28hse.com/2026/07/20260713150252952209_large.jpg"", ""https://i1.28hse.com/2026/07/20260713150252960715_large.jpg"", ""https://i1.28hse.com/2026/07/202607131502522000818_large.jpg"", ""https://i1.28hse.com/2026/07/20260713150253716718_large.jpg"", ""https://i1.28hse.com/2026/07/202607131502532981836_large.jpg""]"
3916772,"【VR/圖則/分貝計】2房,全新高級裝修,太子/深水埗站",深水埗,長沙灣道98-100號,13000,526,2,1,,梗廚,,小村置業有限公司,https://i1.28hse.com/2026/07/20260703215636158347_thumb.jpg,https://www.28hse.com/rent/apartment/property-3916772,2026-08-02T21:33:05.478720+00:00,2026-08-02T21:38:15.938161+00:00,長沙灣道98-100號,,九龍深水埗長沙灣道98-100號 長沙灣道98-100號,"行樓梯。
這是一個位於市中心的優質住宅單位，交通便捷。請與我們聯絡以安排參觀。
 
我們的經紀已在當區生活多年，對社區環境非常熟悉。關於生活配套、租車位和小朋友升學的問題，我們都可以提供幫助。尚有其他單位選擇，亦可安排一次過參觀。
 
租金已包括地租、差餉和管理費。
業主計劃長期放租，租客無需擔心業主短期內因為出售物業而收回單位。
 
業主提供優質的物業維護服務，租客可安居無憂！
 
| 網上搵樓盤 | VR睇樓 |業主放盤
小村置業：www.omuraproperty.com
Facebook/IG：omuraproperty",22.328854,114.164986,差餉地租､管理費,,,,2026-07-03T21:56:42+08:00,2026-07-20T17:14:30+08:00,2026-08-02T21:56:42+08:00,"[""https://i1.28hse.com/2026/07/202607032156365066502_large.jpg"", ""https://i1.28hse.com/2026/07/202607032156378311823_large.jpg"", ""https://i1.28hse.com/2026/07/202607032156375254433_large.jpg"", ""https://i1.28hse.com/2026/07/202607032156386626534_large.jpg"", ""https://i1.28hse.com/2026/07/20260703215638614852_large.jpg"", ""https://i1.28hse.com/2026/07/202607032156387443018_large.jpg"", ""https://i1.28hse.com/2026/07/202607032156381261370_large.jpg"", ""https://i1.28hse.com/2026/07/20260703215639602000_large.jpg"", ""https://i1.28hse.com/2026/07/202607032156397683705_large.jpg"", ""https://i1.28hse.com/2026/07/202607032156392803963_large.jpg"", ""https://i1.28hse.com/2026/07/20260703215640142334_large.jpg"", ""https://i1.28hse.com/2026/07/20260703215640999286_large.jpg"", ""https://i1.28hse.com/2026/07/202607032156408598855_large.jpg"", ""https://i1.28hse.com/2026/07/202607032156401043294_large.jpg"", ""https://i1.28hse.com/2026/07/202607032156413135908_large.jpg"", ""https://i1.28hse.com/2026/07/202607032156418033317_large.jpg"", ""https://i1.28hse.com/2026/07/202607032156415250765_large.jpg"", ""https://i1.28hse.com/2026/07/20260703215636158347_large.jpg""]"
3679266,【唐8樓】 獨立單位 大廈搭棚維修中,深水埗,,8600,415,1,1,高層,梗廚,,展豐地產代理公司,https://i1.28hse.com/2026/07/202607291036061175752_thumb.jpg,https://www.28hse.com/rent/apartment/property-3679266,2026-08-02T21:33:05.478720+00:00,2026-08-02T21:38:16.548741+00:00,汝州街303號 303 Yu Chau Street,,九龍深水埗汝州街303號 汝州街303號,"*** 租盤資料 (需行8層樓梯)
大廈搭棚維修中，有街閘，樓梯乾淨
房大廳大，地鐵口，近地鐵及西九龍中心",,,差餉地租､管理費,明火煮食,,,2026-07-20T09:47:46+08:00,2026-07-29T10:36:43+08:00,2026-08-19T09:47:46+08:00,"[""https://i1.28hse.com/2026/07/202607291036033497986_large.jpg"", ""https://i1.28hse.com/2026/07/202607291036012701275_large.jpg"", ""https://i1.28hse.com/2026/07/202607291036051205059_large.jpg"", ""https://i1.28hse.com/2026/07/202607291035572402827_large.jpg"", ""https://i1.28hse.com/2026/07/202607291035586174905_large.jpg"", ""https://i1.28hse.com/2026/07/202607291035596435660_large.jpg"", ""https://i1.28hse.com/2026/07/20260729103600865574_large.jpg"", ""https://i1.28hse.com/2026/07/20260729103602692703_large.jpg"", ""https://i1.28hse.com/2026/07/202607291036042650397_large.jpg""]"
3937352,兩房大廳 梗廚 光猛開揚 平地電梯,深水埗,嘉匯大廈,13800,421,2,1,中層,,56,鴻發地產物業,https://i1.28hse.com/2026/07/202607181637432165275_thumb.jpg,https://www.28hse.com/rent/apartment/property-3937352,2026-08-02T21:33:05.478720+00:00,2026-08-02T21:38:17.936808+00:00,嘉匯大廈,,九龍深水埗嘉匯大廈 福榮街7號,2部平地電梯 有部分傢俬 房大廳大 多窗光猛,22.328947,114.166344,差餉地租､管理費,,,,2026-07-18T16:38:13+08:00,2026-07-18T16:38:13+08:00,2026-08-17T16:38:13+08:00,"[""https://i1.28hse.com/2026/07/202607181637445570853_large.jpg"", ""https://i1.28hse.com/2026/07/202607181637464340775_large.jpg"", ""https://i1.28hse.com/2026/07/202607181637474051506_large.jpg"", ""https://i1.28hse.com/2026/07/202607181637498747280_large.jpg"", ""https://i1.28hse.com/2026/07/202607181637512136041_large.jpg"", ""https://i1.28hse.com/2026/07/20260718163752178568_large.jpg"", ""https://i1.28hse.com/2026/07/202607181637544495265_large.jpg"", ""https://i1.28hse.com/2026/07/202607181637558293413_large.jpg""]"
3923274,"新淨兩房,環境清靜,平地電梯",深水埗,嘉匯大廈,14000,421,2,1,中層,,56,富榮地產代理,https://i1.28hse.com/2026/07/202607131617513835856_thumb.jpg,https://www.28hse.com/rent/apartment/property-3923274,2026-08-02T21:33:05.478720+00:00,2026-08-02T21:38:18.558320+00:00,嘉匯大廈,,九龍深水埗嘉匯大廈 福榮街7號,太子生活圈,22.328947,114.166344,差餉地租､管理費,,,,2026-07-08T14:49:09+08:00,2026-07-13T16:18:32+08:00,2026-08-07T14:49:09+08:00,"[""https://i1.28hse.com/2026/07/202607131617515289322_large.jpg"", ""https://i1.28hse.com/2026/07/202607131617504011891_large.jpg"", ""https://i1.28hse.com/2026/07/202607131617506353022_large.jpg"", ""https://i1.28hse.com/2026/07/202607131617507449278_large.jpg"", ""https://i1.28hse.com/2026/07/202607131617511167475_large.jpg""]"
3824614,唐三樓 連家私電器 大獨立單位 學生可分租,深水埗,南灣大廈,14000,534,2,1,中層,開放式廚房,64,協力物業代理公司,https://i1.28hse.com/2026/06/202606081653242376667_thumb.jpg,https://www.28hse.com/rent/apartment/property-3824614,2026-08-02T21:33:05.478720+00:00,2026-08-02T21:38:19.198553+00:00,南灣大廈,,九龍深水埗南灣大廈 南昌街140號,"5分鐘地鐵站
翻新裝修
包全屋家私電器
拎包入住
歡迎交流生",22.329376,114.163757,差餉地租､管理費,,,,2026-07-13T11:03:40+08:00,2026-07-25T17:37:02+08:00,2026-08-12T11:03:40+08:00,"[""https://i1.28hse.com/2026/06/202606081653233374427_large.jpg"", ""https://i1.28hse.com/2026/06/202606081653241905167_large.jpg"", ""https://i1.28hse.com/2026/06/202606081653248756797_large.jpg"", ""https://i1.28hse.com/2026/06/202606081653258683560_large.jpg"", ""https://i1.28hse.com/2026/06/202606081653251190887_large.jpg"", ""https://i1.28hse.com/2026/06/202606081653264190610_large.jpg""]"
3952704,何文田34校網近地鐵近培正 雅装高層大二房 筍,何文田,太平閣,15800,429,2,1,高層,,35,富旺地產代理有限公司,https://i1.28hse.com/2026/07/202607301832342336027_thumb.jpg,https://www.28hse.com/rent/apartment/property-3952704,2026-08-02T21:33:05.478720+00:00,2026-08-02T21:38:19.807591+00:00,太平閣,,九龍何文田太平閣 太平道8號,"何文田生活配套齊全,交通四通八達,理想居所!",22.319403,114.17382,差餉地租､管理費,,,,2026-07-30T18:31:05+08:00,2026-07-30T18:49:18+08:00,2026-08-29T18:31:05+08:00,"[""https://i1.28hse.com/2026/07/202607301832346503629_large.jpg"", ""https://i1.28hse.com/2026/07/20260730183235449556_large.jpg"", ""https://i1.28hse.com/2026/07/202607301832355932140_large.jpg"", ""https://i1.28hse.com/2026/07/202607301832351410376_large.jpg""]"
3942096,【都會大學菁英合租】唐樓6/F 2房 雅緻裝修大2房 近地鐵連家電,何文田,勝利道8號,13500,440,2,1,,梗廚,64,三月地產,https://i1.28hse.com/2026/07/202607221649343874891_thumb.jpg,https://www.28hse.com/rent/apartment/property-3942096,2026-08-02T21:33:05.478720+00:00,2026-08-02T21:38:20.410495+00:00,勝利道8號,,九龍何文田勝利道8號 勝利道8號,"步行約10分鐘即達香港都會大學，返學極方便，省時省車費！
歡迎大學生合租或預約睇樓，手快有手慢無！",22.318762,114.174919,差餉地租､管理費,明火煮食,,,2026-07-22T16:26:47+08:00,2026-07-22T18:03:53+08:00,2026-08-21T16:26:47+08:00,"[""https://i1.28hse.com/2026/07/202607221649325247056_large.jpg"", ""https://i1.28hse.com/2026/07/202607221649358274287_large.jpg"", ""https://i1.28hse.com/2026/07/202607221649215986759_large.jpg"", ""https://i1.28hse.com/2026/07/20260722164923654101_large.jpg"", ""https://i1.28hse.com/2026/07/202607221649308972033_large.jpg"", ""https://i1.28hse.com/2026/07/20260722164931398126_large.jpg"", ""https://i1.28hse.com/2026/07/202607221649282268173_large.jpg"", ""https://i1.28hse.com/2026/07/20260722164925311566_large.jpg"", ""https://i1.28hse.com/2026/07/202607221649261309427_large.jpg""]"
3923651,何文田太平道~ 東南2房 可合作,何文田,太平閣,15500,429,2,1,高層,梗廚,35,富安地產顧問有限公司,https://i1.28hse.com/2026/08/202608011056431853811_thumb.jpg,https://www.28hse.com/rent/apartment/property-3923651,2026-08-02T21:33:05.478720+00:00,2026-08-02T21:38:21.045959+00:00,太平閣,,九龍何文田太平閣 太平道8號,"何文田名校網, 核心地段, 旺中帶靜, 出入方便, 鄰近地鐵, 東鐵, 大型商場MOKO, 朗豪坊.....民生設施, 應有盡有. 大約10分鐘路程到達 都會大學, 培正中/小學, DBS .",22.319403,114.17382,差餉地租､管理費,,,,2026-07-08T17:02:35+08:00,2026-08-01T14:11:35+08:00,2026-08-07T17:02:35+08:00,"[""https://i1.28hse.com/2026/08/202608011056324310949_large.jpg"", ""https://i1.28hse.com/2026/08/202608011056424997841_large.jpg"", ""https://i1.28hse.com/2026/08/202608011056433687107_large.jpg"", ""https://i1.28hse.com/2026/08/202608011056432455692_large.jpg""]"
1621226,有匙引看、二房一廳,何文田,太平閣,15800,429,2,1,高層,梗廚,35,天祥置業代理有限公司,https://i1.28hse.com/2026/07/202607222321301352387_thumb.jpg,https://www.28hse.com/rent/apartment/property-1621226,2026-08-02T21:33:05.478720+00:00,2026-08-02T21:38:21.649444+00:00,太平閣,,九龍何文田太平閣 太平道8號,"另外大量套房,歡迎查詢,whatsapp 
靚套房，交通方便、鄰近大型商場、街市、公園、巴士站、小巴站、西鐵、港鐵
另有租盤
另有大量套房、歡迎來電約睇
天祥置業代理有限公司
Bonnie 楊小姐 
歡迎 客人 來電查詢
歡迎 業主 放盤支持
歡迎 好友 行家合作",22.319403,114.17382,差餉地租､管理費,,,,2026-07-03T17:55:30+08:00,2026-07-22T23:22:19+08:00,2026-08-02T17:55:30+08:00,"[""https://i1.28hse.com/2026/07/20260722232130708133_large.jpg"", ""https://i1.28hse.com/2026/07/202607222321313167570_large.jpg"", ""https://i1.28hse.com/2026/07/202607222321317335124_large.jpg"", ""https://i1.28hse.com/2026/07/202607222321327122914_large.jpg""]"
3945375,（外勞宿舍）二大房（可3房）新蒲崗單邊唐樓光猛501尺租$14500,新蒲崗,唐樓,14500,501,2,1,中層,,,嬌陽地產,https://i1.28hse.com/2026/08/202608011520524391715_thumb.jpg,https://www.28hse.com/rent/apartment/property-3945375,2026-08-02T21:33:05.478720+00:00,2026-08-02T21:38:22.258115+00:00,唐樓,,九龍新蒲崗唐樓 錦榮街,"新蒲崗唐樓
2房可3房
企理裝修501尺
租$14500
*合外勞宿舍*
區內設施配套齊, 附近大型街市,小巴到名區.
交通方便,民生商店一應區全
歡迎約睇
TEL :- 
Whatapp:- 
Facebook 專頁 :- www.facebook.com/adda.chan.3
Instagram :- sunshine_property_realtor
Youtube 頻道-嬌陽地產www.youtube.com/channel/UCpzfsDaMW8xxe8h2HIGr5dA
公司地址 : 新蒲崗崇齡街94C號如意樓地下(近越秀廣場二座)",22.335877,114.195504,差餉地租､管理費,,,,2026-07-24T18:47:28+08:00,2026-08-01T15:21:55+08:00,2026-08-23T18:47:28+08:00,"[""https://i1.28hse.com/2026/08/202608011520545535043_large.jpg"", ""https://i1.28hse.com/2026/08/202608011520556451275_large.jpg"", ""https://i1.28hse.com/2026/08/202608011520582964365_large.jpg"", ""https://i1.28hse.com/2026/08/202608011520591092494_large.jpg"", ""https://i1.28hse.com/2026/08/202608011521014753535_large.jpg"", ""https://i1.28hse.com/2026/08/202608011521037069074_large.jpg"", ""https://i1.28hse.com/2026/08/202608011521058274397_large.jpg"", ""https://i1.28hse.com/2026/08/202608011521077096621_large.jpg"", ""https://i1.28hse.com/2026/08/202608011521098036078_large.jpg"", ""https://i1.28hse.com/2026/07/202607241847278123001_large.jpg"", ""https://i1.28hse.com/2026/07/202607241847272510155_large.jpg""]"
3932189,【合勞工宿舍】新蒲崗唐樓_安福大樓_企理三房一廳向東南_實用438呎,新蒲崗,安福大樓,10000,438,3,1,高層,開放式廚房,63,,https://i1.28hse.com/2026/07/202607291906505869184_thumb.jpg,https://www.28hse.com/rent/apartment/property-3932189,2026-08-02T21:33:05.478720+00:00,2026-08-02T21:38:22.860589+00:00,安福大樓,,九龍新蒲崗安福大樓 崇齡街95-97號,"新蒲崗 景福街 唐樓
安福大樓
三房一廳 企理裝修
開陽向東南
鄰近MIKIKI商場
10分鐘到啟德港鐵站
大廈設地閘 
交通方便
實438呎
租10000【合勞工宿舍】
(區內平租兩房大廳筍盤!)
(物業編號 RA705)
(刊登日期: 29/7/2026)
歡迎致電本公司查詢或預約睇樓
另歡迎業主致電本公司放售租盤賣盤!大量客源!
生發地產9 2 2 9 1 0 2 6",22.333942,114.196373,差餉地租､管理費,,,,2026-07-14T18:46:59+08:00,2026-07-29T19:07:30+08:00,2026-08-13T18:46:59+08:00,"[""https://i1.28hse.com/2026/07/202607291906517374851_large.jpg"", ""https://i1.28hse.com/2026/07/202607291906521489282_large.jpg"", ""https://i1.28hse.com/2026/07/202607291906527764545_large.jpg"", ""https://i1.28hse.com/2026/07/202607291906531458205_large.jpg"", ""https://i1.28hse.com/2026/07/20260729190654492632_large.jpg"", ""https://i1.28hse.com/2026/07/202607291906552069916_large.jpg"", ""https://i1.28hse.com/2026/07/202607291906552639678_large.jpg"", ""https://i1.28hse.com/2026/07/202607291906575091306_large.jpg"", ""https://i1.28hse.com/2026/07/202607291906583290432_large.jpg"", ""https://i1.28hse.com/2026/07/202607291906598681036_large.jpg"", ""https://i1.28hse.com/2026/07/202607291906596667131_large.jpg"", ""https://i1.28hse.com/2026/07/202607291907007411480_large.jpg"", ""https://i1.28hse.com/2026/07/202607291907018300667_large.jpg"", ""https://i1.28hse.com/2026/07/202607291907022032812_large.jpg"", ""https://i1.28hse.com/2026/07/202607291907021193104_large.jpg"", ""https://i1.28hse.com/2026/07/202607291907034197020_large.jpg"", ""https://i1.28hse.com/2026/07/202607291907042012697_large.jpg"", ""https://i1.28hse.com/2026/07/202607291907054673128_large.jpg"", ""https://i1.28hse.com/2026/07/202607291907057405866_large.jpg"", ""https://i1.28hse.com/2026/07/202607291907068889581_large.jpg"", ""https://i1.28hse.com/2026/07/202607291907073420495_large.jpg"", ""https://i1.28hse.com/2026/07/20260729190708120378_large.jpg"", ""https://i1.28hse.com/2026/07/202607291907085478986_large.jpg"", ""https://i1.28hse.com/2026/07/202607291907093830689_large.jpg"", ""https://i1.28hse.com/2026/07/202607291907093283539_large.jpg"", ""https://i1.28hse.com/2026/07/20260729190709509412_large.jpg""]"
3907837,崇齡大廈兩房一廳連傢俬電器，公園景多窗。歡迎約睇,新蒲崗,崇齡大廈,14800,412,2,1,中層,梗廚,55,九龍行物業,https://i1.28hse.com/2026/07/20260705175523461547_thumb.jpg,https://www.28hse.com/rent/apartment/property-3907837,2026-08-02T21:33:05.478720+00:00,2026-08-02T21:38:23.506966+00:00,崇齡大廈,,九龍新蒲崗崇齡大廈 崇齡街85號,"崇齡大廈兩房一廳有傢俬電器
交通方便，方便理工大學浸大城大學生合租",22.334618,114.19582399999999,差餉地租､管理費,,,,2026-07-29T00:34:13+08:00,2026-07-29T00:34:13+08:00,2026-08-28T00:34:13+08:00,"[""https://i1.28hse.com/2026/07/202607051755436020422_large.jpg"", ""https://i1.28hse.com/2026/07/202607051755481098040_large.jpg"", ""https://i1.28hse.com/2026/07/202607051755524684029_large.jpg"", ""https://i1.28hse.com/2026/07/202607051755575489499_large.jpg"", ""https://i1.28hse.com/2026/07/202607211716515945253_large.jpg"", ""https://i1.28hse.com/2026/07/202607211716536494580_large.jpg"", ""https://i1.28hse.com/2026/07/20260721171655639495_large.jpg"", ""https://i1.28hse.com/2026/07/202607211716576125303_large.jpg"", ""https://i1.28hse.com/2026/07/202607211717003422706_large.jpg""]"
3937879,新蒲崗洋樓-康景樓→3房1廳牆身翻新,新蒲崗,,16300,405,3,1,高層,,,宏龍地產代理,https://i1.28hse.com/2026/07/202607182140203805168_thumb.jpg,https://www.28hse.com/rent/apartment/property-3937879,2026-08-02T21:33:05.478720+00:00,2026-08-02T21:38:24.135956+00:00,爵祿街洋樓,,九龍新蒲崗爵祿街洋樓 新蒲崗,"附近商場
超市
牆身翻新",,,差餉地租､管理費,,,,2026-07-18T21:32:33+08:00,2026-08-02T18:25:27+08:00,2026-08-17T21:32:33+08:00,"[""https://i1.28hse.com/2026/08/202608021636317594980_large.jpg"", ""https://i1.28hse.com/2026/08/202608021636448679632_large.jpg"", ""https://i1.28hse.com/2026/08/202608021636576238601_large.jpg"", ""https://i1.28hse.com/2026/08/202608021637084342266_large.jpg"", ""https://i1.28hse.com/2026/08/202608021637201040372_large.jpg"", ""https://i1.28hse.com/2026/08/202608021637343735410_large.jpg"", ""https://i1.28hse.com/2026/08/202608021637482255918_large.jpg"", ""https://i1.28hse.com/2026/08/202608021638015185677_large.jpg"", ""https://i1.28hse.com/2026/08/202608021638205103967_large.jpg"", ""https://i1.28hse.com/2026/08/202608021638385703735_large.jpg"", ""https://i1.28hse.com/2026/08/202608021645156138716_large.jpg"", ""https://i1.28hse.com/2026/07/202607182156305445559_large.jpg"", ""https://i1.28hse.com/2026/07/202607182149207812292_large.jpg"", ""https://i1.28hse.com/2026/07/202607182149253863430_large.jpg"", ""https://i1.28hse.com/2026/08/202608021825214068620_large.jpg""]"
3727794,唐5樓二房一廳出租，向東南新淨裝修，連傢俬電器，10分鐘到啟德地鐵站,新蒲崗,安福大樓,11800,438,2,1,中層,梗廚,63,九龍行物業,https://i1.28hse.com/2026/07/202607011244425629240_thumb.jpg,https://www.28hse.com/rent/apartment/property-3727794,2026-08-02T21:33:05.478720+00:00,2026-08-02T21:38:24.767595+00:00,安福大樓,,九龍新蒲崗安福大樓 崇齡街95-97號,"新蒲崗唐5樓行4層樓梯
有街閘，二房一廳
間隔實用，環境幽靜
合家庭或情侶，
寵物免問，不能吸煙
好客可傾！",22.333942,114.196373,差餉地租､管理費,,,,2026-07-18T14:15:48+08:00,2026-07-21T14:00:30+08:00,2026-08-17T14:15:48+08:00,"[""https://i1.28hse.com/2026/07/202607011244471327102_large.jpg"", ""https://i1.28hse.com/2026/07/202607011244535872392_large.jpg"", ""https://i1.28hse.com/2026/07/202607011244573932866_large.jpg"", ""https://i1.28hse.com/2026/07/202607011245025126944_large.jpg"", ""https://i1.28hse.com/2026/07/202607011245055812367_large.jpg"", ""https://i1.28hse.com/2026/07/202607011245097068357_large.jpg"", ""https://i1.28hse.com/2026/07/202607011245136259173_large.jpg"", ""https://i1.28hse.com/2026/07/202607011245178580659_large.jpg""]"
3924475,富裕地產@新蒲崗廣場@獨家,新蒲崗,新蒲崗廣場,16500,408,1,1,低層,,27,富裕地產代理,https://i1.28hse.com/2026/07/20260709120243704937_thumb.jpg,https://www.28hse.com/rent/apartment/property-3924475,2026-08-02T21:33:05.478720+00:00,2026-08-02T21:38:25.397809+00:00,新蒲崗廣場,,九龍新蒲崗新蒲崗廣場 崇齡街33號,1大房1廳/電器齊,22.334978,114.196053,差餉地租､管理費,,,,2026-07-09T12:02:46+08:00,2026-07-09T12:02:46+08:00,2026-08-08T12:02:46+08:00,"[""https://i1.28hse.com/2026/07/202607091202442219384_large.jpg"", ""https://i1.28hse.com/2026/07/202607091202443785443_large.jpg"", ""https://i1.28hse.com/2026/07/202607091202448657123_large.jpg"", ""https://i1.28hse.com/2026/07/202607091202458069426_large.jpg"", ""https://i1.28hse.com/2026/07/202607091202451804512_large.jpg"", ""https://i1.28hse.com/2026/07/202607091202465348843_large.jpg"", ""https://i1.28hse.com/2026/07/202607091202463295865_large.jpg""]"
3918376,╔▛極罕2房港鐵上蓋機會難得!▟╝,黃大仙,豪苑,16000,408,2,,,,41,世紀21富山(香港),https://i1.28hse.com/2026/07/202607041959577498147_thumb.jpg,https://www.28hse.com/rent/apartment/property-3918376,2026-08-02T21:33:05.478720+00:00,2026-08-02T21:38:26.030662+00:00,豪苑,623,九龍黃大仙豪苑 龍翔道110號,"租盤參考數據
匯豪山456呎2房$19800
發達樓317呎2房$11000
鑽嶺198呎$13000
寶翠大廈312呎2房$13800
鑽嶺239呎1房$14000
龍蟠苑353呎1房$16000
龍蟠苑426呎1房$17800
星河明居593呎3房$24500
鳳禮苑407呎2房$14500
鳳寶大廈267呎2房$13000
景泰苑287呎$13800
鳳凰村大廈384呎2房$13800
翠鳳樓415呎3房$15000
翠竹花園484呎2房$14800
東九龍富山地產五行聯營，信心保證,
盤量最齊保證幫你搵到心水靚盤
世紀21富山呀丁
更多其他樓盤
https://reurl.cc/0mM88k
更多影片及一手資訊
https://reurl.cc/M2pOkp",22.342028,114.197372,差餉地租､管理費,,,,2026-07-04T20:01:54+08:00,2026-07-17T17:47:29+08:00,2026-08-03T20:01:54+08:00,"[""https://i1.28hse.com/2026/07/202607171747218915398_large.jpg"", ""https://i1.28hse.com/2026/07/202607171747217829765_large.jpg"", ""https://i1.28hse.com/2026/07/202607171747224695610_large.jpg"", ""https://i1.28hse.com/2026/07/202607171747224820527_large.jpg"", ""https://i1.28hse.com/2026/07/202607171747227401066_large.jpg""]"
3915916,"新蒲崗洋樓 崇齡大廈-東南兩面窗2房1廳,傢俬電器",新蒲崗,崇齡大廈,14500,412,2,1,中層,,55,宏龍地產代理,https://i1.28hse.com/2026/07/202607272015498573365_thumb.jpg,https://www.28hse.com/rent/apartment/property-3915916,2026-08-02T21:33:05.478720+00:00,2026-08-02T21:38:26.647962+00:00,崇齡大廈,,九龍新蒲崗崇齡大廈 崇齡街67號,"罕有附傢俬電器物業
裝修
附近公園
商場
超市",22.334618,114.195824,差餉地租,,,,2026-07-03T16:09:07+08:00,2026-07-27T20:17:32+08:00,2026-08-02T16:09:07+08:00,"[""https://i1.28hse.com/2026/07/202607272015581168082_large.jpg"", ""https://i1.28hse.com/2026/07/202607272016052721963_large.jpg"", ""https://i1.28hse.com/2026/07/202607272016078656965_large.jpg"", ""https://i1.28hse.com/2026/07/202607272016088919570_large.jpg"", ""https://i1.28hse.com/2026/07/202607272016093382573_large.jpg"", ""https://i1.28hse.com/2026/07/202607272016104506198_large.jpg"", ""https://i1.28hse.com/2026/07/202607272016177374505_large.jpg"", ""https://i1.28hse.com/2026/07/202607272016198996573_large.jpg"", ""https://i1.28hse.com/2026/07/202607272016238270948_large.jpg"", ""https://i1.28hse.com/2026/07/202607272016286898095_large.jpg"", ""https://i1.28hse.com/2026/07/202607272016308107341_large.jpg"", ""https://i1.28hse.com/2026/07/202607272016318396247_large.jpg"", ""https://i1.28hse.com/2026/07/202607272016374854858_large.jpg"", ""https://i1.28hse.com/2026/07/202607272016428055643_large.jpg"", ""https://i1.28hse.com/2026/07/202607272016437657120_large.jpg"", ""https://i1.28hse.com/2026/07/202607272016456403258_large.jpg"", ""https://i1.28hse.com/2026/07/20260727201646210484_large.jpg"", ""https://i1.28hse.com/2026/07/202607272016477406725_large.jpg"", ""https://i1.28hse.com/2026/07/202607272016495347347_large.jpg"", ""https://i1.28hse.com/2026/07/20260727201650909762_large.jpg"", ""https://i1.28hse.com/2026/07/202607272016516113145_large.jpg"", ""https://i1.28hse.com/2026/07/202607272016561905296_large.jpg"", ""https://i1.28hse.com/2026/07/202607272016544729377_large.jpg"", ""https://i1.28hse.com/2026/07/202607031608027368929_large.jpg""]"
3924244,✭侯王道✭兩房大廳✭連天台,九龍城,唐樓,13000,400,2,1,高層,,,滙昇置業,https://i1.28hse.com/2026/07/202607090014562078093_thumb.jpg,https://www.28hse.com/rent/apartment/property-3924244,2026-08-02T21:33:05.478720+00:00,2026-08-02T21:38:27.265354+00:00,唐樓,,九龍九龍城唐樓 /,"41名校網。唐5F ，兩房大廳,連天台. 一閃即逝。
→有興趣請提供閣下聯絡電話/租住人數/職業証明/起租日期, 以便安排睇樓。謝謝←
另有大量41,34 名校綱筍盤/各區樓盤查詢
請電或Whatsapp
↑　　↑
此單位有相:立即Whatapp 睇相",0.0,0.0,,,,,2026-07-09T00:13:49+08:00,2026-08-02T03:04:20+08:00,2026-08-08T00:13:49+08:00,"[""https://i1.28hse.com/2026/07/202607090013054224469_large.jpg"", ""https://i1.28hse.com/2026/07/202607090013073792790_large.jpg"", ""https://i1.28hse.com/2026/07/202607090013098093815_large.jpg"", ""https://i1.28hse.com/2026/07/202607090013111189502_large.jpg"", ""https://i1.28hse.com/2026/07/202607090013138287953_large.jpg"", ""https://i1.28hse.com/2026/07/202607090013151396126_large.jpg"", ""https://i1.28hse.com/2026/07/2026070900131795024_large.jpg"", ""https://i1.28hse.com/2026/07/202607090013192343620_large.jpg"", ""https://i1.28hse.com/2026/07/202607090013213931971_large.jpg"", ""https://i1.28hse.com/2026/07/202607090013242977622_large.jpg"", ""https://i1.28hse.com/2026/07/202607090013268038740_large.jpg"", ""https://i1.28hse.com/2026/07/202607090013288780498_large.jpg"", ""https://i1.28hse.com/2026/07/202607090013308758040_large.jpg"", ""https://i1.28hse.com/2026/07/202607090013328445910_large.jpg""]"
3944528,全新裝修2房1廳41校網,九龍城,單幢樓房,16800,410,2,1,中層,,,天申置業,https://i1.28hse.com/2026/07/202607241210346374618_thumb.jpg,https://www.28hse.com/rent/apartment/property-3944528,2026-08-02T21:33:05.478720+00:00,2026-08-02T21:38:27.914755+00:00,單幢樓房,,九龍九龍城單幢樓房 聯合道道78号,"全新裝修唐樓4F,2房連天台,41校網,位置優越,5分鐘內行路到民生,喇沙,聖家,培道...,",22.32321,114.185547,差餉地租､管理費,,,,2026-07-24T12:22:23+08:00,2026-08-01T15:22:22+08:00,2026-08-23T12:22:23+08:00,"[""https://i1.28hse.com/2026/07/202607241211228649265_large.jpg"", ""https://i1.28hse.com/2026/07/202607241213063705126_large.jpg"", ""https://i1.28hse.com/2026/07/202607281642045916304_large.jpg"", ""https://i1.28hse.com/2026/07/202607281642407933029_large.jpg""]"
3920091,唐樓 41校網2房連天台,九龍城,,13000,400,2,1,中層,梗廚,56,誠家地產,https://i1.28hse.com/2026/07/202607061212087583208_thumb.jpg,https://www.28hse.com/rent/apartment/property-3920091,2026-08-02T21:33:05.478720+00:00,2026-08-02T21:38:28.503646+00:00,侯王道 Hau Wong Rd,,九龍九龍城侯王道 侯王道,唐樓 41校網2房連天台,0.0,0.0,差餉地租､管理費,,,,2026-07-06T12:12:23+08:00,2026-07-22T13:16:39+08:00,2026-08-05T12:12:23+08:00,"[""https://i1.28hse.com/2026/07/202607061212081615882_large.jpg"", ""https://i1.28hse.com/2026/07/202607061212096323629_large.jpg"", ""https://i1.28hse.com/2026/07/202607061212091724819_large.jpg"", ""https://i1.28hse.com/2026/07/202607061212098788641_large.jpg"", ""https://i1.28hse.com/2026/07/202607061212093861874_large.jpg""]"
3924567,[ 41區名校網 ] 兩房大廳 裝修新 合小家庭 溫馨天地,九龍城,唐樓,12800,423,2,1,中層,梗廚,,佳信物業有限公司,https://i1.28hse.com/2026/07/202607181439155171753_thumb.jpg,https://www.28hse.com/rent/apartment/property-3924567,2026-08-02T21:33:05.478720+00:00,2026-08-02T21:38:29.105744+00:00,唐樓,,九龍九龍城唐樓 KOWLOON,"九龍市中心 近地鐵 交通方便 日常生活 超市街市 購物飲食
有興趣請提供姓名,職業,居住人數,預早時間約睇樓",,,差餉地租､管理費,,,,2026-07-09T13:00:04+08:00,2026-07-22T11:26:22+08:00,2026-08-08T13:00:04+08:00,"[""https://i1.28hse.com/2026/07/202607181441476555407_large.jpg"", ""https://i1.28hse.com/2026/07/202607181442303966408_large.jpg"", ""https://i1.28hse.com/2026/07/202607181439437359487_large.jpg"", ""https://i1.28hse.com/2026/07/20260718143949373795_large.jpg"", ""https://i1.28hse.com/2026/07/202607181440317894244_large.jpg"", ""https://i1.28hse.com/2026/07/202607091300046211808_large.jpg""]"
3938621,2房2廁 41名校網,九龍城,,16800,450,2,2,中層,梗廚,,港駿物業,https://i1.28hse.com/2026/07/202607221828063745052_thumb.jpg,https://www.28hse.com/rent/apartment/property-3938621,2026-08-02T21:33:05.478720+00:00,2026-08-02T21:38:30.480755+00:00,聯合道 Junction Road,500,九龍九龍城聯合道 聯合道,一流校網 交通方便 宋皇臺站,22.33239,114.185646,差餉地租､管理費,明火煮食,,,2026-07-19T16:37:32+08:00,2026-07-22T18:28:29+08:00,2026-08-18T16:37:32+08:00,"[""https://i1.28hse.com/2026/07/202607221828061485780_large.jpg"", ""https://i1.28hse.com/2026/07/202607221828077937169_large.jpg"", ""https://i1.28hse.com/2026/07/202607221828076791808_large.jpg"", ""https://i1.28hse.com/2026/07/202607221828082486329_large.jpg"", ""https://i1.28hse.com/2026/07/202607221828082799150_large.jpg""]"
3702132,《實盤》全新裝修，新冷氣，只求好客 41網,九龍城,唐樓,12800,420,2,1,中層,,,宏基地產(九龍城)有限公司,https://i1.28hse.com/2026/05/202605291730421358549_thumb.jpg,https://www.28hse.com/rent/apartment/property-3702132,2026-08-02T21:33:05.478720+00:00,2026-08-02T21:38:31.056652+00:00,唐樓,,九龍九龍城唐樓 -,"宋王臺站5分鐘
計時5分鐘
鄰近超市",0.0,0.0,差餉地租､管理費,,,,2026-07-11T14:38:23+08:00,2026-07-11T14:38:45+08:00,2026-08-10T14:38:23+08:00,"[""https://i1.28hse.com/2026/05/202605291730473707194_large.jpg"", ""https://i1.28hse.com/2026/05/202605291732417875512_large.jpg"", ""https://i1.28hse.com/2026/05/202605291732463213038_large.jpg"", ""https://i1.28hse.com/2026/05/202605291732516105158_large.jpg"", ""https://i1.28hse.com/2026/05/20260529173256565767_large.jpg"", ""https://i1.28hse.com/2026/05/202605291733008009598_large.jpg""]"
3954095,電梯中層實用傢電兩房,土瓜灣,崇廉樓,15000,501,2,1,,梗廚,53,錦隆物業代理,https://i1.28hse.com/2026/08/202608021307033662330_thumb.jpg,https://www.28hse.com/rent/apartment/property-3954095,2026-08-02T21:33:05.478720+00:00,2026-08-02T21:38:31.663454+00:00,崇廉樓,,九龍土瓜灣崇廉樓 崇潔街91號,歡迎查詢或預約睇樓,22.311356,114.189125,差餉地租､管理費,,,,2026-07-31T18:53:11+08:00,2026-08-02T13:07:36+08:00,2026-08-30T18:53:11+08:00,"[""https://i1.28hse.com/2026/08/202608021307026982510_large.jpg"", ""https://i1.28hse.com/2026/08/202608021307038638764_large.jpg"", ""https://i1.28hse.com/2026/08/202608021307032106472_large.jpg"", ""https://i1.28hse.com/2026/08/20260802130703755805_large.jpg"", ""https://i1.28hse.com/2026/08/202608021307037730719_large.jpg"", ""https://i1.28hse.com/2026/08/202608021307048792768_large.jpg"", ""https://i1.28hse.com/2026/08/202608021307024491823_large.jpg""]"
3952510,土瓜灣 偉恒昌 靚裝 兩房兩廳 地點方便 附近有碼頭 巴士總站 極高層,土瓜灣,偉恆昌新村,14800,411,2,1,高層,,44,,https://i1.28hse.com/2026/07/202607301701035773844_thumb.jpg,https://www.28hse.com/rent/apartment/property-3952510,2026-08-02T21:33:05.478720+00:00,2026-08-02T21:38:32.295553+00:00,偉恆昌新村 偉景閣,507,九龍土瓜灣偉恆昌新村偉景閣 朗月街,"地產免問
偉景閣不能養寵物
風水好
極高層
34 校網
建築507尺 實用411尺",22.317867,114.191444,差餉地租､管理費,,,,2026-07-31T09:19:10+08:00,2026-07-31T09:19:10+08:00,2026-08-30T09:19:10+08:00,"[""https://i1.28hse.com/2026/07/202607301701046696640_large.jpg"", ""https://i1.28hse.com/2026/07/202607301701043696683_large.jpg"", ""https://i1.28hse.com/2026/07/202607301701044092276_large.jpg"", ""https://i1.28hse.com/2026/07/202607301701051484131_large.jpg"", ""https://i1.28hse.com/2026/07/20260730170105339867_large.jpg"", ""https://i1.28hse.com/2026/07/202607301701064687636_large.jpg"", ""https://i1.28hse.com/estate_data/77/3072/FLOOR/3072_20240123103234973542_thumb.jpg"", ""https://i1.28hse.com/estate_data/77/3072/UNIT/3072_20240123103427127823_thumb.jpg""]"
2337433,"翔龙湾东南海景三房合租,两间找女室友,$7000起,8月中入住",土瓜灣,翔龍灣,7300,560,3,2,中層,梗廚,15,,https://i1.28hse.com/2022/08/202208140317035073272_thumb.jpg,https://www.28hse.com/rent/apartment/property-2337433,2026-08-02T21:33:05.478720+00:00,2026-08-02T21:38:32.911102+00:00,翔龍灣,780,九龍土瓜灣翔龍灣 新碼頭街38號,"1. 东南向三房单位,开扬维港海景;三房两厕,明火煮食,智能门锁和全屋家电家具。
2. 套房已住女学生一位,大部分时间在广州,用独立卫浴,不使用大厅、厨房和公共洗手间。
3. 现招2位女学生或年轻女工作人士,3位新室友共用大厅、厨房及1个洗手间。
4. 1间独立房各$7300,有独立冷气;另有一间大厅分隔独立房$7000,有独立冷气。
5. 2间房均有床、床垫、书桌及基本家具;网络已包,水电煤共同分摊。
6. 最短12个月,8月中起可入住,可预约看房。
7. 步行约一分钟到翔龙湾巴士站,约两分钟到土瓜湾道巴士站及九龙城码头总站;附近有商场、街市及日常配套。
8. 可享会所设施如健身室、泳池等;单位属34校网及九龙城中学区,适合理大、都大、城大等九龙区院校的租客。
看房请联络冯先生或李小姐。",22.31918,114.193336,差餉地租､管理費,明火煮食,,,2026-07-08T02:41:34+08:00,2026-07-30T03:48:38+08:00,2026-08-07T02:41:34+08:00,"[""https://i1.28hse.com/2022/08/202208140317031730616_large.jpg"", ""https://i1.28hse.com/2022/08/20220814031703857459_large.jpg"", ""https://i1.28hse.com/2022/08/202208140317031834038_large.jpg"", ""https://i1.28hse.com/2022/08/202208140317035426609_large.jpg"", ""https://i1.28hse.com/2022/08/202208140317037852758_large.jpg"", ""https://i1.28hse.com/2022/08/202208140317038704038_large.jpg"", ""https://i1.28hse.com/2022/08/202208140317031105463_large.jpg"", ""https://i1.28hse.com/2026/07/20260708044744446146_large.jpg"", ""https://i1.28hse.com/2026/07/202607080447461995498_large.jpg"", ""https://i1.28hse.com/2022/08/202208140317047529492_large.jpg"", ""https://i1.28hse.com/2022/08/202208140317045651180_large.jpg"", ""https://i1.28hse.com/2022/08/202208140317043332941_large.jpg"", ""https://i1.28hse.com/2022/08/20220814031704415259_large.jpg"", ""https://i1.28hse.com/2022/08/202208140317048037118_large.jpg"", ""https://i1.28hse.com/2022/08/202208140317042302913_large.jpg"", ""https://i1.28hse.com/2022/08/202208140317048529124_large.jpg"", ""https://i1.28hse.com/2023/06/202306302246481585659_large.jpg"", ""https://i1.28hse.com/2023/06/202306302246497439979_large.jpg"", ""https://i1.28hse.com/2023/06/202306302246506338745_large.jpg"", ""https://i1.28hse.com/2023/06/202306302246503252761_large.jpg"", ""https://i1.28hse.com/estate_data/77/2548/FLOOR/2548_20250718164114798836_thumb.jpg"", ""https://i1.28hse.com/estate_data/77/2548/UNIT/2548_20250718164325323237_thumb.jpg""]"
3934774,✿【專為鍾意實用人士】方方正正✩大街上落✿『2房✓高層✓』,土瓜灣,北帝大樓,14800,459,2,1,高層,梗廚,66,生利達物業代理,https://i1.28hse.com/2026/07/202607251940534443572_thumb.jpg,https://www.28hse.com/rent/apartment/property-3934774,2026-08-02T21:33:05.478720+00:00,2026-08-02T21:38:33.525370+00:00,北帝大樓,,九龍土瓜灣北帝大樓 北帝街22-28A號,"The Real Estate Agency You Can Trust !!
✿你想一寓 ♡ 幫你選宅✿
IG @new_leader_property_agency
youtube @NewLeaderPropertyAgency
[歡迎預約睇樓 ]
♡ 34名校網 名校林立
[交通極方便]
✓ 約5-7分鐘行到港鐵土瓜灣站
✓ 多架過海巴士 約15分鐘到港島
✓ 多架巴士出尖沙咀
✓ 多架巴士到九龍東 油塘
✓ 仲有多架紅Van綠Van周圍去
♛搵我哋睇樓 又齊盤✓ 又快捷✓ 又方便✓♛
♛唔使周圍搵咁麻煩 我哋已幫你安排好♛
→歡迎業主來電 / WHATSAPP 放盤←",22.320257,114.188103,差餉地租､管理費,明火煮食,,,2026-07-16T19:13:14+08:00,2026-07-31T20:02:52+08:00,2026-08-15T19:13:14+08:00,"[""https://i1.28hse.com/2026/07/202607251940531810474_large.jpg"", ""https://i1.28hse.com/2026/07/20260725194053538519_large.jpg"", ""https://i1.28hse.com/2026/07/202607251940526799893_large.jpg"", ""https://i1.28hse.com/2026/07/202607251940533294375_large.jpg"", ""https://i1.28hse.com/2026/07/202607251940527253748_large.jpg"", ""https://i1.28hse.com/2026/07/202607251940547719708_large.jpg""]"
3938815,ღ北帝大樓ღ獨家兩房ღ雅裝企理ღ歡迎約睇ღ,土瓜灣,北帝大樓,14800,459,2,1,,梗廚,66,裕豐物業代理,https://i1.28hse.com/2026/07/202607191817047053555_thumb.jpg,https://www.28hse.com/rent/apartment/property-3938815,2026-08-02T21:33:05.478720+00:00,2026-08-02T21:38:34.136943+00:00,北帝大樓,,九龍土瓜灣北帝大樓 北帝街22-28A號,"34九龍區優質校網
6分鐘土瓜灣站
鄰近商場 超市 位置便利",22.320257,114.188103,差餉地租､管理費,,,,2026-07-19T18:17:33+08:00,2026-07-31T12:42:48+08:00,2026-08-18T18:17:33+08:00,"[""https://i1.28hse.com/2026/07/202607191817053458201_large.jpg"", ""https://i1.28hse.com/2026/07/202607191817094752430_large.jpg"", ""https://i1.28hse.com/2026/07/202607191817065995806_large.jpg"", ""https://i1.28hse.com/2026/07/20260719181710323997_large.jpg"", ""https://i1.28hse.com/2026/07/202607191817128322829_large.jpg"", ""https://i1.28hse.com/2026/07/202607191817075565846_large.jpg""]"
3934826,罕有超巨兩房巨廳 向東南 平地電梯 有匙即看 近屯馬地鐵,土瓜灣,譚公大廈,15500,503,2,1,中層,,61,領威置業,https://i1.28hse.com/2026/07/202607161949552735761_thumb.jpg,https://www.28hse.com/rent/apartment/property-3934826,2026-08-02T21:33:05.478720+00:00,2026-08-02T21:38:34.771889+00:00,譚公大廈,,九龍土瓜灣譚公大廈 譚公道45-63A號,"市區罕有 超實用巨廳 大兩房出租 平地電梯有保安
向東南，開揚通爽，間隔實用，兩房巨廳
旺中帶靜，附近食肆店舖林立，34名校網，多條巴士小巴路線，五分鐘屯馬線，交通飲食購物十分方便
有匙即看 歡迎查詢",22.322266,114.18811,差餉地租､管理費,明火煮食,,,2026-07-16T19:49:58+08:00,2026-07-16T19:49:58+08:00,2026-08-15T19:49:58+08:00,"[""https://i1.28hse.com/2026/07/202607161949567552346_large.jpg"", ""https://i1.28hse.com/2026/07/202607161949568086681_large.jpg"", ""https://i1.28hse.com/2026/07/202607161949567068344_large.jpg"", ""https://i1.28hse.com/2026/07/202607161949571903455_large.jpg"", ""https://i1.28hse.com/2026/07/20260716194957837627_large.jpg"", ""https://i1.28hse.com/2026/07/202607161949578308568_large.jpg""]"
3929300,有lift獨立單位 大房大廳,土瓜灣,譚公大廈,14200,503,2,1,中層,,58,中景地產,https://i1.28hse.com/2026/08/202608021148465600767_thumb.jpg,https://www.28hse.com/rent/apartment/property-3929300,2026-08-02T21:33:05.478720+00:00,2026-08-02T21:38:36.239612+00:00,譚公大廈,,九龍土瓜灣譚公大廈 譚公道45-63A號,"企理裝修 有鎖匙即睇
歡迎隨時睇樓有電梯5分鐘到地鐵站",22.322266,114.18811000000001,差餉地租､管理費,,,,2026-07-12T16:15:15+08:00,2026-08-02T11:48:55+08:00,2026-08-11T16:15:15+08:00,[]
3915529,《 室內靚裝修· 2大房加1工人房·罕有 》益豐大廈,土瓜灣,益豐大廈,14300,501,3,1,中層,,49,天晋物業有限公司,https://i1.28hse.com/2026/07/202607031329373592562_thumb.jpg,https://www.28hse.com/rent/apartment/property-3915529,2026-08-02T21:33:05.478720+00:00,2026-08-02T21:38:36.882213+00:00,益豐大廈,578,九龍土瓜灣益豐大廈 土瓜灣道239號,"《 室內裝修靚· 2房加1工人房·罕有·正正地鐵站出口． 》益豐大廈
地址:	土瓜灣道237-239A號
入伙日期:	06/1967
單位數目:	221
層數:	14
每層伙數:	16
所屬校網:	九龍區34號校網",22.315418,114.189606,差餉地租､管理費,,,,2026-07-03T13:29:43+08:00,2026-07-17T12:19:08+08:00,2026-08-02T13:29:43+08:00,"[""https://i1.28hse.com/2026/07/202607031329373631383_large.jpg"", ""https://i1.28hse.com/2026/07/202607031329388751702_large.jpg"", ""https://i1.28hse.com/2026/07/202607031329381398095_large.jpg"", ""https://i1.28hse.com/2026/07/202607031329387846037_large.jpg"", ""https://i1.28hse.com/2026/07/20260703132939447461_large.jpg"", ""https://i1.28hse.com/2026/07/202607031329392476590_large.jpg"", ""https://i1.28hse.com/2026/07/20260703132939326606_large.jpg"", ""https://i1.28hse.com/2026/07/202607031329401833269_large.jpg"", ""https://i1.28hse.com/2026/07/202607031329416069945_large.jpg"", ""https://i1.28hse.com/2026/07/202607031329417363185_large.jpg"", ""https://i1.28hse.com/2026/07/202607031329422115372_large.jpg""]"
3884511,有鎖匙~巨無霸!!可租勞工!!3房!交通便利步行5分鐘到地鐵站,土瓜灣,華強大廈,13800,500,3,1,,開放式廚房,50,金達地產,https://i1.28hse.com/2026/06/202606251334455785620_thumb.jpg,https://www.28hse.com/rent/apartment/property-3884511,2026-08-02T21:33:05.478720+00:00,2026-08-02T21:38:37.535786+00:00,華強大廈,600,九龍土瓜灣華強大廈 下鄉道36號,"[歡迎預約睇樓 ]
♡ 附近有超市街市 方便到唔知點形容
♡ 生活方便 解決好多麻煩
[交通極方便]
✓ 約5分鐘行到港鐵土瓜灣站
✓ 多架過海巴士 約15分鐘到港島",22.317574,114.189499,差餉地租､管理費,,,,2026-07-11T11:32:14+08:00,2026-08-02T12:24:14+08:00,2026-08-10T11:32:14+08:00,"[""https://i1.28hse.com/2026/06/202606251334494074186_large.jpg"", ""https://i1.28hse.com/2026/06/202606251334528757158_large.jpg"", ""https://i1.28hse.com/2026/06/202606251334533299974_large.jpg"", ""https://i1.28hse.com/2026/06/202606251334597886142_large.jpg"", ""https://i1.28hse.com/2026/06/202606251335035371200_large.jpg"", ""https://i1.28hse.com/2026/06/202606251335318419282_large.jpg"", ""https://i1.28hse.com/2026/06/202606251335118657191_large.jpg"", ""https://i1.28hse.com/2026/06/202606251335143279210_large.jpg"", ""https://i1.28hse.com/2026/06/202606251335228608406_large.jpg""]"
3919574,✿【享受到生活嘅空間感】執靚間屋先交俾你✿『2房✓有部分傢電✓大屋苑✓』,土瓜灣,偉恆昌新村,16800,423,2,1,低層,梗廚,48,生利達物業代理,https://i1.28hse.com/2026/07/202607051828373167397_thumb.jpg,https://www.28hse.com/rent/apartment/property-3919574,2026-08-02T21:33:05.478720+00:00,2026-08-02T21:38:38.182407+00:00,偉恆昌新村 偉景閣,500,九龍土瓜灣偉恆昌新村偉景閣 美景街113號,"The Real Estate Agency You Can Trust !!
✿你想一寓 ♡ 幫你選宅✿
IG @new_leader_property_agency
youtube @NewLeaderPropertyAgency
[歡迎預約睇樓 ]
♡ 空氣流通
♡ 34名校網 名校林立
♡ 泳池會所
[交通極方便]
✓ 約5-7分鐘行到港鐵土瓜灣站
✓ 多架過海巴士 約15分鐘到港島
✓ 多架巴士出尖沙咀
✓ 多架巴士到九龍東 油塘
✓ 仲有多架紅Van綠Van周圍去
♛搵我哋睇樓 又齊盤✓ 又快捷✓ 又方便✓♛
♛唔使周圍搵咁麻煩 我哋已幫你安排好♛
→歡迎業主來電 / WHATSAPP 放盤←",22.317867,114.191444,差餉地租､管理費,,,,2026-07-05T18:35:25+08:00,2026-07-10T18:42:59+08:00,2026-08-04T18:35:25+08:00,"[""https://i1.28hse.com/2026/07/202607051826584840879_large.jpg"", ""https://i1.28hse.com/2026/07/202607051826585808442_large.jpg"", ""https://i1.28hse.com/2026/07/202607051826565725352_large.jpg"", ""https://i1.28hse.com/2026/07/202607051826585527233_large.jpg"", ""https://i1.28hse.com/2026/07/202607051826572357410_large.jpg"", ""https://i1.28hse.com/2026/07/202607051826575693175_large.jpg"", ""https://i1.28hse.com/2026/07/202607051826572637328_large.jpg"", ""https://i1.28hse.com/2026/07/202607051826577804081_large.jpg"", ""https://i1.28hse.com/2026/07/20260705182657244861_large.jpg"", ""https://i1.28hse.com/estate_data/77/3072/FLOOR/3072_20240123103250564455_thumb.jpg"", ""https://i1.28hse.com/estate_data/77/3072/UNIT/3072_20240123103440377237_thumb.jpg""]"
3919153,✿【大件又抵租】實際實用就係好｜租金平•樓層高✿『2房✓東南✓平地𨋢✓近港鐵✓,土瓜灣,北帝大樓,14000,454,2,1,,梗廚,66,生利達物業代理,https://i1.28hse.com/2026/07/202607071609554534501_thumb.jpg,https://www.28hse.com/rent/apartment/property-3919153,2026-08-02T21:33:05.478720+00:00,2026-08-02T21:38:38.816808+00:00,北帝大樓,,九龍土瓜灣北帝大樓 北帝街22-28A號,"The Real Estate Agency You Can Trust !!
✿你想一寓 ♡ 幫你選宅✿
IG @new_leader_property_agency
youtube @NewLeaderPropertyAgency
[有匙即約即睇]
♡ 2房 多窗
♡ 全屋翻新
♡ 34名校網 名校林立
[交通極方便]
✓ 約5分鐘行到港鐵站
✓ 多架過海巴士 約15分鐘到港島
✓ 多架巴士出尖沙咀
✓ 多架巴士到九龍東 油塘
✓ 仲有多架紅Van綠Van周圍去
♛搵我哋睇樓 又齊盤✓ 又快捷✓ 又方便✓♛
♛唔使周圍搵咁麻煩 我哋已幫你安排好♛
→歡迎業主來電 / WHATSAPP 放盤←",22.320257,114.188103,差餉地租､管理費,明火煮食,,,2026-07-05T15:39:27+08:00,2026-07-09T20:08:47+08:00,2026-08-04T15:39:27+08:00,"[""https://i1.28hse.com/2026/07/202607071609532199106_large.jpg"", ""https://i1.28hse.com/2026/07/202607071609558946463_large.jpg"", ""https://i1.28hse.com/2026/07/20260707160954821705_large.jpg"", ""https://i1.28hse.com/2026/07/202607071609537197596_large.jpg"", ""https://i1.28hse.com/2026/07/202607071609541370593_large.jpg""]"
3922192,有lift獨立單位 大房大廳,土瓜灣,譚公大廈,14200,503,3,1,中層,,58,中景地產,https://i1.28hse.com/2026/08/20260802155426121949_thumb.jpg,https://www.28hse.com/rent/apartment/property-3922192,2026-08-02T21:33:05.478720+00:00,2026-08-02T21:38:39.443980+00:00,譚公大廈,,九龍土瓜灣譚公大廈 譚公道45-63A號,"靚裝修 有鎖匙即睇
歡迎隨時睇樓有電梯5分鐘到地鐵站",22.322266,114.18811,差餉地租､管理費,,,,2026-07-07T16:58:20+08:00,2026-08-02T15:54:36+08:00,2026-08-06T16:58:20+08:00,[]
3922643,安福大廈**中層新裝修二房一廳**駿發地產,土瓜灣,安福大廈,13200,409,2,1,中層,,52,駿發地產,https://i1.28hse.com/2026/07/202607072150182541000_thumb.jpg,https://www.28hse.com/rent/apartment/property-3922643,2026-08-02T21:33:05.478720+00:00,2026-08-02T21:38:40.065890+00:00,安福大廈,,九龍土瓜灣安福大廈 美景街30-44號,"安福大廈
中層東南新裝修
二房一廳
獨家有匙即睇",22.316624,114.190964,差餉地租､管理費,,,,2026-07-07T21:51:34+08:00,2026-07-08T20:02:00+08:00,2026-08-06T21:51:34+08:00,"[""https://i1.28hse.com/2026/07/202607072150184178712_large.jpg"", ""https://i1.28hse.com/2026/07/20260707215018323111_large.jpg"", ""https://i1.28hse.com/2026/07/202607072150188054654_large.jpg"", ""https://i1.28hse.com/2026/07/202607072150195291486_large.jpg"", ""https://i1.28hse.com/2026/07/202607072150197856430_large.jpg"", ""https://i1.28hse.com/2026/07/202607072150191713786_large.jpg"", ""https://i1.28hse.com/2026/07/202607072150196854450_large.jpg"", ""https://i1.28hse.com/2026/07/202607072150204784330_large.jpg""]"
3921918,寶暉大廈＞罕有放盤！大房大廳！識得享受一定識揀 交通四通八達,土瓜灣,寶暉大廈,12800,416,2,1,中層,,42,天晋物業有限公司,https://i1.28hse.com/2026/07/202607221347158503035_thumb.jpg,https://www.28hse.com/rent/apartment/property-3921918,2026-08-02T21:33:05.478720+00:00,2026-08-02T21:38:40.705603+00:00,寶暉大廈,498,九龍土瓜灣寶暉大廈 漆咸道北435-439號,寶暉大廈＞罕有放盤！大房大廳！識得享受一定識揀 交通四通八達,22.312792,114.186363,,,,,2026-07-07T15:19:11+08:00,2026-07-22T14:14:55+08:00,2026-08-06T15:19:11+08:00,"[""https://i1.28hse.com/2026/07/202607221347153908449_large.jpg"", ""https://i1.28hse.com/2026/07/202607221347165992540_large.jpg"", ""https://i1.28hse.com/2026/07/202607221347168192481_large.jpg"", ""https://i1.28hse.com/2026/07/202607221347177123848_large.jpg""]"
3918194,「超大間屋」 「空間感Max」 煤浴 有匙即睇 歡迎隨時聯絡 幫你搵間靚屋,土瓜灣,偉恆昌新村,16800,423,2,1,中層,梗廚,48,世紀21置業易,https://i1.28hse.com/2026/07/20260704184039382329_thumb.jpg,https://www.28hse.com/rent/apartment/property-3918194,2026-08-02T21:33:05.478720+00:00,2026-08-02T21:38:42.071274+00:00,偉恆昌新村 偉景閣,500,九龍土瓜灣偉恆昌新村偉景閣 美景街113號,"罕有放盤, 豪華靚裝
開揚園景",22.317867,114.191444,差餉地租､管理費,,,,2026-07-04T18:41:00+08:00,2026-07-07T10:48:41+08:00,2026-08-03T18:41:00+08:00,"[""https://i1.28hse.com/2026/07/202607041840396330083_large.jpg"", ""https://i1.28hse.com/2026/07/202607041840407461212_large.jpg"", ""https://i1.28hse.com/2026/07/202607041840412083505_large.jpg"", ""https://i1.28hse.com/2026/07/202607041840417094825_large.jpg"", ""https://i1.28hse.com/2026/07/202607041840421601424_large.jpg"", ""https://i1.28hse.com/estate_data/77/3072/FLOOR/3072_20240123103250564455_thumb.jpg"", ""https://i1.28hse.com/estate_data/77/3072/UNIT/3072_20240123103440377237_thumb.jpg""]"
3916694,「你的那個家、雜物很多嗎 ？」崇廉樓 501呎 2房,土瓜灣,崇廉樓,15000,501,2,1,,開放式廚房,53,捷昇置業有限公司,https://i1.28hse.com/2026/07/202607191657527267879_thumb.jpg,https://www.28hse.com/rent/apartment/property-3916694,2026-08-02T21:33:05.478720+00:00,2026-08-02T21:38:42.705501+00:00,崇廉樓,,九龍土瓜灣崇廉樓 崇潔街91號,"大廈	地址	層數
崇廉樓	崇潔街	16
平均呎價	維修	管理費
833~125	
入伙	樓齡	發展商
1973	53	TBC
地區	小學	中學
紅磡	35	九龍城",22.311356,114.189125,差餉地租､管理費,,,,2026-07-03T20:34:51+08:00,2026-08-01T15:43:47+08:00,2026-08-02T20:34:51+08:00,"[""https://i1.28hse.com/2026/08/20260801154249927087_large.jpg"", ""https://i1.28hse.com/2026/08/202608011542523524516_large.jpg"", ""https://i1.28hse.com/2026/08/202608011542541204038_large.jpg"", ""https://i1.28hse.com/2026/08/202608011542566864993_large.jpg"", ""https://i1.28hse.com/2026/08/202608011542586349131_large.jpg"", ""https://i1.28hse.com/2026/08/202608011543008775972_large.jpg"", ""https://i1.28hse.com/2026/08/202608011543011335132_large.jpg"", ""https://i1.28hse.com/2026/08/202608011543037321010_large.jpg"", ""https://i1.28hse.com/2026/08/202608011543054970746_large.jpg"", ""https://i1.28hse.com/2026/08/202608011543076937952_large.jpg""]"
3875574,"獨立房間出租, 歡迎學生查詢",鑽石山,星河明居,13500,593,3,2,高層,梗廚,28,世家置業有限公司,https://i1.28hse.com/estate_data/79/2050/FLOOR/2050_20231121180226338275_thumb.jpg,https://www.28hse.com/rent/apartment/property-3875574,2026-08-02T21:33:05.478720+00:00,2026-08-02T21:38:43.332972+00:00,星河明居,751,九龍鑽石山星河明居 龍蟠街3號,"獨立房間出租, 歡迎學生查詢
備有上下架床, 衣櫃, 書枱
共用廚房
免費WIFI",22.341236,114.202126,差餉地租､管理費,明火煮食,,,2026-07-10T13:51:18+08:00,2026-07-31T12:33:27+08:00,2026-08-09T13:51:18+08:00,"[""https://i1.28hse.com/estate_data/79/2050/UNIT/2050_20231121180436612956_thumb.jpg""]"
3952623,獨家罕有三房租盤，間格實用,青衣,美景花園,16500,564,3,1,低層,,44,啟勝地產(美景花園),https://i1.28hse.com/2026/07/202607301752162474392_thumb.jpg,https://www.28hse.com/rent/apartment/property-3952623,2026-08-02T21:33:05.478720+00:00,2026-08-02T21:38:44.319957+00:00,美景花園,699,新界青衣美景花園 細山路2-16號,有匙引看，歡迎查詢,22.344501,114.107536,差餉地租､管理費,,,,2026-07-30T17:52:51+08:00,2026-08-01T13:15:33+08:00,2026-08-29T17:52:51+08:00,"[""https://i1.28hse.com/2026/07/202607301752207753609_large.jpg"", ""https://i1.28hse.com/2026/07/202607301752227377048_large.jpg"", ""https://i1.28hse.com/2026/07/20260730175225633036_large.jpg"", ""https://i1.28hse.com/2026/07/20260730175227421705_large.jpg"", ""https://i1.28hse.com/2026/08/202608011315217381328_large.jpg"", ""https://i1.28hse.com/estate_data/123/4655/FLOOR/4655_20231122000037927328_thumb.jpg"", ""https://i1.28hse.com/estate_data/123/4655/UNIT/4655_20240104124237649128_thumb.jpg""]"
3939343,暑期優惠＊租樓送300元超市禮卷＊有裝修2房租盤 歡迎查詢,青衣,藍澄灣,16000,451,2,1,中層,梗廚,22,美聯物業代理有限公司,https://i1.28hse.com/2026/07/202607201247298692297_thumb.jpg,https://www.28hse.com/rent/apartment/property-3939343,2026-08-02T21:33:05.478720+00:00,2026-08-02T21:38:44.948364+00:00,藍澄灣,638,新界青衣藍澄灣 青衣路1號,歡迎約睇,22.343678,114.109825,差餉地租､管理費,明火煮食,,,2026-07-20T12:48:14+08:00,2026-08-02T13:14:06+08:00,2026-08-19T12:48:14+08:00,"[""https://i1.28hse.com/2026/07/202607201247305718382_large.jpg"", ""https://i1.28hse.com/2026/07/202607201247307072264_large.jpg"", ""https://i1.28hse.com/2026/07/202607201247314146100_large.jpg"", ""https://i1.28hse.com/2026/07/202607201247318555376_large.jpg"", ""https://i1.28hse.com/2026/07/202607201247324452980_large.jpg"", ""https://i1.28hse.com/2026/07/2026072012473360996_large.jpg"", ""https://i1.28hse.com/2026/07/20260720124733584711_large.jpg"", ""https://i1.28hse.com/2026/07/202607201247342877616_large.jpg"", ""https://i1.28hse.com/2026/07/20260720124734113387_large.jpg"", ""https://i1.28hse.com/2026/07/202607201247355414782_large.jpg"", ""https://i1.28hse.com/2026/07/202607201247357628591_large.jpg"", ""https://i1.28hse.com/estate_data/123/4652/FLOOR/4652_20231121235706394237_thumb.jpg"", ""https://i1.28hse.com/estate_data/123/4652/UNIT/4652_20231121235809263221_thumb.jpg""]"
3938690,暑期優惠＊租樓送300元超市禮卷＊平租企理2房 有是即睇,青衣,美景花園,13900,401,2,1,中層,梗廚,44,美聯物業代理有限公司,https://i1.28hse.com/2026/08/202608011550545527066_thumb.jpg,https://www.28hse.com/rent/apartment/property-3938690,2026-08-02T21:33:05.478720+00:00,2026-08-02T21:38:45.582788+00:00,美景花園,514,新界青衣美景花園 細山路2-16號,歡迎查詢,22.344501,114.107536,差餉地租､管理費,明火煮食,,,2026-07-19T17:19:27+08:00,2026-08-01T15:51:19+08:00,2026-08-18T17:19:27+08:00,"[""https://i1.28hse.com/2026/08/202608011550527187721_large.jpg"", ""https://i1.28hse.com/2026/08/202608011550528176086_large.jpg"", ""https://i1.28hse.com/2026/08/202608011550531389698_large.jpg"", ""https://i1.28hse.com/2026/08/202608011550543549253_large.jpg"", ""https://i1.28hse.com/2026/08/202608011550555769700_large.jpg"", ""https://i1.28hse.com/estate_data/123/4655/FLOOR/4655_20231121021229453583_thumb.jpg"", ""https://i1.28hse.com/estate_data/123/4655/UNIT/4655_20240104124321534343_thumb.jpg""]"
3937098,新鴻基屋苑～實用大兩房～用家至愛～有匙即睇,青衣,翠怡花園,15500,451,2,1,中層,,36,美聯物業,https://i1.28hse.com/2026/07/20260718142459174544_thumb.jpg,https://www.28hse.com/rent/apartment/property-3937098,2026-08-02T21:33:05.478720+00:00,2026-08-02T21:38:46.208539+00:00,翠怡花園,576,新界青衣翠怡花園 楓樹窩路1號,"♛美聯物業 - 專業代理♛
***各區一手&二手樓盤***專車接送
為貴客提供一條龍專業買賣及售後服務！
投資移民 首次置業
物業估價 按揭轉介
法律咨詢 律師轉介
租務管理 裝修轉介
我們盤源極多，可為貴客提供多個置業選擇。
(最新青衣及葵涌以及荔景物業價格)　應有盡有，一定搵到岩您心水的樓盤 ，用心為您服務用心服務，不妨比較：）",22.352358,114.107811,差餉地租､管理費,,,,2026-07-18T14:26:19+08:00,2026-07-18T14:26:19+08:00,2026-08-17T14:26:19+08:00,"[""https://i1.28hse.com/2026/07/202607181425013026754_large.jpg"", ""https://i1.28hse.com/2026/07/202607181425023294450_large.jpg"", ""https://i1.28hse.com/2026/07/202607181425034858197_large.jpg"", ""https://i1.28hse.com/2026/07/202607181425042990429_large.jpg"", ""https://i1.28hse.com/2026/07/202607181425061841656_large.jpg"", ""https://i1.28hse.com/2026/07/202607181425093101839_large.jpg"", ""https://i1.28hse.com/2026/07/202607181425144114444_large.jpg"", ""https://i1.28hse.com/2026/07/202607181425202172632_large.jpg"", ""https://i1.28hse.com/2026/07/202607181425257387983_large.jpg""]"
3935270,暑期優惠＊租樓送300元超市禮卷＊大兩房出租＊＊有匙引看＊,青衣,翠怡花園,16000,451,2,1,低層,梗廚,36,美聯物業代理有限公司,https://i1.28hse.com/2026/08/202608011459221127034_thumb.jpg,https://www.28hse.com/rent/apartment/property-3935270,2026-08-02T21:33:05.478720+00:00,2026-08-02T21:38:46.863955+00:00,翠怡花園,576,新界青衣翠怡花園 楓樹窩路1號,歡迎查詢,22.352358,114.107811,差餉地租､管理費,明火煮食,,,2026-07-17T12:15:22+08:00,2026-08-01T14:59:29+08:00,2026-08-16T12:15:22+08:00,"[""https://i1.28hse.com/2026/08/202608011459228295233_large.jpg"", ""https://i1.28hse.com/2026/08/202608011459238308530_large.jpg"", ""https://i1.28hse.com/2026/08/202608011459241560695_large.jpg"", ""https://i1.28hse.com/2026/08/202608011459256133127_large.jpg"", ""https://i1.28hse.com/2026/08/202608011459256063609_large.jpg""]"
3919329,至筍2房，獨家租盤,青衣,翠怡花園,16000,451,2,1,,梗廚,36,美聯物業,https://i1.28hse.com/2026/07/2026070516562823928_thumb.jpg,https://www.28hse.com/rent/apartment/property-3919329,2026-08-02T21:33:05.478720+00:00,2026-08-02T21:38:48.308310+00:00,翠怡花園,576,新界青衣翠怡花園 楓樹窩路1號,"開揚園景, 高實用率",22.352358,114.107811,差餉地租､管理費,明火煮食,,,2026-07-05T16:58:31+08:00,2026-07-05T16:58:31+08:00,2026-08-04T16:58:31+08:00,"[""https://i1.28hse.com/2026/07/202607051656215480824_large.jpg"", ""https://i1.28hse.com/2026/07/20260705165623837000_large.jpg"", ""https://i1.28hse.com/2026/07/202607051656245725467_large.jpg"", ""https://i1.28hse.com/2026/07/202607051656263380001_large.jpg"", ""https://i1.28hse.com/2026/07/202607051656314369846_large.jpg"", ""https://i1.28hse.com/2026/07/202607051656323065850_large.jpg"", ""https://i1.28hse.com/2026/07/202607051656342107971_large.jpg""]"
3954986,暑期優惠＊租樓送300元超市禮卷＊已交吉 有匙引看,青衣,藍澄灣,16500,488,2,1,低層,梗廚,22,美聯物業代理有限公司,https://i1.28hse.com/2026/08/202608011445305223260_thumb.jpg,https://www.28hse.com/rent/apartment/property-3954986,2026-08-02T21:33:05.478720+00:00,2026-08-02T21:38:48.941247+00:00,藍澄灣,683,新界青衣藍澄灣 青衣路1號,歡迎約睇,22.343678,114.109825,差餉地租､管理費,明火煮食,,,2026-08-01T14:46:19+08:00,2026-08-02T13:14:16+08:00,2026-08-31T14:46:19+08:00,"[""https://i1.28hse.com/2026/08/202608011445312160216_large.jpg"", ""https://i1.28hse.com/2026/08/202608011445325763279_large.jpg"", ""https://i1.28hse.com/2026/08/202608011445325447939_large.jpg"", ""https://i1.28hse.com/2026/08/202608011445338720328_large.jpg"", ""https://i1.28hse.com/2026/08/202608011445345491733_large.jpg"", ""https://i1.28hse.com/2026/08/202608011445343872523_large.jpg"", ""https://i1.28hse.com/2026/08/202608011445354689142_large.jpg"", ""https://i1.28hse.com/estate_data/123/4652/FLOOR/4652_20231121235706394237_thumb.jpg""]"
3952871,中層開揚兩房 連電器 傢俬 短期必走,青衣,藍澄灣,16500,451,2,1,低層,,22,美聯物業,https://i1.28hse.com/2026/07/202607302029131166963_thumb.jpg,https://www.28hse.com/rent/apartment/property-3952871,2026-08-02T21:33:05.478720+00:00,2026-08-02T21:38:49.540487+00:00,藍澄灣,638,新界青衣藍澄灣 青衣路1號,"包傢俬, 包電器, 有裝修, 中心旺地, 旺中帶靜, 管理完善",22.343678,114.109825,差餉地租､管理費,明火煮食,,,2026-07-30T20:30:48+08:00,2026-07-30T20:30:48+08:00,2026-08-29T20:30:48+08:00,"[""https://i1.28hse.com/2026/07/20260730202911590590_large.jpg"", ""https://i1.28hse.com/2026/07/202607302029128711228_large.jpg"", ""https://i1.28hse.com/2026/07/202607302029126637641_large.jpg"", ""https://i1.28hse.com/2026/07/202607302029132475255_large.jpg"", ""https://i1.28hse.com/2026/07/202607302029142673140_large.jpg"", ""https://i1.28hse.com/2026/07/202607302029122977678_large.jpg"", ""https://i1.28hse.com/2026/07/202607302029114078274_large.jpg"", ""https://i1.28hse.com/2026/07/202607302029135480178_large.jpg"", ""https://i1.28hse.com/estate_data/123/4652/FLOOR/4652_20231121235706394237_thumb.jpg"", ""https://i1.28hse.com/estate_data/123/4652/UNIT/4652_20231121235809263221_thumb.jpg""]"
3946782,企理裝修 實用3房筍價出租,青衣,美景花園,16500,564,3,,低層,,44,啟勝地產(美景花園),https://i1.28hse.com/2026/08/202608011633347650324_thumb.jpg,https://www.28hse.com/rent/apartment/property-3946782,2026-08-02T21:33:05.478720+00:00,2026-08-02T21:38:50.346260+00:00,美景花園,699,新界青衣美景花園 細山路2-16號,"企理裝修，實用率高，環境清幽，優美寧靜
本公司為新鴻基地產集團成員 啟勝地產
葵芳港鐵站, 專缐小巴直達8餘分鐘
靜中帶旺, 各式單位,精心挑選, 大量優質靚盤,匙盤,獨家盤,萬勿錯過!!
屋苑有大營超市, 旁邊有專業教育學院,專缐小巴直達葵芳地鐵10餘分鐘, 鄰近巴士站去機埸,港島區,尖沙咀, 沙田區都是行走高速幹線公路交通方便
新鴻基地產集團成員啟勝地產,地址美景花園９座L3,108號舖
N241 通宵 尖東-紅磡
小巴
88C 葵芳站 約7分鐘車程
88D 青衣站 約10分鐘車程",22.344501,114.10753600000001,差餉地租､管理費,,,,2026-07-25T19:58:08+08:00,2026-08-01T16:35:59+08:00,2026-08-24T19:58:08+08:00,"[""https://i1.28hse.com/2026/08/202608011633371573733_large.jpg"", ""https://i1.28hse.com/2026/08/202608011633394326220_large.jpg"", ""https://i1.28hse.com/2026/08/202608011633414989637_large.jpg"", ""https://i1.28hse.com/2026/08/202608011633422978980_large.jpg"", ""https://i1.28hse.com/2026/08/202608011633443890643_large.jpg"", ""https://i1.28hse.com/2026/08/20260801163345539283_large.jpg"", ""https://i1.28hse.com/2026/08/202608011633464367852_large.jpg"", ""https://i1.28hse.com/2026/08/202608011633487485255_large.jpg"", ""https://i1.28hse.com/2026/08/202608011633494367875_large.jpg"", ""https://i1.28hse.com/estate_data/123/4655/FLOOR/4655_20231122000037927328_thumb.jpg"", ""https://i1.28hse.com/estate_data/123/4655/UNIT/4655_20240104124237649128_thumb.jpg""]"
3919113,有匙兩房. 煙花海景,青衣,美景花園,13500,420,2,,高層,,44,啟勝地產(美景花園),https://i1.28hse.com/2026/07/202607051521013167247_thumb.jpg,https://www.28hse.com/rent/apartment/property-3919113,2026-08-02T21:33:05.478720+00:00,2026-08-02T21:38:51.038457+00:00,美景花園,532,新界青衣美景花園 細山路2-16號,"企理裝修，實用率高，環境清幽，優美寧靜
本公司為新鴻基地產集團成員 啟勝地產
葵芳港鐵站, 專缐小巴直達8餘分鐘
靜中帶旺, 各式單位,精心挑選, 大量優質靚盤,匙盤,獨家盤,萬勿錯過!!
屋苑有大營超市, 旁邊有專業教育學院,專缐小巴直達葵芳地鐵10餘分鐘, 鄰近巴士站去機埸,港島區,尖沙咀, 沙田區都是行走高速幹線公路交通方便
新鴻基地產集團成員啟勝地產,地址美景花園９座L3,108號舖
N241 通宵 尖東-紅磡
小巴
88C 葵芳站 約7分鐘車程
88D 青衣站 約10分鐘車程",22.344501,114.10753600000001,差餉地租､管理費,,,,2026-07-05T15:21:30+08:00,2026-07-13T19:04:28+08:00,2026-08-04T15:21:30+08:00,"[""https://i1.28hse.com/2026/07/202607051521035922810_large.jpg"", ""https://i1.28hse.com/2026/07/202607051521056985246_large.jpg"", ""https://i1.28hse.com/2026/07/202607051521088000010_large.jpg"", ""https://i1.28hse.com/2026/07/202607051521105436665_large.jpg"", ""https://i1.28hse.com/2026/07/202607051521124715517_large.jpg"", ""https://i1.28hse.com/2026/07/202607051521143093592_large.jpg"", ""https://i1.28hse.com/estate_data/123/4655/FLOOR/4655_20231122000023264426_thumb.jpg"", ""https://i1.28hse.com/estate_data/123/4655/FLOOR/4655_20231122000034775895_thumb.jpg"", ""https://i1.28hse.com/estate_data/123/4655/UNIT/4655_20240104124410668942_thumb.jpg"", ""https://i1.28hse.com/estate_data/123/4655/UNIT/4655_20240104124425294782_thumb.jpg""]"
3956991,實用502呎空間闊落，超級大兩房，望到海景，鄰近青衣港鐵站步行即達,青衣,海欣花園,17000,502,2,1,低層,梗廚,26,利嘉閣地產有限公司,https://i1.28hse.com/2026/08/2026080218003710773_thumb.jpg,https://www.28hse.com/rent/apartment/property-3956991,2026-08-02T21:33:05.478720+00:00,2026-08-02T21:38:51.746875+00:00,海欣花園,672,新界青衣海欣花園 展環街11號,罕有租盤 快者得,22.352619,114.109581,差餉地租､管理費,明火煮食,,,2026-08-02T18:02:56+08:00,2026-08-02T18:02:56+08:00,2026-09-01T18:02:56+08:00,"[""https://i1.28hse.com/2026/08/202608021800362959780_large.jpg"", ""https://i1.28hse.com/2026/08/202608021800384253577_large.jpg"", ""https://i1.28hse.com/2026/08/202608021800382071334_large.jpg"", ""https://i1.28hse.com/2026/08/202608021800394558207_large.jpg"", ""https://i1.28hse.com/2026/08/202608021800407001249_large.jpg"", ""https://i1.28hse.com/2026/08/202608021800401753249_large.jpg"", ""https://i1.28hse.com/2026/08/202608021800414748051_large.jpg""]"
3956840,"451呎大兩房空間闊落, 東南樓機會難得, 即租即住",青衣,藍澄灣,16800,451,2,1,中層,梗廚,22,利嘉閣地產有限公司,https://i1.28hse.com/2026/08/202608021701121763261_thumb.jpg,https://www.28hse.com/rent/apartment/property-3956840,2026-08-02T21:33:05.478720+00:00,2026-08-02T21:38:52.368465+00:00,藍澄灣,638,新界青衣藍澄灣 青衣路1號,"整齊舒服, 家電齊全, 拎包入住",22.343678,114.109825,差餉地租､管理費,明火煮食,,,2026-08-02T17:02:19+08:00,2026-08-02T17:04:22+08:00,2026-09-01T17:02:19+08:00,"[""https://i1.28hse.com/2026/08/202608021701145721055_large.jpg"", ""https://i1.28hse.com/2026/08/202608021701166775600_large.jpg"", ""https://i1.28hse.com/2026/08/202608021701172466614_large.jpg"", ""https://i1.28hse.com/2026/08/202608021701178104708_large.jpg"", ""https://i1.28hse.com/2026/08/202608021701188500483_large.jpg"", ""https://i1.28hse.com/2026/08/202608021701183012814_large.jpg"", ""https://i1.28hse.com/estate_data/123/4652/FLOOR/4652_20231121235706394237_thumb.jpg"", ""https://i1.28hse.com/estate_data/123/4652/UNIT/4652_20231121235809263221_thumb.jpg""]"
3956529,*Sandra*青衣藍澄灣最平2房租盤,青衣,藍澄灣,16500,451,2,1,中層,梗廚,22,美聯物業,https://i1.28hse.com/2026/08/202608021508104347767_thumb.jpg,https://www.28hse.com/rent/apartment/property-3956529,2026-08-02T21:33:05.478720+00:00,2026-08-02T21:38:53.972734+00:00,藍澄灣,638,新界青衣藍澄灣 青衣路1號,*Sandra*青衣藍澄灣最平2房租盤中層 綠van葵芳地鐵站或青衣城 2分鐘有巴士出旺角 銅鑼灣,22.343678,114.109825,差餉地租､管理費,明火煮食,,,2026-08-02T15:08:24+08:00,2026-08-02T15:08:24+08:00,2026-09-01T15:08:24+08:00,"[""https://i1.28hse.com/2026/08/202608021508102320456_large.jpg"", ""https://i1.28hse.com/2026/08/202608021508115988320_large.jpg"", ""https://i1.28hse.com/2026/08/202608021508115682964_large.jpg"", ""https://i1.28hse.com/2026/08/202608021508117437329_large.jpg"", ""https://i1.28hse.com/2026/08/202608021508111620688_large.jpg"", ""https://i1.28hse.com/2026/08/202608021508115334563_large.jpg"", ""https://i1.28hse.com/2026/08/202608021508123252896_large.jpg"", ""https://i1.28hse.com/2026/08/202608021508125437855_large.jpg"", ""https://i1.28hse.com/estate_data/123/4652/FLOOR/4652_20231121235706394237_thumb.jpg"", ""https://i1.28hse.com/estate_data/123/4652/UNIT/4652_20231121235809263221_thumb.jpg""]"
3940208,實用432呎大兩房積，新裝修，空間濶落，筍盤抵租，睇樓靚過相!,青衣,美景花園,15000,432,2,1,中層,梗廚,44,利嘉閣地產有限公司,https://i1.28hse.com/2026/07/202607210804031773053_thumb.jpg,https://www.28hse.com/rent/apartment/property-3940208,2026-08-02T21:33:05.478720+00:00,2026-08-02T21:38:54.682639+00:00,美景花園,532,新界青衣美景花園 細山路2-16號,間隔四正，乾淨企理，光猛開揚景觀,22.344501,114.107536,差餉地租､管理費,,,,2026-07-21T08:04:06+08:00,2026-08-01T11:45:16+08:00,2026-08-20T08:04:06+08:00,"[""https://i1.28hse.com/2026/07/202607210804034412348_large.jpg"", ""https://i1.28hse.com/2026/07/202607210804031338550_large.jpg"", ""https://i1.28hse.com/2026/07/202607210804044746967_large.jpg"", ""https://i1.28hse.com/2026/07/202607210804044345874_large.jpg"", ""https://i1.28hse.com/2026/07/202607210804041047352_large.jpg"", ""https://i1.28hse.com/2026/07/202607210804058794241_large.jpg"", ""https://i1.28hse.com/2026/07/202607210804058266698_large.jpg"", ""https://i1.28hse.com/estate_data/123/4655/FLOOR/4655_20231122000009382363_thumb.jpg"", ""https://i1.28hse.com/estate_data/123/4655/UNIT/4655_20240104124335285884_thumb.jpg""]"
3950703,海欣花園中層開揚園景兩房 企理裝修 即約即睇,青衣,海欣花園,16800,502,2,1,低層,梗廚,26,利嘉閣地產有限公司,https://i1.28hse.com/2026/07/20260729130950994184_thumb.jpg,https://www.28hse.com/rent/apartment/property-3950703,2026-08-02T21:33:05.478720+00:00,2026-08-02T21:38:55.332389+00:00,海欣花園,672,新界青衣海欣花園 展環街11號,"平租, 只求好租客, 簡單裝修, 開揚園景, 高實用率",22.352619,114.109581,差餉地租､管理費,明火煮食,,,2026-07-29T13:10:10+08:00,2026-07-29T13:10:10+08:00,2026-08-28T13:10:10+08:00,"[""https://i1.28hse.com/2026/07/202607291309521116357_large.jpg"", ""https://i1.28hse.com/2026/07/202607291309545692130_large.jpg"", ""https://i1.28hse.com/2026/07/202607291309561555226_large.jpg"", ""https://i1.28hse.com/2026/07/202607291309584967415_large.jpg"", ""https://i1.28hse.com/2026/07/202607291310008771149_large.jpg"", ""https://i1.28hse.com/2026/07/202607291310027540430_large.jpg"", ""https://i1.28hse.com/estate_data/123/4653/FLOOR/4653_20231121021115323313_thumb.jpg"", ""https://i1.28hse.com/estate_data/123/4653/UNIT/4653_20240104111155663346_thumb.jpg""]"
3948730,藍澄灣理兩房租,青衣,藍澄灣,16500,451,2,1,低層,,22,中原地產代理有限公司,https://i1.28hse.com/2026/07/202607271752514945054_thumb.jpg,https://www.28hse.com/rent/apartment/property-3948730,2026-08-02T21:33:05.478720+00:00,2026-08-02T21:38:55.966684+00:00,藍澄灣,638,新界青衣藍澄灣 青衣路1號,"24小時查詢
無論買樓自住，投資升值，區內換樓，放盤收租
*本人均為貴客提供一條龍服務,買賣及售後服務
首次置業
售前壓測，首期，供款計算
銀行按揭上會
法律咨詢
律師轉介
裝修轉介
水電煤轉名
收樓驗樓
售後放租務
住宅 居屋",22.343678,114.109825,差餉地租､管理費,,,,2026-07-27T17:53:33+08:00,2026-07-27T17:53:33+08:00,2026-08-26T17:53:33+08:00,"[""https://i1.28hse.com/2026/07/20260727175301821172_large.jpg"", ""https://i1.28hse.com/2026/07/202607271753163739783_large.jpg"", ""https://i1.28hse.com/estate_data/123/4652/FLOOR/4652_20231121235706394237_thumb.jpg"", ""https://i1.28hse.com/estate_data/123/4652/UNIT/4652_20231121235809263221_thumb.jpg""]"
3946970,青衣翠怡花園大2房放租,青衣,翠怡花園,16000,455,2,1,高層,梗廚,36,利嘉閣地產有限公司,https://i1.28hse.com/2026/07/202607261257525971290_thumb.jpg,https://www.28hse.com/rent/apartment/property-3946970,2026-08-02T21:33:05.478720+00:00,2026-08-02T21:38:56.601999+00:00,翠怡花園,569,新界青衣翠怡花園 楓樹窩路1號,青衣翠怡花園大2房放租,22.352358,114.107811,差餉地租､管理費,明火煮食,,,2026-07-26T12:58:05+08:00,2026-07-26T12:58:05+08:00,2026-08-25T12:58:05+08:00,"[""https://i1.28hse.com/2026/07/20260726125753246399_large.jpg"", ""https://i1.28hse.com/2026/07/202607261257533710877_large.jpg"", ""https://i1.28hse.com/2026/07/202607261257542030128_large.jpg"", ""https://i1.28hse.com/2026/07/202607261257547785274_large.jpg"", ""https://i1.28hse.com/2026/07/202607261257555228542_large.jpg"", ""https://i1.28hse.com/2026/07/202607261257555376250_large.jpg"", ""https://i1.28hse.com/estate_data/123/4656/FLOOR/4656_20240116102813565666_thumb.jpg"", ""https://i1.28hse.com/estate_data/123/4656/UNIT/4656_20240116102948255157_thumb.jpg""]"
3946381,美景花園全新靚裝兩房 即約即睇,青衣,美景花園,14500,432,2,1,中層,梗廚,44,利嘉閣地產有限公司,https://i1.28hse.com/2026/07/2026072516381723840_thumb.jpg,https://www.28hse.com/rent/apartment/property-3946381,2026-08-02T21:33:05.478720+00:00,2026-08-02T21:38:57.236387+00:00,美景花園,532,新界青衣美景花園 細山路2-16號,"平租, 只求好租客, 簡單裝修, 價錢可議, 高實用率",22.344501,114.107536,差餉地租､管理費,明火煮食,,,2026-07-25T16:38:39+08:00,2026-07-25T16:38:39+08:00,2026-08-24T16:38:39+08:00,"[""https://i1.28hse.com/2026/07/2026072516381961726_large.jpg"", ""https://i1.28hse.com/2026/07/202607251638218999976_large.jpg"", ""https://i1.28hse.com/2026/07/202607251638238404085_large.jpg"", ""https://i1.28hse.com/2026/07/202607251638258038918_large.jpg"", ""https://i1.28hse.com/2026/07/202607251638273158438_large.jpg"", ""https://i1.28hse.com/2026/07/20260725163829824043_large.jpg"", ""https://i1.28hse.com/estate_data/123/4655/FLOOR/4655_20231122000009382363_thumb.jpg"", ""https://i1.28hse.com/estate_data/123/4655/UNIT/4655_20240104124335285884_thumb.jpg""]"
3946134,海欣花園高層雅緻裝修兩房 即約即睇,青衣,海欣花園,16800,467,2,1,中層,,26,利嘉閣地產有限公司,https://i1.28hse.com/2026/07/202607251447228824876_thumb.jpg,https://www.28hse.com/rent/apartment/property-3946134,2026-08-02T21:33:05.478720+00:00,2026-08-02T21:38:57.860338+00:00,海欣花園,611,新界青衣海欣花園 展環街11號,"平租, 只求好租客, 簡單裝修, 價錢可議, 高實用率",22.352619,114.109581,差餉地租､管理費,,,,2026-07-25T14:47:38+08:00,2026-07-25T14:47:38+08:00,2026-08-24T14:47:38+08:00,"[""https://i1.28hse.com/2026/07/202607251447236713503_large.jpg"", ""https://i1.28hse.com/2026/07/202607251447244188226_large.jpg"", ""https://i1.28hse.com/2026/07/20260725144726100227_large.jpg"", ""https://i1.28hse.com/2026/07/202607251447271134261_large.jpg"", ""https://i1.28hse.com/estate_data/123/4653/FLOOR/4653_20231121021115323313_thumb.jpg"", ""https://i1.28hse.com/estate_data/123/4653/UNIT/4653_20240104111149757391_thumb.jpg""]"
3946129,藍澄灣高層海景兩房 企理裝修 即約即睇,青衣,藍澄灣,16800,488,2,1,高層,梗廚,22,利嘉閣地產有限公司,https://i1.28hse.com/2026/07/202607251443402437597_thumb.jpg,https://www.28hse.com/rent/apartment/property-3946129,2026-08-02T21:33:05.478720+00:00,2026-08-02T21:38:58.495430+00:00,藍澄灣,683,新界青衣藍澄灣 青衣路1號,"平租, 只求好租客, 簡單裝修, 價錢可議, 高實用率",22.343678,114.109825,差餉地租､管理費,明火煮食,,,2026-07-25T14:43:48+08:00,2026-07-25T14:43:48+08:00,2026-08-24T14:43:48+08:00,"[""https://i1.28hse.com/2026/07/202607251443407797648_large.jpg"", ""https://i1.28hse.com/2026/07/202607251443414705077_large.jpg"", ""https://i1.28hse.com/2026/07/202607251443411425314_large.jpg"", ""https://i1.28hse.com/2026/07/202607251443427449234_large.jpg"", ""https://i1.28hse.com/estate_data/123/4652/FLOOR/4652_20231121235700216933_thumb.jpg"", ""https://i1.28hse.com/estate_data/123/4652/UNIT/4652_20231121235800157779_thumb.jpg""]"
3945521,Lily推薦！海欣花園 高層兩房靚盤 實用467呎 即租即住,青衣,海欣花園,17000,467,2,1,中層,梗廚,26,利嘉閣地產有限公司,https://i1.28hse.com/2026/07/202607242007338438589_thumb.jpg,https://www.28hse.com/rent/apartment/property-3945521,2026-08-02T21:33:05.478720+00:00,2026-08-02T21:38:59.171766+00:00,海欣花園,611,新界青衣海欣花園 展环街11号,"單位亮點
· 高層開揚，光猛通風，景觀遼闊
· 實用467呎，兩房兩廳間隔方正實用
· 租金$17,000，已包差餉地租及管理費
 屋苑配套
· 發展商：新鴻基地產
· 入伙年份：2000年
· 設有豪華住客會所，設施包括：室外泳池、健身室、桑拿/蒸汽浴室、乒乓球室、壁球場、羽毛球場、桌球室、兒童遊戲室、閱讀閣、鋼琴室、健康舞室、瑜伽練習室、園林花園等
· 屋苑周邊有翠怡商場、青衣街市及青怡商場，步行可達青衣城，購物餐飲一應俱全
 交通便利
· 步行約8-15分鐘可達港鐵青衣站
· 屋苑附近設有多條巴士及小巴路線，來往港九新界各區
· 鄰近青衣碼頭巴士總站，交通網絡完善
 校網優勢
· 小學校網：66校區
· 中學校區：葵青區",22.352619,114.109581,差餉地租､管理費,,,,2026-07-24T20:08:38+08:00,2026-07-24T20:08:38+08:00,2026-08-23T20:08:38+08:00,"[""https://i1.28hse.com/2026/07/202607242007342483590_large.jpg"", ""https://i1.28hse.com/2026/07/202607242007346262379_large.jpg"", ""https://i1.28hse.com/2026/07/202607242007344527499_large.jpg"", ""https://i1.28hse.com/2026/07/202607242007356724495_large.jpg"", ""https://i1.28hse.com/2026/07/202607242007354967221_large.jpg"", ""https://i1.28hse.com/2026/07/202607242007351172608_large.jpg"", ""https://i1.28hse.com/estate_data/123/4653/FLOOR/4653_20231121021115323313_thumb.jpg"", ""https://i1.28hse.com/estate_data/123/4653/UNIT/4653_20240104111149757391_thumb.jpg""]"
3945428,"青衣翠怡花園 高層兩房靚則 只租$16,500 Lily推薦！",青衣,翠怡花園,16500,443,2,1,,,36,利嘉閣地產有限公司,https://i1.28hse.com/2026/07/202607241905486523427_thumb.jpg,https://www.28hse.com/rent/apartment/property-3945428,2026-08-02T21:33:05.478720+00:00,2026-08-02T21:39:00.290917+00:00,翠怡花園,569,新界青衣翠怡花園 枫树窝路1号,"單位亮點
· 高層開揚，光猛通風
· 實用443呎，兩房間隔實用
· 租金$16,500，已包差餉地租及管理費
 單位詳情
· 地址：青衣楓樹窩路1號 翠怡花園
· 樓層：高層
· 實用面積：443平方呎
· 間隔：2房1浴室
 屋苑配套
· 發展商：新鴻基
· 入伙年份：1990年
· 屋苑附近有商場，有超市、餐廳、便利店、藥房
 交通便利
· 步行約8-14分鐘可達港鐵青衣站
· 附近設有巴士總站，多條巴士線往來九龍及新界各區
· 屋苑外圍楓樹窩路亦有多條巴士線選擇
 校網優勢
· 小學校網：66校區
· 中學校區：葵青區",22.352358,114.107811,差餉地租､管理費,,,,2026-07-24T19:07:35+08:00,2026-07-24T19:07:35+08:00,2026-08-23T19:07:35+08:00,"[""https://i1.28hse.com/2026/07/202607241905487757352_large.jpg"", ""https://i1.28hse.com/2026/07/202607241905496841904_large.jpg"", ""https://i1.28hse.com/2026/07/202607241905503695219_large.jpg"", ""https://i1.28hse.com/2026/07/202607241905516260186_large.jpg"", ""https://i1.28hse.com/2026/07/202607241905517184006_large.jpg"", ""https://i1.28hse.com/2026/07/202607241905521108722_large.jpg"", ""https://i1.28hse.com/2026/07/202607241905528617583_large.jpg"", ""https://i1.28hse.com/estate_data/123/4656/FLOOR/4656_20240116102813565666_thumb.jpg"", ""https://i1.28hse.com/estate_data/123/4656/UNIT/4656_20240116102948255157_thumb.jpg""]"
3921285,青衣藍澄灣高層開揚山景 2房雅裝連電器,青衣,藍澄灣,16800,488,2,1,高層,梗廚,22,中原地產代理有限公司,https://i1.28hse.com/2026/07/20260706212553901583_thumb.jpg,https://www.28hse.com/rent/apartment/property-3921285,2026-08-02T21:33:05.478720+00:00,2026-08-02T21:39:00.915438+00:00,藍澄灣,683,新界青衣藍澄灣 青衣路1號,單位位於青衣藍澄灣高層，望開揚山景，環境舒適寧靜。單位實用間隔實用，配雅緻裝修，保養良好，附連電器，適合自住或租客即住。屋苑位置方便，鄰近交通及生活配套，歡迎預約睇樓。,22.343678,114.109825,差餉地租､管理費,明火煮食,,,2026-07-06T21:28:07+08:00,2026-07-24T13:40:30+08:00,2026-08-05T21:28:07+08:00,"[""https://i1.28hse.com/2026/07/202607062125547869848_large.jpg"", ""https://i1.28hse.com/2026/07/202607062125541753733_large.jpg"", ""https://i1.28hse.com/2026/07/202607062125552490040_large.jpg"", ""https://i1.28hse.com/2026/07/202607062125567934183_large.jpg"", ""https://i1.28hse.com/2026/07/202607062125577340016_large.jpg"", ""https://i1.28hse.com/2026/07/202607062125576903383_large.jpg"", ""https://i1.28hse.com/2026/07/202607062125587017829_large.jpg"", ""https://i1.28hse.com/2026/07/202607062125594837121_large.jpg"", ""https://i1.28hse.com/2026/07/202607062126002750730_large.jpg"", ""https://i1.28hse.com/estate_data/123/4652/FLOOR/4652_20231121235700216933_thumb.jpg"", ""https://i1.28hse.com/estate_data/123/4652/UNIT/4652_20231121235750463139_thumb.jpg""]"
3943946,藍澄灣中層開揚兩房 即約即睇,青衣,藍澄灣,16000,451,2,1,低層,梗廚,22,利嘉閣地產有限公司,https://i1.28hse.com/2026/07/20260723185536687999_thumb.jpg,https://www.28hse.com/rent/apartment/property-3943946,2026-08-02T21:33:05.478720+00:00,2026-08-02T21:39:01.550786+00:00,藍澄灣,638,新界青衣藍澄灣 青衣路1號,"平租, 只求好租客, 簡單裝修, 開揚園景, 高實用率",22.343678,114.109825,差餉地租､管理費,明火煮食,,,2026-07-23T18:55:48+08:00,2026-07-23T18:55:48+08:00,2026-08-22T18:55:48+08:00,"[""https://i1.28hse.com/2026/07/202607231855373759516_large.jpg"", ""https://i1.28hse.com/2026/07/202607231855372027926_large.jpg"", ""https://i1.28hse.com/2026/07/202607231855385639767_large.jpg"", ""https://i1.28hse.com/2026/07/202607231855395561847_large.jpg"", ""https://i1.28hse.com/2026/07/202607231855397923267_large.jpg"", ""https://i1.28hse.com/2026/07/202607231855406191237_large.jpg"", ""https://i1.28hse.com/2026/07/202607231855417683123_large.jpg"", ""https://i1.28hse.com/estate_data/123/4652/FLOOR/4652_20231121235706394237_thumb.jpg"", ""https://i1.28hse.com/estate_data/123/4652/UNIT/4652_20231121235809263221_thumb.jpg""]"
3943938,藍澄灣高層開揚兩房 企理裝修 即約即睇,青衣,藍澄灣,17000,488,2,1,高層,梗廚,22,利嘉閣地產有限公司,https://i1.28hse.com/2026/07/202607231852332918951_thumb.jpg,https://www.28hse.com/rent/apartment/property-3943938,2026-08-02T21:33:05.478720+00:00,2026-08-02T21:39:02.282703+00:00,藍澄灣,683,新界青衣藍澄灣 青衣路1號,"平租, 只求好租客, 簡單裝修, 價錢可議, 開揚園景, 高實用率",22.343678,114.109825,差餉地租､管理費,明火煮食,,,2026-07-23T18:52:42+08:00,2026-07-23T18:52:42+08:00,2026-08-22T18:52:42+08:00,"[""https://i1.28hse.com/2026/07/202607231852341945780_large.jpg"", ""https://i1.28hse.com/2026/07/202607231852341661738_large.jpg"", ""https://i1.28hse.com/2026/07/202607231852352610057_large.jpg"", ""https://i1.28hse.com/2026/07/202607231852358959192_large.jpg"", ""https://i1.28hse.com/2026/07/202607231852364861319_large.jpg"", ""https://i1.28hse.com/2026/07/202607231852361603740_large.jpg"", ""https://i1.28hse.com/estate_data/123/4652/FLOOR/4652_20231121235706394237_thumb.jpg"", ""https://i1.28hse.com/estate_data/123/4652/UNIT/4652_20231121235815398756_thumb.jpg""]"
3943758,雅緻裝修.園景夠靜.人見人愛,青衣,海欣花園,17000,463,2,1,中層,,26,啟勝地產(翠怡花園),https://i1.28hse.com/2026/07/202607231743374904127_thumb.jpg,https://www.28hse.com/rent/apartment/property-3943758,2026-08-02T21:33:05.478720+00:00,2026-08-02T21:39:02.911057+00:00,海欣花園,610,新界青衣海欣花園 展環街11號,"本公司為新鴻基地產集團成員 啟勝地產 
青衣城港鐵站步行7分鐘直達
靜中帶旺,長廊海景,交通方便,會所設施,應有盡有!!
各式單位,精心挑選, 大量優質靚盤,匙盤,獨家盤,萬勿錯過!!
即時約睇 Kelvin Ng 吳先生",22.352619,114.109581,差餉地租､管理費,,,,2026-07-23T17:45:05+08:00,2026-07-23T17:45:05+08:00,2026-08-22T17:45:05+08:00,"[""https://i1.28hse.com/2026/07/202607231743425719612_large.jpg"", ""https://i1.28hse.com/2026/07/202607231743543525303_large.jpg"", ""https://i1.28hse.com/2026/07/202607231743581184270_large.jpg"", ""https://i1.28hse.com/2026/07/20260723174405322199_large.jpg"", ""https://i1.28hse.com/2026/07/202607231744096163438_large.jpg"", ""https://i1.28hse.com/2026/07/202607231744181342765_large.jpg"", ""https://i1.28hse.com/2026/07/20260723174423398188_large.jpg"", ""https://i1.28hse.com/estate_data/123/4653/FLOOR/4653_20231121021108387468_thumb.jpg"", ""https://i1.28hse.com/estate_data/123/4653/UNIT/4653_20240104111140429561_thumb.jpg""]"
3943066,Lily 推薦 藍澄灣 中層放租｜盤,青衣,藍澄灣,15500,488,2,1,中層,梗廚,22,利嘉閣地產有限公司,https://i1.28hse.com/2026/07/202607231252577036440_thumb.jpg,https://www.28hse.com/rent/apartment/property-3943066,2026-08-02T21:33:05.478720+00:00,2026-08-02T21:39:03.542171+00:00,藍澄灣,683,新界青衣藍澄灣 青衣路1号,"單位賣點：
· 即租即住：企理裝修，乾淨整潔，簡單執行李就入得。
· 間隔實用：488呎原則兩房（或可改一房），客飯廳分明，廚房有窗，通風一流。
· 中層開揚：望內園景 / 翠綠山景，唔侷促，光猛舒服。
· 配套完善：會所設有泳池、健身室，閒時仲可以去旁邊嘅酒店行下放鬆。
 交通出入：
· 專車接駁青衣港鐵站，轉車出荃灣、中環都極快。
· 樓下有巴士總站，多條路線直達港九新界。",22.343678,114.109825,差餉地租､管理費,,,,2026-07-23T12:54:27+08:00,2026-07-23T12:54:27+08:00,2026-08-22T12:54:27+08:00,"[""https://i1.28hse.com/2026/07/202607231252588955610_large.jpg"", ""https://i1.28hse.com/2026/07/202607231252592019952_large.jpg"", ""https://i1.28hse.com/2026/07/202607231253015087003_large.jpg"", ""https://i1.28hse.com/2026/07/202607231253036052716_large.jpg"", ""https://i1.28hse.com/2026/07/202607231253041485019_large.jpg"", ""https://i1.28hse.com/2026/07/20260723125305722638_large.jpg"", ""https://i1.28hse.com/2026/07/202607231253086222040_large.jpg"", ""https://i1.28hse.com/estate_data/123/4652/FLOOR/4652_20231121235725237647_thumb.jpg"", ""https://i1.28hse.com/estate_data/123/4652/UNIT/4652_20231121235923454194_thumb.jpg""]"
3941611,靚裝清靜園景，即租即住,青衣,翠怡花園,17000,449,2,1,,,36,中原地產代理有限公司,https://i1.28hse.com/2026/07/202607221144447049919_thumb.jpg,https://www.28hse.com/rent/apartment/property-3941611,2026-08-02T21:33:05.478720+00:00,2026-08-02T21:39:04.144512+00:00,翠怡花園,562,新界青衣翠怡花園 楓樹窩路1號,"專營(青衣,葵涌及珀麗灣區)二手買賣及租務 (代理全港各區一手新盤-免收佣金)***免費專車接送***️
Monne 楊小姐：",22.352358,114.107811,差餉地租､管理費,,,,2026-07-22T11:45:13+08:00,2026-07-22T11:45:13+08:00,2026-08-21T11:45:13+08:00,"[""https://i1.28hse.com/2026/07/202607221144458772262_large.jpg"", ""https://i1.28hse.com/2026/07/202607221144467649893_large.jpg"", ""https://i1.28hse.com/2026/07/202607221144475367615_large.jpg"", ""https://i1.28hse.com/2026/07/202607221144486717814_large.jpg"", ""https://i1.28hse.com/2026/07/202607221144492870550_large.jpg"", ""https://i1.28hse.com/2026/07/202607221144507297249_large.jpg"", ""https://i1.28hse.com/2026/07/20260722114451825856_large.jpg"", ""https://i1.28hse.com/2026/07/202607221144528545010_large.jpg"", ""https://i1.28hse.com/2026/07/202607221144538049811_large.jpg"", ""https://i1.28hse.com/2026/07/202607221144554407601_large.jpg"", ""https://i1.28hse.com/2026/07/202607221144567445288_large.jpg"", ""https://i1.28hse.com/2026/07/202607221144572464479_large.jpg"", ""https://i1.28hse.com/estate_data/123/4656/FLOOR/4656_20240116102753475284_thumb.jpg"", ""https://i1.28hse.com/estate_data/123/4656/UNIT/4656_20240116102931127336_thumb.jpg""]"
3937269,藍澄灣超高層向山開揚景大2房放租,青衣,藍澄灣,17000,488,2,1,高層,梗廚,22,利嘉閣地產有限公司,https://i1.28hse.com/2026/07/202607181559276207769_thumb.jpg,https://www.28hse.com/rent/apartment/property-3937269,2026-08-02T21:33:05.478720+00:00,2026-08-02T21:39:04.777046+00:00,藍澄灣,683,新界青衣藍澄灣 青衣路1號,藍澄灣超高層向山開揚景大2房放租,22.343678,114.109825,差餉地租､管理費,明火煮食,,,2026-07-18T15:59:36+08:00,2026-07-18T15:59:36+08:00,2026-08-17T15:59:36+08:00,"[""https://i1.28hse.com/2026/07/2026071815592839574_large.jpg"", ""https://i1.28hse.com/2026/07/202607181559293363182_large.jpg"", ""https://i1.28hse.com/2026/07/202607181559294614791_large.jpg"", ""https://i1.28hse.com/2026/07/202607181559295741165_large.jpg"", ""https://i1.28hse.com/2026/07/202607181559305492646_large.jpg"", ""https://i1.28hse.com/2026/07/202607181559305255927_large.jpg"", ""https://i1.28hse.com/2026/07/20260718155931997150_large.jpg"", ""https://i1.28hse.com/2026/07/202607181559318411331_large.jpg"", ""https://i1.28hse.com/estate_data/123/4652/FLOOR/4652_20231121235706394237_thumb.jpg"", ""https://i1.28hse.com/estate_data/123/4652/UNIT/4652_20231121235815398756_thumb.jpg""]"
3937241,藍澄灣中層超靚裝修2房租16000,青衣,藍澄灣,16000,451,2,1,中層,梗廚,22,利嘉閣地產有限公司,https://i1.28hse.com/2026/07/202607181548347617722_thumb.jpg,https://www.28hse.com/rent/apartment/property-3937241,2026-08-02T21:33:05.478720+00:00,2026-08-02T21:39:05.418541+00:00,藍澄灣,638,新界青衣藍澄灣 青衣路1號,藍澄灣中層超靚裝修2房租16000,22.343678,114.109825,差餉地租､管理費,明火煮食,,,2026-07-18T15:48:38+08:00,2026-07-18T15:48:38+08:00,2026-08-17T15:48:38+08:00,"[""https://i1.28hse.com/2026/07/202607181548356791103_large.jpg"", ""https://i1.28hse.com/2026/07/202607181548351882567_large.jpg"", ""https://i1.28hse.com/2026/07/202607181548352605731_large.jpg"", ""https://i1.28hse.com/2026/07/202607181548366376092_large.jpg"", ""https://i1.28hse.com/2026/07/202607181548364294019_large.jpg"", ""https://i1.28hse.com/2026/07/202607181548372373844_large.jpg"", ""https://i1.28hse.com/2026/07/202607181548372074222_large.jpg"", ""https://i1.28hse.com/2026/07/202607181548377726052_large.jpg"", ""https://i1.28hse.com/2026/07/202607181548384064018_large.jpg"", ""https://i1.28hse.com/estate_data/123/4652/FLOOR/4652_20231121235706394237_thumb.jpg"", ""https://i1.28hse.com/estate_data/123/4652/UNIT/4652_20231121235809263221_thumb.jpg""]"
3936796,高層兩房 間隔好用 廳大房大。,青衣,藍澄灣,17000,488,2,1,高層,梗廚,22,中原地產代理有限公司,https://i1.28hse.com/2026/07/202607181140242311273_thumb.jpg,https://www.28hse.com/rent/apartment/property-3936796,2026-08-02T21:33:05.478720+00:00,2026-08-02T21:39:06.034061+00:00,藍澄灣,683,新界青衣藍澄灣 青衣路1號,"價錢可議, 高實用率, 新委托, 向北, 開揚, 遠景",22.343678,114.109825,差餉地租､管理費,明火煮食,,,2026-07-18T11:40:49+08:00,2026-07-18T11:40:49+08:00,2026-08-17T11:40:49+08:00,"[""https://i1.28hse.com/2026/07/202607181140308082433_large.jpg"", ""https://i1.28hse.com/2026/07/202607181140346079032_large.jpg"", ""https://i1.28hse.com/2026/07/202607181140391928144_large.jpg"", ""https://i1.28hse.com/estate_data/123/4652/FLOOR/4652_20231121235700216933_thumb.jpg"", ""https://i1.28hse.com/estate_data/123/4652/UNIT/4652_20231121235750463139_thumb.jpg""]"
3936790,高層開揚兩房單位。有匙即約即睇,青衣,藍澄灣,16800,488,2,1,高層,梗廚,22,中原地產代理有限公司,https://i1.28hse.com/2026/07/202607181134505334040_thumb.jpg,https://www.28hse.com/rent/apartment/property-3936790,2026-08-02T21:33:05.478720+00:00,2026-08-02T21:39:06.662552+00:00,藍澄灣,683,新界青衣藍澄灣 青衣路1號,"價錢可議
高實用率, 有匙即約即睇, 西北, 開揚, 遠景",22.343678,114.109825,差餉地租､管理費,明火煮食,,,2026-07-18T11:36:07+08:00,2026-07-18T11:36:07+08:00,2026-08-17T11:36:07+08:00,"[""https://i1.28hse.com/2026/07/202607181134571543148_large.jpg"", ""https://i1.28hse.com/2026/07/20260718113504102143_large.jpg"", ""https://i1.28hse.com/2026/07/202607181135107098592_large.jpg"", ""https://i1.28hse.com/2026/07/202607181135217937318_large.jpg"", ""https://i1.28hse.com/estate_data/123/4652/FLOOR/4652_20231121235700216933_thumb.jpg"", ""https://i1.28hse.com/estate_data/123/4652/UNIT/4652_20231121235750463139_thumb.jpg""]"
3934140,中層靚裝修 廚廁企理,青衣,翠怡花園,17000,449,2,1,中層,梗廚,36,中原地產代理有限公司,https://i1.28hse.com/2026/07/202607161443407829852_thumb.jpg,https://www.28hse.com/rent/apartment/property-3934140,2026-08-02T21:33:05.478720+00:00,2026-08-02T21:39:07.280781+00:00,翠怡花園,562,新界青衣翠怡花園 楓樹窩路1號,"價錢可議, 高實用率, 近港鐵站, 新委托, 東北, 開揚",22.352358,114.107811,差餉地租､管理費,明火煮食,,,2026-07-16T14:44:18+08:00,2026-07-16T14:44:18+08:00,2026-08-15T14:44:18+08:00,"[""https://i1.28hse.com/2026/07/202607161443494089943_large.jpg"", ""https://i1.28hse.com/2026/07/20260716144350879625_large.jpg"", ""https://i1.28hse.com/2026/07/202607161443513036215_large.jpg"", ""https://i1.28hse.com/2026/07/202607161443533361770_large.jpg"", ""https://i1.28hse.com/2026/07/20260716144357177059_large.jpg"", ""https://i1.28hse.com/2026/07/202607161444011438071_large.jpg"", ""https://i1.28hse.com/2026/07/202607161444098608601_large.jpg"", ""https://i1.28hse.com/estate_data/123/4656/FLOOR/4656_20240116102753475284_thumb.jpg"", ""https://i1.28hse.com/estate_data/123/4656/UNIT/4656_20240116102931127336_thumb.jpg""]"
3931145,東南大兩房|中層近商場,青衣,翠怡花園,16000,451,2,1,中層,梗廚,36,中原地產代理有限公司,https://i1.28hse.com/2026/07/202607141011388948291_thumb.jpg,https://www.28hse.com/rent/apartment/property-3931145,2026-08-02T21:33:05.478720+00:00,2026-08-02T21:39:07.937323+00:00,翠怡花園,576,新界青衣翠怡花園 楓樹窩路1號,歡迎約睇查詢,22.352358,114.107811,差餉地租､管理費,明火煮食,,,2026-07-14T10:12:12+08:00,2026-07-14T10:12:12+08:00,2026-08-13T10:12:12+08:00,"[""https://i1.28hse.com/2026/07/202607141011393640232_large.jpg"", ""https://i1.28hse.com/2026/07/202607141011404784970_large.jpg"", ""https://i1.28hse.com/2026/07/202607141011423326103_large.jpg"", ""https://i1.28hse.com/2026/07/202607141011435422805_large.jpg"", ""https://i1.28hse.com/2026/07/202607141011453135604_large.jpg"", ""https://i1.28hse.com/2026/07/202607141011482112644_large.jpg"", ""https://i1.28hse.com/2026/07/202607141011495093311_large.jpg"", ""https://i1.28hse.com/2026/07/202607141011502849031_large.jpg"", ""https://i1.28hse.com/2026/07/202607141011517980106_large.jpg"", ""https://i1.28hse.com/2026/07/202607141011525935422_large.jpg"", ""https://i1.28hse.com/2026/07/202607141011523186321_large.jpg"", ""https://i1.28hse.com/2026/07/20260714101155828668_large.jpg"", ""https://i1.28hse.com/2026/07/202607141011562836588_large.jpg"", ""https://i1.28hse.com/2026/07/202607141011577929910_large.jpg""]"
3930374,青衣美景大2房有租盤了,青衣,美景花園,14000,401,2,1,中層,梗廚,44,利嘉閣地產有限公司,https://i1.28hse.com/2026/07/202607131519043517778_thumb.jpg,https://www.28hse.com/rent/apartment/property-3930374,2026-08-02T21:33:05.478720+00:00,2026-08-02T21:39:08.566141+00:00,美景花園,514,新界青衣美景花園 細山路2-16號,青衣美景大2房有租盤了,22.344501,114.107536,差餉地租､管理費,明火煮食,,,2026-07-13T15:19:47+08:00,2026-07-13T15:19:47+08:00,2026-08-12T15:19:47+08:00,"[""https://i1.28hse.com/2026/07/202607131519051205431_large.jpg"", ""https://i1.28hse.com/2026/07/202607131519055552363_large.jpg"", ""https://i1.28hse.com/2026/07/202607131519052204864_large.jpg"", ""https://i1.28hse.com/2026/07/202607131519057915309_large.jpg"", ""https://i1.28hse.com/2026/07/202607131519061156241_large.jpg"", ""https://i1.28hse.com/estate_data/123/4655/FLOOR/4655_20231121021229453583_thumb.jpg"", ""https://i1.28hse.com/estate_data/123/4655/UNIT/4655_20240104124321534343_thumb.jpg""]"
3928607,明珠好介紹,青衣,藍澄灣,16500,451,2,1,低層,梗廚,22,中原地產代理有限公司,https://i1.28hse.com/2026/07/202607112008345455599_thumb.jpg,https://www.28hse.com/rent/apartment/property-3928607,2026-08-02T21:33:05.478720+00:00,2026-08-02T21:39:09.188149+00:00,藍澄灣,638,新界青衣藍澄灣 青衣路1號,房大廳大、內圓清靜,22.343677999999993,114.109825,差餉地租､管理費,明火煮食,,,2026-07-11T20:10:01+08:00,2026-07-24T16:20:55+08:00,2026-08-10T20:10:01+08:00,"[""https://i1.28hse.com/2026/07/202607112008352071045_large.jpg"", ""https://i1.28hse.com/2026/07/202607112008361388747_large.jpg"", ""https://i1.28hse.com/2026/07/202607112008365887966_large.jpg"", ""https://i1.28hse.com/2026/07/202607112008375267388_large.jpg"", ""https://i1.28hse.com/2026/07/202607112008383635869_large.jpg"", ""https://i1.28hse.com/2026/07/202607112008391072969_large.jpg"", ""https://i1.28hse.com/estate_data/123/4652/FLOOR/4652_20231121235706394237_thumb.jpg"", ""https://i1.28hse.com/estate_data/123/4652/UNIT/4652_20231121235809263221_thumb.jpg""]"
3925044,中層兩房。間隔好用。有匙即約即睇 地鐵上蓋 配套齊全,青衣,盈翠半島,16000,512,2,1,中層,開放式廚房,27,中原地產代理有限公司,https://i1.28hse.com/2026/07/202607091634376105016_thumb.jpg,https://www.28hse.com/rent/apartment/property-3925044,2026-08-02T21:33:05.478720+00:00,2026-08-02T21:39:09.831492+00:00,盈翠半島,643,新界青衣盈翠半島 青敬路33號,"開揚園景, 高實用率, 新委托, 有匙即約即睇, 西北",22.359013,114.107056,差餉地租､管理費,明火煮食,,,2026-07-09T16:35:00+08:00,2026-07-09T16:35:00+08:00,2026-08-08T16:35:00+08:00,"[""https://i1.28hse.com/2026/07/202607091634395943255_large.jpg"", ""https://i1.28hse.com/2026/07/202607091634413481845_large.jpg"", ""https://i1.28hse.com/2026/07/202607091634435431579_large.jpg"", ""https://i1.28hse.com/2026/07/202607091634433217457_large.jpg"", ""https://i1.28hse.com/2026/07/202607091634448424543_large.jpg"", ""https://i1.28hse.com/estate_data/123/4650/FLOOR/4650_20231121020004743997_thumb.jpg"", ""https://i1.28hse.com/estate_data/123/4650/UNIT/4650_20231121020343788446_thumb.jpg""]"
3923062,平租|抵住|地鐵站上大屋苑,青衣,盈翠半島,16000,512,2,1,中層,梗廚,27,中原地產代理有限公司,https://i1.28hse.com/2026/07/202607081308546860548_thumb.jpg,https://www.28hse.com/rent/apartment/property-3923062,2026-08-02T21:33:05.478720+00:00,2026-08-02T21:39:10.463898+00:00,盈翠半島,643,新界青衣盈翠半島 青敬路33號,"留意:多年前發生過空中飛人,介意勿念",22.359013,114.107056,差餉地租､管理費,明火煮食,,,2026-07-08T13:09:35+08:00,2026-07-08T13:09:35+08:00,2026-08-07T13:09:35+08:00,"[""https://i1.28hse.com/2026/07/202607081308564634795_large.jpg"", ""https://i1.28hse.com/2026/07/202607081308575300898_large.jpg"", ""https://i1.28hse.com/2026/07/202607081308586234508_large.jpg"", ""https://i1.28hse.com/2026/07/202607081309007204765_large.jpg"", ""https://i1.28hse.com/2026/07/202607081309011767982_large.jpg"", ""https://i1.28hse.com/2026/07/202607081309028907749_large.jpg"", ""https://i1.28hse.com/2026/07/202607081309048087077_large.jpg"", ""https://i1.28hse.com/2026/07/20260708130908736212_large.jpg"", ""https://i1.28hse.com/2026/07/202607081309104695863_large.jpg"", ""https://i1.28hse.com/2026/07/202607081309124565055_large.jpg"", ""https://i1.28hse.com/2026/07/202607081309147005411_large.jpg"", ""https://i1.28hse.com/2026/07/202607081309152475547_large.jpg"", ""https://i1.28hse.com/2026/07/202607081309158620583_large.jpg"", ""https://i1.28hse.com/2026/07/202607081309175282116_large.jpg"", ""https://i1.28hse.com/2026/07/202607081309185808452_large.jpg"", ""https://i1.28hse.com/estate_data/123/4650/FLOOR/4650_20231121020004743997_thumb.jpg"", ""https://i1.28hse.com/estate_data/123/4650/UNIT/4650_20231121020343788446_thumb.jpg""]"
3919667,藍澄灣中層超靚裝修2房租16500,青衣,藍澄灣,16500,451,2,1,中層,梗廚,22,利嘉閣地產有限公司,https://i1.28hse.com/2026/07/202607051940301978134_thumb.jpg,https://www.28hse.com/rent/apartment/property-3919667,2026-08-02T21:33:05.478720+00:00,2026-08-02T21:39:11.066282+00:00,藍澄灣,638,新界青衣藍澄灣 青衣路1號,藍澄灣中層超靚裝修2房租16500,22.343678,114.109825,差餉地租､管理費,明火煮食,,,2026-07-05T19:40:35+08:00,2026-07-05T19:40:35+08:00,2026-08-04T19:40:35+08:00,"[""https://i1.28hse.com/2026/07/202607051940313232247_large.jpg"", ""https://i1.28hse.com/2026/07/20260705194031455444_large.jpg"", ""https://i1.28hse.com/2026/07/202607051940324971112_large.jpg"", ""https://i1.28hse.com/2026/07/202607051940326434543_large.jpg"", ""https://i1.28hse.com/2026/07/202607051940328080016_large.jpg"", ""https://i1.28hse.com/2026/07/202607051940334444419_large.jpg"", ""https://i1.28hse.com/2026/07/202607051940335706178_large.jpg"", ""https://i1.28hse.com/2026/07/202607051940345088295_large.jpg"", ""https://i1.28hse.com/2026/07/20260705194034551700_large.jpg"", ""https://i1.28hse.com/2026/07/202607051940217769192_large.jpg"", ""https://i1.28hse.com/2026/07/202607051940228621721_large.jpg"", ""https://i1.28hse.com/2026/07/202607051940227774329_large.jpg"", ""https://i1.28hse.com/2026/07/202607051940222020870_large.jpg"", ""https://i1.28hse.com/2026/07/202607051940231847577_large.jpg"", ""https://i1.28hse.com/2026/07/202607051940233886811_large.jpg"", ""https://i1.28hse.com/2026/07/202607051940255347086_large.jpg"", ""https://i1.28hse.com/2026/07/20260705194026336224_large.jpg"", ""https://i1.28hse.com/estate_data/123/4652/FLOOR/4652_20231121235706394237_thumb.jpg"", ""https://i1.28hse.com/estate_data/123/4652/UNIT/4652_20231121235809263221_thumb.jpg""]"
3938877,{美聯俊仔}✦葵芳閣是日必走盤推薦✦全新裝修|同屋苑最平租盤|歡迎約睇,葵芳,葵芳閣,14500,415,2,1,低層,,42,美聯物業,https://i1.28hse.com/2026/07/202607191856045419838_thumb.jpg,https://www.28hse.com/rent/apartment/property-3938877,2026-08-02T21:33:05.478720+00:00,2026-08-02T21:39:11.698122+00:00,葵芳閣,508,新界葵芳葵芳閣 葵義路15號,"John Wong
------------------------------------
青衣東涌葵涌珀麗灣荔景等多區專業代理
美聯最強團隊
專營全港新樓及區內二手物業、車位
資訊齊，盤源真
細心體貼，致力以最專業的角度爲您提供最好的服務
助您找到心水荀盤，打造屬於自己既Dream House
------------------------------------
歡迎隨時致電/WhatsApp
 John仔誠心服務您",22.355652,114.128716,差餉地租､管理費,,,,2026-07-19T18:56:17+08:00,2026-07-19T18:56:17+08:00,2026-08-18T18:56:17+08:00,"[""https://i1.28hse.com/2026/07/202607191856043627588_large.jpg"", ""https://i1.28hse.com/2026/07/202607191856042591881_large.jpg"", ""https://i1.28hse.com/2026/07/202607191856047323303_large.jpg"", ""https://i1.28hse.com/estate_data/132/4677/FLOOR/4677_20251120160854762298_thumb.jpg"", ""https://i1.28hse.com/estate_data/132/4677/UNIT/4677_20251120160911618534_thumb.jpg""]"
3932181,最後兩間!步行地鐵站2分鐘!!求好租客,葵芳,葵芳閣,15800,415,2,1,低層,梗廚,42,美聯物業,https://i1.28hse.com/2026/07/202607141841518109650_thumb.jpg,https://www.28hse.com/rent/apartment/property-3932181,2026-08-02T21:33:05.478720+00:00,2026-08-02T21:39:12.547063+00:00,葵芳閣,508,新界葵芳葵芳閣 葵義路15號,"扎根多年,街坊極為熟悉
大型屋苑+ 齊配套
地段優勢 價性比高
♛本人扎根葵青區30年♛
-13年地產經驗-
專業誠信可靠
居住青衣,同區業主之一
投資移民 首次置業
物業估價 按揭轉介
法律咨詢 律師轉介
租務管理 裝修轉介
*葵涌打磚坪街1至25號*
♛美聯物業♛
歡迎貴客委託放盤及物業查詢",22.355652,114.128716,差餉地租､管理費,明火煮食,,,2026-07-14T18:42:19+08:00,2026-07-14T18:42:19+08:00,2026-08-13T18:42:19+08:00,"[""https://i1.28hse.com/2026/07/202607141841511816198_large.jpg"", ""https://i1.28hse.com/2026/07/202607141841515080462_large.jpg"", ""https://i1.28hse.com/2026/07/202607141841516451108_large.jpg"", ""https://i1.28hse.com/2026/07/20260714184151509411_large.jpg"", ""https://i1.28hse.com/2026/07/202607141841516563205_large.jpg"", ""https://i1.28hse.com/2026/07/202607141841514920246_large.jpg"", ""https://i1.28hse.com/estate_data/132/4677/FLOOR/4677_20251120160854762298_thumb.jpg"", ""https://i1.28hse.com/estate_data/132/4677/UNIT/4677_20251120160905217747_thumb.jpg""]"
3932162,地鐵上蓋!! 租盤最後倒數!!!好業主求好租客!可即時起租,葵芳,新葵芳花園,16800,415,2,1,低層,梗廚,42,美聯物業,https://i1.28hse.com/2026/07/202607141832592035778_thumb.jpg,https://www.28hse.com/rent/apartment/property-3932162,2026-08-02T21:33:05.478720+00:00,2026-08-02T21:39:13.209727+00:00,新葵芳花園,526,新界葵芳新葵芳花園 葵義路12-20號,"扎根多年,街坊極為熟悉
大型屋苑+ 齊配套
地段優勢 價性比高
♛本人扎根葵青區30年♛
-13年地產經驗-
專業誠信可靠
居住青衣,同區業主之一
投資移民 首次置業
物業估價 按揭轉介
法律咨詢 律師轉介
租務管理 裝修轉介
*葵涌打磚坪街1至25號*
♛美聯物業♛
歡迎貴客委託放盤及物業查詢",22.356358,114.127876,差餉地租､管理費,明火煮食,,,2026-07-14T18:33:12+08:00,2026-07-14T18:33:12+08:00,2026-08-13T18:33:12+08:00,"[""https://i1.28hse.com/2026/07/202607141832591016043_large.jpg"", ""https://i1.28hse.com/2026/07/202607141832594923449_large.jpg"", ""https://i1.28hse.com/2026/07/202607141832586776608_large.jpg"", ""https://i1.28hse.com/2026/07/202607141832595205727_large.jpg"", ""https://i1.28hse.com/2026/07/202607141832594826044_large.jpg"", ""https://i1.28hse.com/estate_data/132/4674/FLOOR/4674_20231121021814297458_thumb.jpg"", ""https://i1.28hse.com/estate_data/132/4674/UNIT/4674_20240104175959258764_thumb.jpg""]"
3915985,獨家新裝新冷氣優質極高層池景【美聯獨家開揚靚則2房匙盤】專營雍雅軒,葵涌,雍雅軒,17000,478,2,1,高層,梗廚,,美聯物業,https://i1.28hse.com/2026/07/202607031625391148398_thumb.jpg,https://www.28hse.com/rent/apartment/property-3915985,2026-08-02T21:33:05.478720+00:00,2026-08-02T21:39:13.816639+00:00,雍雅軒,665,新界葵涌雍雅軒 和宜合道,"全葵涌最年青私人屋苑，優質管理。
罕有海、陸、空豪華主題會所。
名校林立，生活配套成熟，交通便利。
查詢及約睇: Anita (24小時)",22.366341,114.136673,差餉地租､管理費,明火煮食,,,2026-07-03T16:25:44+08:00,2026-07-03T16:25:44+08:00,2026-08-02T16:25:44+08:00,"[""https://i1.28hse.com/2026/07/202607031625394266977_large.jpg"", ""https://i1.28hse.com/2026/07/202607031625403983104_large.jpg"", ""https://i1.28hse.com/2026/07/202607031625402595795_large.jpg"", ""https://i1.28hse.com/2026/07/202607031625414739027_large.jpg"", ""https://i1.28hse.com/2026/07/202607031625422063416_large.jpg"", ""https://i1.28hse.com/2026/07/20260703162542364292_large.jpg"", ""https://i1.28hse.com/2026/07/202607031625432800777_large.jpg"", ""https://i1.28hse.com/2026/07/202607031625447569748_large.jpg""]"
3952360,有匙即睇/只要求好客/靚裝企理/市區上蓋,葵芳,新葵芳花園,17000,400,2,1,高層,梗廚,43,中原地產,https://i1.28hse.com/2026/07/202607301605467900386_thumb.jpg,https://www.28hse.com/rent/apartment/property-3952360,2026-08-02T21:33:05.478720+00:00,2026-08-02T21:39:14.455108+00:00,新葵芳花園,490,新界葵芳新葵芳花園 葵義路12-20號,"【♡中原葵涌-專業代理】
歡迎親身到鋪查詢更多筍盤!
◆筍盤查詢Facebook專頁:真房網 Real Property◆
無論買樓自住，投資升值，區內換樓，放盤收租
本人均可為貴客提供一條龍,買賣及售後服務
●24小時在線查詢
●首次置業免費查詢資料
●售前壓測,首期,供款計算
●銀行按揭上會
●免費法律咨詢
●一手買賣經紀佣金全免
#️CENTALINE中原",22.356358,114.127876,差餉地租､管理費,明火煮食,,,2026-07-30T16:06:26+08:00,2026-07-30T16:06:26+08:00,2026-08-29T16:06:26+08:00,"[""https://i1.28hse.com/2026/07/202607301605471778711_large.jpg"", ""https://i1.28hse.com/2026/07/202607301605475489968_large.jpg"", ""https://i1.28hse.com/2026/07/202607301605483868942_large.jpg"", ""https://i1.28hse.com/2026/07/202607301605496597156_large.jpg"", ""https://i1.28hse.com/2026/07/202607301605495255250_large.jpg"", ""https://i1.28hse.com/2026/07/202607301605496362218_large.jpg"", ""https://i1.28hse.com/estate_data/132/4674/FLOOR/4674_20231122000404771771_thumb.jpg"", ""https://i1.28hse.com/estate_data/132/4674/UNIT/4674_20240104180029967781_thumb.jpg""]"
3922276,有泳池多種設施【葵涌卓傑專區】靚裝 近石籬商場 兩房企理 清靜光猛,葵涌,嘉翠園,15500,456,2,1,低層,梗廚,34,卓傑 -住宅分行,https://i1.28hse.com/2026/07/202607241250213132510_thumb.jpg,https://www.28hse.com/rent/apartment/property-3922276,2026-08-02T21:33:05.478720+00:00,2026-08-02T21:39:15.089845+00:00,嘉翠園,555,新界葵涌嘉翠園 青山公路葵涌段382號,"鄰近石籬商場及巴士站，兩房連部份傢電，適合小家庭
社區配套成熟，交通四通八達，衣食住行齊全",22.360922,114.136368,差餉地租､管理費,明火煮食,,,2026-07-07T17:30:56+08:00,2026-07-24T12:53:10+08:00,2026-08-06T17:30:56+08:00,"[""https://i1.28hse.com/2026/07/20260724125021713843_large.jpg"", ""https://i1.28hse.com/2026/07/202607241250212967277_large.jpg"", ""https://i1.28hse.com/2026/07/202607241250205215258_large.jpg"", ""https://i1.28hse.com/2026/07/202607241250211652515_large.jpg"", ""https://i1.28hse.com/2026/07/202607241250204360108_large.jpg"", ""https://i1.28hse.com/2026/07/202607241250228477551_large.jpg"", ""https://i1.28hse.com/2026/07/20260724125118888401_large.jpg""]"
3957076,葵芳 運芳洋樓 巳打通特大2房 平租$15000,葵芳,運芳洋樓,15000,476,2,1,低層,梗廚,49,置富地產代理有限公司,https://i1.28hse.com/2026/08/202608021837492131343_thumb.jpg,https://www.28hse.com/rent/apartment/property-3957076,2026-08-02T21:33:05.478720+00:00,2026-08-02T21:39:16.538273+00:00,運芳洋樓,,新界葵芳運芳洋樓 興芳路180號,"單位乾濕分廁 可間三房
相熟業主 只求好租客
可作員工宿舍或學生居住
5分鐘到葵芳地鐵站
歡迎隨時致電查詢
置富地產-周小姐Fanny",22.359753,114.127975,差餉地租､管理費,,,,2026-08-02T18:38:12+08:00,2026-08-02T18:38:12+08:00,2026-09-01T18:38:12+08:00,"[""https://i1.28hse.com/2026/08/202608021837491335137_large.jpg"", ""https://i1.28hse.com/2026/08/202608021837493947434_large.jpg"", ""https://i1.28hse.com/2026/08/202608021837515822550_large.jpg"", ""https://i1.28hse.com/2026/08/202608021837518844566_large.jpg"", ""https://i1.28hse.com/2026/08/202608021837515292080_large.jpg"", ""https://i1.28hse.com/2026/08/202608021837524349634_large.jpg"", ""https://i1.28hse.com/2026/08/202608021837522049638_large.jpg""]"
3923841,ALICE推介高層直廳少有放盤，有票即傾,葵芳,新葵芳花園,17000,400,2,1,高層,梗廚,42,中原地產,https://i1.28hse.com/2026/07/202607081756187225749_thumb.jpg,https://www.28hse.com/rent/apartment/property-3923841,2026-08-02T21:33:05.478720+00:00,2026-08-02T21:39:17.986291+00:00,新葵芳花園,490,新界葵芳新葵芳花園 葵義路12-20號,有票即傾,22.356358,114.127876,差餉地租､管理費,,,,2026-07-08T17:56:24+08:00,2026-08-01T00:25:44+08:00,2026-08-07T17:56:24+08:00,"[""https://i1.28hse.com/2026/07/202607081756185211421_large.jpg"", ""https://i1.28hse.com/2026/07/202607081756196942607_large.jpg"", ""https://i1.28hse.com/2026/07/202607081756193679511_large.jpg"", ""https://i1.28hse.com/2026/07/20260708175620609404_large.jpg"", ""https://i1.28hse.com/estate_data/132/4674/FLOOR/4674_20231122000404771771_thumb.jpg"", ""https://i1.28hse.com/estate_data/132/4674/UNIT/4674_20240104180029967781_thumb.jpg""]"
3948633,新葵芳花園企理兩房租,葵芳,新葵芳花園,16400,415,2,1,低層,,43,中原地產代理有限公司,https://i1.28hse.com/2026/07/202607271716142304234_thumb.jpg,https://www.28hse.com/rent/apartment/property-3948633,2026-08-02T21:33:05.478720+00:00,2026-08-02T21:39:19.450579+00:00,新葵芳花園,526,新界葵芳新葵芳花園 葵義路12-20號,"24小時查詢
無論買樓自住，投資升值，區內換樓，放盤收租
*本人均為貴客提供一條龍服務,買賣及售後服務
首次置業
售前壓測，首期，供款計算
銀行按揭上會
法律咨詢
律師轉介
裝修轉介
水電煤轉名
收樓驗樓
售後放租務
住宅 居屋",22.356358,114.127876,差餉地租､管理費,,,,2026-07-27T17:16:31+08:00,2026-07-27T17:16:31+08:00,2026-08-26T17:16:31+08:00,"[""https://i1.28hse.com/2026/07/202607271716152465558_large.jpg"", ""https://i1.28hse.com/2026/07/202607271716168469490_large.jpg"", ""https://i1.28hse.com/2026/07/20260727171617782227_large.jpg"", ""https://i1.28hse.com/2026/07/202607271716171236503_large.jpg"", ""https://i1.28hse.com/estate_data/132/4674/FLOOR/4674_20231121021814297458_thumb.jpg"", ""https://i1.28hse.com/estate_data/132/4674/UNIT/4674_20240104175959258764_thumb.jpg""]"
3947590,"東南兩房,清幽內園,連全屋傢俬基本電器出租,好客價錢易商量",葵涌,嘉翠園,15500,456,2,1,低層,梗廚,34,美聯物業,https://i1.28hse.com/2026/07/202607261854212664574_thumb.jpg,https://www.28hse.com/rent/apartment/property-3947590,2026-08-02T21:33:05.478720+00:00,2026-08-02T21:39:20.077345+00:00,嘉翠園,555,新界葵涌嘉翠園 青山公路葵涌段382號,交通方便,22.360922,114.136368,差餉地租､管理費,,,,2026-07-26T18:54:29+08:00,2026-07-26T18:54:29+08:00,2026-08-25T18:54:29+08:00,"[""https://i1.28hse.com/2026/07/202607261854212813871_large.jpg"", ""https://i1.28hse.com/2026/07/202607261854212935242_large.jpg"", ""https://i1.28hse.com/2026/07/202607261854216230342_large.jpg"", ""https://i1.28hse.com/2026/07/202607261854225783758_large.jpg"", ""https://i1.28hse.com/estate_data/114/4660/FLOOR/4660_20240116122546836316_thumb.jpg"", ""https://i1.28hse.com/estate_data/114/4660/UNIT/4660_20240116122646967253_thumb.jpg""]"
3947316,［置富推介］新葵芳花園 2房2廳 平租$17000,葵芳,新葵芳花園,17000,415,2,1,低層,梗廚,43,置富地產代理有限公司,https://i1.28hse.com/2026/07/202607261655178971169_thumb.jpg,https://www.28hse.com/rent/apartment/property-3947316,2026-08-02T21:33:05.478720+00:00,2026-08-02T21:39:20.749833+00:00,新葵芳花園,526,新界葵芳新葵芳花園 葵義路12-20號,"熟業主 求好客
3分鐘到地鐵站
鄰近大型商場
購物交通方便
歡迎致電查詢
置富地產-周小姐Fanny",22.356358,114.127876,差餉地租､管理費,明火煮食,,,2026-07-26T16:55:29+08:00,2026-07-26T16:55:29+08:00,2026-08-25T16:55:29+08:00,"[""https://i1.28hse.com/2026/07/202607261655171718432_large.jpg"", ""https://i1.28hse.com/2026/07/202607261655188791412_large.jpg"", ""https://i1.28hse.com/2026/07/202607261655187273829_large.jpg"", ""https://i1.28hse.com/2026/07/202607261655196962897_large.jpg"", ""https://i1.28hse.com/2026/07/202607261655193403357_large.jpg"", ""https://i1.28hse.com/2026/07/202607261655194532060_large.jpg"", ""https://i1.28hse.com/2026/07/202607261655207488656_large.jpg"", ""https://i1.28hse.com/2026/07/202607261655201910625_large.jpg"", ""https://i1.28hse.com/estate_data/132/4674/FLOOR/4674_20231121021832414911_thumb.jpg"", ""https://i1.28hse.com/estate_data/132/4674/UNIT/4674_20240104180009821635_thumb.jpg""]"
3947050,業主全新換地板～靚裝大兩房～地鐵站旁～食買玩方便,葵芳,葵芳閣,15800,415,2,1,低層,,42,美聯物業,https://i1.28hse.com/2026/07/202607261444212042092_thumb.jpg,https://www.28hse.com/rent/apartment/property-3947050,2026-08-02T21:33:05.478720+00:00,2026-08-02T21:39:21.554377+00:00,葵芳閣,508,新界葵芳葵芳閣 葵義路15號,"♛美聯物業 - 專業代理♛
***各區一手&二手樓盤***專車接送
為貴客提供一條龍專業買賣及售後服務！
投資移民 首次置業
物業估價 按揭轉介
法律咨詢 律師轉介
租務管理 裝修轉介
我們盤源極多，可為貴客提供多個置業選擇。
(最新青衣及葵涌以及荔景物業價格)　應有盡有，一定搵到岩您心水的樓盤 ，用心為您服務用心服務，不妨比較：）",22.355652,114.12871599999998,差餉地租､管理費,,,,2026-07-26T14:45:47+08:00,2026-07-26T14:46:37+08:00,2026-08-25T14:45:47+08:00,"[""https://i1.28hse.com/2026/07/202607261444217984422_large.jpg"", ""https://i1.28hse.com/2026/07/202607261444237086174_large.jpg"", ""https://i1.28hse.com/2026/07/202607261444236308429_large.jpg"", ""https://i1.28hse.com/2026/07/202607261444236296994_large.jpg"", ""https://i1.28hse.com/2026/07/202607261444231713432_large.jpg"", ""https://i1.28hse.com/2026/07/202607261444247200191_large.jpg"", ""https://i1.28hse.com/2026/07/20260726144425589966_large.jpg"", ""https://i1.28hse.com/estate_data/132/4677/FLOOR/4677_20251120160854762298_thumb.jpg"", ""https://i1.28hse.com/estate_data/132/4677/UNIT/4677_20251120160905217747_thumb.jpg""]"
3946443,2房實用 地鐵上蓋 大型商場 巴士總站 有匙引看,葵芳,新葵芳花園,17000,415,2,1,低層,梗廚,42,置富地產,https://i1.28hse.com/2026/07/202607251701398832252_thumb.jpg,https://www.28hse.com/rent/apartment/property-3946443,2026-08-02T21:33:05.478720+00:00,2026-08-02T21:39:22.187972+00:00,新葵芳花園,526,新界葵芳新葵芳花園 葵義路12-20號,"平租, 只求好租客, 簡單裝修, 開揚園景, 有匙即約即睇, 東南平租, 只求好租客",22.356358,114.127876,差餉地租､管理費,明火煮食,,,2026-07-25T17:01:06+08:00,2026-07-25T17:02:01+08:00,2026-08-24T17:01:06+08:00,"[""https://i1.28hse.com/2026/07/202607251701406484827_large.jpg"", ""https://i1.28hse.com/2026/07/202607251701402660870_large.jpg"", ""https://i1.28hse.com/2026/07/20260725170141710435_large.jpg"", ""https://i1.28hse.com/2026/07/2026072517014273689_large.jpg"", ""https://i1.28hse.com/2026/07/202607251701431028837_large.jpg"", ""https://i1.28hse.com/2026/07/202607251701446663299_large.jpg"", ""https://i1.28hse.com/2026/07/202607251701451370364_large.jpg"", ""https://i1.28hse.com/estate_data/132/4674/FLOOR/4674_20231121021832414911_thumb.jpg"", ""https://i1.28hse.com/estate_data/132/4674/UNIT/4674_20240104180009821635_thumb.jpg""]"
3925848,【中原Lily♡ Jay 筍盤】 有匙可約可傾/地鐵站上蓋/四正實用,葵芳,新葵芳花園,17000,418,2,1,低層,,42,中原地產,https://i1.28hse.com/2026/07/202607100643163412568_thumb.jpg,https://www.28hse.com/rent/apartment/property-3925848,2026-08-02T21:33:05.478720+00:00,2026-08-02T21:39:22.828108+00:00,新葵芳花園,510,新界葵芳新葵芳花園 葵義路12-20號,"【♡搵樓搵光頭·筍盤一定有 】
《 ♡中原葵青-專業代理 》
歡迎親身到鋪查詢更多筍盤!
◆筍盤查詢Facebook專頁:中原地產青衣城·筍盤◆
◆筍盤查詢Facebook專頁:真房網 Real
Property◆
無論買樓自住，投資升值，區內換樓，放盤收租
本人均可為貴客提供一條龍,買賣及售後服務
●24小時在線查詢
●首次置業免費查詢資料
●售前壓測,首期,供款計算
●銀行按揭上會
●免費法律咨詢
●一手買賣經紀佣金全免
●免費專車接送
#️CENTALINE中原",22.356358,114.12787599999999,差餉地租､管理費,,,,2026-07-10T06:36:42+08:00,2026-07-25T02:21:13+08:00,2026-08-09T06:36:42+08:00,"[""https://i1.28hse.com/2026/07/202607100643175456625_large.jpg"", ""https://i1.28hse.com/2026/07/202607100643188648651_large.jpg"", ""https://i1.28hse.com/2026/07/202607100643194546563_large.jpg"", ""https://i1.28hse.com/2026/07/202607100643205972914_large.jpg"", ""https://i1.28hse.com/2026/07/202607100643217501453_large.jpg"", ""https://i1.28hse.com/2026/07/202607100643227157015_large.jpg"", ""https://i1.28hse.com/estate_data/132/4674/FLOOR/4674_20231121021832414911_thumb.jpg"", ""https://i1.28hse.com/estate_data/132/4674/UNIT/4674_20240104180008873313_thumb.jpg""]"
3921492,【中原May Wong♡ 推介】 可傾筍租/有匙可睇/地鐵站上蓋/方廳實用,葵芳,新葵芳花園,17000,418,1,1,低層,,42,中原地產,https://i1.28hse.com/2026/07/202607100648006811561_thumb.jpg,https://www.28hse.com/rent/apartment/property-3921492,2026-08-02T21:33:05.478720+00:00,2026-08-02T21:39:23.518779+00:00,新葵芳花園,510,新界葵芳新葵芳花園 葵義路12-20號,"【♡搵樓搵光頭·筍盤一定有 】
《 ♡中原葵青-專業代理 》
歡迎親身到鋪查詢更多筍盤!
◆筍盤查詢Facebook專頁:中原地產青衣城·筍盤◆
◆筍盤查詢Facebook專頁:真房網 Real
Property◆
無論買樓自住，投資升值，區內換樓，放盤收租
本人均可為貴客提供一條龍,買賣及售後服務
●24小時在線查詢
●首次置業免費查詢資料
●售前壓測,首期,供款計算
●銀行按揭上會
●免費法律咨詢
●一手買賣經紀佣金全免
●免費專車接送
#️CENTALINE中原",22.356358,114.12787599999999,,,,,2026-07-07T10:39:15+08:00,2026-07-25T02:22:44+08:00,2026-08-06T10:39:15+08:00,"[""https://i1.28hse.com/2026/07/202607071038177937860_large.jpg"", ""https://i1.28hse.com/2026/07/202607071038191118860_large.jpg"", ""https://i1.28hse.com/2026/07/202607071038228635383_large.jpg"", ""https://i1.28hse.com/2026/07/202607071038242859233_large.jpg"", ""https://i1.28hse.com/2026/07/202607071038262272890_large.jpg"", ""https://i1.28hse.com/2026/07/202607071038286646186_large.jpg"", ""https://i1.28hse.com/estate_data/132/4674/FLOOR/4674_20231121021832414911_thumb.jpg"", ""https://i1.28hse.com/estate_data/132/4674/UNIT/4674_20240104180008873313_thumb.jpg""]"
3919763,【中原地產·筍盤搵Jay Lin 】 磚地企裝/出入便利/地鐵上蓋,葵芳,新葵芳花園,17000,400,2,1,高層,,42,中原地產,https://i1.28hse.com/2026/07/20260705211540695454_thumb.jpg,https://www.28hse.com/rent/apartment/property-3919763,2026-08-02T21:33:05.478720+00:00,2026-08-02T21:39:24.161137+00:00,新葵芳花園,490,新界葵芳新葵芳花園 葵義路12-20號,"【♡搵樓搵光頭·筍盤一定有 】
《 ♡中原葵青-專業代理 》
歡迎親身到鋪查詢更多筍盤!
◆筍盤查詢Facebook專頁:中原地產青衣城·筍盤◆
◆筍盤查詢Facebook專頁:真房網 Real
Property◆
無論買樓自住，投資升值，區內換樓，放盤收租
本人均可為貴客提供一條龍,買賣及售後服務
●24小時在線查詢
●首次置業免費查詢資料
●售前壓測,首期,供款計算
●銀行按揭上會
●免費法律咨詢
●一手買賣經紀佣金全免
●免費專車接送
#️CENTALINE中原",22.356358,114.12787599999999,差餉地租､管理費,,,,2026-07-05T21:15:50+08:00,2026-07-25T02:20:45+08:00,2026-08-04T21:15:50+08:00,"[""https://i1.28hse.com/2026/07/202607052113374175088_large.jpg"", ""https://i1.28hse.com/2026/07/202607052113371013955_large.jpg"", ""https://i1.28hse.com/2026/07/202607052113378980351_large.jpg"", ""https://i1.28hse.com/2026/07/20260705211338201384_large.jpg"", ""https://i1.28hse.com/2026/07/202607052113382056699_large.jpg"", ""https://i1.28hse.com/2026/07/20260705211540695454_large.jpg"", ""https://i1.28hse.com/estate_data/132/4674/FLOOR/4674_20231122000404771771_thumb.jpg"", ""https://i1.28hse.com/estate_data/132/4674/UNIT/4674_20240104180029967781_thumb.jpg""]"
3916656,【中原Martin ♡ JAY租盤推介】 有裝難遇/有匙即睇/地鐵上蓋,葵芳,新葵芳花園,15800,415,2,1,低層,,42,中原地產,https://i1.28hse.com/2026/07/202607032011016921397_thumb.jpg,https://www.28hse.com/rent/apartment/property-3916656,2026-08-02T21:33:05.478720+00:00,2026-08-02T21:39:24.802510+00:00,新葵芳花園,526,新界葵芳新葵芳花園 葵義路12-20號,"【♡搵樓搵光頭·筍盤一定有 】
《 ♡中原葵青-專業代理 》
歡迎親身到鋪查詢更多筍盤!
◆筍盤查詢Facebook專頁:中原地產青衣城·筍盤◆
◆筍盤查詢Facebook專頁:真房網 Real
Property◆
無論買樓自住，投資升值，區內換樓，放盤收租
本人均可為貴客提供一條龍,買賣及售後服務
●24小時在線查詢
●首次置業免費查詢資料
●售前壓測,首期,供款計算
●銀行按揭上會
●免費法律咨詢
●一手買賣經紀佣金全免
●免費專車接送
#️CENTALINE中原",22.356358,114.12787599999999,差餉地租､管理費,,,,2026-07-03T20:11:03+08:00,2026-07-31T02:48:52+08:00,2026-08-02T20:11:03+08:00,"[""https://i1.28hse.com/2026/07/20260703201101760359_large.jpg"", ""https://i1.28hse.com/2026/07/20260703201101808977_large.jpg"", ""https://i1.28hse.com/2026/07/202607032011021479444_large.jpg"", ""https://i1.28hse.com/2026/07/202607032011026485792_large.jpg"", ""https://i1.28hse.com/estate_data/132/4674/FLOOR/4674_20231121021814297458_thumb.jpg"", ""https://i1.28hse.com/estate_data/132/4674/UNIT/4674_20240104175959258764_thumb.jpg""]"
3939425,葵芳站頂 屋苑兩房 鄰近新都會/葵廣 無懼風雨,葵芳,新葵芳花園,17000,415,2,1,低層,梗廚,43,置富地產,https://i1.28hse.com/2026/07/202607271344226302914_thumb.jpg,https://www.28hse.com/rent/apartment/property-3939425,2026-08-02T21:33:05.478720+00:00,2026-08-02T21:39:25.444587+00:00,新葵芳花園,526,新界葵芳新葵芳花園 葵義路12-20號,"平租, 只求好租客, 價錢可議, 近港鐵站",22.356358,114.127876,差餉地租､管理費,明火煮食,,,2026-07-20T13:40:59+08:00,2026-07-29T11:55:01+08:00,2026-08-19T13:40:59+08:00,"[""https://i1.28hse.com/2026/07/202607271344334256459_large.jpg"", ""https://i1.28hse.com/2026/07/202607271344277927034_large.jpg"", ""https://i1.28hse.com/2026/07/20260727134418799434_large.jpg"", ""https://i1.28hse.com/2026/07/202607271344202231397_large.jpg"", ""https://i1.28hse.com/2026/07/202607271344162442798_large.jpg"", ""https://i1.28hse.com/2026/07/202607271344134549267_large.jpg"", ""https://i1.28hse.com/2026/07/202607271344114749240_large.jpg"", ""https://i1.28hse.com/estate_data/132/4674/FLOOR/4674_20231121021832414911_thumb.jpg"", ""https://i1.28hse.com/estate_data/132/4674/UNIT/4674_20240104180009821635_thumb.jpg""]"
3927711,企理四正高揚,葵涌,葵華大廈,10500,410,2,1,中層,,50,裕新地產有限公司,https://i1.28hse.com/2026/07/20260719122107331794_thumb.jpg,https://www.28hse.com/rent/apartment/property-3927711,2026-08-02T21:33:05.478720+00:00,2026-08-02T21:39:26.066048+00:00,葵華大廈,,新界葵涌葵華大廈 大隴街11號,3面窗，空氣流通舒服，有匙引看,22.365002,114.13681,差餉地租､管理費,,,,2026-07-11T13:12:11+08:00,2026-07-19T12:22:07+08:00,2026-08-10T13:12:11+08:00,"[""https://i1.28hse.com/2026/07/202607191221084430637_large.jpg"", ""https://i1.28hse.com/2026/07/202607191221101273180_large.jpg"", ""https://i1.28hse.com/2026/07/202607191221111135471_large.jpg"", ""https://i1.28hse.com/2026/07/202607191221132216088_large.jpg"", ""https://i1.28hse.com/2026/07/202607191221142390324_large.jpg"", ""https://i1.28hse.com/2026/07/202607191221164447232_large.jpg"", ""https://i1.28hse.com/2026/07/202607191221187085368_large.jpg"", ""https://i1.28hse.com/2026/07/202607191221198123073_large.jpg"", ""https://i1.28hse.com/2026/07/202607191221212919210_large.jpg"", ""https://i1.28hse.com/2026/07/202607191221234734275_large.jpg""]"
3925741,【中原Lily Li♡ May Wong筍盤】 有匙有裝/近地鐵/配套方便,葵芳,葵芳閣,16500,415,3,2,低層,,42,中原地產,https://i1.28hse.com/2026/07/202607202034096613936_thumb.jpg,https://www.28hse.com/rent/apartment/property-3925741,2026-08-02T21:33:05.478720+00:00,2026-08-02T21:39:26.696570+00:00,葵芳閣,508,新界葵芳葵芳閣 葵義路15號,"【♡搵樓搵光頭·筍盤一定有 】
《 ♡中原葵青-專業代理 》
歡迎親身到鋪查詢更多筍盤!
◆筍盤查詢Facebook專頁:中原地產青衣城·筍盤◆
◆筍盤查詢Facebook專頁:真房網 Real
Property◆
無論買樓自住，投資升值，區內換樓，放盤收租
本人均可為貴客提供一條龍,買賣及售後服務
●24小時在線查詢
●首次置業免費查詢資料
●售前壓測,首期,供款計算
●銀行按揭上會
●免費法律咨詢
●一手買賣經紀佣金全免
●免費專車接送
#️CENTALINE中原",22.355652,114.128716,差餉地租､管理費,,,,2026-07-09T23:07:58+08:00,2026-07-20T20:35:25+08:00,2026-08-08T23:07:58+08:00,"[""https://i1.28hse.com/2026/07/202607202033287894928_large.jpg"", ""https://i1.28hse.com/2026/07/202607202033294801273_large.jpg"", ""https://i1.28hse.com/2026/07/202607202033295744734_large.jpg"", ""https://i1.28hse.com/2026/07/20260720203330138373_large.jpg"", ""https://i1.28hse.com/2026/07/20260720203331106896_large.jpg"", ""https://i1.28hse.com/estate_data/132/4677/FLOOR/4677_20251120160854762298_thumb.jpg"", ""https://i1.28hse.com/estate_data/132/4677/UNIT/4677_20251120160905217747_thumb.jpg""]"
3932204,葵芳洋樓 兩房一大廳 企理裝修 租金特平 實盤可睇,葵芳,單幢樓房,13800,410,2,1,,梗廚,,富樂地產物業有限公司,https://i1.28hse.com/2026/07/202607141853476152957_thumb.jpg,https://www.28hse.com/rent/apartment/property-3932204,2026-08-02T21:33:05.478720+00:00,2026-08-02T21:39:27.285714+00:00,單幢樓房,,新界葵芳單幢樓房 葵芳,近葵芳地鐵站 交通方便 配套設施完善 即租即住,22.357811,114.129814,差餉地租､管理費,,,,2026-07-14T18:54:36+08:00,2026-07-14T18:54:36+08:00,2026-08-13T18:54:36+08:00,"[""https://i1.28hse.com/2026/07/202607141853514813528_large.jpg"", ""https://i1.28hse.com/2026/07/202607141853563746914_large.jpg"", ""https://i1.28hse.com/2026/07/202607141853584665970_large.jpg"", ""https://i1.28hse.com/2026/07/202607141854035323960_large.jpg"", ""https://i1.28hse.com/2026/07/202607141854093415400_large.jpg""]"
3888078,"葵芳洋樓3房單位放租,近葵芳地鐵站,實盤可睇.",葵芳,單幢樓房,16500,456,3,1,中層,梗廚,40,富樂地產物業有限公司,https://i1.28hse.com/2026/07/202607141633552691484_thumb.jpg,https://www.28hse.com/rent/apartment/property-3888078,2026-08-02T21:33:05.478720+00:00,2026-08-02T21:39:27.914771+00:00,單幢樓房,,新界葵芳單幢樓房 葵芳,"葵芳地鐵站附近,葵芳洋樓3房單位放租,雅緻裝修,交通便利,實盤可約睇.",22.357811,114.129814,差餉地租､管理費,,,,2026-07-14T16:27:12+08:00,2026-07-14T16:34:28+08:00,2026-08-13T16:27:12+08:00,"[""https://i1.28hse.com/2026/07/202607141633421853853_large.jpg"", ""https://i1.28hse.com/2026/07/202607141633445949547_large.jpg"", ""https://i1.28hse.com/2026/07/20260714163352377812_large.jpg"", ""https://i1.28hse.com/2026/07/202607141633548640812_large.jpg"", ""https://i1.28hse.com/2026/07/20260714163356333156_large.jpg"", ""https://i1.28hse.com/2026/07/202607141633571727171_large.jpg"", ""https://i1.28hse.com/2026/07/202607141634172843965_large.jpg"", ""https://i1.28hse.com/2026/06/202606121634078331050_large.jpg""]"
3918793,葵芳站 新葵芳花園 2房+有裝修,葵芳,新葵芳花園,17000,418,2,1,中層,,42,置富地產代理有限公司,https://i1.28hse.com/2026/07/202607051238314645253_thumb.jpg,https://www.28hse.com/rent/apartment/property-3918793,2026-08-02T21:33:05.478720+00:00,2026-08-02T21:39:28.562110+00:00,新葵芳花園,510,新界葵芳新葵芳花園 葵義路12-20號,"葵芳站 新葵芳花園 2房+有裝修
有匙即睇
2房連少傢俱
基座商場 購物方便 
葵芳地鐵上蓋 巴士總站
️置富 實盤實相️
️放盤搵樓 ️記得搵我 ️用心服務你️",22.356358,114.127876,差餉地租､管理費,,,,2026-07-05T12:38:42+08:00,2026-07-05T12:38:42+08:00,2026-08-04T12:38:42+08:00,"[""https://i1.28hse.com/2026/07/202607051238065523196_large.jpg"", ""https://i1.28hse.com/2026/07/202607051238065060340_large.jpg"", ""https://i1.28hse.com/2026/07/2026070512380795587_large.jpg"", ""https://i1.28hse.com/2026/07/202607051238072378122_large.jpg"", ""https://i1.28hse.com/2026/07/20260705123807563427_large.jpg"", ""https://i1.28hse.com/2026/07/202607051238088344430_large.jpg"", ""https://i1.28hse.com/estate_data/132/4674/FLOOR/4674_20231121021832414911_thumb.jpg"", ""https://i1.28hse.com/estate_data/132/4674/UNIT/4674_20240104180008873313_thumb.jpg""]"
3948434,[富裕地產高層極靚景放租] 直廳兩房向西南* 企理即住* 有匙即睇*,荃灣,荃威花園,15000,480,2,1,高層,梗廚,48,富裕地產荃威分行,https://i1.28hse.com/2026/07/202607271558023818285_thumb.jpg,https://www.28hse.com/rent/apartment/property-3948434,2026-08-02T21:33:05.478720+00:00,2026-08-02T21:39:29.980660+00:00,荃威花園,546,新界荃灣荃威花園 荃景圍187-195號,"[富裕地產 荃威分行 只做實盤]
----------------------------------------------
● 2房直廳 ● 磚地裝修 ● 480尺實用 ● 房大廳大 
● 超高層開陽 望城市景 ● 實用間隔
● 乾淨企理 即睇即租即住! 
● 鄰近多間中小學 ● 最適合家庭選擇
● 屋苑7樓為大平台, 放狗散步踩單車一流
● 企理即用 ● whatsapp 約睇
----------------------------------------------
>>富裕地產一區四行,盤足客多,尚有更多實盤介紹
>> www.weonline.com.hk
***本行所登樓盤全部屬實,為方便客戶查詢,即時解答,WHATSAPP隨時聯絡
----------------------------------------------
[富裕地產 荃威分行 只做實盤]",22.378319,114.103615,差餉地租､管理費,明火煮食,,,2026-07-27T15:58:40+08:00,2026-07-30T17:53:26+08:00,2026-08-26T15:58:40+08:00,"[""https://i1.28hse.com/2026/07/20260727155813994636_large.jpg"", ""https://i1.28hse.com/2026/07/202607271558135828295_large.jpg"", ""https://i1.28hse.com/2026/07/202607271558147004217_large.jpg"", ""https://i1.28hse.com/2026/07/202607271557513515185_large.jpg"", ""https://i1.28hse.com/2026/07/202607271557514949498_large.jpg"", ""https://i1.28hse.com/2026/07/202607271557513150054_large.jpg"", ""https://i1.28hse.com/2026/07/202607271558027799532_large.jpg""]"
3941114,優美寧靜 山景兩房,荃灣,荃威花園,14000,477,2,1,低層,,48,中原地產代理有限公司,https://i1.28hse.com/2026/07/202607211812537859784_thumb.jpg,https://www.28hse.com/rent/apartment/property-3941114,2026-08-02T21:33:05.478720+00:00,2026-08-02T21:39:30.601595+00:00,荃威花園,543,新界荃灣荃威花園 荃景圍187-195號,"該屋苑另有大兩房534呎 $14500
歡迎whatsapp致電查詢約睇樓",22.378319,114.103615,差餉地租､管理費,,,,2026-07-21T18:13:24+08:00,2026-08-02T14:36:35+08:00,2026-08-20T18:13:24+08:00,"[""https://i1.28hse.com/2026/07/202607211812567673143_large.jpg"", ""https://i1.28hse.com/2026/07/202607211812587156427_large.jpg"", ""https://i1.28hse.com/2026/07/20260721181300542308_large.jpg"", ""https://i1.28hse.com/2026/07/202607211813065997193_large.jpg"", ""https://i1.28hse.com/2026/07/202607211813087273991_large.jpg"", ""https://i1.28hse.com/2026/07/202607211813113319258_large.jpg"", ""https://i1.28hse.com/2026/07/202607211812537859784_large.jpg"", ""https://i1.28hse.com/estate_data/113/4575/FLOOR/4575_20250527130314148619_thumb.jpg"", ""https://i1.28hse.com/estate_data/113/4575/UNIT/4575_20250527130444911923_thumb.jpg""]"
3935800,保證最平 有匙即睇平筍租,荃灣,綠楊新邨,16000,451,2,1,高層,梗廚,43,美聯物業,https://i1.28hse.com/2026/07/202607171624266945138_thumb.jpg,https://www.28hse.com/rent/apartment/property-3935800,2026-08-02T21:33:05.478720+00:00,2026-08-02T21:39:31.233547+00:00,綠楊新邨,518,新界荃灣綠楊新邨 蕙荃路22-66號,保證最平 有匙即睇平筍租,22.373104,114.119797,差餉地租､管理費,明火煮食,,,2026-07-17T16:24:42+08:00,2026-07-17T16:24:42+08:00,2026-08-16T16:24:42+08:00,"[""https://i1.28hse.com/2026/07/202607171624268976925_large.jpg"", ""https://i1.28hse.com/2026/07/202607171624274595692_large.jpg"", ""https://i1.28hse.com/2026/07/20260717162428763179_large.jpg""]"
3928297,保證最平 兩房筍租 隨時可以睇,荃灣,海濱花園,15800,419,2,1,低層,梗廚,35,美聯物業,https://i1.28hse.com/2026/07/202607111724052758796_thumb.jpg,https://www.28hse.com/rent/apartment/property-3928297,2026-08-02T21:33:05.478720+00:00,2026-08-02T21:39:31.873869+00:00,海濱花園,529,新界荃灣海濱花園 怡樂街2-12號,保證最平 兩房筍租 隨時可以睇,22.362907,114.114365,差餉地租､管理費,明火煮食,,,2026-07-11T17:24:22+08:00,2026-07-11T17:24:22+08:00,2026-08-10T17:24:22+08:00,"[""https://i1.28hse.com/2026/07/202607111724062963823_large.jpg"", ""https://i1.28hse.com/2026/07/202607111724075500906_large.jpg"", ""https://i1.28hse.com/2026/07/202607111724077798315_large.jpg"", ""https://i1.28hse.com/2026/07/202607111724084994040_large.jpg"", ""https://i1.28hse.com/2026/07/202607111724084984151_large.jpg"", ""https://i1.28hse.com/estate_data/113/4578/FLOOR/4578_20231121234515746987_thumb.jpg"", ""https://i1.28hse.com/estate_data/113/4578/UNIT/4578_20231121234603876582_thumb.jpg""]"
3945326,[富裕地產獨家超筍放租] 直廳兩房開陽有海景* 可養貓* 全場最平*,荃灣,荃威花園,14000,457,2,1,中層,梗廚,48,富裕地產荃威分行,https://i1.28hse.com/2026/07/202607241823397613342_thumb.jpg,https://www.28hse.com/rent/apartment/property-3945326,2026-08-02T21:33:05.478720+00:00,2026-08-02T21:39:32.479403+00:00,荃威花園,516,新界荃灣荃威花園 荃景圍187-195號,"[富裕地產 荃威分行 只做實盤]
----------------------------------------------
● 2房1直廳 ● 457尺實用 ● 房大廳大 
● 開陽 望城市景,海景 ● 超實用貼地間隔
● 可養貓 
● 荃威僅存$13800樓下租盤
● 鄰近多間中小學 ● 最適合家庭選擇
● 屋苑7樓為大平台, 散步踩單車一流
● 企理即用 ● 即睇即租! ● whatsapp 約睇
----------------------------------------------",22.378319,114.103615,差餉地租､管理費,明火煮食,,,2026-07-24T18:24:18+08:00,2026-07-31T19:00:41+08:00,2026-08-23T18:24:18+08:00,"[""https://i1.28hse.com/2026/07/202607241819195639906_large.jpg"", ""https://i1.28hse.com/2026/07/202607241823398048344_large.jpg"", ""https://i1.28hse.com/2026/07/202607241823392234505_large.jpg"", ""https://i1.28hse.com/2026/07/20260724182340631957_large.jpg"", ""https://i1.28hse.com/2026/07/202607241824034191466_large.jpg"", ""https://i1.28hse.com/estate_data/113/4575/FLOOR/4575_20250527130303178855_thumb.jpg"", ""https://i1.28hse.com/estate_data/113/4575/UNIT/4575_20250527130326844664_thumb.jpg""]"
3943905,熟業主推介 兩大房高層多窗 有匙睇樓,荃灣,荃景花園,13800,408,2,1,高層,,39,盛業地產代理有限公司,https://i1.28hse.com/2026/07/202607251440481715964_thumb.jpg,https://www.28hse.com/rent/apartment/property-3943905,2026-08-02T21:33:05.478720+00:00,2026-08-02T21:39:33.116019+00:00,荃景花園,523,新界荃灣荃景花園 荃景圍85號,"平租, 只求好租客, 價錢可議, 遠景 , 有裝修",22.378448,114.110085,差餉地租､管理費,,,,2026-07-23T18:38:00+08:00,2026-07-25T14:41:23+08:00,2026-08-22T18:38:00+08:00,"[""https://i1.28hse.com/2026/07/202607251440507648644_large.jpg"", ""https://i1.28hse.com/2026/07/202607251440537593224_large.jpg"", ""https://i1.28hse.com/2026/07/202607251440564174858_large.jpg"", ""https://i1.28hse.com/2026/07/20260725144100545346_large.jpg"", ""https://i1.28hse.com/2026/07/202607251441022273305_large.jpg"", ""https://i1.28hse.com/2026/07/202607251441056759635_large.jpg""]"
3939673,間隔四正,荃灣,荃景花園,17000,551,3,1,高層,,39,美聯物業,https://i1.28hse.com/2026/07/202607201619551038234_thumb.jpg,https://www.28hse.com/rent/apartment/property-3939673,2026-08-02T21:33:05.478720+00:00,2026-08-02T21:39:33.753608+00:00,荃景花園,679,新界荃灣荃景花園 荃景圍85號,罕有放盤,22.378448,114.110085,差餉地租､管理費,,,,2026-07-20T16:20:16+08:00,2026-07-20T16:20:16+08:00,2026-08-19T16:20:16+08:00,"[""https://i1.28hse.com/2026/07/202607201619566916119_large.jpg"", ""https://i1.28hse.com/2026/07/202607201619574558964_large.jpg"", ""https://i1.28hse.com/2026/07/202607201619581667485_large.jpg"", ""https://i1.28hse.com/2026/07/202607201619594538504_large.jpg"", ""https://i1.28hse.com/2026/07/202607201620001967444_large.jpg"", ""https://i1.28hse.com/2026/07/202607201620015774550_large.jpg"", ""https://i1.28hse.com/2026/07/202607201620027484440_large.jpg"", ""https://i1.28hse.com/estate_data/113/4574/FLOOR/4574_20231121014647431939_thumb.jpg"", ""https://i1.28hse.com/estate_data/113/4574/UNIT/4574_20240104161330944619_thumb.jpg""]"
3937070,[富裕地產向西南可寵物單位放租] 直廳兩房* 廚廁有裝* 可養竉物 易傾相熟業主,荃灣,荃威花園,14800,480,2,1,中層,梗廚,48,富裕地產荃威分行,https://i1.28hse.com/2026/07/202607181412195644054_thumb.jpg,https://www.28hse.com/rent/apartment/property-3937070,2026-08-02T21:33:05.478720+00:00,2026-08-02T21:39:34.499095+00:00,荃威花園,546,新界荃灣荃威花園 荃景圍187-195號,"[富裕地產 荃威分行 只做實盤]
----------------------------------------------
● 2房直廳 ● 480尺實用 ● 房大廳大 
● 向西南,開陽城市景,泳池景 
● 非常實用間隔, 房擺到大床+兩邊落床+書枱+入牆櫃
● 可寵物
● 鄰近多間中小學 ● 最適合家庭選擇
● 屋苑7樓為大平台, 放狗散步踩單車一流
● 企理即用 ● whatsapp 約睇
----------------------------------------------
>>富裕地產一區四行,盤足客多,尚有更多實盤介紹
>> www.weonline.com.hk
***本行所登樓盤全部屬實,為方便客戶查詢,即時解答,WHATSAPP隨時聯絡
----------------------------------------------",22.378319,114.10361499999999,差餉地租､管理費,明火煮食,,,2026-07-18T14:12:23+08:00,2026-07-30T17:56:20+08:00,2026-08-17T14:12:23+08:00,"[""https://i1.28hse.com/2026/07/202607181412207086784_large.jpg"", ""https://i1.28hse.com/2026/07/202607181412206330627_large.jpg"", ""https://i1.28hse.com/2026/07/202607181412205021516_large.jpg"", ""https://i1.28hse.com/2026/07/202607181412211082180_large.jpg"", ""https://i1.28hse.com/2026/07/202607181412213571876_large.jpg"", ""https://i1.28hse.com/2026/07/202607181412214769321_large.jpg"", ""https://i1.28hse.com/2026/07/202607181412224575121_large.jpg"", ""https://i1.28hse.com/2026/07/202607181412221579523_large.jpg""]"
3930338,***兩房改一房！！****快D pm我啦,荃灣,海濱花園,16500,422,1,1,中層,,35,中原地產代理有限公司,https://i1.28hse.com/2026/07/202607131503246858236_thumb.jpg,https://www.28hse.com/rent/apartment/property-3930338,2026-08-02T21:33:05.478720+00:00,2026-08-02T21:39:35.141671+00:00,海濱花園,555,新界荃灣海濱花園 怡樂街2-12號,"***兩房改一房！！****快D pm我啦
用心為你",22.362907,114.114365,差餉地租､管理費,,,,2026-07-13T15:03:26+08:00,2026-07-13T15:03:26+08:00,2026-08-12T15:03:26+08:00,"[""https://i1.28hse.com/2026/07/202607131503246387729_large.jpg"", ""https://i1.28hse.com/2026/07/202607131503243982898_large.jpg"", ""https://i1.28hse.com/2026/07/20260713150325512974_large.jpg"", ""https://i1.28hse.com/2026/07/202607131503258160273_large.jpg"", ""https://i1.28hse.com/2026/07/20260713150325272277_large.jpg"", ""https://i1.28hse.com/2026/07/202607131503264397955_large.jpg"", ""https://i1.28hse.com/estate_data/113/4578/FLOOR/4578_20231121014823279463_thumb.jpg"", ""https://i1.28hse.com/estate_data/113/4578/UNIT/4578_20231121015014824218_thumb.jpg""]"
3928835,[真 筍租] 新淨企理 荃西最抵租兩房,荃灣,海濱花園,15800,419,2,1,低層,梗廚,35,美聯物業,https://i1.28hse.com/2026/07/202607121112197177913_thumb.jpg,https://www.28hse.com/rent/apartment/property-3928835,2026-08-02T21:33:05.478720+00:00,2026-08-02T21:39:36.172895+00:00,海濱花園,529,新界荃灣海濱花園 怡樂街2-12號,"熟悉荃灣二手樓盤
跨越全港九新界一手新盤
免費提供及支援
售前壓力測試,首期,供款計算
銀行按揭上會
法律咨詢
律師轉介
裝修轉介
水電煤,差餉地租轉名
***揾我實幫到你解決疑難雜症***
歡迎Whatsapp/電話查詢： 曾生",22.362907,114.114365,差餉地租､管理費,明火煮食,,,2026-07-12T11:12:35+08:00,2026-07-12T11:12:35+08:00,2026-08-11T11:12:35+08:00,"[""https://i1.28hse.com/2026/07/202607121112177797764_large.jpg"", ""https://i1.28hse.com/2026/07/202607121112177565160_large.jpg"", ""https://i1.28hse.com/2026/07/202607121112188168035_large.jpg"", ""https://i1.28hse.com/2026/07/202607121112184987045_large.jpg"", ""https://i1.28hse.com/2026/07/202607121112184436079_large.jpg""]"
3926602,荃景花園[田邦置業] 兩房高層 多窗 鄰近大型商場,荃灣,荃景花園,14000,408,2,1,高層,梗廚,39,田邦置業有限公司,https://i1.28hse.com/2026/07/202607251538123081441_thumb.jpg,https://www.28hse.com/rent/apartment/property-3926602,2026-08-02T21:33:05.478720+00:00,2026-08-02T21:39:37.046787+00:00,荃景花園,523,新界荃灣荃景花園 荃景圍85號,"租租租 荃景花園 田邦置業
實用408呎 2房
高層景觀開揚
大型屋苑 實用率高
#樓盤編號G003271 樓盤編號G003171
田邦置業 No.C-091229
️歡迎致電
直接WhatsApp查詢
---------------------------------------
FieldState Property
公司網站www.fieldstate.com.hk
網上放盤http://www.fieldstate.com.hk/listprop.php
Facebook專頁 http://fb.me/FieldState
IG-Instagram https://www.instagram.com/FieldState
公司地址：荃灣 國瑞路 河背村 33號 地下 (大窩口地鐵站A出口）
公司地址：荃灣 荃威花園一期 3A 地鋪（荃威巴士總站旁邊）
請比Like 追蹤 鑽我們FaceBook專頁，會有更多荃葵青樓盤資訊
#田邦置業 #國瑞路 #河背村 #關門口村 #荃葵青 #居屋 #木棉下村 #大王下村 #青衣墟 #楓樹窩村 #藍田村 #鹽田角村 #涌美村 #白田霸村 #海壩村南台 #芙蓉山新村 #三棟屋村 #海壩村 #老圍村 #油麻磡村 #和宜合村 #油柑頭村 #汀九村 #昇柏山 #縉庭山 #荃灣村屋 #青衣村屋 #葵涌村屋",22.378448,114.110085,差餉地租､管理費,,,,2026-07-10T17:02:46+08:00,2026-07-25T15:38:37+08:00,2026-08-09T17:02:46+08:00,"[""https://i1.28hse.com/2026/07/202607251538137943612_large.jpg"", ""https://i1.28hse.com/2026/07/202607251538142001745_large.jpg"", ""https://i1.28hse.com/2026/07/202607251538161369308_large.jpg"", ""https://i1.28hse.com/2026/07/20260725153817468245_large.jpg"", ""https://i1.28hse.com/2026/07/202607251538188361409_large.jpg"", ""https://i1.28hse.com/2026/07/202607251538198386271_large.jpg""]"
3921127,✰兩房兩廳✿連士多房✿相熟業主可傾✰{富裕地產精選推介},荃灣,荃灣中心,14500,422,2,,高層,,45,富裕地產荃中第二分行,https://i1.28hse.com/2026/08/202608011729178533866_thumb.jpg,https://www.28hse.com/rent/apartment/property-3921127,2026-08-02T21:33:05.478720+00:00,2026-08-02T21:39:37.737198+00:00,荃灣中心,525,新界荃灣荃灣中心 荃景圍89號,"富裕樓盤編號：A009894
富裕地產一區四行,盤足客多,尚有更多實盤介紹
>>歡迎登入:www.weonline.com.hk
***本行所登樓盤全部屬實,為方便客戶查詢,即時解答,煩請述明樓盤編號",22.378981,114.10817,,,,,2026-07-06T19:20:44+08:00,2026-08-01T17:48:22+08:00,2026-08-05T19:20:44+08:00,"[""https://i1.28hse.com/2026/08/202608011728556779827_large.jpg"", ""https://i1.28hse.com/2026/08/202608011728561109119_large.jpg"", ""https://i1.28hse.com/2026/08/202608011728566934714_large.jpg"", ""https://i1.28hse.com/2026/08/202608011728564799846_large.jpg"", ""https://i1.28hse.com/2026/08/202608011728563098042_large.jpg""]"
3918368,兩大房巨廳 無敵光猛遠景開揚,荃灣,荃威花園,15800,533,2,1,中層,,48,盛業地產代理有限公司,https://i1.28hse.com/2026/07/20260720135927993874_thumb.jpg,https://www.28hse.com/rent/apartment/property-3918368,2026-08-02T21:33:05.478720+00:00,2026-08-02T21:39:38.334992+00:00,荃威花園,607,新界荃灣荃威花園 荃景圍187-195號,"平租, 只求好租客, 價錢可議, 巴士總站, 間隔四正, 實用率高",22.378319,114.103615,差餉地租､管理費,,,,2026-07-04T19:56:50+08:00,2026-07-20T13:59:46+08:00,2026-08-03T19:56:50+08:00,"[""https://i1.28hse.com/2026/07/202607201359315905073_large.jpg"", ""https://i1.28hse.com/2026/07/202607201359355282772_large.jpg"", ""https://i1.28hse.com/2026/07/202607201359378458459_large.jpg"", ""https://i1.28hse.com/2026/07/202607201359391614370_large.jpg"", ""https://i1.28hse.com/estate_data/113/4575/FLOOR/4575_20250527130316875986_thumb.jpg"", ""https://i1.28hse.com/estate_data/113/4575/UNIT/4575_20250527130454942475_thumb.jpg""]"
3957167,實用兩房，雅裝企理，歡迎查詢,荃灣,翠濤閣,17000,477,2,,低層,,44,利嘉閣地產有限公司,https://i1.28hse.com/2026/08/202608021944338367243_thumb.jpg,https://www.28hse.com/rent/apartment/property-3957167,2026-08-02T21:33:05.478720+00:00,2026-08-02T21:39:38.943346+00:00,翠濤閣,545,新界荃灣翠濤閣 青山公路荃灣段644-654號,環境清幽，屋苑穿梭巴士往返地鐵站,22.370667000000005,114.09846499999999,差餉地租､管理費,,,,2026-08-02T19:44:35+08:00,2026-08-02T19:44:35+08:00,2026-09-01T19:44:35+08:00,"[""https://i1.28hse.com/2026/08/202608021944331669010_large.jpg"", ""https://i1.28hse.com/2026/08/202608021944343570508_large.jpg"", ""https://i1.28hse.com/2026/08/202608021944345515385_large.jpg"", ""https://i1.28hse.com/2026/08/20260802194434546258_large.jpg""]"
3956721,企理靚裝,荃灣,荃威花園,14500,477,2,,高層,,48,美聯物業,https://i1.28hse.com/2026/08/202608021622113055086_thumb.jpg,https://www.28hse.com/rent/apartment/property-3956721,2026-08-02T21:33:05.478720+00:00,2026-08-02T21:39:39.544131+00:00,荃威花園,543,新界荃灣荃威花園 荃景圍187-195號,高層開揚,22.378319,114.103615,差餉地租､管理費,,,,2026-08-02T16:22:23+08:00,2026-08-02T16:22:23+08:00,2026-09-01T16:22:23+08:00,"[""https://i1.28hse.com/2026/08/202608021622112725328_large.jpg"", ""https://i1.28hse.com/2026/08/202608021622111282989_large.jpg"", ""https://i1.28hse.com/2026/08/202608021622124112162_large.jpg"", ""https://i1.28hse.com/2026/08/202608021622122692794_large.jpg"", ""https://i1.28hse.com/2026/08/202608021622132680693_large.jpg"", ""https://i1.28hse.com/estate_data/113/4575/FLOOR/4575_20250527130312886443_thumb.jpg"", ""https://i1.28hse.com/estate_data/113/4575/UNIT/4575_20250527130432452967_thumb.jpg""]"
354047,業主免佣！荃灣區最平最新豪裝三房！,大窩口,,13000,400,3,,低層,,,,https://i1.28hse.com/2021/04/202104121125073947116_thumb.jpg,https://www.28hse.com/rent/apartment/property-354047,2026-08-02T21:33:05.478720+00:00,2026-08-02T21:39:40.155091+00:00,德泰大廈 Detai Building,500,新界大窩口德泰大廈 荃灣德士古道,三分鐘直達大窝口地鐵站 ! 巴士小巴齐全，交通便利，二十分鐘直達油尖旺及中環！鄰近中小學，富榮商場，熊猫酒店，民生小鋪居多，生活購物便利！全屋冷氣及厨房設備齊全，洗手間寬落及通好煤氣，24小時管理員值班，差晌管理費用全包。歡迎留言留下聯繫資料，或者微信我（WECHAT ID：yimfanau），與我親自洽談省下佣金！,,,差餉地租､管理費,,,,2026-08-01T19:51:39+08:00,2026-08-01T19:55:29+08:00,2026-08-31T19:51:39+08:00,"[""https://i1.28hse.com/2021/04/202104121125074235910_large.jpg"", ""https://i1.28hse.com/2021/04/202104121125077196817_large.jpg"", ""https://i1.28hse.com/2021/04/202104121125077736177_large.jpg"", ""https://i1.28hse.com/2021/04/20210412112507897031_large.jpg"", ""https://i1.28hse.com/2021/04/202104121125084904240_large.jpg"", ""https://i1.28hse.com/2021/04/202104121125085044999_large.jpg"", ""https://i1.28hse.com/2021/04/202104121125087343855_large.jpg"", ""https://i1.28hse.com/2021/04/202104121125085630664_large.jpg"", ""https://i1.28hse.com/2021/04/202104121125081007592_large.jpg"", ""https://i1.28hse.com/2021/04/202104121125083620178_large.jpg"", ""https://i1.28hse.com/2021/04/202104121125095747852_large.jpg"", ""https://i1.28hse.com/2021/04/202104121125093435303_large.jpg"", ""https://i1.28hse.com/2021/04/202104121125094576496_large.jpg""]"
1599602,有匙引看、三房一廳,荃灣,荃樂大廈,15000,406,3,1,高層,梗廚,53,天祥置業代理有限公司,https://i1.28hse.com/2026/08/202608020900083454433_thumb.jpg,https://www.28hse.com/rent/apartment/property-1599602,2026-08-02T21:33:05.478720+00:00,2026-08-02T21:39:40.948414+00:00,荃樂大廈,,新界荃灣荃樂大廈 荃樂街1-17號,"近：地鐵
另外：有靚套房，交通方便、鄰近大型商場、街市、公園、巴士站、小巴站、
另有租盤
另有大量套房、歡迎來電約睇
天祥置業代理有限公司
Bonnie 楊小姐 
歡迎 客人 來電查詢
歡迎 業主 放盤支持
歡迎 好友 行家合作",22.369612,114.120377,差餉地租､管理費,,,,2026-08-01T17:43:28+08:00,2026-08-02T09:01:54+08:00,2026-08-31T17:43:28+08:00,"[""https://i1.28hse.com/2026/08/202608020900104111737_large.jpg"", ""https://i1.28hse.com/2026/08/202608020900128491080_large.jpg"", ""https://i1.28hse.com/2026/08/202608020900142834790_large.jpg"", ""https://i1.28hse.com/2026/08/202608020900163549548_large.jpg"", ""https://i1.28hse.com/2026/08/202608020900182659767_large.jpg"", ""https://i1.28hse.com/2026/08/202608020900204128986_large.jpg"", ""https://i1.28hse.com/2026/08/202608020900211086834_large.jpg"", ""https://i1.28hse.com/2026/08/202608020900235463410_large.jpg"", ""https://i1.28hse.com/2026/08/202608020900248740109_large.jpg"", ""https://i1.28hse.com/2026/08/202608020900276696759_large.jpg"", ""https://i1.28hse.com/2026/08/202608020900291475749_large.jpg"", ""https://i1.28hse.com/2026/08/202608020900316657794_large.jpg"", ""https://i1.28hse.com/2026/08/202608020900338182853_large.jpg"", ""https://i1.28hse.com/2026/08/202608020900364147594_large.jpg"", ""https://i1.28hse.com/2026/08/202608020900376602220_large.jpg"", ""https://i1.28hse.com/2026/08/202608020900397531919_large.jpg"", ""https://i1.28hse.com/2026/08/202608020900411738170_large.jpg""]"
2361041,獨家~罕有開揚實盤企理兩房,荃灣,康睦庭園,17000,465,2,1,高層,梗廚,23,環宇物業,https://i1.28hse.com/2026/08/202608011500223528186_thumb.jpg,https://www.28hse.com/rent/apartment/property-2361041,2026-08-02T21:33:05.478720+00:00,2026-08-02T21:39:41.560790+00:00,康睦庭園,,新界荃灣康睦庭園 聯仁街28號,"獨家盤,實盤企理兩房
https://upa88.com/",22.367735,114.11734,差餉地租､管理費,明火煮食,,,2026-08-01T14:40:45+08:00,2026-08-01T15:00:51+08:00,2026-08-31T14:40:45+08:00,"[""https://i1.28hse.com/2026/08/202608011500264004268_large.jpg"", ""https://i1.28hse.com/2026/08/202608011500188110858_large.jpg"", ""https://i1.28hse.com/2026/08/202608011500224003364_large.jpg"", ""https://i1.28hse.com/2026/08/202608011500232820098_large.jpg"", ""https://i1.28hse.com/2026/08/202608011500195915692_large.jpg"", ""https://i1.28hse.com/2026/08/202608011500186929747_large.jpg"", ""https://i1.28hse.com/2026/08/202608011500201083500_large.jpg"", ""https://i1.28hse.com/2026/08/20260801150022699103_large.jpg"", ""https://i1.28hse.com/2026/08/202608011500242665312_large.jpg"", ""https://i1.28hse.com/2026/08/202608011500248629644_large.jpg"", ""https://i1.28hse.com/2026/08/202608011500242153522_large.jpg"", ""https://i1.28hse.com/2026/08/202608011500254412895_large.jpg"", ""https://i1.28hse.com/2026/08/202608011500256384994_large.jpg"", ""https://i1.28hse.com/2026/08/20260801150025632695_large.jpg"", ""https://i1.28hse.com/2026/08/202608011500257736376_large.jpg"", ""https://i1.28hse.com/2026/08/202608011500263476127_large.jpg"", ""https://i1.28hse.com/2026/08/202608011500267047527_large.jpg"", ""https://i1.28hse.com/2026/08/202608011500261284683_large.jpg"", ""https://i1.28hse.com/2026/08/202608011500275109325_large.jpg""]"
3954476,即約即睇 獨家盤,荃灣,荃威花園,13500,536,2,1,中層,,48,美聯物業,https://i1.28hse.com/2026/08/202608030230455828243_thumb.jpg,https://www.28hse.com/rent/apartment/property-3954476,2026-08-02T21:33:05.478720+00:00,2026-08-02T21:39:42.160638+00:00,荃威花園,610,新界荃灣荃威花園 荃景圍187-195號,"主營荃灣不同精美筍盤推介ʚɞ
♪另有港九·離島各區「業主」盤源
♪各大熱門屋苑，一手樓放盤和單幢式洋樓
♪參觀會所設施
♪精選樓盤 實時更新 
♪樓價走勢 結合環球走勢 
♪歡迎同業合作 資源共享
♪誠邀業主委托 以貨換貨
♪KOL跟拍 網上銷售
♪360°虛擬實景VR拍攝
♪即時估價 迅速回覆 
♪一站式服務 全程跟進
♪壓力測試諮詢 按揭預批 
♪法律意見諮詢
♪全爆裝修 免費轉介
♪物業交收手續 全程跟進
♪專業驗樓服務，提供專業驗樓儀器，包括屋宇署專用儀器測滲水漏水
♪租務查詢
♪買得安心，住得放心
外部資訊
Youtube Channel 
https://youtu.be/Or0_fdO0kss?si=dtow_mJUo6QQjSQh
Instagram Threads
荃灣第一間美聯 歷史悠久 信心保證
荃灣 - 荃灣站分行
新界荃灣青山公路264-298號南豐中心1樓A032-A033舖
Felix Ho 何生，精通不同語言，流利英文和普通話，簡單法文/俄文；熟悉環球股市現況，包括日經，美股和恒指，政商界人脈廣泛，另有不同生意伙伴，一定幫到你手♬",22.378319,114.103615,差餉地租､管理費,,,,2026-08-01T02:32:18+08:00,2026-08-03T02:30:51+08:00,2026-08-31T02:32:18+08:00,"[""https://i1.28hse.com/estate_data/113/4575/FLOOR/4575_20250527130312886443_thumb.jpg"", ""https://i1.28hse.com/estate_data/113/4575/UNIT/4575_20250527130433525471_thumb.jpg""]"
3953767,即約即睇 最新委托,荃灣,翠豐臺,16500,455,2,1,中層,,23,美聯物業,https://i1.28hse.com/2026/07/202607311653145953121_thumb.jpg,https://www.28hse.com/rent/apartment/property-3953767,2026-08-02T21:33:05.478720+00:00,2026-08-02T21:39:43.385231+00:00,翠豐臺,619,新界荃灣翠豐臺 安育路2號,"主營荃灣不同精美筍盤推介ʚɞ
♪另有港九·離島各區「業主」盤源
♪各大熱門屋苑，一手樓放盤和單幢式洋樓
♪參觀會所設施
♪精選樓盤 實時更新 
♪樓價走勢 結合環球走勢 
♪歡迎同業合作 資源共享
♪誠邀業主委托 以貨換貨
♪KOL跟拍 網上銷售
♪360°虛擬實景VR拍攝
♪即時估價 迅速回覆 
♪一站式服務 全程跟進
♪壓力測試諮詢 按揭預批 
♪法律意見諮詢
♪全爆裝修 免費轉介
♪物業交收手續 全程跟進
♪專業驗樓服務，提供專業驗樓儀器，包括屋宇署專用儀器測滲水漏水
♪租務查詢
♪買得安心，住得放心
外部資訊
Youtube Channel 
https://youtu.be/Or0_fdO0kss?si=dtow_mJUo6QQjSQh
Instagram Threads
荃灣第一間美聯 歷史悠久 信心保證
荃灣 - 荃灣站分行
新界荃灣青山公路264-298號南豐中心1樓A032-A033舖
Felix Ho 何生，精通不同語言，流利英文和普通話，簡單法文/俄文；熟悉環球股市現況，包括日經，美股和恒指，政商界人脈廣泛，另有不同生意伙伴，一定幫到你手♬",22.375858,114.10611,差餉地租､管理費,,,,2026-07-31T16:53:39+08:00,2026-08-03T02:45:24+08:00,2026-08-30T16:53:39+08:00,[]
3943529,[日訊物業好多盤] 新盤二房荀租 實用企理 等你約睇,荃灣,海濱花園,16000,450,2,1,中層,,33,日訊物業代理有限公司,https://i1.28hse.com/2026/07/202607231628184911172_thumb.jpg,https://www.28hse.com/rent/apartment/property-3943529,2026-08-02T21:33:05.478720+00:00,2026-08-02T21:39:43.978697+00:00,海濱花園,562,新界荃灣海濱花園 怡樂街2-12號,"實用率高 設有巴士總站 鄰近荃灣西鐵站
有村巴直到中環銅鑼灣灣仔金鐘觀塘",22.362907,114.114365,,,,,2026-07-23T16:31:05+08:00,2026-07-31T16:06:58+08:00,2026-08-22T16:31:05+08:00,"[""https://i1.28hse.com/2026/07/202607231628317509955_large.jpg"", ""https://i1.28hse.com/estate_data/113/4578/FLOOR/4578_20231121014832469196_thumb.jpg"", ""https://i1.28hse.com/estate_data/113/4578/UNIT/4578_20231121015102958919_thumb.jpg""]"
3953121,大型屋苑的大主人套房連獨自浴室出租,荃灣,愉景新城,7000,682,1,1,低層,梗廚,29,,https://i1.28hse.com/2026/07/20260731105657129891_thumb.jpg,https://www.28hse.com/rent/apartment/property-3953121,2026-08-02T21:33:05.478720+00:00,2026-08-02T21:39:44.644230+00:00,愉景新城,848,新界荃灣愉景新城 青山公路荃灣段398號,"把自住單位的大主人房出租, 有獨自浴室連浴缸, 130平方英尺, 大窗台, 連大床和衣櫃, 清雅裝修. 可共用廚房. 大型屋苑管理完善, 有會所, 泳池, 大型商場, 巴士總站, 冷氣行人天橋直到荃灣港鐵站, 無懼風雨. 免佣, 包水電, 平租只求好租客(不抽煙). 一年起租，可以月付. 有興趣請語音聯絡潘先生  (請用語音通話).",22.376377,114.111252,差餉地租､管理費 / 水電 / 煤氣,明火煮食,,,2026-07-31T11:12:22+08:00,2026-07-31T11:12:22+08:00,2026-08-30T11:12:22+08:00,"[""https://i1.28hse.com/2026/07/202607311056578797709_large.jpg"", ""https://i1.28hse.com/2026/07/202607311056573138861_large.jpg"", ""https://i1.28hse.com/2026/07/20260731105658935671_large.jpg"", ""https://i1.28hse.com/2026/07/202607311056587592908_large.jpg"", ""https://i1.28hse.com/2026/07/20260731105658153471_large.jpg"", ""https://i1.28hse.com/estate_data/113/4573/FLOOR/4573_20231121014230375299_thumb.jpg"", ""https://i1.28hse.com/estate_data/113/4573/UNIT/4573_20231121014401966219_thumb.jpg""]"
3948944,《全權獨家代理》兩房一廳 清幽內園,荃灣,麗城花園,16000,481,2,1,低層,,39,家樂置業(麗城花園),https://i1.28hse.com/2026/07/202607272003192525322_thumb.jpg,https://www.28hse.com/rent/apartment/property-3948944,2026-08-02T21:33:05.478720+00:00,2026-08-02T21:39:45.293029+00:00,麗城花園 第一期,592,新界荃灣麗城花園第一期 青山公路荃灣段530-590號,"全權獨家代理
實481呎 兩房一廁
低層內園
清幽寧靜
歡迎約睇",22.370794,114.100143,差餉地租､管理費,,,,2026-07-27T20:03:40+08:00,2026-07-27T20:03:40+08:00,2026-08-26T20:03:40+08:00,"[""https://i1.28hse.com/2026/07/202607272003208766767_large.jpg"", ""https://i1.28hse.com/2026/07/20260727200322244185_large.jpg"", ""https://i1.28hse.com/2026/07/202607272003237125463_large.jpg"", ""https://i1.28hse.com/2026/07/202607272003256138619_large.jpg"", ""https://i1.28hse.com/2026/07/202607272003267059905_large.jpg"", ""https://i1.28hse.com/2026/07/202607272003282480849_large.jpg"", ""https://i1.28hse.com/2026/07/20260727200329591915_large.jpg""]"
3947565,『荃威最靚兩房』『拎包入住 價錢可議』『歡迎查詢即約即睇』,荃灣,荃威花園,14800,480,2,1,高層,,48,美聯物業代理有限公司,https://i1.28hse.com/2026/07/20260726184040665833_thumb.jpg,https://www.28hse.com/rent/apartment/property-3947565,2026-08-02T21:33:05.478720+00:00,2026-08-02T21:39:45.954665+00:00,荃威花園,546,新界荃灣荃威花園 荃景圍187-195號,"平租, 只求好租客, 價錢可議",22.378319,114.103615,差餉地租､管理費,,,,2026-07-26T18:42:09+08:00,2026-07-26T18:42:09+08:00,2026-08-25T18:42:09+08:00,"[""https://i1.28hse.com/2026/07/202607261840538641782_large.jpg"", ""https://i1.28hse.com/2026/07/202607261840456403255_large.jpg"", ""https://i1.28hse.com/2026/07/202607261840495174399_large.jpg"", ""https://i1.28hse.com/2026/07/202607261840565320175_large.jpg"", ""https://i1.28hse.com/estate_data/113/4575/FLOOR/4575_20250527130314148619_thumb.jpg"", ""https://i1.28hse.com/estate_data/113/4575/UNIT/4575_20250527130441335189_thumb.jpg""]"
3946492,家興大廈［田邦置業］實用439呎 兩房 景觀開揚 企理裝修,荃灣,家興大廈,15000,439,2,1,中層,梗廚,37,田邦置業有限公司,https://i1.28hse.com/2026/07/20260725171813172059_thumb.jpg,https://www.28hse.com/rent/apartment/property-3946492,2026-08-02T21:33:05.478720+00:00,2026-08-02T21:39:46.618079+00:00,家興大廈,547,新界荃灣家興大廈 荃景圍202號,"租租租 荃灣家興大廈 田邦置業
實用439呎 兩房
景觀開揚
企理裝修
#樓盤編號F023282 樓盤編號F023282
田邦置業 No.C-091229
️歡迎致電
直接WhatsApp查詢
---------------------------------------
FieldState Property
公司網站www.fieldstate.com.hk
網上放盤http://www.fieldstate.com.hk/listprop.php
Facebook專頁 http://fb.me/FieldState
IG-Instagram https://www.instagram.com/FieldState
公司地址：荃灣 國瑞路 河背村 33號 地下 (大窩口地鐵站A出口）
公司地址：荃灣 荃威花園一期 3A 地鋪（荃威巴士總站旁邊）
請比Like 追蹤 鑽我們FaceBook專頁，會有更多荃葵青樓盤資訊
#田邦置業 #國瑞路 #河背村 #關門口村 #荃葵青 #居屋 #木棉下村 #大王下村 #青衣墟 #楓樹窩村 #藍田村 #鹽田角村 #涌美村 #白田霸村 #海壩村南台 #芙蓉山新村 #三棟屋村 #海壩村 #老圍村 #油麻磡村 #和宜合村 #油柑頭村 #汀九村 #昇柏山 #縉庭山 #荃灣村屋 #青衣村屋 #葵涌村屋",22.37665,114.105934,差餉地租､管理費,,,,2026-07-25T17:18:31+08:00,2026-07-25T17:18:31+08:00,2026-08-24T17:18:31+08:00,"[""https://i1.28hse.com/2026/07/202607251718148193317_large.jpg"", ""https://i1.28hse.com/2026/07/202607251718156282206_large.jpg"", ""https://i1.28hse.com/2026/07/202607251718167820864_large.jpg"", ""https://i1.28hse.com/2026/07/202607251718178903371_large.jpg"", ""https://i1.28hse.com/2026/07/202607251718188951175_large.jpg"", ""https://i1.28hse.com/2026/07/202607251718208052448_large.jpg"", ""https://i1.28hse.com/2026/07/202607251718211978859_large.jpg"", ""https://i1.28hse.com/2026/07/202607251718222932449_large.jpg"", ""https://i1.28hse.com/2026/07/202607251718245623931_large.jpg"", ""https://i1.28hse.com/2026/07/202607251718251822975_large.jpg""]"
3902925,眾安街85號 [業主盤] 新裝修單位出租,荃灣,眾安街85號,9900,500,2,1,,,,,https://i1.28hse.com/2026/08/202608030326046119615_thumb.jpg,https://www.28hse.com/rent/apartment/property-3902925,2026-08-02T21:33:05.478720+00:00,2026-08-02T21:39:47.248230+00:00,眾安街85號,,新界荃灣眾安街85號 眾安街85號,"新裝修
交通方便, 鄰近荃灣西站
價錢可議
另外有影片分享，歡迎联络鍾太
(現有租客19/9搬走)",22.369143,114.116249,差餉地租､管理費,,,,2026-07-25T17:09:47+08:00,2026-08-03T03:27:49+08:00,2026-08-24T17:09:47+08:00,"[""https://i1.28hse.com/2026/08/202608030326041507194_large.jpg"", ""https://i1.28hse.com/2026/08/202608030326058928691_large.jpg"", ""https://i1.28hse.com/2026/08/202608030326067716715_large.jpg""]"
3921724,[富裕地產匙盤精選] ● 有匙即睇 ● 2房 ● 房大廳大●相熟業主,荃灣,荃灣中心,13000,425,2,,高層,,46,富裕地產荃中第一分行,https://i1.28hse.com/2026/07/202607141811434718935_thumb.jpg,https://www.28hse.com/rent/apartment/property-3921724,2026-08-02T21:33:05.478720+00:00,2026-08-02T21:39:47.891250+00:00,荃灣中心,531,新界荃灣荃灣中心 荃景圍102號,"● 即租可即住
●光猛
●鎖匙盤隨即可睇
● 歡迎WHATSAPP聯繫
---------------------------------------------------------
富裕樓盤編號:A017037
>>富裕地產一區四行,盤足客多,尚有更多實盤介紹
>>歡迎登入:www.weonline.com.hk
***本行所登樓盤全部屬實,為方便客戶查詢,即時解答,煩請述明樓盤編號***",22.378981,114.10817,差餉地租､管理費,,,,2026-07-07T13:42:12+08:00,2026-07-30T18:00:15+08:00,2026-08-06T13:42:12+08:00,"[""https://i1.28hse.com/2026/07/202607141811451685293_large.jpg"", ""https://i1.28hse.com/2026/07/202607141811443033656_large.jpg"", ""https://i1.28hse.com/2026/07/202607141812001828091_large.jpg"", ""https://i1.28hse.com/2026/07/202607141811437394321_large.jpg"", ""https://i1.28hse.com/2026/07/202607141811447776008_large.jpg"", ""https://i1.28hse.com/estate_data/113/4571/FLOOR/4571_20250527151506815192_thumb.jpg"", ""https://i1.28hse.com/estate_data/113/4571/UNIT/4571_20250527151614187993_thumb.jpg""]"
3921802,[富裕地產傢電齊推介] 2房即住● 有床柜 ● 高層開揚 ● 有雪洗,荃灣,荃景花園,16000,408,2,,中層,,,富裕地產荃中第一分行,https://i1.28hse.com/2026/07/202607071416424742306_thumb.jpg,https://www.28hse.com/rent/apartment/property-3921802,2026-08-02T21:33:05.478720+00:00,2026-08-02T21:39:48.512030+00:00,荃景花園,503,新界荃灣荃景花園 荃景圍85號,"● 即租可即住
● 2房 
●兩房寬敞闊落廳方正
●多窗光猛
● 歡迎WHATSAPP聯繫
---------------------------------------------------------
富裕樓盤編號:A014759
>>富裕地產一區四行,盤足客多,尚有更多實盤介紹
>>歡迎登入:www.weonline.com.hk
***本行所登樓盤全部屬實,為方便客戶查詢,即時解答,煩請述明樓盤編號***",22.378448,114.110085,差餉地租､管理費,,,,2026-07-07T14:17:09+08:00,2026-07-30T17:59:23+08:00,2026-08-06T14:17:09+08:00,"[""https://i1.28hse.com/2026/07/202607071416428244900_large.jpg"", ""https://i1.28hse.com/2026/07/202607071416427090339_large.jpg"", ""https://i1.28hse.com/2026/07/202607071416433213727_large.jpg"", ""https://i1.28hse.com/2026/07/202607071416495866505_large.jpg"", ""https://i1.28hse.com/2026/07/20260707141658803701_large.jpg""]"
3940201,廳大 房大 開揚,荃灣,荃威花園,16000,533,2,1,高層,梗廚,48,中華置業,https://i1.28hse.com/2026/07/202607271943378119117_thumb.jpg,https://www.28hse.com/rent/apartment/property-3940201,2026-08-02T21:33:05.478720+00:00,2026-08-02T21:39:49.122831+00:00,荃威花園,607,新界荃灣荃威花園 荃景圍187-195號,"開揚, 開揚清爽, 間隔四正",22.378319,114.10361499999999,差餉地租､管理費,,,,2026-07-21T06:57:35+08:00,2026-07-27T19:52:03+08:00,2026-08-20T06:57:35+08:00,"[""https://i1.28hse.com/2026/07/202607271943371765609_large.jpg"", ""https://i1.28hse.com/2026/07/202607271943384718503_large.jpg"", ""https://i1.28hse.com/2026/07/202607271943385658456_large.jpg"", ""https://i1.28hse.com/2026/07/202607271943396828266_large.jpg"", ""https://i1.28hse.com/2026/07/202607271943392001761_large.jpg"", ""https://i1.28hse.com/2026/07/202607271943402452738_large.jpg"", ""https://i1.28hse.com/2026/07/202607271943402246691_large.jpg"", ""https://i1.28hse.com/2026/07/202607271943411287050_large.jpg"", ""https://i1.28hse.com/2026/07/202607271943415299189_large.jpg"", ""https://i1.28hse.com/estate_data/113/4575/FLOOR/4575_20250527130314148619_thumb.jpg"", ""https://i1.28hse.com/estate_data/113/4575/UNIT/4575_20250527130442871985_thumb.jpg""]"
3789449,"3房1廳,有電梯,近地鐵站(真實盤)",荃灣,荃樂大廈,14800,406,3,1,高層,,53,荃富物業代理有限公司,https://i1.28hse.com/2026/08/202608021551198071260_thumb.jpg,https://www.28hse.com/rent/apartment/property-3789449,2026-08-02T21:33:05.478720+00:00,2026-08-02T21:39:49.706558+00:00,荃樂大廈,425,新界荃灣荃樂大廈 荃樂街1-17號,請電:葉小姐,22.369612,114.120377,差餉地租､管理費,,,,2026-07-07T21:37:41+08:00,2026-08-02T15:59:02+08:00,2026-08-06T21:37:41+08:00,"[""https://i1.28hse.com/2026/08/202608021558366601524_large.jpg"", ""https://i1.28hse.com/2026/08/20260802155204351483_large.jpg"", ""https://i1.28hse.com/2026/08/202608021552342001113_large.jpg"", ""https://i1.28hse.com/2026/08/202608021558434170038_large.jpg"", ""https://i1.28hse.com/2026/08/202608021553058206383_large.jpg"", ""https://i1.28hse.com/2026/08/202608021553118487700_large.jpg""]"
3943217,荃灣市中心．高層靚裝2房｜實用至上 租盤推介️,荃灣,荃景花園,13800,408,2,1,高層,,39,美聯物業,https://i1.28hse.com/2026/07/202607231418466556397_thumb.jpg,https://www.28hse.com/rent/apartment/property-3943217,2026-08-02T21:33:05.478720+00:00,2026-08-02T21:39:50.314445+00:00,荃景花園,523,新界荃灣荃景花園 荃景圍85號,"- 地址:荃景花園1期02座高層G室，位處荃灣市中心，生活機能完善，出入方便。
- 實用面積:408呎，空間實用，間隔四正。
- ️ 間隔:2房1廳1浴室，適合小家庭、情侶、專業人士或追求獨立生活空間的租客。
- 租金:HK$13,800，配合同屋苑同類放盤比較，屬具競爭力租盤。
- 景觀:高層單位，視野較開揚，居住感更舒適。
- ️ 樓齡:39.6年，屋苑管理成熟，配套穩定。
- 校網:屬小學62校網,方便有學童家庭安排。
- 屋苑設施:設有基座商場,日常採購、餐飲及生活所需一應俱全。
- 港鐵站距離:步行往港鐵約12分鐘，連接荃灣核心交通網絡。
- ️ 鄰近商場/景點:步行約10分鐘到愉景新城,約8分鐘到**荃景圍室外停車場,約6分鐘到荃景圍遊樂場及休憩花園,約9分鐘到**香港港安醫院—荃灣。
- 租務優勢:同屋苑同間隔放盤平均呎租更高，現盤可做到約10.53%租金優勢,性價比突出。
- 適合住客:特別適合重視交通、配套及實用空間的上班族、小家庭及換租客。
立即把握機會，優質荃灣市中心租盤，手快有手慢無！**",22.378448,114.110085,差餉地租､管理費,,,,2026-07-23T14:19:26+08:00,2026-07-23T14:19:26+08:00,2026-08-22T14:19:26+08:00,"[""https://i1.28hse.com/2026/07/202607231418474482442_large.jpg"", ""https://i1.28hse.com/2026/07/202607231418487102819_large.jpg"", ""https://i1.28hse.com/2026/07/202607231418503016023_large.jpg"", ""https://i1.28hse.com/2026/07/20260723141851857493_large.jpg"", ""https://i1.28hse.com/2026/07/202607231418575725917_large.jpg"", ""https://i1.28hse.com/estate_data/113/4574/FLOOR/4574_20231121014540233787_thumb.jpg"", ""https://i1.28hse.com/estate_data/113/4574/UNIT/4574_20240104161138567427_thumb.jpg""]"
3942630,無敵兩大房大廳 筍爆 有匙即看,荃灣,荃威花園,14200,477,2,1,低層,,48,盛業地產代理有限公司,https://i1.28hse.com/2026/07/202607222018127032780_thumb.jpg,https://www.28hse.com/rent/apartment/property-3942630,2026-08-02T21:33:05.478720+00:00,2026-08-02T21:39:50.946065+00:00,荃威花園,543,新界荃灣荃威花園 荃景圍187-195號,"平租, 只求好租客, 價錢可議, 間隔四正, 實用率高, 連綿山景",22.378319,114.103615,差餉地租､管理費,,,,2026-07-22T20:20:02+08:00,2026-07-26T15:49:13+08:00,2026-08-21T20:20:02+08:00,"[""https://i1.28hse.com/2026/07/202607222018146320625_large.jpg"", ""https://i1.28hse.com/2026/07/202607222018188612938_large.jpg"", ""https://i1.28hse.com/2026/07/202607222018295102594_large.jpg"", ""https://i1.28hse.com/2026/07/202607222018323901155_large.jpg"", ""https://i1.28hse.com/2026/07/202607222018357098386_large.jpg"", ""https://i1.28hse.com/2026/07/20260722201944402206_large.jpg""]"
3942624,【筍】※獨家※靚裝兩房 四正好用 翠綠山景 歡迎約睇,荃灣,荃威花園,15500,480,2,1,,梗廚,48,金國置業,https://i1.28hse.com/2026/07/202607222013156156148_thumb.jpg,https://www.28hse.com/rent/apartment/property-3942624,2026-08-02T21:33:05.478720+00:00,2026-08-02T21:39:51.600234+00:00,荃威花園,545,新界荃灣荃威花園 荃景圍187-195號,"【荃威花園】 
荃灣人氣屋苑，環境寧靜舒適，翠綠山景環抱，生活配套齊全，交通方便。
### 【放租】 
低層兩房上車靚盤出租，實用約 480 呎，月租 **$15,500**，入場門檻低，適合自住或情侶小家庭。
### 【間隔及裝修】 
兩房一廳，間隔方正，全屋木地板，房廳實用易擺位。 
廚房採用高質 Corian 人造石檯面，耐用易打理，整體保養良好，即租即住，無需再裝修。
### 【景觀】 
望翠綠山景，視野開揚，空氣清新，是鬧市外少有的恬靜綠化居所。
### 【電器及設備】 
兩房均配 Panasonic 窗口冷氣機，客廳為變頻分體式冷氣，慳電舒適。 
設 LG 洗烘二合一機，方便日常家務。 
浴室配天花浴室寶及窗門抽氣扇，通風良好、保持乾爽，即租即住非常方便。
———————————————————————————— 
歡迎致電或 WhatsApp 查詢： 
六二三一 三六八八 Alfred 劉生",22.378319,114.103615,差餉地租､管理費,明火煮食,,,2026-07-22T20:13:20+08:00,2026-07-22T20:16:38+08:00,2026-08-21T20:13:20+08:00,"[""https://i1.28hse.com/2026/07/202607222013158974586_large.jpg"", ""https://i1.28hse.com/2026/07/202607222013162138516_large.jpg"", ""https://i1.28hse.com/2026/07/202607222013165047924_large.jpg"", ""https://i1.28hse.com/2026/07/202607222013166127667_large.jpg"", ""https://i1.28hse.com/2026/07/202607222013175695310_large.jpg"", ""https://i1.28hse.com/2026/07/202607222013174969086_large.jpg"", ""https://i1.28hse.com/2026/07/202607222013184751155_large.jpg"", ""https://i1.28hse.com/2026/07/202607222013181774258_large.jpg"", ""https://i1.28hse.com/2026/07/202607222013185794056_large.jpg"", ""https://i1.28hse.com/2026/07/202607222013193135035_large.jpg"", ""https://i1.28hse.com/2026/07/202607222013194554765_large.jpg"", ""https://i1.28hse.com/2026/07/202607222013208879377_large.jpg"", ""https://i1.28hse.com/estate_data/113/4575/FLOOR/4575_20250527130312925944_thumb.jpg"", ""https://i1.28hse.com/estate_data/113/4575/UNIT/4575_20250527130423964239_thumb.jpg""]"
3941104,2房2廳近地鐵站(真實盤),荃灣,東亞花園,15800,460,2,1,中層,,45,荃富物業代理有限公司,https://i1.28hse.com/2026/07/20260724131719232434_thumb.jpg,https://www.28hse.com/rent/apartment/property-3941104,2026-08-02T21:33:05.478720+00:00,2026-08-02T21:39:52.245755+00:00,東亞花園,620,新界荃灣東亞花園 荃榮街2號,請電:葉小姐,22.368248,114.121872,差餉地租､管理費,,,,2026-07-21T18:10:09+08:00,2026-08-01T19:01:50+08:00,2026-08-20T18:10:09+08:00,"[""https://i1.28hse.com/2026/07/20260724131724757057_large.jpg"", ""https://i1.28hse.com/2026/07/202607241317304494197_large.jpg"", ""https://i1.28hse.com/2026/07/202607241317393978575_large.jpg"", ""https://i1.28hse.com/2026/07/202607241317425728900_large.jpg"", ""https://i1.28hse.com/2026/07/202607241317495254860_large.jpg""]"
3939699,原裝間隔一房一大廳,荃灣,爵悅庭,16800,464,1,1,中層,,21,好景地產置業有限公司,https://i1.28hse.com/2026/07/202607201629242526580_thumb.jpg,https://www.28hse.com/rent/apartment/property-3939699,2026-08-02T21:33:05.478720+00:00,2026-08-02T21:39:52.873417+00:00,爵悅庭,643,新界荃灣爵悅庭 楊屋道90-114號,歡迎查詢,22.366886,114.117111,差餉地租､管理費,,,,2026-07-20T16:29:53+08:00,2026-07-20T16:29:53+08:00,2026-08-19T16:29:53+08:00,"[""https://i1.28hse.com/2026/07/202607201629236851286_large.jpg"", ""https://i1.28hse.com/2026/07/202607201629247077714_large.jpg"", ""https://i1.28hse.com/2026/07/202607201629242077046_large.jpg"", ""https://i1.28hse.com/2026/07/2026072016292440311_large.jpg"", ""https://i1.28hse.com/estate_data/113/4570/FLOOR/4570_20231121013820349922_thumb.jpg"", ""https://i1.28hse.com/estate_data/113/4570/UNIT/4570_20231121014130752151_thumb.jpg""]"
3938130,景觀開揚，設備齊全，交通方便。,荃灣,家興大廈,15000,439,2,1,中層,梗廚,37,,https://i1.28hse.com/2026/07/202607191719258519557_thumb.jpg,https://www.28hse.com/rent/apartment/property-3938130,2026-08-02T21:33:05.478720+00:00,2026-08-02T21:39:54.261232+00:00,家興大廈,547,新界荃灣家興大廈 荃景圍202號,景觀開揚，設備齊全，交通方便。,22.37665,114.105934,差餉地租､管理費,明火煮食,,,2026-07-20T12:26:06+08:00,2026-07-20T12:26:06+08:00,2026-08-19T12:26:06+08:00,"[""https://i1.28hse.com/estate_data/113/4596/FLOOR/4596_20250527120500758429_thumb.jpg"", ""https://i1.28hse.com/estate_data/113/4596/UNIT/4596_20250527120507953457_thumb.jpg""]"
3939099,靚裝吉屋 即約即睇 18區,荃灣,麗城花園,16300,470,2,1,高層,,39,美聯物業,https://i1.28hse.com/2026/07/20260719235113891541_thumb.jpg,https://www.28hse.com/rent/apartment/property-3939099,2026-08-02T21:33:05.478720+00:00,2026-08-02T21:39:55.896420+00:00,麗城花園 第一期,582,新界荃灣麗城花園第一期 青山公路荃灣段530-590號,"主營九龍新界港島不同精美筍盤推介ʚɞ
♪另有18區「業主」盤源
♪各大熱門屋苑，一手樓放盤和單幢式洋樓
♪參觀會所設施
♪精選樓盤 實時更新 
♪樓價走勢 結合環球走勢 
♪歡迎同業合作 資源共享
♪誠邀業主委托 以貨換貨
♪KOL跟拍 網上銷售
♪360°虛擬實景VR拍攝
♪即時估價 迅速回覆 
♪一站式服務 全程跟進
♪壓力測試諮詢 按揭預批 
♪法律意見諮詢
♪全爆裝修 免費轉介
♪物業交收手續 全程跟進
♪專業驗樓服務，提供專業驗樓儀器，包括屋宇署專用儀器測滲水漏水
♪租務查詢
♪買得安心，住得放心
外部資訊
Youtube Channel 
https://youtu.be/Or0_fdO0kss?si=dtow_mJUo6QQjSQh
Instagram Threads
荃灣第一間美聯 歷史悠久 信心保證
荃灣 - 荃灣站分行
新界荃灣青山公路264-298號南豐中心1樓A032-A033舖
Felix Ho 何生，精通不同語言，流利英文和普通話，簡單法文/俄文；熟悉環球股市現況，包括日經，美股和恒指，政商界人脈廣泛，另有不同生意伙伴，一定幫到你手♬",22.370794,114.100143,差餉地租､管理費,,,,2026-07-19T23:51:29+08:00,2026-07-19T23:51:29+08:00,2026-08-18T23:51:29+08:00,"[""https://i1.28hse.com/2026/07/20260719235113213188_large.jpg"", ""https://i1.28hse.com/2026/07/202607192351148906495_large.jpg"", ""https://i1.28hse.com/2026/07/202607192351144408086_large.jpg"", ""https://i1.28hse.com/2026/07/202607192351144385022_large.jpg"", ""https://i1.28hse.com/2026/07/202607192351156197733_large.jpg"", ""https://i1.28hse.com/2026/07/202607192351155204662_large.jpg"", ""https://i1.28hse.com/estate_data/113/4581/FLOOR/4581_20231121234648464537_thumb.jpg"", ""https://i1.28hse.com/estate_data/113/4581/UNIT/4581_20231121234839376562_thumb.jpg""]"
3938576,開揚單邊兩房 可養寵物,荃灣,荃威花園,13500,439,2,,中層,,48,高盛物業,https://i1.28hse.com/2026/07/202607191619043138692_thumb.jpg,https://www.28hse.com/rent/apartment/property-3938576,2026-08-02T21:33:05.478720+00:00,2026-08-02T21:39:56.519221+00:00,荃威花園,502,新界荃灣荃威花園 荃景圍187-195號,荃威花園實用率高達88%，區內罕有，特高樓底。 屋苑豎立於荃灣半山，居高臨下，環境清幽。 實用呎價全區最平，堪稱上車天地，寵物天堂。 屋苑設有商場、游泳池、巴士總站。往荃灣港鐵站車程約5分鐘，往荃灣西站約10分鐘,22.378319,114.10361499999999,差餉地租､管理費,,,,2026-07-19T16:18:13+08:00,2026-07-19T16:22:05+08:00,2026-08-18T16:18:13+08:00,"[""https://i1.28hse.com/2026/07/202607191619086268161_large.jpg"", ""https://i1.28hse.com/2026/07/202607191619124375913_large.jpg"", ""https://i1.28hse.com/2026/07/202607191621514979038_large.jpg"", ""https://i1.28hse.com/2026/07/202607191621532559892_large.jpg"", ""https://i1.28hse.com/2026/07/202607191621576067825_large.jpg""]"
3932120,兩房兩大廳 車到門口 有匙即看,荃灣,荃灣中心,13500,425,2,1,低層,,46,盛業地產代理有限公司,https://i1.28hse.com/2026/07/202607221751333452874_thumb.jpg,https://www.28hse.com/rent/apartment/property-3932120,2026-08-02T21:33:05.478720+00:00,2026-08-02T21:39:57.155032+00:00,荃灣中心,531,新界荃灣荃灣中心 荃景圍102號,"平租, 只求好租客, 價錢可議, 間隔四正, 實用率高",22.378981,114.10817,差餉地租､管理費,,,,2026-07-14T18:15:25+08:00,2026-07-22T17:52:14+08:00,2026-08-13T18:15:25+08:00,"[""https://i1.28hse.com/2026/07/202607221751362650220_large.jpg"", ""https://i1.28hse.com/2026/07/202607221751382942370_large.jpg"", ""https://i1.28hse.com/2026/07/202607221751423760659_large.jpg"", ""https://i1.28hse.com/2026/07/202607221751445256388_large.jpg""]"
3837574,東南開揚海景,荃灣,荃威花園,14500,468,2,1,中層,,48,卓龍地產代理有限公司,https://i1.28hse.com/2026/07/202607071846182020504_thumb.jpg,https://www.28hse.com/rent/apartment/property-3837574,2026-08-02T21:33:05.478720+00:00,2026-08-02T21:39:57.788633+00:00,荃威花園,530,新界荃灣荃威花園 荃景圍187-195號,東南開揚海景,22.378319,114.103615,差餉地租､管理費,,,,2026-07-18T13:00:08+08:00,2026-07-18T13:00:08+08:00,2026-08-17T13:00:08+08:00,"[""https://i1.28hse.com/2026/07/202607071846284718475_large.jpg"", ""https://i1.28hse.com/2026/07/202607071846445096685_large.jpg"", ""https://i1.28hse.com/2026/07/202607071846504495790_large.jpg"", ""https://i1.28hse.com/2026/07/202607071847005920925_large.jpg"", ""https://i1.28hse.com/2026/07/202607071847167830659_large.jpg"", ""https://i1.28hse.com/2026/07/202607071847207416463_large.jpg"", ""https://i1.28hse.com/2026/07/20260707184727169025_large.jpg"", ""https://i1.28hse.com/2026/07/202607071847351689930_large.jpg"", ""https://i1.28hse.com/2026/07/202607071847427600118_large.jpg"", ""https://i1.28hse.com/2026/07/202607071847471800510_large.jpg"", ""https://i1.28hse.com/2026/07/202607071847522814677_large.jpg"", ""https://i1.28hse.com/2026/07/202607071848205894133_large.jpg"", ""https://i1.28hse.com/2026/07/202607071848243403282_large.jpg"", ""https://i1.28hse.com/estate_data/113/4575/FLOOR/4575_20250527130307748536_thumb.jpg"", ""https://i1.28hse.com/estate_data/113/4575/UNIT/4575_20250527130357632732_thumb.jpg""]"
3936374,高層開揚 包裝修傢電 拎包即住 大型屋苑,荃灣,荃景花園,16000,408,2,1,高層,,39,美聯物業,https://i1.28hse.com/2026/07/202607181918013124927_thumb.jpg,https://www.28hse.com/rent/apartment/property-3936374,2026-08-02T21:33:05.478720+00:00,2026-08-02T21:39:58.593965+00:00,荃景花園,503,新界荃灣荃景花園 荃景圍85號,※專營荃灣區及各區新盤※,22.378448,114.110085,差餉地租､管理費,,,,2026-07-17T19:41:47+08:00,2026-07-18T19:18:12+08:00,2026-08-16T19:41:47+08:00,"[""https://i1.28hse.com/2026/07/202607181917595387870_large.jpg"", ""https://i1.28hse.com/2026/07/202607181918006251568_large.jpg"", ""https://i1.28hse.com/2026/07/202607181918003700367_large.jpg"", ""https://i1.28hse.com/2026/07/202607181918003183783_large.jpg"", ""https://i1.28hse.com/2026/07/202607181918007505125_large.jpg"", ""https://i1.28hse.com/2026/07/202607181918006709411_large.jpg"", ""https://i1.28hse.com/2026/07/202607181918017598941_large.jpg"", ""https://i1.28hse.com/2026/07/202607181918016697646_large.jpg"", ""https://i1.28hse.com/2026/07/20260718191801982198_large.jpg"", ""https://i1.28hse.com/estate_data/113/4574/FLOOR/4574_20231121014539645311_thumb.jpg"", ""https://i1.28hse.com/estate_data/113/4574/UNIT/4574_20240104161133973232_thumb.jpg""]"
3846778,二期兩大房巨廳 山景開揚,荃灣,荃景花園,15500,431,2,1,低層,梗廚,39,盛業地產代理有限公司,https://i1.28hse.com/estate_data/113/4574/FLOOR/4574_20231121014655425713_thumb.jpg,https://www.28hse.com/rent/apartment/property-3846778,2026-08-02T21:33:05.478720+00:00,2026-08-02T21:40:00.061361+00:00,荃景花園,521,新界荃灣荃景花園 荃景圍85號,"平租, 只求好租客, 價錢可議, 開揚清爽, 間隔四正, 實用率高",22.378448,114.110085,差餉地租､管理費,明火煮食,,,2026-07-14T18:22:23+08:00,2026-07-25T14:48:09+08:00,2026-08-13T18:22:23+08:00,"[""https://i1.28hse.com/estate_data/113/4574/UNIT/4574_20240104161338685344_thumb.jpg""]"
3917769,[日訊物業好多盤] 靚裝二房 8月中準時交吉,荃灣,海濱花園,16500,419,2,1,高層,,33,日訊物業代理有限公司,https://i1.28hse.com/2026/07/202607041529007998848_thumb.jpg,https://www.28hse.com/rent/apartment/property-3917769,2026-08-02T21:33:05.478720+00:00,2026-08-02T21:40:00.736915+00:00,海濱花園,529,新界荃灣海濱花園 怡樂街2-12號,"實用率高 設有巴士總站 鄰近荃灣西鐵站
有村巴直到中環銅鑼灣灣仔金鐘觀塘",22.362907,114.114365,差餉地租､管理費,,,,2026-07-04T16:11:13+08:00,2026-07-14T13:15:03+08:00,2026-08-03T16:11:13+08:00,"[""https://i1.28hse.com/2026/07/202607041528572020744_large.jpg"", ""https://i1.28hse.com/2026/07/202607041528581293647_large.jpg"", ""https://i1.28hse.com/2026/07/202607041528586771988_large.jpg"", ""https://i1.28hse.com/2026/07/202607041528595981536_large.jpg"", ""https://i1.28hse.com/2026/07/202607041528597619707_large.jpg"", ""https://i1.28hse.com/2026/07/202607041529002326544_large.jpg"", ""https://i1.28hse.com/2026/07/202607041529075504700_large.jpg"", ""https://i1.28hse.com/estate_data/113/4578/FLOOR/4578_20231121234518213331_thumb.jpg"", ""https://i1.28hse.com/estate_data/113/4578/UNIT/4578_20231121234610238865_thumb.jpg""]"
3918035,[日訊物業推介] 罕有租盤 環境清幽 把握機會,荃灣,荃威花園,15800,533,2,1,中層,,48,日訊物業代理有限公司,https://i1.28hse.com/2026/07/202607041715241458360_thumb.jpg,https://www.28hse.com/rent/apartment/property-3918035,2026-08-02T21:33:05.478720+00:00,2026-08-02T21:40:01.355881+00:00,荃威花園,607,新界荃灣荃威花園 荃景圍187-195號,"荃灣區大型私人屋苑
自設商場、巴士總站及泳池等配套，生活便利
依山面海，環境清靜優美",22.378319,114.103615,差餉地租､管理費,,,,2026-07-04T17:42:50+08:00,2026-07-14T13:15:00+08:00,2026-08-03T17:42:50+08:00,"[""https://i1.28hse.com/2026/07/202607041715232352039_large.jpg"", ""https://i1.28hse.com/2026/07/202607041715236833296_large.jpg"", ""https://i1.28hse.com/2026/07/202607041715243534372_large.jpg"", ""https://i1.28hse.com/2026/07/202607041715247732774_large.jpg"", ""https://i1.28hse.com/2026/07/202607041715254827321_large.jpg"", ""https://i1.28hse.com/estate_data/113/4575/FLOOR/4575_20250527130316875986_thumb.jpg"", ""https://i1.28hse.com/estate_data/113/4575/UNIT/4575_20250527130454942475_thumb.jpg""]"
3920863,[日訊物業好多盤] 翻新中二房 有匙即睇,荃灣,海濱花園,16000,422,2,1,低層,,33,日訊物業代理有限公司,https://i1.28hse.com/2026/07/202607221354204979143_thumb.jpg,https://www.28hse.com/rent/apartment/property-3920863,2026-08-02T21:33:05.478720+00:00,2026-08-02T21:40:01.980580+00:00,海濱花園,555,新界荃灣海濱花園 怡樂街2-12號,"實用率高 設有巴士總站 鄰近荃灣西鐵站
有村巴直到中環銅鑼灣灣仔金鐘觀塘",22.362907,114.114365,差餉地租､管理費,,,,2026-07-06T17:41:46+08:00,2026-07-22T13:54:41+08:00,2026-08-05T17:41:46+08:00,"[""https://i1.28hse.com/2026/07/202607221354187798217_large.jpg"", ""https://i1.28hse.com/2026/07/202607221354181220112_large.jpg"", ""https://i1.28hse.com/2026/07/202607221354194869594_large.jpg"", ""https://i1.28hse.com/2026/07/202607221354205741838_large.jpg"", ""https://i1.28hse.com/2026/07/20260706172748805200_large.jpg"", ""https://i1.28hse.com/estate_data/113/4578/FLOOR/4578_20231121014824228574_thumb.jpg"", ""https://i1.28hse.com/estate_data/113/4578/UNIT/4578_20231121015022267732_thumb.jpg""]"
3923570,[日訊物業獨家盤] 荀租二房 企理裝修 有匙即睇,荃灣,海濱花園,16000,450,2,1,低層,,33,日訊物業代理有限公司,https://i1.28hse.com/2026/07/202607081633285001776_thumb.jpg,https://www.28hse.com/rent/apartment/property-3923570,2026-08-02T21:33:05.478720+00:00,2026-08-02T21:40:02.626999+00:00,海濱花園,562,新界荃灣海濱花園 怡樂街2-12號,"實用率高 設有巴士總站 鄰近荃灣西鐵站
有村巴直到中環銅鑼灣灣仔金鐘觀塘",22.362907,114.114365,,,,,2026-07-08T16:34:24+08:00,2026-07-17T10:36:42+08:00,2026-08-07T16:34:24+08:00,"[""https://i1.28hse.com/2026/07/202607081633271071919_large.jpg"", ""https://i1.28hse.com/2026/07/202607081633256810395_large.jpg"", ""https://i1.28hse.com/2026/07/202607081633267275994_large.jpg"", ""https://i1.28hse.com/2026/07/202607081633266130428_large.jpg"", ""https://i1.28hse.com/2026/07/202607081633271516738_large.jpg"", ""https://i1.28hse.com/2026/07/202607081633273126414_large.jpg"", ""https://i1.28hse.com/2026/07/20260708163423593300_large.jpg"", ""https://i1.28hse.com/estate_data/113/4578/FLOOR/4578_20231121014834367898_thumb.jpg"", ""https://i1.28hse.com/estate_data/113/4578/UNIT/4578_20231121015109529688_thumb.jpg""]"
3930985,"臨近地鐵站大3房租盤首選, 清雅裝修,核心地段",荃灣,昌耀大廈,17000,461,3,1,,梗廚,48,中原地產代理限公司,https://i1.28hse.com/2026/07/202607191524218867756_thumb.jpg,https://www.28hse.com/rent/apartment/property-3930985,2026-08-02T21:33:05.478720+00:00,2026-08-02T21:40:03.240496+00:00,昌耀大廈,,新界荃灣昌耀大廈 青山公路荃灣段167-1,"罕有放盤, 大廳大房, 出入方便,附近商場林立",22.371687,114.118622,差餉地租､管理費,,,,2026-07-13T20:53:04+08:00,2026-07-27T20:09:23+08:00,2026-08-12T20:53:04+08:00,"[""https://i1.28hse.com/2026/07/202607191524224876716_large.jpg"", ""https://i1.28hse.com/2026/07/202607191524247004996_large.jpg"", ""https://i1.28hse.com/2026/07/202607191524254744657_large.jpg"", ""https://i1.28hse.com/2026/07/202607191524268209386_large.jpg"", ""https://i1.28hse.com/2026/07/202607191524287765152_large.jpg""]"
3929591,最新租盤✚▛山景𝟐房▟✚靚裝即住✚好客可再傾價✚保證實盤✚歡迎致電,荃灣,荃威花園,14500,477,2,1,,梗廚,48,中原地產代理限公司,https://i1.28hse.com/2026/07/202607121842018339146_thumb.jpg,https://www.28hse.com/rent/apartment/property-3929591,2026-08-02T21:33:05.478720+00:00,2026-08-02T21:40:03.916202+00:00,荃威花園,543,新界荃灣荃威花園 荃景圍187-195號,"最新租盤✚▛山景𝟐房▟✚靚裝即住✚好客可再傾價✚保證實盤✚歡迎致電或WHATSAPP✚
在 WhatsApp 上追蹤「荃灣真盤源」頻道：
https://whatsapp.com/channel/0029Vb9WhDHC6ZvhkweRAo2Z
紮根荃灣29年豐富經驗 真誠老實多回頭客
如心分行 2 4 8 0 1 6 6 6
圑隊成員由1997年至今
搵多個SALES比較冇蝕底
歡迎貴客查詢✿歡迎業主出貨✿行家合作包攪掂
真盤真價✿堅爆實盤✿真相真影片✿絕不浪費貴客時間
請勿PM很多時候顯示不全訊息
9 8 5 0 6 8 8 4 劉潔儀 Karen Lau
6 3 3 5 5 4 1 4 李卓衡 Fleming Lee
5 1 2 7 6 6 4 1 章煜文 Steven Cheung
9 1 3 2 2 6 3 3 丘漢雲 Kevin Yau
9 7 9 3 7 3 2 1 馮樹廣 Kelvin Fung
6 1 3 3 0 9 3 2 岳宜進 Jason Ngok
6 9 3 3 8 6 4 0 姚炳坤 Kenny Yiu
9 8 0 2 0 9 8 2 余柱林 Yu Chu Lam
9 6 3 2 5 0 9 8 王壹鳴 Roy Wong
6 3 7 6 1 1 3 3 林于純 Kennis Lam
中原如心廣場分行
荃灣大河道98號如心廣場2期1樓106號舖
https://www.facebook.com/groups/tsuenwanreal/
https://www.28hse.com/agent/2248
https://www.youtube.com/@nina.centaline
✿真盤源歡迎客戶查詢
✿大量優質筍盤提供
✿最新最快最Update價錢
✿歡迎行家合作
✿誠邀業主放盤
✿免費拍攝VR
✿立即查詢盡快回覆
✿提供一條龍售後服務
✿售前壓測，首期，預算
✿銀行按揭上會
✿法律咨詢
✿律師轉介
✿裝修轉介
✿水電煤差餉地租轉名
✿收樓驗樓
✿租務管理",22.378319,114.103615,差餉地租､管理費,明火煮食,,,2026-07-12T18:46:48+08:00,2026-07-12T18:46:48+08:00,2026-08-11T18:46:48+08:00,"[""https://i1.28hse.com/2026/07/202607121842012900469_large.jpg"", ""https://i1.28hse.com/2026/07/202607121842015067976_large.jpg"", ""https://i1.28hse.com/2026/07/202607121842001631025_large.jpg"", ""https://i1.28hse.com/2026/07/202607121842001809451_large.jpg"", ""https://i1.28hse.com/2026/07/202607121842003842811_large.jpg"", ""https://i1.28hse.com/2026/07/202607121841594598421_large.jpg"", ""https://i1.28hse.com/2026/07/20260712184159539817_large.jpg"", ""https://i1.28hse.com/2026/07/202607121841595354875_large.jpg"", ""https://i1.28hse.com/2026/07/202607121841588578577_large.jpg"", ""https://i1.28hse.com/estate_data/113/4575/FLOOR/4575_20250527130314148619_thumb.jpg"", ""https://i1.28hse.com/estate_data/113/4575/UNIT/4575_20250527130444911923_thumb.jpg""]"
3927203,[7月下旬精選] 西鐵站屋苑 抵租2房,荃灣,海濱花園,16800,422,1,1,中層,梗廚,35,美聯物業,https://i1.28hse.com/2026/07/202607251725081369684_thumb.jpg,https://www.28hse.com/rent/apartment/property-3927203,2026-08-02T21:33:05.478720+00:00,2026-08-02T21:40:04.532297+00:00,海濱花園,555,新界荃灣海濱花園 怡樂街2-12號,"歡迎致電/Whatsapp/WeChat查詢
無論任何一手新盤/二手樓盤
大量筍盤作比較 篩選最啱您的樓盤
本人均可為貴客提供全套買賣及售後服務
首次置業
售前壓測,首期,供款計算
銀行按揭上會
法律咨詢
律師轉介
裝修轉介
水電煤,差餉地租轉名
收樓驗樓
售後租務管理",22.362907,114.114365,差餉地租､管理費,明火煮食,,,2026-07-10T21:40:08+08:00,2026-07-25T17:25:31+08:00,2026-08-09T21:40:08+08:00,"[""https://i1.28hse.com/2026/07/20260725172449639399_large.jpg"", ""https://i1.28hse.com/2026/07/202607251724536141358_large.jpg"", ""https://i1.28hse.com/2026/07/202607251725077635027_large.jpg"", ""https://i1.28hse.com/2026/07/20260725172450470784_large.jpg"", ""https://i1.28hse.com/2026/07/202607251724517768091_large.jpg"", ""https://i1.28hse.com/2026/07/202607251724522512586_large.jpg"", ""https://i1.28hse.com/estate_data/113/4578/FLOOR/4578_20231121014838243235_thumb.jpg"", ""https://i1.28hse.com/estate_data/113/4578/UNIT/4578_20231121015130114474_thumb.jpg""]"
3882985,𖥔𖥔𖥔݁𖠰 ݁↟內園有裝𖥔𖥔𖥔,荃灣,海濱花園,16500,421,1,1,中層,梗廚,36,居而安物業,https://i1.28hse.com/2026/07/202607271059467124257_thumb.jpg,https://www.28hse.com/rent/apartment/property-3882985,2026-08-02T21:33:05.478720+00:00,2026-08-02T21:40:05.162002+00:00,海濱花園,555,新界荃灣海濱花園 怡樂街2-12號,"海濱花園位於荃灣區南部,環顧藍巴勒海峽, 項目由加德士公司及新世界發展合作興建,海濱花園由20幢大廈組成,屋苑設有停車埸 
交通便捷,設有巴士,小巴,村巴穿梭港九各區,另只須步行約8分鐘,便能直達荃灣西港鐵站,鄰近楊屋道街市和海濱公園,邨內設有街市,各式店舖,不假外求!",22.362907,114.114365,差餉地租､管理費,明火煮食,,,2026-07-10T13:36:47+08:00,2026-07-27T11:05:44+08:00,2026-08-09T13:36:47+08:00,"[""https://i1.28hse.com/2026/07/202607271059453046236_large.jpg"", ""https://i1.28hse.com/2026/07/202607271059442165925_large.jpg"", ""https://i1.28hse.com/2026/07/202607271059475769546_large.jpg"", ""https://i1.28hse.com/2026/07/202607271059494846685_large.jpg"", ""https://i1.28hse.com/2026/07/202607271059503374911_large.jpg"", ""https://i1.28hse.com/2026/07/202607271059515113290_large.jpg"", ""https://i1.28hse.com/2026/07/202607271059522571236_large.jpg"", ""https://i1.28hse.com/estate_data/113/4578/FLOOR/4578_20231121014823279463_thumb.jpg"", ""https://i1.28hse.com/estate_data/113/4578/UNIT/4578_20231121015014824218_thumb.jpg""]"
3925790,業主免佣，荃威花園P座極高層，向南海景，冬暖夏涼，靚單位出租,荃灣,荃威花園,16000,533,2,1,高層,梗廚,46,,https://i1.28hse.com/2026/07/202607100026145824039_thumb.jpg,https://www.28hse.com/rent/apartment/property-3925790,2026-08-02T21:33:05.478720+00:00,2026-08-02T21:40:05.765301+00:00,荃威花園,607,新界荃灣荃威花園 荃景圍安逸街六号荃湾,罕有靚單位有優越景觀及方向，居高臨下，環境清幽，特高樓底，冬暖夏涼，舒適通爽，兩大房兩巨廳，全屋雅致裝修，新廚具及廚櫃，浴室潔具企埋，可養貓狗，有停車場，泳池，商場，巴士及小巴站在樓下，去地鐵站及市區很方便，單位已吉，即租即用，可隨時聯絡業主睇樓,22.378319,114.10361499999999,差餉地租､管理費,,,,2026-07-10T00:28:38+08:00,2026-08-03T00:56:38+08:00,2026-08-09T00:28:38+08:00,"[""https://i1.28hse.com/2026/07/202607100026154832945_large.jpg"", ""https://i1.28hse.com/2026/07/202607100026154476859_large.jpg"", ""https://i1.28hse.com/2026/07/202607100026162900748_large.jpg"", ""https://i1.28hse.com/2026/07/202607100026166448425_large.jpg"", ""https://i1.28hse.com/2026/07/202607100026177702732_large.jpg"", ""https://i1.28hse.com/2026/07/202607100026178654077_large.jpg"", ""https://i1.28hse.com/2026/07/202607100026184079888_large.jpg"", ""https://i1.28hse.com/2026/07/202607100026182033032_large.jpg"", ""https://i1.28hse.com/2026/07/202607100026192827706_large.jpg"", ""https://i1.28hse.com/2026/07/202607100026205312361_large.jpg"", ""https://i1.28hse.com/2026/07/202607100026206115008_large.jpg"", ""https://i1.28hse.com/estate_data/113/4575/FLOOR/4575_20250527130314148619_thumb.jpg"", ""https://i1.28hse.com/estate_data/113/4575/UNIT/4575_20250527130442871985_thumb.jpg""]"
3924296,翠豐臺 2房筍盤｜62校網｜荃灣市中心首選,荃灣,翠豐臺,16500,446,2,1,低層,梗廚,23,美聯物業,https://i1.28hse.com/2026/07/202607090711116882492_thumb.jpg,https://www.28hse.com/rent/apartment/property-3924296,2026-08-02T21:33:05.478720+00:00,2026-08-02T21:40:06.417192+00:00,翠豐臺,609,新界荃灣翠豐臺 安育路2號,"地址：翠豐臺 5座 低層 A室
 實用面積：446呎
️ 租金：$16,500/月
️ 間隔：2房1浴室
️ 樓齡：23.1年
 景觀：開揚無遮擋
 校網：小學62區｜中學荃灣
 屋苑設施：泳池、兒童設施、運動設施、娛樂設施、美容/保健、休閒區
 港鐵距離：荃灣站步行約10分鐘
️ 鄰近商場：荃威花園商場（步行9分鐘）、柴灣角遊樂場（6分鐘）
 醫療配套：香港港安醫院（荃灣，6分鐘）
 適合住客：年輕家庭、小資族、投資客；追求高性價比、便利生活及優質教育資源者。
 投資潛力：同屋苑2房平均呎租$39，本盤呎租僅$37，具租值優勢！
 限時放盤：稀缺低層2房，開揚景觀，立即預約看房！",22.375858,114.10611,差餉地租､管理費,明火煮食,,,2026-07-09T07:11:28+08:00,2026-07-09T07:11:28+08:00,2026-08-08T07:11:28+08:00,"[""https://i1.28hse.com/2026/07/20260709071114857603_large.jpg"", ""https://i1.28hse.com/2026/07/202607090711153270080_large.jpg"", ""https://i1.28hse.com/2026/07/202607090711162131484_large.jpg"", ""https://i1.28hse.com/2026/07/202607090711172332952_large.jpg"", ""https://i1.28hse.com/2026/07/202607090711187356495_large.jpg""]"
3921362,可步行地鐵站村屋(可寵)700呎(兩房•兩廁)帶裝修!,荃灣,村屋,14800,700,2,,,,,田邦置業有限公司,https://i1.28hse.com/2026/07/202607062311055096422_thumb.jpg,https://www.28hse.com/rent/apartment/property-3921362,2026-08-02T21:33:05.478720+00:00,2026-08-02T21:40:07.012002+00:00,村屋,,新界荃灣村屋 荃灣村屋,(可寵)兩房•兩廁～有意致電話WhatsApp,0.0,0.0,差餉地租､管理費,,,,2026-07-06T23:14:13+08:00,2026-07-06T23:14:13+08:00,2026-08-05T23:14:13+08:00,"[""https://i1.28hse.com/2026/07/202607062311061951660_large.jpg"", ""https://i1.28hse.com/2026/07/202607062311087582145_large.jpg"", ""https://i1.28hse.com/2026/07/202607062311098345999_large.jpg"", ""https://i1.28hse.com/2026/07/202607062311105562226_large.jpg"", ""https://i1.28hse.com/2026/07/202607062311138582891_large.jpg"", ""https://i1.28hse.com/2026/07/20260706231114946473_large.jpg""]"
3920986,(永誠置業 全部實盤) 昇柏山 可小貓 綠悠山景 兩房連露台 罕有放盤,荃灣,昇柏山,16500,522,2,1,低層,梗廚,11,永誠置業代理有限公司,https://i1.28hse.com/2026/07/202607061820551318222_thumb.jpg,https://www.28hse.com/rent/apartment/property-3920986,2026-08-02T21:33:05.478720+00:00,2026-08-02T21:40:07.633293+00:00,昇柏山,,新界荃灣昇柏山 油麻磡路63號,"(永誠置業 全部實盤) 盤齊價靚 一覽無遺
昇柏山 可小貓 綠悠山景 企理兩房連露台 連部份傢俬 罕有放盤
專業專注 解答置業疑問
提供優質服務 協助銀行按揭
律師樓介紹 特設村屋專隊**
歡迎查詢: / ️
Forever Agency Limited C-46632
========================================
【永誠置業 】 Facebook專頁 :
https://www.facebook.com/ForeverAgencyLimited/
【永誠置業 】官方網站 :
http://forever-house.com/
【永誠置業 】 Instagram :
https://www.instagram.com/forever_housingagency/
=====================================",,,差餉地租､管理費,明火煮食,,,2026-07-06T18:23:26+08:00,2026-08-02T15:26:15+08:00,2026-08-05T18:23:26+08:00,"[""https://i1.28hse.com/2026/07/202607061820554146476_large.jpg"", ""https://i1.28hse.com/2026/07/202607061820554976000_large.jpg"", ""https://i1.28hse.com/2026/07/202607061820566459968_large.jpg"", ""https://i1.28hse.com/2026/07/202607061820563620324_large.jpg"", ""https://i1.28hse.com/2026/07/202607061820573996336_large.jpg"", ""https://i1.28hse.com/2026/07/202607061820574784823_large.jpg"", ""https://i1.28hse.com/2026/07/202607061821172295329_large.jpg""]"
3917260,地點優勢！環境舒適！,荃灣,綠楊新邨,16800,445,2,1,,梗廚,43,中原地產代理有限公司,https://i1.28hse.com/2026/07/202607041227181473553_thumb.jpg,https://www.28hse.com/rent/apartment/property-3917260,2026-08-02T21:33:05.478720+00:00,2026-08-02T21:40:08.323569+00:00,綠楊新邨,511,新界荃灣綠楊新邨 蕙荃路22-66號,地點優勢！環境舒適！,22.373104,114.119797,差餉地租､管理費,明火煮食,,,2026-07-04T12:27:34+08:00,2026-07-05T18:00:25+08:00,2026-08-03T12:27:34+08:00,"[""https://i1.28hse.com/2026/07/202607041227198251025_large.jpg"", ""https://i1.28hse.com/2026/07/202607041227192549674_large.jpg"", ""https://i1.28hse.com/2026/07/202607041227202785160_large.jpg"", ""https://i1.28hse.com/2026/07/202607041227202717451_large.jpg"", ""https://i1.28hse.com/2026/07/202607041227212361470_large.jpg"", ""https://i1.28hse.com/2026/07/202607041227218968075_large.jpg"", ""https://i1.28hse.com/2026/07/202607041227215855811_large.jpg"", ""https://i1.28hse.com/2026/07/202607041227228879922_large.jpg"", ""https://i1.28hse.com/estate_data/113/4579/FLOOR/4579_20240125160005367353_thumb.jpg"", ""https://i1.28hse.com/estate_data/113/4579/UNIT/4579_20240125160104211552_thumb.jpg""]"
3917297,抵住！有匙即看！,荃灣,荃景花園,14000,408,2,1,,梗廚,39,中原地產代理有限公司,https://i1.28hse.com/2026/07/202607041239505948307_thumb.jpg,https://www.28hse.com/rent/apartment/property-3917297,2026-08-02T21:33:05.478720+00:00,2026-08-02T21:40:08.947655+00:00,荃景花園,523,新界荃灣荃景花園 荃景圍85號,實用率高！抵住！有匙即看！,22.378448,114.110085,差餉地租､管理費,明火煮食,,,2026-07-04T12:40:14+08:00,2026-07-05T17:59:53+08:00,2026-08-03T12:40:14+08:00,"[""https://i1.28hse.com/2026/07/202607041239505361353_large.jpg"", ""https://i1.28hse.com/2026/07/202607041239513191248_large.jpg"", ""https://i1.28hse.com/2026/07/20260704123952245954_large.jpg"", ""https://i1.28hse.com/2026/07/202607041239537020351_large.jpg"", ""https://i1.28hse.com/2026/07/202607041239536256118_large.jpg"", ""https://i1.28hse.com/2026/07/20260704123953807928_large.jpg"", ""https://i1.28hse.com/estate_data/113/4574/FLOOR/4574_20231121014540233787_thumb.jpg"", ""https://i1.28hse.com/estate_data/113/4574/UNIT/4574_20240104161138567427_thumb.jpg""]"
3870806,2樓連天台、樓齡新、乾淨企理、不可養竉物,清水灣,,13000,450,2,,,開放式廚房,,,https://i1.28hse.com/2026/06/202606011239261555223_thumb.jpg,https://www.28hse.com/rent/apartment/property-3870806,2026-08-02T21:33:05.478720+00:00,2026-08-02T21:40:09.541986+00:00,西貢清水灣井欄樹村 Tseng Lan Shue,,新界清水灣西貢清水灣井欄樹村 2樓,樓齡新、乾淨企理、雅致裝修,0.0,0.0,差餉地租,,,,2026-07-25T15:33:18+08:00,2026-07-25T15:33:18+08:00,2026-08-24T15:33:18+08:00,"[""https://i1.28hse.com/2026/06/202606011239268730352_large.jpg"", ""https://i1.28hse.com/2026/06/202606011239283154629_large.jpg"", ""https://i1.28hse.com/2026/06/202606011239285306622_large.jpg"", ""https://i1.28hse.com/2026/06/202606011239295447343_large.jpg"", ""https://i1.28hse.com/2026/06/20260601123929362015_large.jpg"", ""https://i1.28hse.com/2026/06/202606011239305436267_large.jpg"", ""https://i1.28hse.com/2026/06/202606050740233175180_large.jpg""]"
3869376,二房一厠、中層不貓不狗、車位另租$1500,清水灣,下洋村,15800,700,2,1,中層,開放式廚房,,天富基業地產,https://i1.28hse.com/2026/07/202607161307525181516_thumb.jpg,https://www.28hse.com/rent/apartment/property-3869376,2026-08-02T21:33:05.478720+00:00,2026-08-02T21:40:10.159678+00:00,下洋村,,新界清水灣下洋村 下洋村,清翠樹景、遠望海景,22.304638,114.28687299999999,差餉地租､管理費,,,,2026-08-01T17:12:16+08:00,2026-08-01T17:12:16+08:00,2026-08-31T17:12:16+08:00,"[""https://i1.28hse.com/2026/07/20260716130753384767_large.jpg"", ""https://i1.28hse.com/2026/07/202607161307562152601_large.jpg"", ""https://i1.28hse.com/2026/07/202607161307572586016_large.jpg"", ""https://i1.28hse.com/2026/07/202607161307595826988_large.jpg"", ""https://i1.28hse.com/2026/07/202607161308001719417_large.jpg"", ""https://i1.28hse.com/2026/07/202607161308017590806_large.jpg""]"
3954862,大網仔村樓新固定車位四面單邊開揚景,西貢,村屋,12000,700,3,,低層,,,厚達地產有限公司,https://i1.28hse.com/2026/08/202608011343528654918_thumb.jpg,https://www.28hse.com/rent/apartment/property-3954862,2026-08-02T21:33:05.478720+00:00,2026-08-02T21:40:10.751113+00:00,村屋,700,新界西貢村屋 大網仔,有小巴公共交通到，環境寧靜,0.0,0.0,差餉地租､管理費,,,,2026-08-01T13:44:29+08:00,2026-08-01T13:47:42+08:00,2026-08-31T13:44:29+08:00,"[""https://i1.28hse.com/2026/08/202608011344003279639_large.jpg"", ""https://i1.28hse.com/2026/08/202608011343595227951_large.jpg"", ""https://i1.28hse.com/2026/08/202608011343521150218_large.jpg"", ""https://i1.28hse.com/2026/08/202608011343533023864_large.jpg"", ""https://i1.28hse.com/2026/08/202608011343544236521_large.jpg"", ""https://i1.28hse.com/2026/08/202608011343551853368_large.jpg"", ""https://i1.28hse.com/2026/08/202608011343568520033_large.jpg"", ""https://i1.28hse.com/2026/08/202608011343576257069_large.jpg"", ""https://i1.28hse.com/2026/08/202608011343587289516_large.jpg""]"
3954792,乾淨多窗 抵住三房連天台,西貢,村屋,13900,700,3,1,高層,梗廚,,厚達地產有限公司,https://i1.28hse.com/2026/08/202608011309041319040_thumb.jpg,https://www.28hse.com/rent/apartment/property-3954792,2026-08-02T21:33:05.478720+00:00,2026-08-02T21:40:11.342718+00:00,村屋,700,新界西貢村屋 沙角尾村,步行去西貢市中心十分鐘,0.0,0.0,差餉地租､管理費,明火煮食,,,2026-08-01T13:09:07+08:00,2026-08-01T13:09:07+08:00,2026-08-31T13:09:07+08:00,"[""https://i1.28hse.com/2026/08/202608011309051454773_large.jpg"", ""https://i1.28hse.com/2026/08/202608011309057731577_large.jpg"", ""https://i1.28hse.com/2026/08/202608011309052081181_large.jpg"", ""https://i1.28hse.com/2026/08/202608011309065138144_large.jpg"", ""https://i1.28hse.com/2026/08/202608011309066728804_large.jpg"", ""https://i1.28hse.com/2026/08/202608011309061347358_large.jpg"", ""https://i1.28hse.com/2026/08/202608011309061128354_large.jpg"", ""https://i1.28hse.com/2026/08/202608011309073633427_large.jpg""]"
3947284,近路方便樓齡新 私家花園,西貢,村屋,17000,700,2,1,低層,,,厚達地產有限公司,https://i1.28hse.com/2026/07/202607261643192899253_thumb.jpg,https://www.28hse.com/rent/apartment/property-3947284,2026-08-02T21:33:05.478720+00:00,2026-08-02T21:40:11.953304+00:00,村屋,,新界西貢村屋 黃竹灣,裝修新穎， 光猛兩房 開放式廚房,0.0,0.0,差餉地租､管理費,,,,2026-07-26T16:43:21+08:00,2026-08-01T13:07:59+08:00,2026-08-25T16:43:21+08:00,"[""https://i1.28hse.com/2026/07/202607261643193004239_large.jpg"", ""https://i1.28hse.com/2026/07/202607261643202593817_large.jpg"", ""https://i1.28hse.com/2026/07/202607261643203086949_large.jpg"", ""https://i1.28hse.com/2026/07/202607261643202370115_large.jpg"", ""https://i1.28hse.com/2026/07/202607261643203077058_large.jpg"", ""https://i1.28hse.com/2026/07/202607261643218662995_large.jpg""]"
3949884,私家圍牆花園大約 400呎 可寵物步行15分鐘到西貢市,西貢,村屋,16000,600,2,1,低層,梗廚,,厚達地產有限公司,https://i1.28hse.com/2026/07/202607301035554775704_thumb.jpg,https://www.28hse.com/rent/apartment/property-3949884,2026-08-02T21:33:05.478720+00:00,2026-08-02T21:40:12.715151+00:00,村屋,,新界西貢村屋 沙角尾村,優質單位實用兩房兩廳入場衣櫃 雪櫃洗衣機 幾年新裝,0.0,0.0,差餉地租､管理費,明火煮食,,,2026-07-28T17:11:50+08:00,2026-08-01T13:07:55+08:00,2026-08-27T17:11:50+08:00,"[""https://i1.28hse.com/2026/07/202607301036017452175_large.jpg"", ""https://i1.28hse.com/2026/07/202607301036061982290_large.jpg"", ""https://i1.28hse.com/2026/07/202607301036186245685_large.jpg"", ""https://i1.28hse.com/2026/07/202607301036434459806_large.jpg"", ""https://i1.28hse.com/2026/07/202607301036567538339_large.jpg""]"
3769089,西貢半山靚裝地下+花園租售,西貢,村屋,13000,700,2,2,,梗廚,,厚達地產有限公司,https://i1.28hse.com/2026/03/20260312114043940116_thumb.jpg,https://www.28hse.com/rent/apartment/property-3769089,2026-08-02T21:33:05.478720+00:00,2026-08-02T21:40:13.345330+00:00,村屋,700,新界西貢村屋 西貢,"西貢半山靚裝地下+花園租售,2房兩廁浴,門前圍欄花園,另放售$428萬",,,差餉地租､管理費,,,,2026-07-18T15:55:37+08:00,2026-07-30T16:50:02+08:00,2026-08-17T15:55:37+08:00,"[""https://i1.28hse.com/2026/03/202603121140421101698_large.jpg"", ""https://i1.28hse.com/2026/03/202603121140423808385_large.jpg"", ""https://i1.28hse.com/2026/03/202603121140432478269_large.jpg"", ""https://i1.28hse.com/2026/03/202603121140428233757_large.jpg"", ""https://i1.28hse.com/2026/03/20260312114041927104_large.jpg"", ""https://i1.28hse.com/2026/03/202603121140412933192_large.jpg"", ""https://i1.28hse.com/2026/03/202603121140426626570_large.jpg"", ""https://i1.28hse.com/2026/03/202603121140433493612_large.jpg"", ""https://i1.28hse.com/2026/03/202603121140432838728_large.jpg""]"
3842523,西貢頭靚裝中層近路平租,西貢,村屋,13500,700,3,2,中層,,,厚達地產有限公司,https://i1.28hse.com/2026/06/202606261611172865853_thumb.jpg,https://www.28hse.com/rent/apartment/property-3842523,2026-08-02T21:33:05.478720+00:00,2026-08-02T21:40:14.754353+00:00,村屋,700,新界西貢村屋 西貢,"西貢頭靚裝中層近路平租,3樓房兩廁浴,2分鐘步行巴士,小巴站,10分鐘車程坑口,彩虹",,,差餉地租､管理費,,,,2026-07-13T13:59:20+08:00,2026-07-30T16:49:42+08:00,2026-08-12T13:59:20+08:00,"[""https://i1.28hse.com/2026/06/202606261611271578747_large.jpg"", ""https://i1.28hse.com/2026/06/202606261611198918801_large.jpg"", ""https://i1.28hse.com/2026/06/202606261611202432593_large.jpg"", ""https://i1.28hse.com/2026/06/202606261611225097515_large.jpg"", ""https://i1.28hse.com/2026/06/202606261611247474341_large.jpg"", ""https://i1.28hse.com/2026/06/202606261611256446098_large.jpg"", ""https://i1.28hse.com/2026/06/202606261611281251087_large.jpg"", ""https://i1.28hse.com/2026/06/202606261611297715326_large.jpg""]"
3952041,"鄰近西貢市中心,小巴直達,連1個固定車位",西貢,菠蘿輋村,15500,630,1,1,中層,梗廚,,港基地產代理有限公司,https://i1.28hse.com/2026/07/202607301335108147312_thumb.jpg,https://www.28hse.com/rent/apartment/property-3952041,2026-08-02T21:33:05.478720+00:00,2026-08-02T21:40:15.338098+00:00,菠蘿輋村,700,新界西貢菠蘿輋村 西貢菠蘿輋村,"1大房,大廚房",22.381241,114.263283,差餉地租､管理費,明火煮食,,,2026-07-30T13:35:43+08:00,2026-07-30T13:36:57+08:00,2026-08-29T13:35:43+08:00,"[""https://i1.28hse.com/2026/07/202607301335131751323_large.jpg"", ""https://i1.28hse.com/2026/07/202607301335181196595_large.jpg"", ""https://i1.28hse.com/2026/07/20260730133524820505_large.jpg""]"
3890051,西貢近市近路方便3房地下平租,西貢,村屋,13800,700,3,1,低層,梗廚,,厚達地產有限公司,https://i1.28hse.com/2026/07/202607241305433414372_thumb.jpg,https://www.28hse.com/rent/apartment/property-3890051,2026-08-02T21:33:05.478720+00:00,2026-08-02T21:40:15.931547+00:00,村屋,700,新界西貢村屋 西貢,"西貢近市近路方便3房地下平租,3房1廁浴,步行5分鐘西貢市中心,小巴巴士站20分鐘車程坑口,彩虹",,,差餉地租､管理費,明火煮食,,,2026-07-14T11:17:36+08:00,2026-07-29T16:22:38+08:00,2026-08-13T11:17:36+08:00,"[""https://i1.28hse.com/2026/07/202607241305431895716_large.jpg"", ""https://i1.28hse.com/2026/07/202607241305447743633_large.jpg"", ""https://i1.28hse.com/2026/07/202607241305454761093_large.jpg"", ""https://i1.28hse.com/2026/07/202607241305458102273_large.jpg"", ""https://i1.28hse.com/2026/07/202607241310445861654_large.jpg"", ""https://i1.28hse.com/2026/07/202607241310452490605_large.jpg"", ""https://i1.28hse.com/2026/07/202607241310454992677_large.jpg""]"
3899084,西貢半山靚裝兩房頂樓連天台平租,西貢,村屋,10000,430,2,1,高層,,,厚達地產有限公司,https://i1.28hse.com/2026/06/202606201557491662357_thumb.jpg,https://www.28hse.com/rent/apartment/property-3899084,2026-08-02T21:33:05.478720+00:00,2026-08-02T21:40:16.536972+00:00,村屋,430,新界西貢村屋 西貢,"西貢半山靚裝頂樓連天台平租,兩房1廳車到門口,固定車位無敵山景",,,差餉地租､管理費,,,,2026-07-22T17:23:21+08:00,2026-07-22T17:23:21+08:00,2026-08-21T17:23:21+08:00,"[""https://i1.28hse.com/2026/07/202607101052112185538_large.jpg"", ""https://i1.28hse.com/2026/06/202606201557506745276_large.jpg"", ""https://i1.28hse.com/2026/06/20260620155748364703_large.jpg"", ""https://i1.28hse.com/2026/06/202606201557466833260_large.jpg"", ""https://i1.28hse.com/2026/06/20260620155747803978_large.jpg"", ""https://i1.28hse.com/2026/07/202607101052085757957_large.jpg"", ""https://i1.28hse.com/2026/07/202607101052085656354_large.jpg"", ""https://i1.28hse.com/2026/07/202607101052105368677_large.jpg"", ""https://i1.28hse.com/2026/07/202607101052122679882_large.jpg"", ""https://i1.28hse.com/2026/07/202607101052126280954_large.jpg"", ""https://i1.28hse.com/2026/07/20260710105213829065_large.jpg""]"
3400758,西貢海景兩房地下平租,西貢,村屋,10500,500,2,1,低層,,,厚達地產有限公司,https://i1.28hse.com/2025/10/202510111124452496625_thumb.jpg,https://www.28hse.com/rent/apartment/property-3400758,2026-08-02T21:33:05.478720+00:00,2026-08-02T21:40:17.141494+00:00,村屋,500,新界西貢村屋 西貢,"西貢海景兩房地下平租,2房1廳,步行3分鐘巴士小巴站,車程5分西貢市",,,,,,,2026-07-20T13:22:15+08:00,2026-07-20T13:22:15+08:00,2026-08-19T13:22:15+08:00,"[""https://i1.28hse.com/2025/10/202510111124444750594_large.jpg"", ""https://i1.28hse.com/2025/10/202510111124247699580_large.jpg"", ""https://i1.28hse.com/2025/10/202510111124253772883_large.jpg"", ""https://i1.28hse.com/2025/10/202510111124262252568_large.jpg"", ""https://i1.28hse.com/2025/10/202510111124277847918_large.jpg"", ""https://i1.28hse.com/2025/10/202510111124295198623_large.jpg"", ""https://i1.28hse.com/2025/10/202510111124316838085_large.jpg"", ""https://i1.28hse.com/2025/10/202510111125048405310_large.jpg""]"
3811739,西貢頭兩房開揚地下+花園平租,西貢,村屋,9000,400,2,1,低層,開放式廚房,,厚達地產有限公司,https://i1.28hse.com/2026/07/202607051116417973449_thumb.jpg,https://www.28hse.com/rent/apartment/property-3811739,2026-08-02T21:33:05.478720+00:00,2026-08-02T21:40:17.747956+00:00,村屋,400,新界西貢村屋 西貢,"西貢頭兩房開揚地下+花園平租,2房1廳,近路方便,4分鐘步行巴士小巴站,7分鐘步行匡湖居商場,巴士小巴站,10分鐘車程坑口,彩虹(不可養猫狗)",,,差餉地租､管理費,,,,2026-07-20T13:09:44+08:00,2026-07-30T16:46:53+08:00,2026-08-19T13:09:44+08:00,"[""https://i1.28hse.com/2026/07/202607051117094197104_large.jpg"", ""https://i1.28hse.com/2026/07/202607051116488067057_large.jpg"", ""https://i1.28hse.com/2026/07/202607051116523995695_large.jpg"", ""https://i1.28hse.com/2026/07/202607051116547582755_large.jpg"", ""https://i1.28hse.com/2026/07/202607051116584956207_large.jpg"", ""https://i1.28hse.com/2026/07/202607051117065149433_large.jpg""]"
3935971,西貢近市村屋 (高樓底+新裝修+近路方便!),西貢,村屋,15000,495,2,1,高層,開放式廚房,,港基地產代理有限公司,https://i1.28hse.com/2026/07/202607171721044167584_thumb.jpg,https://www.28hse.com/rent/apartment/property-3935971,2026-08-02T21:33:05.478720+00:00,2026-08-02T21:40:18.365481+00:00,村屋,550,新界西貢村屋 西貢,"550尺頂層連天台, 特高樓底, 2房1廁, 新淨裝修, 開揚山景, 數分鐘步行到西貢市中心。",,,差餉地租､管理費,明火煮食,,,2026-07-17T17:21:32+08:00,2026-07-17T17:21:32+08:00,2026-08-16T17:21:32+08:00,"[""https://i1.28hse.com/2026/07/202607171721032963538_large.jpg"", ""https://i1.28hse.com/2026/07/202607171721036381005_large.jpg"", ""https://i1.28hse.com/2026/07/202607171721034429408_large.jpg"", ""https://i1.28hse.com/2026/07/202607171721046635161_large.jpg"", ""https://i1.28hse.com/2026/07/202607171721044954147_large.jpg"", ""https://i1.28hse.com/2026/07/202607171721036839316_large.jpg"", ""https://i1.28hse.com/2026/07/202607171721044393791_large.jpg"", ""https://i1.28hse.com/2026/07/202607171721028874637_large.jpg""]"
3928353,西貢靚裝地下+花園平租,西貢,村屋,16000,700,3,1,低層,梗廚,,厚達地產有限公司,https://i1.28hse.com/2026/07/202607181556448485984_thumb.jpg,https://www.28hse.com/rent/apartment/property-3928353,2026-08-02T21:33:05.478720+00:00,2026-08-02T21:40:18.953128+00:00,村屋,700,新界西貢村屋 西貢,"西貢靚裝地+花園平租,2房地下連門前花園,步行10分鐘西貢市中心巴士小巴總站,車程20分鐘坑口,彩虹",,,差餉地租､管理費,明火煮食,,,2026-07-11T17:54:58+08:00,2026-07-18T15:57:00+08:00,2026-08-10T17:54:58+08:00,"[""https://i1.28hse.com/2026/07/202607181550062756241_large.jpg"", ""https://i1.28hse.com/2026/07/202607181550071904405_large.jpg"", ""https://i1.28hse.com/2026/07/202607181550143092063_large.jpg"", ""https://i1.28hse.com/2026/07/202607181550101607869_large.jpg"", ""https://i1.28hse.com/2026/07/202607181550127733085_large.jpg""]"
3843154,西貢近市三樓連天台平租,西貢,村屋,17000,700,3,1,,開放式廚房,,厚達地產有限公司,https://i1.28hse.com/2026/06/20260616155108308607_thumb.jpg,https://www.28hse.com/rent/apartment/property-3843154,2026-08-02T21:33:05.478720+00:00,2026-08-02T21:40:19.565331+00:00,村屋,700,新界西貢村屋 西貢,"西貢近市三樓連天台平租,3房1廁,門前車位,開揚山景",,,差餉地租､管理費,,,,2026-07-11T17:26:24+08:00,2026-07-11T17:26:24+08:00,2026-08-10T17:26:24+08:00,"[""https://i1.28hse.com/2026/06/20260616155111755508_large.jpg"", ""https://i1.28hse.com/2026/06/202606161551054485243_large.jpg"", ""https://i1.28hse.com/2026/06/202606161551105466182_large.jpg"", ""https://i1.28hse.com/2026/06/202606161551062125019_large.jpg"", ""https://i1.28hse.com/2026/06/202606161551076426553_large.jpg"", ""https://i1.28hse.com/2026/06/202606161551094471932_large.jpg"", ""https://i1.28hse.com/2026/06/202606161551102859603_large.jpg"", ""https://i1.28hse.com/2026/06/202606161551111957156_large.jpg"", ""https://i1.28hse.com/2026/06/202606161551123265327_large.jpg""]"
3762754,西貢兩房三樓連天台平租,西貢,村屋,10000,400,2,1,高層,開放式廚房,,厚達地產有限公司,https://i1.28hse.com/2026/05/202605041106215549104_thumb.jpg,https://www.28hse.com/rent/apartment/property-3762754,2026-08-02T21:33:05.478720+00:00,2026-08-02T21:40:20.910078+00:00,村屋,400,新界西貢村屋 西貢,"西貢兩房三樓連天台平租,2房1廳步行5分鐘巴士小巴士站,車程15分鐘坑口,彩虹,25分鐘旺角,官塘",,,差餉地租､管理費,,,,2026-07-11T14:47:58+08:00,2026-07-11T14:47:58+08:00,2026-08-10T14:47:58+08:00,"[""https://i1.28hse.com/2026/05/202605041106217725830_large.jpg"", ""https://i1.28hse.com/2026/05/202605041106186153987_large.jpg"", ""https://i1.28hse.com/2026/05/202605041106197815397_large.jpg"", ""https://i1.28hse.com/2026/05/202605041106191960884_large.jpg"", ""https://i1.28hse.com/2026/05/202605041106203750883_large.jpg"", ""https://i1.28hse.com/2026/05/202605041106202120651_large.jpg"", ""https://i1.28hse.com/2026/05/202605041106226435616_large.jpg"", ""https://i1.28hse.com/2026/05/202605041106244759000_large.jpg"", ""https://i1.28hse.com/2026/05/202605041106183456889_large.jpg""]"
3445671,可以養細狗、三房一廁所、地下蓮花園,西貢,,14000,700,3,1,低層,,,天富基業地產,https://i1.28hse.com/2026/07/202607111624534042003_thumb.jpg,https://www.28hse.com/rent/apartment/property-3445671,2026-08-02T21:33:05.478720+00:00,2026-08-02T21:40:21.509069+00:00,南圍村,,新界西貢南圍村 南圍村,乾淨企理、非常寧靜,0.0,0.0,,,,,2026-07-11T11:58:07+08:00,2026-07-11T16:25:44+08:00,2026-08-10T11:58:07+08:00,"[""https://i1.28hse.com/2026/07/202607111624555328909_large.jpg"", ""https://i1.28hse.com/2026/07/202607111624573305477_large.jpg"", ""https://i1.28hse.com/2026/07/202607111624595295130_large.jpg"", ""https://i1.28hse.com/2026/07/202607111625015464290_large.jpg"", ""https://i1.28hse.com/2026/07/202607111625038283851_large.jpg"", ""https://i1.28hse.com/2026/07/202607111625045213266_large.jpg"", ""https://i1.28hse.com/2026/07/202607111625063599293_large.jpg"", ""https://i1.28hse.com/2026/07/202607111625084595532_large.jpg""]"
3731898,西貢樓新靚裝2房地下圍牆花園平租,西貢,村屋,17000,700,2,1,低層,梗廚,,厚達地產有限公司,https://i1.28hse.com/2026/07/202607151444461982278_thumb.jpg,https://www.28hse.com/rent/apartment/property-3731898,2026-08-02T21:33:05.478720+00:00,2026-08-02T21:40:22.128959+00:00,村屋,700,新界西貢村屋 西頁,"西貢樓新靚裝2房地下圍牆花園平租,2房1廁浴,開揚景觀,步行3分鐘小巴巴士站,5分鐘車程西貢市",,,差餉地租､管理費,,,,2026-07-10T16:42:29+08:00,2026-07-15T14:46:07+08:00,2026-08-09T16:42:29+08:00,"[""https://i1.28hse.com/2026/07/202607151444373156213_large.jpg"", ""https://i1.28hse.com/2026/07/202607151445113060268_large.jpg"", ""https://i1.28hse.com/2026/07/202607151445218239005_large.jpg"", ""https://i1.28hse.com/2026/07/202607151444548787425_large.jpg"", ""https://i1.28hse.com/2026/07/202607151444586540153_large.jpg"", ""https://i1.28hse.com/2026/07/2026071514450429900_large.jpg"", ""https://i1.28hse.com/2026/07/202607151445164787039_large.jpg"", ""https://i1.28hse.com/2026/07/202607151445284998377_large.jpg""]"
3880252,西貢頭靚裝三樓連天台放租,西貢,村屋,13000,400,1,1,高層,開放式廚房,,厚達地產有限公司,https://i1.28hse.com/2026/07/202607301634593942037_thumb.jpg,https://www.28hse.com/rent/apartment/property-3880252,2026-08-02T21:33:05.478720+00:00,2026-08-02T21:40:22.729727+00:00,村屋,400,新界西貢村屋 西貢,"西貢頭靚裝三樓連天台放租,1房1廳,即買即住,步行5分鐘,匡湖居商場,巴士小巴站,10分鐘車程坑口,彩虹",,,差餉地租､管理費,,,,2026-07-10T16:40:52+08:00,2026-07-30T16:35:32+08:00,2026-08-09T16:40:52+08:00,"[""https://i1.28hse.com/2026/07/202607301634594006462_large.jpg"", ""https://i1.28hse.com/2026/07/202607301635006204794_large.jpg"", ""https://i1.28hse.com/2026/07/202607301635006824065_large.jpg"", ""https://i1.28hse.com/2026/07/202607301635014669305_large.jpg"", ""https://i1.28hse.com/2026/07/202607301635126861115_large.jpg"", ""https://i1.28hse.com/2026/07/202607301635122542704_large.jpg"", ""https://i1.28hse.com/2026/07/202607301635126247772_large.jpg""]"
3602402,西貢頭頂樓+有蓋天台平租,西貢,村屋,8500,400,1,1,高層,開放式廚房,,厚達地產有限公司,https://i1.28hse.com/2026/05/202605301852152488222_thumb.jpg,https://www.28hse.com/rent/apartment/property-3602402,2026-08-02T21:33:05.478720+00:00,2026-08-02T21:40:23.331402+00:00,村屋,400,新界西貢村屋 SAI KUNG,"西貢頭頂樓+有蓋天台平租三樓開放式1廁+有蓋天台廚房另1房,近路方便,步行5分鐘匡湖居,巴士小巴站,10分鐘車程坑口,彩虹",0.0,0.0,差餉地租､管理費,,,,2026-07-06T10:59:10+08:00,2026-07-26T17:07:58+08:00,2026-08-05T10:59:10+08:00,"[""https://i1.28hse.com/2026/05/202605301852142236517_large.jpg"", ""https://i1.28hse.com/2026/05/202605301852168874291_large.jpg"", ""https://i1.28hse.com/2026/05/202605301852193392446_large.jpg"", ""https://i1.28hse.com/2026/05/20260530185221784467_large.jpg"", ""https://i1.28hse.com/2026/05/202605301852223483473_large.jpg"", ""https://i1.28hse.com/2026/06/202606131818166301194_large.jpg"", ""https://i1.28hse.com/2026/06/202606131818177708942_large.jpg"", ""https://i1.28hse.com/2026/06/202606131818174099175_large.jpg"", ""https://i1.28hse.com/2026/06/202606131818178936049_large.jpg"", ""https://i1.28hse.com/2026/06/202606131818186914956_large.jpg""]"
3961751,超平租 歡迎大學生 雅裝2房 傢電齊 拎包入住 步行10分鐘至港大,石塘咀,再發大廈,17000,466,2,1,中層,,67,樂家物業有限公司,https://i1.28hse.com/2026/08/202608060216486729232_thumb.jpg,https://www.28hse.com/rent/apartment/property-3961751,2026-08-05T20:41:00.873779+00:00,2026-08-05T20:42:13.897867+00:00,再發大廈,,香港島石塘咀再發大廈 皇后大道西522-530號,"1.歡迎大學生 雅裝2大房
2.傢俬電器齊 拎包入住 
3.交通便利 近港大地鐵站",22.285919,114.134567,差餉地租､管理費,,,,2026-08-06T02:16:50+08:00,2026-08-06T02:16:50+08:00,2026-09-05T02:16:50+08:00,"[""https://i1.28hse.com/2026/08/202608060216483431339_large.jpg"", ""https://i1.28hse.com/2026/08/202608060216491575438_large.jpg"", ""https://i1.28hse.com/2026/08/202608060216495878082_large.jpg"", ""https://i1.28hse.com/2026/08/202608060216494046099_large.jpg""]"
3960211,【VR/圖則】行樓梯 / 近地鐵 / 天台,西營盤,西邊街8-10號,15500,425,2,1,,梗廚,44,小村置業有限公司,https://i1.28hse.com/2026/08/20260804222723830494_thumb.jpg,https://www.28hse.com/rent/apartment/property-3960211,2026-08-05T20:41:00.873779+00:00,2026-08-05T20:42:14.793663+00:00,西邊街8-10號,,香港島西營盤西邊街8-10號 西邊街8-10號,"這個單位位於寧靜的西營盤地區，鄰近西營盤地鐵站。簡約裝修，包少量家俬電器，私人天台獨享自然光線和新鮮空氣。
　
我們的代理住在附近，熟悉附近社區環境，歡迎預約並在您方便的時候和您一起參觀這個漂亮的單位。
　
專業公司統一管理，乾淨企理，省卻漏水/滲水/噪音煩惱，無後顧之憂。
　
尚有其他單位（中層、高層）選擇，可安排一次過參觀，有議價空間，歡迎查詢。
　
地租、差餉、管理費全包。
　
| 網上搵樓盤 | VR睇樓 | 業主放盤 | 一站式租務管理 |
小村置業：www.omuraproperty.com
Facebook/IG：omuraproperty",22.286381,114.14075500000001,差餉地租､管理費,,,,2026-08-04T22:27:32+08:00,2026-08-04T22:27:32+08:00,2026-09-03T22:27:32+08:00,"[""https://i1.28hse.com/2026/08/202608042227236502399_large.jpg"", ""https://i1.28hse.com/2026/08/202608042227233221672_large.jpg"", ""https://i1.28hse.com/2026/08/202608042227231101181_large.jpg"", ""https://i1.28hse.com/2026/08/202608042227245368986_large.jpg"", ""https://i1.28hse.com/2026/08/202608042227244980551_large.jpg"", ""https://i1.28hse.com/2026/08/202608042227242517626_large.jpg"", ""https://i1.28hse.com/2026/08/202608042227253174549_large.jpg"", ""https://i1.28hse.com/2026/08/202608042227251535784_large.jpg"", ""https://i1.28hse.com/2026/08/202608042227254743192_large.jpg"", ""https://i1.28hse.com/2026/08/202608042227253874825_large.jpg"", ""https://i1.28hse.com/2026/08/202608042227268642678_large.jpg"", ""https://i1.28hse.com/2026/08/202608042227264290540_large.jpg"", ""https://i1.28hse.com/2026/08/202608042227264879606_large.jpg"", ""https://i1.28hse.com/2026/08/202608042227263155017_large.jpg"", ""https://i1.28hse.com/2026/08/202608042227273244498_large.jpg"", ""https://i1.28hse.com/2026/08/202608042227271999786_large.jpg"", ""https://i1.28hse.com/2026/08/202608042227273506635_large.jpg"", ""https://i1.28hse.com/2026/08/202608042227281431515_large.jpg"", ""https://i1.28hse.com/2026/08/202608042227288832815_large.jpg"", ""https://i1.28hse.com/2026/08/202608042227288035506_large.jpg"", ""https://i1.28hse.com/2026/08/20260804222728938949_large.jpg"", ""https://i1.28hse.com/2026/08/202608042227298387332_large.jpg"", ""https://i1.28hse.com/2026/08/202608042227294467504_large.jpg"", ""https://i1.28hse.com/2026/08/202608042227302678322_large.jpg"", ""https://i1.28hse.com/2026/08/202608042227305967088_large.jpg"", ""https://i1.28hse.com/2026/08/20260804222730862936_large.jpg"", ""https://i1.28hse.com/2026/08/202608042227316512646_large.jpg"", ""https://i1.28hse.com/2026/08/20260804222731835301_large.jpg"", ""https://i1.28hse.com/2026/08/202608042227317357022_large.jpg"", ""https://i1.28hse.com/2026/08/20260804222723830494_large.jpg""]"
3953281,红磡海湾轩100%海景单位，有泳池，健身房，兵乓球室，卓球室，麻将室，室外泳池,紅磡,,13000,560,2,1,高層,開放式廚房,,,https://i1.28hse.com/2026/07/20260731124852134096_thumb.jpg,https://www.28hse.com/rent/apartment/property-3953281,2026-08-05T20:41:00.873779+00:00,2026-08-05T20:42:15.629998+00:00,红磡海湾轩C座 Harbourfront horizon aill-suite hotel,700,九龍紅磡红磡海湾轩C座 九龙红磡红鸾道8号,海湾轩,,,差餉地租､管理費 / 煤氣,,,,2026-08-04T16:36:45+08:00,2026-08-04T19:51:23+08:00,2026-09-03T16:36:45+08:00,"[""https://i1.28hse.com/2026/07/202607311248542165115_large.jpg"", ""https://i1.28hse.com/2026/07/202607311248553568158_large.jpg"", ""https://i1.28hse.com/2026/07/202607311248563885572_large.jpg"", ""https://i1.28hse.com/2026/07/202607311248582138682_large.jpg"", ""https://i1.28hse.com/2026/07/202607311248593213880_large.jpg"", ""https://i1.28hse.com/2026/07/202607311249005945311_large.jpg""]"
3961495,尖沙咀地鐵上蓋平地電梯3房套客飯廳廚廁合家庭學生宿舍,尖沙咀,華源大廈,16300,478,3,4,低層,,65,金國置業,https://i1.28hse.com/2026/08/202608051955425264782_thumb.jpg,https://www.28hse.com/rent/apartment/property-3961495,2026-08-05T20:41:00.873779+00:00,2026-08-05T20:42:16.600994+00:00,華源大廈,650,九龍尖沙咀華源大廈 彌敦道87號,3套房1飯廳1廚1客廳1廁另放售$410萬祥情請看YOUTUBE影片,22.297703,114.171822,差餉地租､管理費,明火煮食,,,2026-08-05T19:55:45+08:00,2026-08-05T19:55:45+08:00,2026-09-04T19:55:45+08:00,"[""https://i1.28hse.com/2026/08/202608051955422001944_large.jpg"", ""https://i1.28hse.com/2026/08/202608051955424990617_large.jpg"", ""https://i1.28hse.com/2026/08/202608051955426097851_large.jpg"", ""https://i1.28hse.com/2026/08/202608051955425591956_large.jpg"", ""https://i1.28hse.com/2026/08/202608051955435887222_large.jpg"", ""https://i1.28hse.com/2026/08/202608051955431936219_large.jpg"", ""https://i1.28hse.com/2026/08/202608051955438524480_large.jpg"", ""https://i1.28hse.com/2026/08/202608051955448909277_large.jpg"", ""https://i1.28hse.com/2026/08/202608051955443673210_large.jpg"", ""https://i1.28hse.com/2026/08/20260805195544724236_large.jpg"", ""https://i1.28hse.com/2026/08/202608051955452898893_large.jpg""]"
3692248,高層兩房兩廁 海景單位 鄰近地鐵,尖沙咀,恆星樓,16800,431,2,2,高層,開放式廚房,56,嘉憶地產,https://i1.28hse.com/2026/07/202607311919493508324_thumb.jpg,https://www.28hse.com/rent/apartment/property-3692248,2026-08-05T20:41:00.873779+00:00,2026-08-05T20:42:17.380725+00:00,恆星樓,,九龍尖沙咀恆星樓 緬甸臺3號,"高層兩房兩廁 海景單位 鄰近地鐵
- 有電梯
- 24小時管理員",22.296356,114.17340099999998,差餉地租､管理費,,,,2026-07-28T16:46:53+08:00,2026-08-03T16:22:01+08:00,2026-08-27T16:46:53+08:00,"[""https://i1.28hse.com/2026/07/202607311920018732995_large.jpg"", ""https://i1.28hse.com/2026/07/202607311919582346694_large.jpg"", ""https://i1.28hse.com/2026/07/202607311919444448425_large.jpg"", ""https://i1.28hse.com/2026/07/202607311919503167310_large.jpg"", ""https://i1.28hse.com/2026/07/202607311919528967872_large.jpg"", ""https://i1.28hse.com/2026/07/202607311919536974481_large.jpg"", ""https://i1.28hse.com/2026/07/202607311919554838637_large.jpg"", ""https://i1.28hse.com/2026/07/202607311919564836157_large.jpg"", ""https://i1.28hse.com/2026/07/202607311919594054599_large.jpg""]"
3960139,佐敦地鐵至荀傢電2房開揚光猛,佐敦,儉德大廈,15500,611,2,1,中層,梗廚,61,金國置業,https://i1.28hse.com/2026/08/202608042027516447258_thumb.jpg,https://www.28hse.com/rent/apartment/property-3960139,2026-08-05T20:41:00.873779+00:00,2026-08-05T20:42:18.139217+00:00,儉德大廈,775,九龍佐敦儉德大廈 彌敦道342號,向大街平地電梯,22.306786,114.171707,差餉地租､管理費,明火煮食,,,2026-08-04T20:27:52+08:00,2026-08-04T20:27:52+08:00,2026-09-03T20:27:52+08:00,"[""https://i1.28hse.com/2026/08/202608042027516648116_large.jpg"", ""https://i1.28hse.com/2026/08/202608042027515295183_large.jpg"", ""https://i1.28hse.com/2026/08/20260804202751262278_large.jpg"", ""https://i1.28hse.com/2026/08/2026080420275147040_large.jpg"", ""https://i1.28hse.com/2026/08/202608042027517963066_large.jpg"", ""https://i1.28hse.com/2026/08/202608042027515647910_large.jpg"", ""https://i1.28hse.com/2026/08/202608042027522564895_large.jpg""]"
3959737,地鐵站出口 2分鐘 高層開揚 實用2房靚裝 有匙即睇快者得,佐敦,金寶樓,16800,407,2,1,中層,梗廚,50,金國置業,https://i1.28hse.com/2026/08/202608041703234409413_thumb.jpg,https://www.28hse.com/rent/apartment/property-3959737,2026-08-05T20:41:00.873779+00:00,2026-08-05T20:42:19.015269+00:00,金寶樓,,九龍佐敦金寶樓 白加士街42-50號,"尚有大量筍盤未能盡錄
歡迎致電：譚生
九龍站豪宅 油尖旺住宅
筍盤最多最快最齊
專業專心令你放心",22.304518,114.170799,差餉地租､管理費,,,,2026-08-04T17:03:45+08:00,2026-08-04T17:05:44+08:00,2026-09-03T17:03:45+08:00,"[""https://i1.28hse.com/2026/08/202608041703244078593_large.jpg"", ""https://i1.28hse.com/2026/08/202608041703254211219_large.jpg"", ""https://i1.28hse.com/2026/08/202608041703254795364_large.jpg"", ""https://i1.28hse.com/2026/08/202608041703263830680_large.jpg""]"
3959479,"佐敦核心交通方便,平地電梯地鐵站一分鐘",佐敦,百誠大廈,16900,468,2,1,中層,,49,中興地產有限公司,https://i1.28hse.com/2026/08/202608041530007138796_thumb.jpg,https://www.28hse.com/rent/apartment/property-3959479,2026-08-05T20:41:00.873779+00:00,2026-08-05T20:42:19.778681+00:00,百誠大廈,,九龍佐敦百誠大廈 佐敦道31-37號,少量傢俬,22.305513,114.170403,,,,,2026-08-04T15:30:03+08:00,2026-08-04T15:30:03+08:00,2026-09-03T15:30:03+08:00,"[""https://i1.28hse.com/2026/08/202608041530011093252_large.jpg"", ""https://i1.28hse.com/2026/08/202608041530018060982_large.jpg"", ""https://i1.28hse.com/2026/08/202608041530014450368_large.jpg"", ""https://i1.28hse.com/2026/08/202608041530023742735_large.jpg"", ""https://i1.28hse.com/2026/08/202608041530021721716_large.jpg"", ""https://i1.28hse.com/2026/08/202608041530034432523_large.jpg""]"
3959268,傢俬電器齊！有匙！適合家庭/學生合租 有匙即睇,佐敦,文景樓,17000,510,3,1,高層,,59,中興地產有限公司,https://i1.28hse.com/2026/08/202608041344462918365_thumb.jpg,https://www.28hse.com/rent/apartment/property-3959268,2026-08-05T20:41:00.873779+00:00,2026-08-05T20:42:20.542556+00:00,文景樓,,九龍佐敦文景樓 文英街47號,"平租, 只求好租客",22.307192000000004,114.165733,差餉地租､管理費,,,,2026-08-04T13:45:12+08:00,2026-08-04T13:52:24+08:00,2026-09-03T13:45:12+08:00,"[""https://i1.28hse.com/2026/08/202608041344482167550_large.jpg"", ""https://i1.28hse.com/2026/08/20260804134450126899_large.jpg"", ""https://i1.28hse.com/2026/08/20260804134451814544_large.jpg"", ""https://i1.28hse.com/2026/08/202608041344536109092_large.jpg"", ""https://i1.28hse.com/2026/08/20260804134455264799_large.jpg"", ""https://i1.28hse.com/2026/08/202608041344574284976_large.jpg""]"
3944143,儉德超寬大廳偏廳 兩房 傢俬電器齊備 明廁 開放式明火煮食 另放3.2M,佐敦,儉德大廈,15500,611,2,1,中層,,61,駿輝地產旺角有限公司,https://i1.28hse.com/2026/08/202608032247598424044_thumb.jpg,https://www.28hse.com/rent/apartment/property-3944143,2026-08-05T20:41:00.873779+00:00,2026-08-05T20:42:21.432280+00:00,儉德大廈,775,九龍佐敦儉德大廈 彌敦道342號,"筍盤 兩房一廳 全新靚裝 乾濕分離 基本家電 全新靚裝 基本家電 傢俬 租合櫃 wifi 近地鐵站
平租, 只求好租客, 豪華靚裝, 街景, 開揚, 遠景, 樓景, 包傢俬, 包電器, 有裝修, 旺中帶靜, 設施齊備, 傢電靚裝, 實用率高",22.306786,114.171707,差餉地租､管理費,,,,2026-07-23T20:58:30+08:00,2026-08-03T22:48:25+08:00,2026-08-22T20:58:30+08:00,"[""https://i1.28hse.com/2026/08/202608032248005763076_large.jpg"", ""https://i1.28hse.com/2026/08/202608032248025272661_large.jpg"", ""https://i1.28hse.com/2026/08/202608032248035450147_large.jpg"", ""https://i1.28hse.com/2026/08/202608032248047598809_large.jpg"", ""https://i1.28hse.com/2026/08/202608032248058564969_large.jpg"", ""https://i1.28hse.com/2026/08/202608032248061355737_large.jpg"", ""https://i1.28hse.com/2026/08/202608032248071387092_large.jpg"", ""https://i1.28hse.com/2026/08/202608032248087154801_large.jpg"", ""https://i1.28hse.com/2026/08/202608032248098162456_large.jpg"", ""https://i1.28hse.com/2026/08/202608032248103005717_large.jpg"", ""https://i1.28hse.com/2026/08/202608032248125570855_large.jpg"", ""https://i1.28hse.com/2026/08/202608032248136993059_large.jpg"", ""https://i1.28hse.com/2026/08/202608032248133868098_large.jpg"", ""https://i1.28hse.com/2026/08/202608032248148252860_large.jpg""]"
3938798,佐敦！2房大廳！407尺！2分鐘地鐵！【金寶樓】房大廳大 合家庭客！有電梯,佐敦,,17000,407,2,1,,梗廚,50,駿輝地產發展有限公司,https://i1.28hse.com/2026/08/202608031738426086198_thumb.jpg,https://www.28hse.com/rent/apartment/property-3938798,2026-08-05T20:41:00.873779+00:00,2026-08-05T20:42:22.231461+00:00,白加士街42-50號,,九龍佐敦白加士街42-50號 白加士街42-50號,"【多窗開揚 房大廳大 家庭客首選】
【四通八達 超近地鐵站】
【實用2房大廳 旺中帶靜】
【2分鐘地鐵 樓下應有盡有】
 
歡迎致電楊小姐6074 6211。
 
　　
本公司10間分店聯營, 大量盤源, 一通電話, 助你找尋油尖旺全區荀盤
本鋪(佐敦分店):
► 免費提供銀行估價
► 免費網上廣告宣傳
► 免費室內設計諮詢
► 專業銀行按揭, 律師樓轉介, 一條龍服務。",,,差餉地租､管理費,,,,2026-07-19T18:08:45+08:00,2026-08-03T17:40:45+08:00,2026-08-18T18:08:45+08:00,"[""https://i1.28hse.com/2026/08/202608031738438691091_large.jpg"", ""https://i1.28hse.com/2026/08/202608031738417283816_large.jpg"", ""https://i1.28hse.com/2026/08/202608031738445600377_large.jpg"", ""https://i1.28hse.com/2026/08/202608031738434106049_large.jpg"", ""https://i1.28hse.com/2026/08/202608031738427718350_large.jpg"", ""https://i1.28hse.com/2026/08/202608031738448350823_large.jpg"", ""https://i1.28hse.com/2026/08/202608031738453985141_large.jpg"", ""https://i1.28hse.com/2026/08/202608031739543145257_large.jpg""]"
3892770,油麻地彌敦道 611呎大兩房 港生合租首選 極速直達理大城大浸大,佐敦,儉德大廈,15000,611,2,,中層,梗廚,61,駿輝地產旺角有限公司,https://i1.28hse.com/2026/08/202608031918422861010_thumb.jpg,https://www.28hse.com/rent/apartment/property-3892770,2026-08-05T20:41:00.873779+00:00,2026-08-05T20:42:23.032960+00:00,儉德大廈,775,九龍佐敦儉德大廈 彌敦道342號,"【油麻地核心/彌敦道】高層 611 呎大兩房一廳！港生/來港留學生合租首選，人均極抵！直達各大高校！
坐落油麻地彌敦道黃金地段，步行數分鐘即達油麻地/佐敦地鐵站。樓下即有專線巴士直達各大院校，周邊聚集無數平民美食、超市、藥房及生活百貨，非常適合來港求學的學生居住！
單位實用面積達 611 呎，採用 2 房 1 廳 寬敞間隔，月租 $15,000。兩至三人合租每人只需 $5,000 - $7,500，以市中心大空間來說性價比極高！隨時可安排睇樓及預約入住。
 學生專屬優勢：
 各大高校極速通勤：
 理大 (PolyU)：巴士幾站直達 / 步行或單車極速到達。
 城大 (CityU) / 浸大 (HKBU)：觀塘綫/荃灣綫地鐵直達，無需頻繁轉綫。
 都大 (HKMU)：過海或小巴直達，極為方便。
 港大 (HKU)：地鐵直達港島綫。
 超高合租性價比：
 實用面積 611 呎，告別香港常見的「劏房/微型單位」！
 超大客廳，合租完全不擁擠，每人擁有充足獨立與公共活動空間。
 ️ 獨立超大廚房連陽台：
 獨立大廚房，方便同學自己做飯省錢，煮食通風極佳，配備充足收納櫃。
 ️ 生活機能 100 分：
 樓下就是彌敦道繁華商圈，24小時便利店、街市、大型超市及內地菜館應有盡有，生活無縫接軌。
 睇樓安排：現已空出，歡迎隨時預約現場或視頻睇樓，即租即入住！",22.306786,114.171707,差餉地租､管理費,明火煮食,,,2026-07-17T11:54:11+08:00,2026-08-03T19:19:40+08:00,2026-08-16T11:54:11+08:00,"[""https://i1.28hse.com/2026/08/202608031918438993181_large.jpg"", ""https://i1.28hse.com/2026/08/202608031918444366503_large.jpg"", ""https://i1.28hse.com/2026/08/202608031918462190143_large.jpg"", ""https://i1.28hse.com/2026/08/202608031918511409295_large.jpg"", ""https://i1.28hse.com/2026/08/202608031918527483059_large.jpg"", ""https://i1.28hse.com/2026/08/202608031918536481205_large.jpg"", ""https://i1.28hse.com/2026/08/202608031918552395520_large.jpg"", ""https://i1.28hse.com/2026/08/202608031918578306077_large.jpg"", ""https://i1.28hse.com/2026/08/202608031919006263196_large.jpg"", ""https://i1.28hse.com/2026/08/202608031919027721541_large.jpg"", ""https://i1.28hse.com/2026/08/202608031919056067300_large.jpg"", ""https://i1.28hse.com/2026/08/202608031919063253743_large.jpg"", ""https://i1.28hse.com/2026/08/202608031919072354992_large.jpg"", ""https://i1.28hse.com/2026/08/202608031919081760345_large.jpg"", ""https://i1.28hse.com/2026/08/202608031919098166289_large.jpg"", ""https://i1.28hse.com/2026/08/202608031919094365113_large.jpg""]"
3933532,4/8 有匙 地鐵口 2房 有傢俱,佐敦,金寶樓,17000,407,2,1,中層,,50,駿輝地產投資有限公司,https://i1.28hse.com/2026/08/202608041527484505407_thumb.jpg,https://www.28hse.com/rent/apartment/property-3933532,2026-08-05T20:41:00.873779+00:00,2026-08-05T20:42:23.803971+00:00,金寶樓,,九龍佐敦金寶樓 白加士街42-50號,wechat : LEUNG0010,22.304517999999998,114.17079900000002,差餉地租､管理費,,,,2026-07-15T19:22:29+08:00,2026-08-04T15:38:48+08:00,2026-08-14T19:22:29+08:00,"[""https://i1.28hse.com/2026/08/202608041527458770509_large.jpg"", ""https://i1.28hse.com/2026/08/202608041527467818303_large.jpg"", ""https://i1.28hse.com/2026/08/202608041527472925414_large.jpg"", ""https://i1.28hse.com/2026/08/202608041527506314743_large.jpg"", ""https://i1.28hse.com/2026/08/202608041527511776094_large.jpg"", ""https://i1.28hse.com/2026/08/20260804152749973506_large.jpg"", ""https://i1.28hse.com/2026/08/202608041527525819574_large.jpg"", ""https://i1.28hse.com/2026/08/202608041527481340287_large.jpg"", ""https://i1.28hse.com/2026/08/202608041527535126199_large.jpg""]"
3927334,{誠意推介} 佐敦近港鐵 雅裝2房大廳 相熟好業主,佐敦,百誠大廈,16500,473,2,1,中層,,49,中興地產有限公司,https://i1.28hse.com/2026/08/202608031802181938506_thumb.jpg,https://www.28hse.com/rent/apartment/property-3927334,2026-08-05T20:41:00.873779+00:00,2026-08-05T20:42:24.933005+00:00,百誠大廈,,九龍佐敦百誠大廈 佐敦道31-37號,"冷氣大堂 保安嚴密
一分鐘港鐵站 交通便利",22.305513,114.170403,差餉地租､管理費,,,,2026-07-11T00:12:56+08:00,2026-08-03T18:02:25+08:00,2026-08-10T00:12:56+08:00,"[""https://i1.28hse.com/2026/08/20260803180218118157_large.jpg"", ""https://i1.28hse.com/2026/08/202608031802182268482_large.jpg"", ""https://i1.28hse.com/2026/08/202608031802192811278_large.jpg"", ""https://i1.28hse.com/2026/08/202608031802194783402_large.jpg"", ""https://i1.28hse.com/2026/08/202608031802194422807_large.jpg""]"
3961372,突發！「九千五兩房」堅～旺角！是正裝修！房大廳超大！歡迎學生！要快快快～,旺角,康寧大廈,9500,495,2,1,,梗廚,60,廣信地產顧問有限公司,https://i1.28hse.com/2026/08/202608051846434351370_thumb.jpg,https://www.28hse.com/rent/apartment/property-3961372,2026-08-05T20:41:00.873779+00:00,2026-08-05T20:42:25.729305+00:00,康寧大廈,,九龍旺角康寧大廈 花園街83-85號,"租金9500兩房
旺角花園街
落樓乜都齊曬！
歡迎學生～
快手約睇(⁎⁍̴̛ᴗ⁍̴̛⁎)",22.318945,114.171043,差餉地租､管理費,,,,2026-08-05T18:47:01+08:00,2026-08-05T18:47:01+08:00,2026-09-04T18:47:01+08:00,"[""https://i1.28hse.com/2026/08/202608051846441992125_large.jpg"", ""https://i1.28hse.com/2026/08/202608051846448055982_large.jpg"", ""https://i1.28hse.com/2026/08/202608051846456560571_large.jpg"", ""https://i1.28hse.com/2026/08/202608051846456670513_large.jpg"", ""https://i1.28hse.com/2026/08/202608051846465384436_large.jpg"", ""https://i1.28hse.com/2026/08/202608051846463456683_large.jpg"", ""https://i1.28hse.com/2026/08/202608051846461819139_large.jpg"", ""https://i1.28hse.com/2026/08/20260805184647705384_large.jpg"", ""https://i1.28hse.com/2026/08/20260805184647684176_large.jpg""]"
3296995,旺角2房雅裝間隔實用房大廳大,旺角,得寶大廈,16000,407,2,1,中層,,46,明威置業,https://i1.28hse.com/2026/08/202608032119543659608_thumb.jpg,https://www.28hse.com/rent/apartment/property-3296995,2026-08-05T20:41:00.873779+00:00,2026-08-05T20:42:26.463843+00:00,得寶大廈,,九龍旺角得寶大廈 洗衣街70号,鄰近港鐵及火車交通方便间格四正超市食肆一應俱全,22.319023,114.172112,差餉地租､管理費,,,,2026-08-03T20:47:56+08:00,2026-08-03T21:20:07+08:00,2026-09-02T20:47:56+08:00,"[""https://i1.28hse.com/2026/08/202608032119548884976_large.jpg"", ""https://i1.28hse.com/2026/08/202608032119558693957_large.jpg"", ""https://i1.28hse.com/2026/08/20260803211956397579_large.jpg"", ""https://i1.28hse.com/2026/08/202608032119564415384_large.jpg"", ""https://i1.28hse.com/2026/08/202608032119571475858_large.jpg"", ""https://i1.28hse.com/2026/08/202608032119581026310_large.jpg"", ""https://i1.28hse.com/2026/08/20260803211958848270_large.jpg""]"
3960209,太子福耀大廈三房一廳租16800,太子,單幢樓房,16800,500,3,1,,,,旗昌地產公司,https://i1.28hse.com/2026/08/202608042222562317312_thumb.jpg,https://www.28hse.com/rent/apartment/property-3960209,2026-08-05T20:41:00.873779+00:00,2026-08-05T20:42:27.211194+00:00,單幢樓房,,九龍太子單幢樓房 大埔道,"太子福耀大廈三房一廳租16800
微信：keecheong2328",22.325504,114.168182,差餉地租､管理費,,,,2026-08-04T22:23:00+08:00,2026-08-04T22:23:00+08:00,2026-09-03T22:23:00+08:00,"[""https://i1.28hse.com/2026/08/202608042222568226944_large.jpg"", ""https://i1.28hse.com/2026/08/202608042222563583503_large.jpg"", ""https://i1.28hse.com/2026/08/202608042222572453793_large.jpg"", ""https://i1.28hse.com/2026/08/20260804222257832844_large.jpg"", ""https://i1.28hse.com/2026/08/202608042222577013540_large.jpg"", ""https://i1.28hse.com/2026/08/202608042222588462496_large.jpg"", ""https://i1.28hse.com/2026/08/202608042222583856446_large.jpg"", ""https://i1.28hse.com/2026/08/202608042222598379828_large.jpg"", ""https://i1.28hse.com/2026/08/202608042222591650724_large.jpg"", ""https://i1.28hse.com/2026/08/202608042222594445524_large.jpg"", ""https://i1.28hse.com/2026/08/202608042223002229915_large.jpg"", ""https://i1.28hse.com/2026/08/202608042223002775801_large.jpg""]"
3957691,太子地鐵 套三房連天台,太子,康齡大廈,16800,471,3,,高層,,50,安居地產,https://i1.28hse.com/2026/08/202608031319396492292_thumb.jpg,https://www.28hse.com/rent/apartment/property-3957691,2026-08-05T20:41:00.873779+00:00,2026-08-05T20:42:28.909869+00:00,康齡大廈,,九龍太子康齡大廈 太子道西108-118號,有部份傢俬,22.324169,114.16794599999999,差餉地租､管理費,,,,2026-08-03T13:23:23+08:00,2026-08-05T19:00:57+08:00,2026-09-02T13:23:23+08:00,"[""https://i1.28hse.com/2026/08/202608031319407669456_large.jpg"", ""https://i1.28hse.com/2026/08/202608031319418526326_large.jpg"", ""https://i1.28hse.com/2026/08/202608031319421262264_large.jpg"", ""https://i1.28hse.com/2026/08/202608031319437251091_large.jpg"", ""https://i1.28hse.com/2026/08/202608031319445601054_large.jpg"", ""https://i1.28hse.com/2026/08/202608031319457396686_large.jpg"", ""https://i1.28hse.com/2026/08/202608031319451346170_large.jpg"", ""https://i1.28hse.com/2026/08/202608031319462441988_large.jpg"", ""https://i1.28hse.com/2026/08/202608041457076512178_large.jpg"", ""https://i1.28hse.com/2026/08/202608041457088013314_large.jpg""]"
3948929,新裝修2房，近地鐵，唐樓5/F,太子,雅蘭大廈,12000,400,2,1,中層,,63,駿輝地產投資有限公司,https://i1.28hse.com/2026/08/202608032156164535336_thumb.jpg,https://www.28hse.com/rent/apartment/property-3948929,2026-08-05T20:41:00.873779+00:00,2026-08-05T20:42:29.670625+00:00,雅蘭大廈,,九龍太子雅蘭大廈 鴉蘭街3-5號及新填地街596號,"平租, 只求好租客",22.322567,114.167046,差餉地租､管理費,,,,2026-07-27T19:51:46+08:00,2026-08-03T21:56:50+08:00,2026-08-26T19:51:46+08:00,"[""https://i1.28hse.com/2026/08/202608032156192950566_large.jpg"", ""https://i1.28hse.com/2026/08/20260803215621318358_large.jpg"", ""https://i1.28hse.com/2026/08/202608032156221043465_large.jpg"", ""https://i1.28hse.com/2026/08/202608032156248278858_large.jpg""]"
3901906,"【寶興大廈】兩房一廳, 齊傢俬, 平地電梯, 4分鐘到太子站。",太子,寶興大廈,16800,405,2,1,,梗廚,56,鴻利物業代理有限公司,https://i1.28hse.com/2026/08/202608041622106086363_thumb.jpg,https://www.28hse.com/rent/apartment/property-3901906,2026-08-05T20:41:00.873779+00:00,2026-08-05T20:42:30.445424+00:00,寶興大廈,,九龍太子寶興大廈 界限街10L-12號,"兩房一廳, 齊傢俬, 拎包入住。
4分鐘到太子站。",22.326152999999998,114.16520699999997,差餉地租､管理費,,,,2026-07-24T19:25:27+08:00,2026-08-04T16:22:51+08:00,2026-08-23T19:25:27+08:00,"[""https://i1.28hse.com/2026/08/202608041622148042057_large.jpg"", ""https://i1.28hse.com/2026/08/202608041622172192449_large.jpg"", ""https://i1.28hse.com/2026/08/202608041622191870685_large.jpg"", ""https://i1.28hse.com/2026/08/202608041622221535267_large.jpg"", ""https://i1.28hse.com/2026/08/202608041622253448956_large.jpg"", ""https://i1.28hse.com/2026/08/202608041622293856481_large.jpg"", ""https://i1.28hse.com/2026/08/202608041622338716634_large.jpg"", ""https://i1.28hse.com/2026/08/202608041622377735891_large.jpg"", ""https://i1.28hse.com/2026/08/202608041622415624604_large.jpg""]"
3844967,"長沙灣兩房一廳優質盤, 地點極佳 交通便利!",長沙灣,,9900,400,2,1,,梗廚,,奧思房產,https://i1.28hse.com/2026/08/202608041616042724747_thumb.jpg,https://www.28hse.com/rent/apartment/property-3844967,2026-08-05T20:41:00.873779+00:00,2026-08-05T20:42:31.210278+00:00,長沙灣 青山道 280號 Castle Peak 280,,九龍長沙灣長沙灣 青山道 280號 長沙灣 青山道 280號,"Sparrow Homes 所有房間設備：
• 專業維護
• 熱水淋浴室
• 冷氣
更多細節：
• 租約長度：最少1年
• 按金：兩按一上
Sparrow Home 致力打造可負擔的平租生態圈，重新定義「家」為勇敢追夢的起點。
單位遍佈港島及九龍區，包括標準開放式套房、高級開放式套房、一房單位及兩房單位。
https://owl2lite.com/",,,差餉地租､管理費,,,,2026-07-15T16:39:11+08:00,2026-08-04T16:51:25+08:00,2026-08-14T16:39:11+08:00,"[""https://i1.28hse.com/2026/08/202608041616031572497_large.jpg"", ""https://i1.28hse.com/2026/08/202608041616053325819_large.jpg"", ""https://i1.28hse.com/2026/08/20260804161606141648_large.jpg""]"
3734028,"長沙灣兩房一廳筍盤, 地點交通便利!",長沙灣,,10500,400,2,1,,開放式廚房,,奧思房產,https://i1.28hse.com/2026/08/202608041624082670667_thumb.jpg,https://www.28hse.com/rent/apartment/property-3734028,2026-08-05T20:41:00.873779+00:00,2026-08-05T20:42:31.909002+00:00,青山道 282 Castle Peak 282,,九龍長沙灣青山道 282 青山道 282,"Sparrow Home 所有房間設備：
• 專業維護
• 熱水淋浴室
• 冷氣
更多細節：
•按金：兩按一上
https://owl2lite.com/",,,差餉地租､管理費,,,,2026-07-15T16:39:11+08:00,2026-08-04T16:51:04+08:00,2026-08-14T16:39:11+08:00,"[""https://i1.28hse.com/2026/08/202608041624096634461_large.jpg"", ""https://i1.28hse.com/2026/08/202608041624111974400_large.jpg"", ""https://i1.28hse.com/2026/08/202608041624101991984_large.jpg""]"
3961192,((全新豪裝))夾租恩物 三間套房 仲有廳仔 可租宿舍/學生合租/長租,深水埗,南昌樓,15500,431,3,3,,開放式廚房,51,廣信地產顧問有限公司,https://i1.28hse.com/2026/08/202608051738052548910_thumb.jpg,https://www.28hse.com/rent/apartment/property-3961192,2026-08-05T20:41:00.873779+00:00,2026-08-05T20:42:32.654853+00:00,南昌樓,,九龍深水埗南昌樓 南昌街177-179號,"+whatsapp有片
+全新分間2間1房1廳+1間套房
+獨立水電錶
*廣信地產多間分行為你服務：
-油麻地上海街383號地下A2舖
-旺角山東街24號地下B舖
-旺角渡船街323號地下2號舖
-大角咀埃華街70號地下1C2號舖",22.330564,114.164207,差餉地租､管理費,,,,2026-08-05T17:38:10+08:00,2026-08-05T17:38:10+08:00,2026-09-04T17:38:10+08:00,"[""https://i1.28hse.com/2026/08/202608051738051397860_large.jpg"", ""https://i1.28hse.com/2026/08/202608051738068963423_large.jpg"", ""https://i1.28hse.com/2026/08/202608051738062835284_large.jpg"", ""https://i1.28hse.com/2026/08/202608051738067089142_large.jpg"", ""https://i1.28hse.com/2026/08/202608051738072871170_large.jpg"", ""https://i1.28hse.com/2026/08/202608051738075897215_large.jpg"", ""https://i1.28hse.com/2026/08/202608051738071090766_large.jpg"", ""https://i1.28hse.com/2026/08/202608051738083340686_large.jpg"", ""https://i1.28hse.com/2026/08/202608051738081314685_large.jpg"", ""https://i1.28hse.com/2026/08/202608051738085775704_large.jpg"", ""https://i1.28hse.com/2026/08/202608051738091431229_large.jpg"", ""https://i1.28hse.com/2026/08/202608051738096481261_large.jpg"", ""https://i1.28hse.com/2026/08/202608051738091479716_large.jpg""]"
3914283,近地鐵 唐6樓 三房一廳 連天台,深水埗,唐樓,9800,450,3,1,,梗廚,,城市地產,https://i1.28hse.com/2026/08/202608042252261714413_thumb.jpg,https://www.28hse.com/rent/apartment/property-3914283,2026-08-05T20:41:00.873779+00:00,2026-08-05T20:42:34.285473+00:00,唐樓,,九龍深水埗唐樓 元州街 北河街,環境寧靜,,,差餉地租､管理費,明火煮食,,,2026-08-02T17:00:47+08:00,2026-08-04T22:53:54+08:00,2026-09-01T17:00:47+08:00,"[""https://i1.28hse.com/2026/08/202608042252273142397_large.jpg"", ""https://i1.28hse.com/2026/08/202608042252283021907_large.jpg"", ""https://i1.28hse.com/2026/08/202608042252288837483_large.jpg"", ""https://i1.28hse.com/2026/08/202608042252293291180_large.jpg"", ""https://i1.28hse.com/2026/08/202608042252291220156_large.jpg"", ""https://i1.28hse.com/2026/08/202608042252302665043_large.jpg""]"
3933452,新蒲崗唐樓中層二房企理420尺租$11500⋯⋯可以租員工宿舍,新蒲崗,安強大樓,11500,420,2,1,中層,梗廚,63,嬌陽地產,https://i1.28hse.com/2026/08/202608031708337825073_thumb.jpg,https://www.28hse.com/rent/apartment/property-3933452,2026-08-05T20:41:00.873779+00:00,2026-08-05T20:42:35.033953+00:00,安強大樓,,九龍新蒲崗安強大樓 康強街51-65號,"新蒲崗二房
安強大樓行五層樓梯
企理裝修420尺
租$11500
區內設施配套齊, 附近大型街市,小巴到名區.
交通方便,民生商店一應區全
歡迎約睇
TEL :- 
Whatapp:- 
Facebook 專頁 :- www.facebook.com/adda.chan.3
Instagram :- sunshine_property_realtor
Youtube 頻道-嬌陽地產www.youtube.com/channel/UCpzfsDaMW8xxe8h2HIGr5dA
公司地址 : 新蒲崗崇齡街94C號如意樓地下(近越秀廣場二座)",22.334219,114.196579,差餉地租､管理費,明火煮食,,,2026-07-15T18:42:35+08:00,2026-08-03T19:49:17+08:00,2026-08-14T18:42:35+08:00,"[""https://i1.28hse.com/2026/08/202608031708353079142_large.jpg"", ""https://i1.28hse.com/2026/08/202608031708378776905_large.jpg"", ""https://i1.28hse.com/2026/08/202608031708395058958_large.jpg"", ""https://i1.28hse.com/2026/08/202608031708418038399_large.jpg"", ""https://i1.28hse.com/2026/08/202608031708437152016_large.jpg"", ""https://i1.28hse.com/2026/08/202608031708455174720_large.jpg"", ""https://i1.28hse.com/2026/08/202608031708461341317_large.jpg"", ""https://i1.28hse.com/2026/08/202608031708502446137_large.jpg"", ""https://i1.28hse.com/2026/08/202608031708563703593_large.jpg"", ""https://i1.28hse.com/2026/08/202608031708586411092_large.jpg"", ""https://i1.28hse.com/2026/08/202608031709005950592_large.jpg"", ""https://i1.28hse.com/2026/08/20260803170902578871_large.jpg"", ""https://i1.28hse.com/2026/08/202608031709053396247_large.jpg"", ""https://i1.28hse.com/2026/08/202608031709072455874_large.jpg"", ""https://i1.28hse.com/2026/08/202608031709096297531_large.jpg"", ""https://i1.28hse.com/2026/08/202608031709104210480_large.jpg"", ""https://i1.28hse.com/2026/08/202608031709125718517_large.jpg"", ""https://i1.28hse.com/2026/07/202607151842343431919_large.jpg"", ""https://i1.28hse.com/2026/07/202607151842353124659_large.jpg""]"
3926754,新蒲崗洋樓→崇齡大廈-1面東南窗2房1廳.,新蒲崗,,14500,412,2,1,,,,宏龍地產代理,https://i1.28hse.com/2026/08/202608032000315984644_thumb.jpg,https://www.28hse.com/rent/apartment/property-3926754,2026-08-05T20:41:00.873779+00:00,2026-08-05T20:42:35.786805+00:00,崇齡街洋樓,,九龍新蒲崗崇齡街洋樓 崇齡街,"牆身翻新
附傢俬電器
附近公園
街市",,,,,,,2026-07-10T17:50:20+08:00,2026-08-04T19:38:25+08:00,2026-08-09T17:50:20+08:00,"[""https://i1.28hse.com/2026/08/202608032000474491722_large.jpg"", ""https://i1.28hse.com/2026/08/202608032000257895356_large.jpg"", ""https://i1.28hse.com/2026/08/202608032000378419170_large.jpg"", ""https://i1.28hse.com/2026/08/202608032000513880804_large.jpg"", ""https://i1.28hse.com/2026/08/202608032000524256758_large.jpg"", ""https://i1.28hse.com/2026/08/20260803200124587232_large.jpg"", ""https://i1.28hse.com/2026/08/202608032001004246758_large.jpg"", ""https://i1.28hse.com/2026/08/20260803200223118318_large.jpg"", ""https://i1.28hse.com/2026/08/202608032001021154178_large.jpg"", ""https://i1.28hse.com/2026/08/202608032001032871329_large.jpg"", ""https://i1.28hse.com/2026/08/202608032001041331583_large.jpg"", ""https://i1.28hse.com/2026/08/202608032001298015790_large.jpg"", ""https://i1.28hse.com/2026/08/202608032001564505220_large.jpg"", ""https://i1.28hse.com/2026/08/202608032001424761825_large.jpg"", ""https://i1.28hse.com/2026/08/202608032001512797655_large.jpg"", ""https://i1.28hse.com/2026/08/202608032002007643204_large.jpg"", ""https://i1.28hse.com/2026/08/202608032002033291930_large.jpg"", ""https://i1.28hse.com/2026/08/202608032002201504676_large.jpg"", ""https://i1.28hse.com/2026/08/202608032012155255891_large.jpg"", ""https://i1.28hse.com/2026/07/202607101801214520927_large.jpg"", ""https://i1.28hse.com/2026/08/202608032000176579141_large.jpg"", ""https://i1.28hse.com/2026/07/202607101801475944091_large.jpg""]"
3958524,"41校網400呎唐樓兩房，已翻新裝修 [業主盤, 免佣]",九龍城,,13200,400,2,1,低層,,,,https://i1.28hse.com/2026/08/202608031855551196040_thumb.jpg,https://www.28hse.com/rent/apartment/property-3958524,2026-08-05T20:41:00.873779+00:00,2026-08-05T20:42:36.656774+00:00,福老村道 Fuk lo Tsun Road,,九龍九龍城福老村道 福老村道2-8號,"直接業主, 免佣, 已吉隨時入住, 請whatsapp",,,差餉地租,,,,2026-08-04T09:26:13+08:00,2026-08-04T09:26:13+08:00,2026-09-03T09:26:13+08:00,"[""https://i1.28hse.com/2026/08/202608031855562199190_large.jpg"", ""https://i1.28hse.com/2026/08/202608031855561130155_large.jpg"", ""https://i1.28hse.com/2026/08/202608031855566423579_large.jpg"", ""https://i1.28hse.com/2026/08/202608031855573146697_large.jpg"", ""https://i1.28hse.com/2026/08/202608031855575862389_large.jpg""]"
3960947,"干净企理,独家有匙",土瓜灣,,9900,466,3,1,中層,梗廚,,富榮物業有限公司,https://i1.28hse.com/2026/08/202608051602273735521_thumb.jpg,https://www.28hse.com/rent/apartment/property-3960947,2026-08-05T20:41:00.873779+00:00,2026-08-05T20:42:37.418837+00:00,十三街,,九龍土瓜灣十三街 十三街13號,"34名校网,交通方便,鄰近啟德体育園,東南方向,",,,差餉地租､管理費,,,,2026-08-05T16:03:29+08:00,2026-08-05T16:16:04+08:00,2026-09-04T16:03:29+08:00,"[""https://i1.28hse.com/2026/08/202608051602261509580_large.jpg"", ""https://i1.28hse.com/2026/08/202608051602265086827_large.jpg"", ""https://i1.28hse.com/2026/08/202608051602268405921_large.jpg"", ""https://i1.28hse.com/2026/08/202608051602261597576_large.jpg"", ""https://i1.28hse.com/2026/08/20260805161513450059_large.jpg"", ""https://i1.28hse.com/2026/08/202608051602272141863_large.jpg""]"
3960244,☞500幾呎大兩房 ☞單邊街窗有空氣 地鐵 電梯兩房 校網 有匙即看 還價即成,土瓜灣,譚公大廈,14500,502,2,1,低層,,62,東成地產,https://i1.28hse.com/2026/08/202608042346362754331_thumb.jpg,https://www.28hse.com/rent/apartment/property-3960244,2026-08-05T20:41:00.873779+00:00,2026-08-05T20:42:38.186697+00:00,譚公大廈,600,九龍土瓜灣譚公大廈 譚公道45-63A號,"又平又大
大件夾抵食",22.322266,114.18811,差餉地租､管理費,,,,2026-08-04T23:44:30+08:00,2026-08-05T01:53:17+08:00,2026-09-03T23:44:30+08:00,"[""https://i1.28hse.com/2026/08/202608042340328555488_large.jpg"", ""https://i1.28hse.com/2026/08/202608042340372709513_large.jpg"", ""https://i1.28hse.com/2026/08/20260804234039492704_large.jpg"", ""https://i1.28hse.com/2026/08/202608042340434464236_large.jpg"", ""https://i1.28hse.com/2026/08/202608042340463786448_large.jpg"", ""https://i1.28hse.com/2026/08/202608042340493250989_large.jpg"", ""https://i1.28hse.com/2026/08/202608042340268262115_large.jpg""]"
3913305,全新豪裝，地鐵站上蓋,土瓜灣,益豐大廈,15800,500,2,1,中層,,54,寶怡物業代理公司,https://i1.28hse.com/2026/07/202607291422113604847_thumb.jpg,https://www.28hse.com/rent/apartment/property-3913305,2026-08-05T20:41:00.873779+00:00,2026-08-05T20:42:38.969897+00:00,益豐大廈,,九龍土瓜灣益豐大廈 土瓜灣道239號,二房大廳，全新裝修,22.315418,114.189606,差餉地租､管理費,,,,2026-08-04T10:07:13+08:00,2026-08-04T10:07:13+08:00,2026-09-03T10:07:13+08:00,"[""https://i1.28hse.com/2026/07/202607291422156137371_large.jpg"", ""https://i1.28hse.com/2026/07/202607291422207308466_large.jpg"", ""https://i1.28hse.com/2026/07/202607291422251336409_large.jpg"", ""https://i1.28hse.com/2026/07/202607291422287552129_large.jpg"", ""https://i1.28hse.com/2026/07/202607291422306128982_large.jpg"", ""https://i1.28hse.com/2026/07/202607291422336089100_large.jpg"", ""https://i1.28hse.com/2026/07/202607291422377488268_large.jpg""]"
3954671,"全新豪裝兩房兩廳,即約即睇",土瓜灣,偉恆昌新村,17000,409,2,1,中層,梗廚,48,錦隆物業代理,https://i1.28hse.com/2026/08/202608051841077723810_thumb.jpg,https://www.28hse.com/rent/apartment/property-3954671,2026-08-05T20:41:00.873779+00:00,2026-08-05T20:42:39.734879+00:00,偉恆昌新村 昌景閣,477,九龍土瓜灣偉恆昌新村昌景閣 美景街113號,歡迎查詢或預約睇樓,22.317867,114.191444,差餉地租､管理費,明火煮食,,,2026-08-01T12:00:17+08:00,2026-08-05T18:41:26+08:00,2026-08-31T12:00:17+08:00,"[""https://i1.28hse.com/2026/08/20260805184108882376_large.jpg"", ""https://i1.28hse.com/2026/08/202608051841086176532_large.jpg"", ""https://i1.28hse.com/2026/08/202608051841087172235_large.jpg"", ""https://i1.28hse.com/2026/08/202608051841077031170_large.jpg"", ""https://i1.28hse.com/2026/08/202608051841073962750_large.jpg""]"
3961451,大兩房 靚裝 近地鐵 有匙,葵芳,運芳洋樓,15000,476,2,1,低層,梗廚,49,置富地產,https://i1.28hse.com/2026/08/202608051926472013175_thumb.jpg,https://www.28hse.com/rent/apartment/property-3961451,2026-08-05T20:41:00.873779+00:00,2026-08-05T20:42:40.498278+00:00,運芳洋樓,,新界葵芳運芳洋樓 興芳路180號,"平租, 只求好租客, 價錢可議, 開揚園景",22.359753,114.127975,差餉地租､管理費,明火煮食,,,2026-08-05T19:27:04+08:00,2026-08-05T19:27:04+08:00,2026-09-04T19:27:04+08:00,"[""https://i1.28hse.com/2026/08/202608051926471063913_large.jpg"", ""https://i1.28hse.com/2026/08/202608051926486848718_large.jpg"", ""https://i1.28hse.com/2026/08/202608051926496671847_large.jpg"", ""https://i1.28hse.com/2026/08/202608051926504952290_large.jpg"", ""https://i1.28hse.com/2026/08/202608051926512428558_large.jpg"", ""https://i1.28hse.com/2026/08/202608051926528344100_large.jpg""]"
3961045,昌鴻大廈 開揚高層 3房 約406尺 近地鐵葵廣 平租$15000,葵涌,昌鴻大廈,15000,406,3,1,高層,,48,置富地產,https://i1.28hse.com/2026/08/202608051641067608815_thumb.jpg,https://www.28hse.com/rent/apartment/property-3961045,2026-08-05T20:41:00.873779+00:00,2026-08-05T20:42:41.450938+00:00,昌鴻大廈,,新界葵涌昌鴻大廈 美芳街8號,"昌鴻大廈 開揚高層 平租$15000
約406尺 3房 平地電梯
有街閘 保安 
近地鐵站 巴士總站 出入方便
已吉 歡迎查詢
歡迎直接致電 WhatsApp
置富地產郭生:
住宅 私人屋苑",22.360012,114.12661,差餉地租､管理費,,,,2026-08-05T16:40:22+08:00,2026-08-05T16:41:21+08:00,2026-09-04T16:40:22+08:00,"[""https://i1.28hse.com/2026/08/202608051641073594200_large.jpg"", ""https://i1.28hse.com/2026/08/202608051641081852397_large.jpg"", ""https://i1.28hse.com/2026/08/202608051641087439475_large.jpg"", ""https://i1.28hse.com/2026/08/202608051641097206593_large.jpg"", ""https://i1.28hse.com/2026/08/202608051641105097491_large.jpg"", ""https://i1.28hse.com/2026/08/202608051641113942210_large.jpg""]"
3960507,$12800荃灣核心．錦豐園 2座低層G室｜實用434呎兩房放租推介,荃灣,錦豐園,12800,434,2,1,低層,,37,美聯物業,https://i1.28hse.com/2026/08/20260805121440875032_thumb.jpg,https://www.28hse.com/rent/apartment/property-3960507,2026-08-05T20:41:00.873779+00:00,2026-08-05T20:42:42.222597+00:00,錦豐園,602,新界荃灣錦豐園 青山公路荃灣458-466號,"- 地址：錦豐園 2座 低層 G室，位處荃灣市中心，生活配套成熟，交通與民生設施一應俱全。
- 實用面積：434呎；間隔：2房1浴室，間隔實用，適合小家庭、情侶、專業人士及重視生活便利的租客。
- 租金：$12,800；以同屋苑同間隔放盤比較，屬網租底27.5%，性價比吸引，入場門檻相宜。
- 樓齡：37年，屋苑屬成熟社區，管理及配套穩定，適合追求穩陣居住環境人士。
- 屋苑設施：設有泳池，閒暇時可享受休閒生活，提升住戶質素。
- 校網：62校網，屬區內熱門校網之一，對家庭客更具吸引力。
- 港鐵站距離：鄰近荃灣區交通樞紐，出入市區快捷，返工返學同樣方便。
- ️鄰近商場/景點：荃威花園商場步行約8分鐘、達貿中心停車場步行約4分鐘、柴灣角遊樂場步行約5分鐘、香港港安醫院－荃灣步行約4分鐘，日常消費、醫療及休憩配套完善。
- 適合住客：適合重視位置、實用面積、租金性價比的租客，尤其適合想以合理預算入住荃灣核心地段的人士。",22.376406,114.107559,差餉地租､管理費,,,,2026-08-05T12:14:48+08:00,2026-08-05T12:14:48+08:00,2026-09-04T12:14:48+08:00,"[""https://i1.28hse.com/2026/08/202608051214407619175_large.jpg"", ""https://i1.28hse.com/2026/08/20260805121440374846_large.jpg"", ""https://i1.28hse.com/2026/08/202608051214411559928_large.jpg"", ""https://i1.28hse.com/2026/08/202608051214414171606_large.jpg"", ""https://i1.28hse.com/2026/08/202608051214414341575_large.jpg"", ""https://i1.28hse.com/2026/08/202608051214427992747_large.jpg"", ""https://i1.28hse.com/estate_data/113/4586/FLOOR/4586_20250527114745368492_thumb.jpg"", ""https://i1.28hse.com/estate_data/113/4586/UNIT/4586_20250527114759622812_thumb.jpg""]"
3959659,靚裝大兩房 《新放》,荃灣,荃景花園,14800,434,2,1,高層,,39,中原地產代理有限公司,https://i1.28hse.com/2026/08/202608041636276293364_thumb.jpg,https://www.28hse.com/rent/apartment/property-3959659,2026-08-05T20:41:00.873779+00:00,2026-08-05T20:42:42.995601+00:00,荃景花園,573,新界荃灣荃景花園 荃景圍85號,"該屋苑另有三房筍租盤 495呎 $17500
歡迎whatsapp致電查詢約睇樓",22.378448,114.110085,差餉地租､管理費,,,,2026-08-04T16:37:01+08:00,2026-08-04T16:37:01+08:00,2026-09-03T16:37:01+08:00,"[""https://i1.28hse.com/2026/08/202608041636278705159_large.jpg"", ""https://i1.28hse.com/2026/08/202608041636286024214_large.jpg"", ""https://i1.28hse.com/2026/08/202608041636286510643_large.jpg"", ""https://i1.28hse.com/2026/08/202608041636294794837_large.jpg"", ""https://i1.28hse.com/2026/08/202608041636301687249_large.jpg"", ""https://i1.28hse.com/2026/08/202608041636301276203_large.jpg"", ""https://i1.28hse.com/2026/08/202608041636276293364_large.jpg"", ""https://i1.28hse.com/estate_data/113/4574/FLOOR/4574_20231121014539645311_thumb.jpg"", ""https://i1.28hse.com/estate_data/113/4574/UNIT/4574_20240104161131432264_thumb.jpg""]"
3959203,[日訊物業好多盤] 開揚海景 靚裝租盤 好住實用,荃灣,海濱花園,15800,419,2,1,低層,,33,日訊物業代理有限公司,https://i1.28hse.com/2026/08/202608041309374276914_thumb.jpg,https://www.28hse.com/rent/apartment/property-3959203,2026-08-05T20:41:00.873779+00:00,2026-08-05T20:42:44.059960+00:00,海濱花園,529,新界荃灣海濱花園 怡樂街2-12號,"實用率高 設有巴士總站 鄰近荃灣西鐵站
有村巴直到中環銅鑼灣灣仔金鐘觀塘",22.362907,114.114365,,,,,2026-08-04T13:11:11+08:00,2026-08-04T13:11:11+08:00,2026-09-03T13:11:11+08:00,"[""https://i1.28hse.com/2026/08/202608041309348656538_large.jpg"", ""https://i1.28hse.com/2026/08/202608041309361121594_large.jpg"", ""https://i1.28hse.com/2026/08/202608041309355491886_large.jpg"", ""https://i1.28hse.com/2026/08/20260804130935140854_large.jpg"", ""https://i1.28hse.com/2026/08/2026080413093674593_large.jpg"", ""https://i1.28hse.com/2026/08/202608041309568168026_large.jpg"", ""https://i1.28hse.com/estate_data/113/4578/FLOOR/4578_20231121234518213331_thumb.jpg"", ""https://i1.28hse.com/estate_data/113/4578/UNIT/4578_20231121234610238865_thumb.jpg""]"
3751170,3房大廳，鄰近地鐵,荃灣,,16500,513,3,1,高層,梗廚,,荃盛置業有限公司,https://i1.28hse.com/2026/08/202608041200444979304_thumb.jpg,https://www.28hse.com/rent/apartment/property-3751170,2026-08-05T20:41:00.873779+00:00,2026-08-05T20:42:44.796999+00:00,荃灣單幢式洋樓 Single-building villas in Tsuen Wan,,新界荃灣荃灣單幢式洋樓 路德圍65號,高層遠景，交通方便,,,差餉地租､管理費,明火煮食,,,2026-08-04T11:56:00+08:00,2026-08-04T12:02:06+08:00,2026-09-03T11:56:00+08:00,"[""https://i1.28hse.com/2026/08/202608041200448820220_large.jpg"", ""https://i1.28hse.com/2026/08/202608041200455291742_large.jpg"", ""https://i1.28hse.com/2026/08/202608041200451631505_large.jpg"", ""https://i1.28hse.com/2026/08/20260804120045977283_large.jpg"", ""https://i1.28hse.com/2026/08/202608041200465604365_large.jpg"", ""https://i1.28hse.com/2026/08/202608041200466761679_large.jpg"", ""https://i1.28hse.com/2026/08/202608041200464488980_large.jpg"", ""https://i1.28hse.com/2026/08/20260804120047943957_large.jpg""]"
2994845,海景/中層樓齡新淨/可寵物,西貢,黃竹灣,13000,700,3,1,高層,,,高民置業,https://i1.28hse.com/2025/02/202502251736253231625_thumb.jpg,https://www.28hse.com/rent/apartment/property-2994845,2026-08-05T20:41:00.873779+00:00,2026-08-05T20:42:45.531484+00:00,黃竹灣,,新界西貢黃竹灣 黃竹灣,"平租, 只求好租客, 罕有放盤, 簡單裝修, 有海景, 連天台, 連露台",22.398806,114.284378,差餉地租,,,,2026-08-04T09:01:22+08:00,2026-08-04T20:41:23+08:00,2026-09-03T09:01:22+08:00,"[""https://i1.28hse.com/2024/04/202404011347008581127_large.jpg"", ""https://i1.28hse.com/2024/04/202404011347047865472_large.jpg"", ""https://i1.28hse.com/2024/04/202404011347057844617_large.jpg"", ""https://i1.28hse.com/2024/04/202404011347074043301_large.jpg"", ""https://i1.28hse.com/2024/04/202404011347086597623_large.jpg"", ""https://i1.28hse.com/2024/05/202405060922333341998_large.jpg"", ""https://i1.28hse.com/2025/02/202502251736371129823_large.jpg"", ""https://i1.28hse.com/2025/02/202502251736428758707_large.jpg""]"
3957679,西貢市中心村屋， 罕有放盤,西貢,普通道,11000,600,1,1,高層,梗廚,,厚達地產有限公司,https://i1.28hse.com/2026/08/202608031315316392749_thumb.jpg,https://www.28hse.com/rent/apartment/property-3957679,2026-08-05T20:41:00.873779+00:00,2026-08-05T20:42:46.304101+00:00,普通道,600,新界西貢普通道 墩場,頂樓連天台有玻璃屋， 一房一廳另加士多房,22.382595,114.270973,差餉地租､管理費,明火煮食,,,2026-08-03T13:16:09+08:00,2026-08-03T13:16:09+08:00,2026-09-02T13:16:09+08:00,"[""https://i1.28hse.com/2026/08/202608031315324948441_large.jpg"", ""https://i1.28hse.com/2026/08/202608031315336963069_large.jpg"", ""https://i1.28hse.com/2026/08/202608031315348011181_large.jpg"", ""https://i1.28hse.com/2026/08/202608031315352472197_large.jpg"", ""https://i1.28hse.com/2026/08/20260803131536563782_large.jpg"", ""https://i1.28hse.com/2026/08/202608031315376591465_large.jpg"", ""https://i1.28hse.com/2026/08/202608031315401227374_large.jpg"", ""https://i1.28hse.com/2026/08/202608031315414937393_large.jpg""]"
