listing_id,title,district,property_type,price_hkd,usable_area_sqft,bedrooms,bathrooms,floor,kitchen_type,building_age_years,agency,image_url,url,fetched_at,enriched_at,estate,building_area_sqft,address,description,latitude,longitude,rent_includes,subletting,cooking_method,primary_school_net,secondary_school_net,published_at,updated_at,expires_at,image_urls,sharing_type,sharing_terms,monthly_mortgage_hkd,monthly_holding_hkd,monthly_outlay_hkd,initial_outlay_hkd,est_market_rent_hkd,npv_total_cost_buy_30y_hkd,npv_total_cost_rent_30y_hkd,npv_net_worth_buy_30y_hkd,npv_net_worth_rent_30y_hkd,buy_vs_rent_30y_hkd
3818275,2分鐘太子地鐵站 3房大廳連天台 超筍呎價 手慢無！！！,太子,唐樓/私人屋苑/單幢式大廈,2200000,460,3,1,,,,鴻發地產物業,https://i1.28hse.com/2026/04/202604211611246874315_thumb.jpg,https://www.28hse.com/buy/apartment/property-3818275,2026-08-06T17:33:59.496264+00:00,2026-08-06T18:01:32.728721+00:00,基隆街40 Ji long,,九龍太子基隆街40 46,光猛開揚 連天台 房大廳大,,,,,,,,2026-07-03T23:28:20+08:00,2026-08-03T16:40:12+08:00,2026-09-01T23:28:20+08:00,"[""https://i1.28hse.com/2026/04/202604211611245627198_large.jpg"", ""https://i1.28hse.com/2026/04/202604211611252040511_large.jpg"", ""https://i1.28hse.com/2026/04/202604211611255439659_large.jpg"", ""https://i1.28hse.com/2026/04/20260421161126756739_large.jpg""]",,,7918,2712,10629,759000,4583,3297805,1623851,854515,3343889,-2489374
3883197,"唐1/F,近港鐵線，屯馬線，高鐵",佐敦,唐樓,2480000,480,3,3,,,,龍鳳地產公司,https://i1.28hse.com/2026/06/202606221008237490619_thumb.jpg,https://www.28hse.com/buy/apartment/property-3883197,2026-08-06T17:33:59.496264+00:00,2026-08-06T17:54:36.619891+00:00,佐敦唐樓 MONG KOK TONG LOU,,九龍佐敦佐敦唐樓 新填地街,"另加75呎平台,方正實用，有重建機會，步行10分鐘內到佐敦地鐵站，柯士甸站，西九龍高鐵站",,,,,,,,2026-06-09T13:11:05+08:00,2026-08-04T11:28:21+08:00,2026-08-08T13:11:05+08:00,"[""https://i1.28hse.com/2026/07/202607201351132867286_large.jpg"", ""https://i1.28hse.com/2026/07/202607201351141804027_large.jpg""]",,,8925,2883,11809,855600,5167,3656071,1830523,656823,3343889,-2687067
3900717,業主急售，還價即成，筍價唐4/F，约睇,深水埗,唐樓,2500000,577,3,1,中層,,,高盛地產,https://i1.28hse.com/2026/06/202606211842345486055_thumb.jpg,https://www.28hse.com/buy/apartment/property-3900717,2026-08-06T17:33:59.496264+00:00,2026-08-06T18:14:20.701133+00:00,唐樓,,九龍深水埗唐樓 元州街46號,筍價唐4/F，约睇,,,,,,,,2026-06-21T18:42:47+08:00,2026-07-26T14:44:59+08:00,2026-08-20T18:42:47+08:00,"[""https://i1.28hse.com/2026/06/202606211842357873173_large.jpg"", ""https://i1.28hse.com/2026/06/202606211842354271802_large.jpg"", ""https://i1.28hse.com/2026/06/202606211842356470873_large.jpg""]",,,8997,3326,12323,862500,5208,3834034,1845285,347308,3343889,-2996581
3915075,中层市区收租3套唐楼,太子,唐樓,2530000,462,3,,中層,,,千億物業 太子分行,https://i1.28hse.com/2026/07/20260717082015941311_thumb.jpg,https://www.28hse.com/buy/apartment/property-3915075,2026-08-06T17:33:59.496264+00:00,2026-08-06T18:01:34.697979+00:00,唐樓荔枝角道62號 62 Lai Chi Kok Road,,九龍太子唐樓荔枝角道62號 荔枝角道62號,"共收租15300
連約",,,,,,,,2026-07-03T01:29:03+08:00,2026-07-17T08:22:28+08:00,2026-09-01T01:29:03+08:00,"[""https://i1.28hse.com/2026/07/202607170820164338443_large.jpg"", ""https://i1.28hse.com/2026/07/202607170820174474075_large.jpg""]",,,9105,2817,11922,872850,5271,3685656,1867429,688194,3343889,-2655696
3882343,"小單邊,人流極多,1 分鐘地鐵站",旺角,唐樓,2550000,380,2,,,,,明威置業,/assets/img/loadingphoto170_125.jpg,https://www.28hse.com/buy/apartment/property-3882343,2026-08-06T17:33:59.496264+00:00,2026-08-06T18:00:37.476673+00:00,西洋菜南街156號唐5字 Sai yeung Choi st 154-156,,九龍旺角西洋菜南街156號唐5字 西洋菜南街154-156號,"位置方便,少有放售",,,,,,,,2026-06-08T17:07:00+08:00,2026-06-26T08:14:43+08:00,2026-08-07T17:07:00+08:00,[],,,9177,2454,11631,879750,5312,3578234,1882191,931935,3343889,-2411954
3929243,獨家!收購重地!!! ! 快者得 ，大大間!!! 即約即睇 !!!,深水埗,唐樓/單幢式大廈,2580000,560,2,1,,,,宇晴地產,https://i1.28hse.com/2026/07/202607121545448637969_thumb.jpg,https://www.28hse.com/buy/apartment/property-3929243,2026-08-06T17:33:59.496264+00:00,2026-08-06T18:13:21.318994+00:00,唐樓,,九龍深水埗唐樓 北河街131號,戴生 [REDACTED],,,,,,,,2026-07-12T15:45:47+08:00,2026-07-27T14:16:18+08:00,2026-09-10T15:45:47+08:00,"[""https://i1.28hse.com/2026/07/20260712154544185903_large.jpg"", ""https://i1.28hse.com/2026/07/202607121545455440630_large.jpg"", ""https://i1.28hse.com/2026/07/202607121545454714334_large.jpg"", ""https://i1.28hse.com/2026/07/202607121545466838246_large.jpg"", ""https://i1.28hse.com/2026/07/202607121545468614873_large.jpg"", ""https://i1.28hse.com/2026/07/202607121545463036921_large.jpg"", ""https://i1.28hse.com/2026/07/202607121545474485381_large.jpg""]",,,9285,3272,12558,890100,5375,3900182,1904334,361030,3343889,-2982859
3923396,*太子唐樓 一減再減 優惠尺價 鄰近太子站 交通方便*,太子,唐樓/單幢式大廈,2600000,462,3,3,中層,,,廣信地產顧問有限公司,https://i1.28hse.com/2026/07/202607081534474146003_thumb.jpg,https://www.28hse.com/buy/apartment/property-3923396,2026-08-06T17:33:59.496264+00:00,2026-08-06T18:01:26.718539+00:00,唐樓,,九龍太子唐樓 荔枝角道62號,"**廣信地產多間分行為你服務：
-油麻地上海街383號地下A2舖
-旺角山東街24號地下B舖
-旺角渡船街323號地下2號舖
-大角咀埃華街70號地下1C2號舖",,,,,,,,2026-07-08T15:35:05+08:00,2026-07-28T15:38:46+08:00,2026-09-06T15:35:05+08:00,"[""https://i1.28hse.com/2026/07/202607081534483649252_large.jpg"", ""https://i1.28hse.com/2026/07/20260708153450928491_large.jpg"", ""https://i1.28hse.com/2026/07/202607081534512080417_large.jpg"", ""https://i1.28hse.com/2026/07/202607081534522269672_large.jpg""]",,,9357,2837,12195,897000,5417,3767251,1919097,654225,3343889,-2689665
3956243,*太子唐樓 一減再減 優惠尺價 鄰近太子站 交通方便*,太子,唐樓/單幢式大廈,2600000,462,3,3,中層,,,廣信地產顧問有限公司,https://i1.28hse.com/2026/08/202608021309036361247_thumb.jpg,https://www.28hse.com/buy/apartment/property-3956243,2026-08-06T17:33:59.496264+00:00,2026-08-06T18:00:48.252200+00:00,唐樓,,九龍太子唐樓 荔枝角道62號,"*7厘以上回報
*三分鐘到太子站 
*三間套房 4F唐樓
**廣信地產多間分行為你服務：
-油麻地上海街383號地下A2舖
-旺角山東街24號地下B舖
-旺角渡船街323號地下2號舖
-大角咀埃華街70號地下1C2號舖",,,,,,,,2026-08-02T13:09:05+08:00,2026-08-02T13:09:05+08:00,2026-10-01T13:09:05+08:00,"[""https://i1.28hse.com/2026/08/202608021309035682713_large.jpg"", ""https://i1.28hse.com/2026/08/202608021309048580450_large.jpg"", ""https://i1.28hse.com/2026/08/202608021309044030809_large.jpg"", ""https://i1.28hse.com/2026/08/202608021309048221681_large.jpg""]",,,9357,2837,12195,897000,5417,3767251,1919097,654225,3343889,-2689665
3895219,"近太子站,交通方便,連租約15600元,投資收租,具重建價值.",太子,唐樓,2680000,462,3,3,,,,金豐物業,https://i1.28hse.com/2026/06/202606231320242769494_thumb.jpg,https://www.28hse.com/buy/apartment/property-3895219,2026-08-06T17:33:59.496264+00:00,2026-08-06T18:01:54.734444+00:00,唐樓,,九龍太子唐樓 荔枝角道62-64號,"近太子站,交通方便,連租約15600元,投資收租,具重建價值.",,,,,,,,2026-06-17T16:44:54+08:00,2026-07-26T17:05:20+08:00,2026-08-16T16:44:54+08:00,"[""https://i1.28hse.com/2026/06/202606231320266560091_large.jpg"", ""https://i1.28hse.com/2026/06/202606231320288310558_large.jpg"", ""https://i1.28hse.com/2026/06/202606231320318453113_large.jpg"", ""https://i1.28hse.com/2026/06/20260623132033475645_large.jpg"", ""https://i1.28hse.com/2026/06/202606231320355944026_large.jpg"", ""https://i1.28hse.com/2026/06/202606231320378498409_large.jpg"", ""https://i1.28hse.com/2026/06/202606231320397691479_large.jpg""]",,,9645,2861,12506,924600,5583,3860502,1978146,615403,3343889,-2728487
3884091,唐樓-三套房380尺靚裝268萬,新蒲崗,唐樓,2680000,380,3,1,中層,,,嬌陽地產,https://i1.28hse.com/2026/06/20260609193823378366_thumb.jpg,https://www.28hse.com/buy/apartment/property-3884091,2026-08-06T17:33:59.496264+00:00,2026-08-06T18:17:13.367983+00:00,唐樓,,九龍新蒲崗唐樓 富源街,"新蒲崗
三套房靚裝
實用面積380尺
投資唐樓
售268萬
區內設施配套齊, 附近大型街市,小巴到名區.
交通方便,民生商店一應區全
歡迎約睇
TEL :- 
Whatapp:- 
Facebook 專頁 :- www.facebook.com/adda.chan.3
Instagram :- [REDACTED]
Youtube 頻道-嬌陽地產www.youtube.com/channel/UCpzfsDaMW8xxe8h2HIGr5dA
公司地址 : 新蒲崗仁愛街2 號仁愛大厦地下K3舖",22.335048999999998,114.19531199999999,,,,,,2026-06-09T19:38:24+08:00,2026-07-15T16:34:04+08:00,2026-08-08T19:38:24+08:00,"[""https://i1.28hse.com/2026/06/202606091938238434326_large.jpg"", ""https://i1.28hse.com/2026/06/202606091945156741230_large.jpg"", ""https://i1.28hse.com/2026/06/202606091945166455336_large.jpg"", ""https://i1.28hse.com/2026/06/20260609194517490852_large.jpg"", ""https://i1.28hse.com/2026/06/202606091945188062778_large.jpg"", ""https://i1.28hse.com/2026/06/202606091945201858756_large.jpg"", ""https://i1.28hse.com/2026/06/202606091938231228418_large.jpg"", ""https://i1.28hse.com/2026/06/202606091938247605044_large.jpg""]",,,9645,2492,12137,924600,5583,3729767,1978146,868850,3343889,-2475040
3885151,歡迎查詢,油麻地,唐樓/拍賣盤,2680000,536,3,1,高層,,,環亞物業拍賣有限公司,https://i1.28hse.com/2026/06/202606252320391247535_thumb.jpg,https://www.28hse.com/buy/apartment/property-3885151,2026-08-06T17:33:59.496264+00:00,2026-08-06T17:57:09.497697+00:00,唐樓,,九龍油麻地唐樓 砲台街44號 連天台,歡迎查詢,,,,,,,,2026-06-10T17:26:36+08:00,2026-06-25T23:20:48+08:00,2026-08-09T17:26:36+08:00,"[""https://i1.28hse.com/2026/06/202606252320407470447_large.jpg"", ""https://i1.28hse.com/2026/06/202606252320404739315_large.jpg"", ""https://i1.28hse.com/2026/06/202606252320405730350_large.jpg"", ""https://i1.28hse.com/2026/06/202606252320417556026_large.jpg"", ""https://i1.28hse.com/2026/06/202606252320413829798_large.jpg""]",,,9645,3194,12839,924600,5583,3978482,1978146,386682,3343889,-2957207
3820706,"福華街,唐四樓,近桂林街,三分鐘到地鐵站口！",深水埗,唐樓,2680000,435,3,3,,開放式廚房,,富華地產,https://i1.28hse.com/2026/04/202604261756305159002_thumb.jpg,https://www.28hse.com/buy/apartment/property-3820706,2026-08-06T17:33:59.496264+00:00,2026-08-06T18:13:19.304644+00:00,福華街135號 Fuk Wa Street 135,,九龍深水埗福華街135號 福華街135號,"半交吉,三個套房,兩間收月租$8700,一個交吉,邊收租,邊自用,均可！歡迎索取視頻短片！",,,,,,,,2026-07-12T17:45:21+08:00,2026-07-12T17:45:21+08:00,2026-09-10T17:45:21+08:00,"[""https://i1.28hse.com/2026/04/202604261756306855506_large.jpg"", ""https://i1.28hse.com/2026/04/20260426175641147177_large.jpg"", ""https://i1.28hse.com/2026/04/202604261756317567443_large.jpg"", ""https://i1.28hse.com/2026/04/202604261756321215568_large.jpg"", ""https://i1.28hse.com/2026/04/202604261756343404963_large.jpg"", ""https://i1.28hse.com/2026/04/202604261756355380554_large.jpg"", ""https://i1.28hse.com/2026/04/202604261756375587984_large.jpg"", ""https://i1.28hse.com/2026/04/202604261756386342946_large.jpg"", ""https://i1.28hse.com/2026/04/202604261756402567532_large.jpg""]",,,9645,2739,12384,924600,5583,3817455,1978146,698855,3343889,-2645035
2906570,唐樓8/F 入契天台 旺角花園街 舊裝修,旺角,私人屋苑/唐樓/單幢式大廈,2750000,633,2,1,,,,君皇地產有限公司,https://i1.28hse.com/2024/02/202402241908317302369_thumb.jpg,https://www.28hse.com/buy/apartment/property-2906570,2026-08-06T17:33:59.496264+00:00,2026-08-06T17:59:39.821189+00:00,唐樓,,九龍旺角唐樓 花園街127-127A號,"詳情或其他間隔單位(租/售)
歡迎致電或WHATSAPP查詢
(852) HugoCheuk 卓生",22.321452100000002,114.17059099999999,,,,,,2026-06-28T23:34:09+08:00,2026-06-28T23:34:09+08:00,2026-08-27T23:34:09+08:00,"[""https://i1.28hse.com/2024/02/202402241908308721589_large.jpg"", ""https://i1.28hse.com/2024/02/202402241908315211838_large.jpg"", ""https://i1.28hse.com/2024/02/20240224190831749110_large.jpg"", ""https://i1.28hse.com/2024/02/202402241908314538851_large.jpg"", ""https://i1.28hse.com/2024/02/202402241908322588662_large.jpg"", ""https://i1.28hse.com/2024/02/202402241908328195189_large.jpg"", ""https://i1.28hse.com/2024/02/202402241908338152090_large.jpg"", ""https://i1.28hse.com/2024/02/202402241908334106637_large.jpg"", ""https://i1.28hse.com/2024/02/202402241908336455205_large.jpg"", ""https://i1.28hse.com/2024/02/202402241908351333815_large.jpg"", ""https://i1.28hse.com/2024/02/202402250024016571729_large.jpg"", ""https://i1.28hse.com/2024/02/202402250024017027878_large.jpg""]",,,9897,3651,13548,948750,5729,4214727,2029814,52904,3343889,-3290985
3962459,【唐樓】738呎3房 鄰近地鐵站全屋未間 景觀開揚 呎價@37xx 即買即用,深水埗,唐樓,2750000,738,3,1,高層,,,駿輝地產專業有限公司,https://i1.28hse.com/2026/08/20260806162230705385_thumb.jpg,https://www.28hse.com/buy/apartment/property-3962459,2026-08-06T17:33:59.496264+00:00,2026-08-06T18:11:21.873311+00:00,唐樓,,九龍深水埗唐樓 鴨寮街,"歡迎致電/Whatsapp查詢 彭小姐 𝟔𝟒𝟏𝟔 𝟐𝟐𝟏𝟖
鴨寮街
所屬校網: 深水埗40號校網
【交通方便 3分鐘直到深水埗地鐵站】
【旺區之選 應有盡有】
【設備齊全 即租即住】
【核心地段 生活配套應有盡有】
【間隔方正 實用號率極高】
駿輝地產分行(14間)
* 本司客源廣實客多 *
* 盡心盡力忠誠待客 *
* 專營油尖旺區樓盤 *
* 多行聯營信心保證 *
* 歡迎業主電話放盤 *
► 免費提供銀行估價
► 免費網上廣告宣傳
► 專業銀行按揭, 律師樓轉名",,,,,,,,2026-08-06T16:22:50+08:00,2026-08-06T16:22:50+08:00,2026-10-05T16:22:50+08:00,"[""https://i1.28hse.com/2026/08/202608061622308703766_large.jpg""]",,,9897,4123,14020,948750,5729,4382131,2029814,-271631,3343889,-3615521
3926846,*低層唐樓 特惠尺價 鄰近太子站 旺中帶靜*,太子,唐樓/單幢式大廈,2780000,485,1,1,,,,廣信地產顧問有限公司,https://i1.28hse.com/2026/07/202607101818588652498_thumb.jpg,https://www.28hse.com/buy/apartment/property-3926846,2026-08-06T17:33:59.496264+00:00,2026-08-06T18:01:22.005632+00:00,唐樓,,九龍太子唐樓 新填地街,"*交通方便
*廣信地產多間分行為你服務：
-大角咀埃華街70號大成樓地下1C2號舖
油麻地上海街383號地下A2舖
-旺角山東街24號地下B舖
-旺角渡船街323號地下2號舖",,,,,,,,2026-07-10T18:19:06+08:00,2026-07-28T15:39:24+08:00,2026-09-08T18:19:06+08:00,"[""https://i1.28hse.com/2026/07/202607101818598074142_large.jpg"", ""https://i1.28hse.com/2026/07/202607101818595279057_large.jpg"", ""https://i1.28hse.com/2026/07/202607101818596858081_large.jpg""]",,,10005,2993,12998,959100,5792,4013736,2051957,495787,3343889,-2848103
3952842,深水埗地鐵站步行1分鐘 平地電梯已換新 做學生宿舍 簡樸房收租回報極高,深水埗,洋樓/單幢式大廈,3000000,546,3,3,,,,喜居物業(旺角舖),https://i1.28hse.com/2026/07/202607302002565389378_thumb.jpg,https://www.28hse.com/buy/apartment/property-3952842,2026-08-06T17:33:59.496264+00:00,2026-08-06T18:11:49.223232+00:00,協興大廈,,九龍深水埗協興大廈 長沙灣道158-160A號,單位四正開揚，地段好 交通方便 自用投資一流,22.330047999999998,114.163589,,,,,,2026-07-30T20:06:05+08:00,2026-07-30T23:29:06+08:00,2026-08-29T20:06:05+08:00,"[""https://i1.28hse.com/2026/07/202607302002587679441_large.jpg"", ""https://i1.28hse.com/2026/07/202607302003004017610_large.jpg"", ""https://i1.28hse.com/2026/07/202607302003021539553_large.jpg"", ""https://i1.28hse.com/2026/07/202607302003058496148_large.jpg"", ""https://i1.28hse.com/2026/07/202607302003075347422_large.jpg"", ""https://i1.28hse.com/2026/07/202607302003094515647_large.jpg"", ""https://i1.28hse.com/2026/07/202607302003114137454_large.jpg"", ""https://i1.28hse.com/2026/07/202607302003135961583_large.jpg"", ""https://i1.28hse.com/2026/07/202607302003153813139_large.jpg"", ""https://i1.28hse.com/2026/07/202607302003185322930_large.jpg"", ""https://i1.28hse.com/2026/07/202607302003206728985_large.jpg"", ""https://i1.28hse.com/2026/07/20260730200322692336_large.jpg"", ""https://i1.28hse.com/2026/07/202607302003244197527_large.jpg"", ""https://i1.28hse.com/2026/07/202607302003268139572_large.jpg"", ""https://i1.28hse.com/2026/07/202607302003298350046_large.jpg"", ""https://i1.28hse.com/2026/07/202607302003314430544_large.jpg""]",,,10797,3332,14129,1035000,6250,4367431,2214342,200487,3343889,-3143402
3960428,***一減再減***筍盤 唐5/F樓 575尺 大大間 {{1分鐘旺角站}},旺角,唐樓/單幢式大廈,3080000,575,3,1,中層,,,龍鳳地產-大全街分行,https://i1.28hse.com/2026/08/202608051120188413508_thumb.jpg,https://www.28hse.com/buy/apartment/property-3960428,2026-08-06T17:33:59.496264+00:00,2026-08-06T17:57:31.030598+00:00,單幢樓房,650,九龍旺角單幢樓房 砵蘭街294號,"旺角砵蘭街294號唐5/F樓 
59年樓 一梯兩伙 簡簡單單(大廈住宅2/F-7/F)
$5XXX/呎 5/F樓 3房1廳 即買即住 唔駛煩
1分鐘旺角站A2出口
業主決心走貨 大平賣 勿錯過
快者得",22.320366,114.169769,,,,,,2026-08-05T11:21:10+08:00,2026-08-05T11:21:10+08:00,2026-10-04T11:21:10+08:00,"[""https://i1.28hse.com/2026/08/202608051120124568647_large.jpg"", ""https://i1.28hse.com/2026/08/202608051120216906056_large.jpg"", ""https://i1.28hse.com/2026/08/202608051120294556093_large.jpg"", ""https://i1.28hse.com/2026/08/20260805112029850806_large.jpg"", ""https://i1.28hse.com/2026/08/202608051120305118172_large.jpg"", ""https://i1.28hse.com/2026/08/202608051120316730917_large.jpg"", ""https://i1.28hse.com/2026/08/202608051120368526679_large.jpg"", ""https://i1.28hse.com/2026/08/202608051120387605284_large.jpg"", ""https://i1.28hse.com/2026/08/202608051120403320562_large.jpg"", ""https://i1.28hse.com/2026/08/202608051120425079245_large.jpg"", ""https://i1.28hse.com/2026/08/202608051120472800782_large.jpg"", ""https://i1.28hse.com/2026/08/202608051120482859214_large.jpg""]",,,11085,3486,14571,1062600,6417,4506918,2273391,72032,3343889,-3271858
3882412,「急讓 潛力地段 博收購首選」已間3套房 交吉放售 有匙可睇,深水埗,唐樓,3300000,635,3,3,,,,廣信地產顧問有限公司,https://i1.28hse.com/2026/06/202606081726527195596_thumb.jpg,https://www.28hse.com/buy/apartment/property-3882412,2026-08-06T17:33:59.496264+00:00,2026-08-06T18:14:53.838868+00:00,唐樓,,九龍深水埗唐樓 大南街263號,"----------------------------
「急讓 潛力地段 博收購首選」已間3套房 交吉放售 有匙可睇",22.3283258,114.1617133,,,,,,2026-06-08T17:27:04+08:00,2026-06-20T17:18:37+08:00,2026-08-07T17:27:04+08:00,"[""https://i1.28hse.com/2026/06/202606081726527670817_large.jpg"", ""https://i1.28hse.com/2026/06/20260608172653351307_large.jpg"", ""https://i1.28hse.com/2026/06/202606081726538280388_large.jpg"", ""https://i1.28hse.com/2026/06/202606081726538600214_large.jpg"", ""https://i1.28hse.com/2026/06/20260608172654966161_large.jpg"", ""https://i1.28hse.com/2026/06/202606081726547014229_large.jpg"", ""https://i1.28hse.com/2026/06/202606081726557540842_large.jpg"", ""https://i1.28hse.com/2026/06/202606081726552838391_large.jpg""]",,,11876,3820,15696,1138500,6875,4859019,2435776,-220177,3343889,-3564067
3936464,筍筍筍~~ 低層唐樓 近地鐵站 靚間格 即買即租,油麻地,唐樓,3380000,535,3,3,,,,世紀21廣發,https://i1.28hse.com/2026/07/20260718145159906478_thumb.jpg,https://www.28hse.com/buy/apartment/property-3936464,2026-08-06T17:33:59.496264+00:00,2026-08-06T17:55:36.521225+00:00,單幢樓房,,九龍油麻地單幢樓房 油麻地,"有街閘
近地鐵站
多窗靚則",22.306853999999998,114.17143999999999,,,,,,2026-07-17T20:49:12+08:00,2026-07-18T14:53:48+08:00,2026-09-15T20:49:12+08:00,"[""https://i1.28hse.com/2026/07/202607181451596797119_large.jpg"", ""https://i1.28hse.com/2026/07/202607181452074844822_large.jpg"", ""https://i1.28hse.com/2026/07/202607181452097886954_large.jpg"", ""https://i1.28hse.com/2026/07/202607181452065569159_large.jpg"", ""https://i1.28hse.com/2026/07/202607181452034735061_large.jpg"", ""https://i1.28hse.com/2026/07/20260718145200435750_large.jpg"", ""https://i1.28hse.com/2026/07/202607181452028808120_large.jpg"", ""https://i1.28hse.com/2026/07/20260718145201816674_large.jpg"", ""https://i1.28hse.com/2026/07/20260718145201939606_large.jpg"", ""https://i1.28hse.com/2026/07/202607181452083754121_large.jpg"", ""https://i1.28hse.com/2026/07/202607181452058494149_large.jpg"", ""https://i1.28hse.com/2026/07/202607181452031759963_large.jpg"", ""https://i1.28hse.com/2026/07/202607181452042233651_large.jpg"", ""https://i1.28hse.com/2026/07/202607181452052730786_large.jpg""]",,,12164,3393,15558,1166100,7042,4792838,2494825,50083,3343889,-3293807
2937348,✯✯絕對實盤 洋樓平地lift 筍過唐樓即買即收租 投資首選✯✯,長沙灣,單幢式大廈,3380000,488,3,,中層,,,千億物業 長沙灣分行,https://i1.28hse.com/2026/07/202607231809344225298_thumb.jpg,https://www.28hse.com/buy/apartment/property-2937348,2026-08-06T17:33:59.496264+00:00,2026-08-06T18:09:28.544077+00:00,永隆大廈,,九龍長沙灣永隆大廈 永隆街22號,"投資高回報！即買即收租！
 洋樓平地lift 筍過唐樓
千億物業
張小姐 Kelly Cheung 
溫家明 Andy Wan",22.337105,114.15837900000001,,,,,,2026-06-07T12:42:26+08:00,2026-07-23T18:13:57+08:00,2026-08-06T12:42:25+08:00,"[""https://i1.28hse.com/2026/07/202607231809336140087_large.jpg"", ""https://i1.28hse.com/2026/07/202607231809336966430_large.jpg"", ""https://i1.28hse.com/2024/02/202402031330015659157_large.jpg"", ""https://i1.28hse.com/2024/02/202402031330164816570_large.jpg"", ""https://i1.28hse.com/2026/07/20260723180934663819_large.jpg""]",,,12164,3182,15346,1166100,7042,4717905,2494825,195351,3343889,-3148539
3951675,✭聯合道✭前座向街✭,九龍城,唐樓,3430000,381,2,1,中層,,,滙昇置業,https://i1.28hse.com/2026/07/202607300036196741142_thumb.jpg,https://www.28hse.com/buy/apartment/property-3951675,2026-08-06T17:33:59.496264+00:00,2026-08-06T18:18:30.444335+00:00,唐樓,,九龍九龍城唐樓 /,"41名校網。唐4F. 前座向街,一閃即逝。
→有興趣請提供閣下聯絡電話，以便安排睇樓。謝謝←
另有大量41,34 名校綱筍盤/各區樓盤查詢
請電或Whatsapp
↑　　↑
此單位有相:立即Whatapp 睇相",,,,,,,,2026-07-30T00:09:33+08:00,2026-07-30T02:50:03+08:00,2026-09-28T00:09:33+08:00,"[""https://i1.28hse.com/2026/07/202607300009161052770_large.jpg"", ""https://i1.28hse.com/2026/07/202607300009173569526_large.jpg"", ""https://i1.28hse.com/2026/07/202607300009192973549_large.jpg"", ""https://i1.28hse.com/2026/07/202607300009202159809_large.jpg"", ""https://i1.28hse.com/2026/07/202607300009212087592_large.jpg""]",,,12344,2715,15059,1183350,7146,4605594,2531731,501805,3343889,-2842085
3365820,位靚 博重建 唐五樓,新蒲崗,唐樓/單幢式大廈,3500000,602,2,1,,,,燕發地產,https://i1.28hse.com/2025/07/202507051953341758296_thumb.jpg,https://www.28hse.com/buy/apartment/property-3365820,2026-08-06T17:33:59.496264+00:00,2026-08-06T18:16:30.742002+00:00,唐樓,,九龍新蒲崗唐樓 錦榮街,有匙即睇,,,,,,,,2026-07-20T19:57:19+08:00,2026-07-20T19:57:19+08:00,2026-09-18T19:57:19+08:00,"[""https://i1.28hse.com/2025/07/202507051953424518240_large.jpg"", ""https://i1.28hse.com/2025/07/202507051953495518430_large.jpg"", ""https://i1.28hse.com/2025/07/202507051953565049423_large.jpg"", ""https://i1.28hse.com/2025/07/202507051954101145606_large.jpg""]",,,12596,3730,16326,1207500,7292,5039535,2583399,-215235,3343889,-3559124
3945445,#急走收租唐樓 全新豪裝三間房 年收租可達$21萬,深水埗,唐樓,3500000,431,3,3,,開放式廚房,,廣信地產顧問有限公司,https://i1.28hse.com/2026/07/20260724191526743801_thumb.jpg,https://www.28hse.com/buy/apartment/property-3945445,2026-08-06T17:33:59.496264+00:00,2026-08-06T18:12:18.834395+00:00,單幢樓房,,九龍深水埗單幢樓房 南昌街,"+whatsapp有片
+全新分間2間1房1廳+1間套房
+獨立水電錶
*廣信地產多間分行為你服務：
-油麻地上海街383號地下A2舖
-旺角山東街24號地下B舖
-旺角渡船街323號地下2號舖
-大角咀埃華街70號地下1C2號舖",22.330994,114.161789,,,,,,2026-07-24T19:15:30+08:00,2026-08-05T15:09:05+08:00,2026-09-22T19:15:30+08:00,"[""https://i1.28hse.com/2026/07/202607241915268273937_large.jpg"", ""https://i1.28hse.com/2026/07/202607241915266379214_large.jpg"", ""https://i1.28hse.com/2026/07/202607241915273703841_large.jpg"", ""https://i1.28hse.com/2026/07/202607241915273183310_large.jpg"", ""https://i1.28hse.com/2026/07/202607241915274976942_large.jpg"", ""https://i1.28hse.com/2026/07/202607241915283655218_large.jpg"", ""https://i1.28hse.com/2026/07/202607241915281778920_large.jpg"", ""https://i1.28hse.com/2026/07/202607241915283723754_large.jpg"", ""https://i1.28hse.com/2026/07/20260724191529932483_large.jpg"", ""https://i1.28hse.com/2026/07/202607241915295788058_large.jpg"", ""https://i1.28hse.com/2026/07/202607241915297826174_large.jpg"", ""https://i1.28hse.com/2026/07/202607241915293213569_large.jpg"", ""https://i1.28hse.com/2026/07/202607241915308455721_large.jpg""]",,,12596,2960,15557,1207500,7292,4766905,2583399,313295,3343889,-3030595
3958518,"*投資首選,間4套,三邊多窗,開陽公園景,採光好寧靜方便,近地鐵,直通大灣區大巴",太子,唐樓,3580000,560,3,4,中層,,,晉聯地產,https://i1.28hse.com/2026/08/202608031850225467087_thumb.jpg,https://www.28hse.com/buy/apartment/property-3958518,2026-08-06T17:33:59.496264+00:00,2026-08-06T18:00:42.167356+00:00,唐樓,,九龍太子唐樓 上海街705號,太子站步行2分鐘,,,,,,,,2026-08-03T18:53:04+08:00,2026-08-03T18:53:04+08:00,2026-10-02T18:53:04+08:00,"[""https://i1.28hse.com/2026/08/202608031850287800855_large.jpg"", ""https://i1.28hse.com/2026/08/20260803185023272596_large.jpg"", ""https://i1.28hse.com/2026/08/202608031850251888100_large.jpg"", ""https://i1.28hse.com/2026/08/202608031850262258422_large.jpg"", ""https://i1.28hse.com/2026/08/202608031850276057370_large.jpg"", ""https://i1.28hse.com/2026/08/20260803185023439542_large.jpg"", ""https://i1.28hse.com/2026/08/202608031850245632474_large.jpg"", ""https://i1.28hse.com/2026/08/202608031850286950155_large.jpg"", ""https://i1.28hse.com/2026/08/202608031850273635741_large.jpg"", ""https://i1.28hse.com/2026/08/202608031850272306267_large.jpg"", ""https://i1.28hse.com/2026/08/202608031850285004774_large.jpg"", ""https://i1.28hse.com/2026/08/202608031850238989375_large.jpg"", ""https://i1.28hse.com/2026/08/202608031850262702078_large.jpg"", ""https://i1.28hse.com/2026/08/202608031851303769287_large.jpg"", ""https://i1.28hse.com/2026/08/202608031851306307202_large.jpg"", ""https://i1.28hse.com/2026/08/202608031851295088370_large.jpg"", ""https://i1.28hse.com/2026/08/202608031851313425616_large.jpg"", ""https://i1.28hse.com/2026/08/202608031851302723306_large.jpg""]",,,12884,3564,16448,1235100,7458,5065825,2642448,-124242,3343889,-3468132
3942829,實盤放售 面積夠大 兩鐵交匯 太子黃金地段 大大件投資收租等收購,太子,唐樓,3600000,712,3,2,高層,,,華美國際集團,https://i1.28hse.com/2026/07/202607230824397865189_thumb.jpg,https://www.28hse.com/buy/apartment/property-3942829,2026-08-06T17:33:59.496264+00:00,2026-08-06T18:01:05.714758+00:00,太子唐樓 Prince China Building,,九龍太子太子唐樓 唐樓,"3房（1套厠）
鄰近大型商場 往返港九新界巴士小巴 往中國各省市巴士 
歡迎委託放售放租
揾樓專線梁小姐:",,,,,,,,2026-07-23T08:24:53+08:00,2026-08-01T05:41:40+08:00,2026-09-21T08:24:53+08:00,"[""https://i1.28hse.com/2026/07/202607230824392360986_large.jpg"", ""https://i1.28hse.com/2026/07/202607230824407427875_large.jpg"", ""https://i1.28hse.com/2026/07/202607230824418755944_large.jpg"", ""https://i1.28hse.com/2026/07/202607230824384642983_large.jpg"", ""https://i1.28hse.com/2026/07/202607230824417102856_large.jpg"", ""https://i1.28hse.com/2026/07/202607230824412339203_large.jpg"", ""https://i1.28hse.com/2026/07/202607230824426735570_large.jpg"", ""https://i1.28hse.com/2026/07/202607230824435425765_large.jpg"", ""https://i1.28hse.com/2026/07/202607230824432756557_large.jpg"", ""https://i1.28hse.com/2026/07/202607230824445176140_large.jpg"", ""https://i1.28hse.com/2026/07/202607230824455366219_large.jpg"", ""https://i1.28hse.com/2026/07/2026072308244534512_large.jpg"", ""https://i1.28hse.com/2026/07/202607230824465828401_large.jpg"", ""https://i1.28hse.com/2026/07/202607230824461629121_large.jpg"", ""https://i1.28hse.com/2026/07/20260723082447289835_large.jpg"", ""https://i1.28hse.com/2026/07/202607230824472728349_large.jpg"", ""https://i1.28hse.com/2026/07/202607230824484476852_large.jpg"", ""https://i1.28hse.com/2026/07/202607230824483500612_large.jpg"", ""https://i1.28hse.com/2026/07/202607230824495710268_large.jpg"", ""https://i1.28hse.com/2026/07/202607230824497085892_large.jpg"", ""https://i1.28hse.com/2026/07/202607230824501945791_large.jpg"", ""https://i1.28hse.com/2026/07/202607230824516770280_large.jpg"", ""https://i1.28hse.com/2026/07/202607230824515856182_large.jpg"", ""https://i1.28hse.com/2026/07/202607230824528647306_large.jpg"", ""https://i1.28hse.com/2026/07/202607230824523606924_large.jpg""]",,,12956,4254,17210,1242000,7500,5331475,2657211,-603752,3343889,-3947641
3732236,"安居(陳小姐),2房1廳,裝修靚,重建熱門.實盤.",土瓜灣,唐樓,3680000,463,2,1,中層,,,安居置業-土瓜灣,https://i1.28hse.com/2026/02/202602041942062289642_thumb.jpg,https://www.28hse.com/buy/apartment/property-3732236,2026-08-06T17:33:59.496264+00:00,2026-08-06T18:24:42.120983+00:00,麟祥街 LUN CHEUNG ST,,九龍土瓜灣麟祥街 麟祥街17號,"土瓜灣13街重點收購發展區,有裝修.2房1廳.唐六樓",,,,,,,,2026-06-08T13:00:53+08:00,2026-07-18T18:44:05+08:00,2026-08-07T13:00:53+08:00,"[""https://i1.28hse.com/2026/02/202602041942075537366_large.jpg"", ""https://i1.28hse.com/2026/02/202602041942058642400_large.jpg"", ""https://i1.28hse.com/2026/02/202602041942062862296_large.jpg"", ""https://i1.28hse.com/2026/02/202602041942068590623_large.jpg"", ""https://i1.28hse.com/2026/02/202602041942061685626_large.jpg"", ""https://i1.28hse.com/2026/02/202602041942057963700_large.jpg""]",,,13244,3157,16401,1269600,7667,5027740,2716260,127040,3343889,-3216850
3909496,LILY推介>连租约三房一厕 中层 平地LIFT 非常企理 租紧比好客,紅磡,單幢式大廈,3780000,392,3,1,,,,星光物業顧問公司,https://i1.28hse.com/2026/06/202606281851271488096_thumb.jpg,https://www.28hse.com/buy/apartment/property-3909496,2026-08-06T17:33:59.496264+00:00,2026-08-06T17:50:41.764983+00:00,寶石戲院大廈,,九龍紅磡寶石戲院大廈 明安街20 号,"宝石戏院大厦位于红磡明安街20号。入伙日期由12/1970开始。宝石戏院大厦共有2座，提供358个单位。宝石戏院大厦的实用面积由120尺至1,166尺。宝石戏院大厦交通便利，邻近港铁何文田站。小学校网为35。中学校网为九龙城区。",22.306128999999995,114.18583699999999,,,,,,2026-06-28T18:51:34+08:00,2026-07-17T16:01:55+08:00,2026-08-27T18:51:34+08:00,"[""https://i1.28hse.com/2026/06/202606281851277227524_large.jpg"", ""https://i1.28hse.com/2026/06/202606281851287146091_large.jpg"", ""https://i1.28hse.com/2026/06/202606281851285488882_large.jpg"", ""https://i1.28hse.com/2026/06/20260628185128179088_large.jpg"", ""https://i1.28hse.com/2026/06/202606281851295539331_large.jpg"", ""https://i1.28hse.com/2026/06/20260628185129302959_large.jpg"", ""https://i1.28hse.com/2026/06/202606281851308598776_large.jpg"", ""https://i1.28hse.com/2026/06/202606281851303869788_large.jpg"", ""https://i1.28hse.com/2026/06/202606281851301031211_large.jpg"", ""https://i1.28hse.com/2026/06/202606281851314399132_large.jpg"", ""https://i1.28hse.com/2026/06/202606281851313862175_large.jpg"", ""https://i1.28hse.com/2026/06/202606281851311226810_large.jpg"", ""https://i1.28hse.com/2026/06/202606281851325648034_large.jpg"", ""https://i1.28hse.com/2026/06/202606281851327089382_large.jpg"", ""https://i1.28hse.com/2026/06/202606281851324531407_large.jpg"", ""https://i1.28hse.com/2026/06/202606281851336856361_large.jpg"", ""https://i1.28hse.com/2026/06/20260628185133913176_large.jpg"", ""https://i1.28hse.com/2026/06/20260628185133894706_large.jpg"", ""https://i1.28hse.com/2026/06/202606281851345378485_large.jpg""]",,,13604,2866,16470,1304100,7875,5031107,2790071,297960,3343889,-3045929
3164834,全新豪裝盤~『63年1房374呎』【偉安大廈】要岀電梯行一層樓梯,佐敦,私人屋苑,3980000,374,1,1,,開放式廚房,,駿輝地產專業有限公司,https://i1.28hse.com/2026/03/202603121748584284876_thumb.jpg,https://www.28hse.com/buy/apartment/property-3164834,2026-08-06T17:33:59.496264+00:00,2026-08-06T17:54:14.499596+00:00,偉安大廈,,九龍佐敦偉安大廈 柯士甸道3A號,"偉安大廈 @ $100印花稅精選
地址: 尖沙咀柯士甸道3A號
入伙日期: 1962 (63)
單位總數 : 107
物業座數 : 2座
層數: 14 (1-15)
每層伙數: 6
實用面積: 由369呎至849呎
所屬校網: 油尖旺區31號校網
- 1分鐘 步行到柯士甸站
- 豪裝大1房 鄰近西鐵/佐敦站 
- 已完成大維修 已換新電梯
- 電梯洋樓 24小時大廈保安
------------------------------------------
駿輝地產分行地址:
九龍深水埗元州街280-288號地下1號舖",22.303193999999998,114.16843400000002,,,,,,2026-06-22T17:21:04+08:00,2026-08-06T14:40:36+08:00,2026-08-21T17:21:04+08:00,"[""https://i1.28hse.com/2026/03/202603121748592926053_large.jpg"", ""https://i1.28hse.com/2026/03/202603121749014886846_large.jpg"", ""https://i1.28hse.com/2026/03/202603121749027294877_large.jpg"", ""https://i1.28hse.com/2026/03/202603121749042128141_large.jpg"", ""https://i1.28hse.com/2026/03/202603121749058486205_large.jpg"", ""https://i1.28hse.com/2026/03/202603121749076640620_large.jpg"", ""https://i1.28hse.com/2026/03/202603121749093344724_large.jpg"", ""https://i1.28hse.com/2026/03/202603121749106170297_large.jpg""]",,,14324,2844,17168,1373100,8292,5235537,2937694,256540,3343889,-3087349
3903112,【 高層靚裝 】 1房有裝修 即買即住 柯士甸站上蓋,佐敦,洋樓/單幢式大廈,3980000,374,1,1,,開放式廚房,,三月地產,https://i1.28hse.com/2026/06/202606231740176178621_thumb.jpg,https://www.28hse.com/buy/apartment/property-3903112,2026-08-06T17:33:59.496264+00:00,2026-08-06T17:54:11.150411+00:00,偉安大廈,,九龍佐敦偉安大廈 柯士甸道3A號,"【偉安大廈 】
● 高層豪華雅緻裝修
● 1房大廳，高層開揚
● 明亮有窗，乾溼分離廁所
● 電熱水爐沖涼，電磁爐煮食
● 平地電梯，光猛大堂，需行一層
● 落街即到柯士甸站F出口",22.303194,114.168434,,,,,,2026-06-23T17:42:02+08:00,2026-06-23T17:42:02+08:00,2026-08-22T17:42:02+08:00,"[""https://i1.28hse.com/2026/06/202606231740186170305_large.jpg"", ""https://i1.28hse.com/2026/06/202606231740165685265_large.jpg"", ""https://i1.28hse.com/2026/06/202606231740192365818_large.jpg"", ""https://i1.28hse.com/2026/06/202606231740203798160_large.jpg"", ""https://i1.28hse.com/2026/06/202606231740184743937_large.jpg"", ""https://i1.28hse.com/2026/06/202606231740205205369_large.jpg"", ""https://i1.28hse.com/2026/06/202606231740206229914_large.jpg"", ""https://i1.28hse.com/2026/06/202606231740186835954_large.jpg"", ""https://i1.28hse.com/2026/06/202606231740193554154_large.jpg"", ""https://i1.28hse.com/2026/06/202606231740172633442_large.jpg""]",,,14324,2844,17168,1373100,8292,5235537,2937694,256540,3343889,-3087349
3909666,^^旺中帶靜！一房大廳！已做大廈維修,天后,單幢式大廈,3980000,382,1,1,中層,,,環球物業 (香港),https://i1.28hse.com/2026/06/202606282209106549013_thumb.jpg,https://www.28hse.com/buy/apartment/property-3909666,2026-08-06T17:33:59.496264+00:00,2026-08-06T17:47:17.592332+00:00,福華大廈,,香港島天后福華大廈 清風街2-4號,有意請電: 劉小姐,22.284607,114.192032,,,,,,2026-06-28T22:09:21+08:00,2026-08-04T23:20:59+08:00,2026-08-27T22:09:21+08:00,"[""https://i1.28hse.com/2026/06/202606282209107362476_large.jpg"", ""https://i1.28hse.com/2026/06/20260628220910964862_large.jpg"", ""https://i1.28hse.com/2026/06/202606282209117965924_large.jpg"", ""https://i1.28hse.com/2026/06/202606282209118139542_large.jpg""]",,,14324,2880,17204,1373100,8292,5248292,2937694,231814,3343889,-3112076
3949771,✬✬筍筍筍 平地電梯洋樓 三面單邊 呎價平平 方便約睇✬✬,深水埗,單幢式大廈,4020000,502,3,,,,,千億物業 長沙灣分行,https://i1.28hse.com/2026/07/202607281632554433609_thumb.jpg,https://www.28hse.com/buy/apartment/property-3949771,2026-08-06T17:33:59.496264+00:00,2026-08-06T18:12:00.925323+00:00,三英大廈,,九龍深水埗三英大廈 大埔道23號,筍筍筍 平地電梯洋樓 三面單邊 呎價平平 方便約睇,22.32835,114.166695,,,,,,2026-07-28T16:33:05+08:00,2026-07-28T18:10:17+08:00,2026-09-26T16:33:05+08:00,"[""https://i1.28hse.com/2026/07/202607281633053250965_large.jpg"", ""https://i1.28hse.com/2026/07/202607281633056223258_large.jpg"", ""https://i1.28hse.com/2026/07/202607281633055535705_large.jpg""]",,,14468,3432,17899,1386900,8375,5486237,2967218,-158495,3343889,-3502384
3475046,即買即住 鄰近港鐵 把握機會 投資精選,佐敦,私人屋苑/洋樓/單幢式大廈,4050000,374,2,1,高層,,,金國置業,https://i1.28hse.com/2025/06/202506170610028077298_thumb.jpg,https://www.28hse.com/buy/apartment/property-3475046,2026-08-06T17:33:59.496264+00:00,2026-08-06T17:54:28.844867+00:00,偉安大廈,,九龍佐敦偉安大廈 柯士甸道3A號,"2分鐘到港鐵站 交通便利
核心地段 校網地利
7分鐘到大型商場及公園 週邊配套齊全
間隔四正實用 即買即住 自住又保值 收租回報 高
環境清幽 旺中帶靜
大量其他筍盤未能盡錄
黃小姐 
微信 Jenwong1130",22.303193999999998,114.16843400000002,,,明火煮食,,,2026-06-13T11:25:20+08:00,2026-07-13T10:19:59+08:00,2026-08-12T11:25:20+08:00,"[""https://i1.28hse.com/2025/06/202506170610021403929_large.jpg"", ""https://i1.28hse.com/2025/06/202506170610035323149_large.jpg"", ""https://i1.28hse.com/2025/06/202506170610034196009_large.jpg"", ""https://i1.28hse.com/2025/06/202506170610036308100_large.jpg"", ""https://i1.28hse.com/2025/06/202506170610041963014_large.jpg"", ""https://i1.28hse.com/2025/06/202506170610046262827_large.jpg"", ""https://i1.28hse.com/2025/06/202506170610048456815_large.jpg""]",,,14576,2864,17440,1397250,8438,5317132,2989362,222571,3343889,-3121318
3885876,**筍盤推介** 中層2房 靚地段/近九龍站 投資自住一流 一瞬即逝,佐敦,私人屋苑/單幢式大廈,4060000,376,2,1,高層,,,中興地產有限公司,https://i1.28hse.com/2026/06/20260611123345706054_thumb.jpg,https://www.28hse.com/buy/apartment/property-3885876,2026-08-06T17:33:59.496264+00:00,2026-08-06T17:54:33.583538+00:00,偉安大廈,,九龍佐敦偉安大廈 柯士甸道3A號,四鐵匯聚 交通便利,22.303194,114.168434,,,,,,2026-06-11T12:33:47+08:00,2026-06-25T15:56:47+08:00,2026-08-10T12:33:47+08:00,"[""https://i1.28hse.com/2026/06/202606111233453142622_large.jpg"", ""https://i1.28hse.com/2026/06/202606111233458781915_large.jpg"", ""https://i1.28hse.com/2026/06/202606111233461474250_large.jpg"", ""https://i1.28hse.com/2026/06/202606111233462541110_large.jpg"", ""https://i1.28hse.com/2026/06/202606111233463934193_large.jpg""]",,,14612,2876,17488,1400700,8458,5331977,2996743,211537,3343889,-3132352
3889002,**筍盤推介** 中層2房 靚地段/近九龍站 投資自住一流 一瞬即逝,佐敦,私人屋苑/單幢式大廈,4060000,376,2,1,高層,,,中興地產有限公司,https://i1.28hse.com/2026/06/202606131008326576989_thumb.jpg,https://www.28hse.com/buy/apartment/property-3889002,2026-08-06T17:33:59.496264+00:00,2026-08-06T17:54:30.165113+00:00,偉安大廈,,九龍佐敦偉安大廈 柯士甸道3A號,四鐵匯聚 交通便利,22.303193999999998,114.16843400000002,,,,,,2026-06-13T10:08:34+08:00,2026-06-20T13:00:39+08:00,2026-08-12T10:08:34+08:00,"[""https://i1.28hse.com/2026/06/202606131008322008453_large.jpg"", ""https://i1.28hse.com/2026/06/202606131008336478772_large.jpg"", ""https://i1.28hse.com/2026/06/202606131008332488123_large.jpg"", ""https://i1.28hse.com/2026/06/202606131008334126107_large.jpg"", ""https://i1.28hse.com/2026/06/202606131008337195629_large.jpg""]",,,14612,2876,17488,1400700,8458,5331977,2996743,211537,3343889,-3132352
3898876,低層**有匙**重建區業主套現還價即收,長沙灣,唐樓,4280000,744,3,3,,,,港威置業（青山道）,https://i1.28hse.com/2026/06/202606201432594366992_thumb.jpg,https://www.28hse.com/buy/apartment/property-3898876,2026-08-06T17:33:59.496264+00:00,2026-08-06T18:09:00.515658+00:00,147-149,,九龍長沙灣147-149 元州街147-149,大量筍盤單位,,,,,,,,2026-06-20T14:31:00+08:00,2026-06-20T14:33:07+08:00,2026-08-19T14:31:00+08:00,"[""https://i1.28hse.com/2026/06/202606201432595745290_large.jpg"", ""https://i1.28hse.com/2026/06/202606201433001772865_large.jpg"", ""https://i1.28hse.com/2026/06/202606201433007692506_large.jpg"", ""https://i1.28hse.com/2026/06/202606201433007456699_large.jpg"", ""https://i1.28hse.com/2026/06/202606201433018044470_large.jpg"", ""https://i1.28hse.com/2026/06/202606201433013453161_large.jpg"", ""https://i1.28hse.com/2026/06/202606201433016832604_large.jpg"", ""https://i1.28hse.com/2026/06/202606201433028649616_large.jpg""]",,,15403,4596,20000,1476600,8917,6175131,3159128,-1032643,3343889,-4376532
3101914,罕有連入契平臺，兩房,荃灣,洋樓/單幢式大廈,4300000,371,2,1,,開放式廚房,,荃盛置業有限公司,https://i1.28hse.com/2026/05/20260502192654349271_thumb.jpg,https://www.28hse.com/buy/apartment/property-3101914,2026-08-06T17:33:59.496264+00:00,2026-08-06T18:34:49.833318+00:00,荃灣洋樓 tsuen wan mans.,,新界荃灣荃灣洋樓 大河道30號,中心地段，交通方便,,,,,明火煮食,,,2026-07-13T15:08:14+08:00,2026-08-05T18:33:28+08:00,2026-09-11T15:08:14+08:00,"[""https://i1.28hse.com/2026/05/202605021926557578899_large.jpg"", ""https://i1.28hse.com/2026/05/202605021926575242120_large.jpg"", ""https://i1.28hse.com/2026/05/202605021926585633580_large.jpg"", ""https://i1.28hse.com/2026/05/202605021926584086965_large.jpg"", ""https://i1.28hse.com/2026/05/202605021926597272516_large.jpg"", ""https://i1.28hse.com/2026/05/202605021926596507309_large.jpg""]",,,15475,2924,18399,1483500,8958,5603760,3173890,110526,3343889,-3233364
3843869,"高級會所,鳳凰樓層",西貢,私人屋苑/信和,4310000,380,1,1,高層,,8,港基地產代理有限公司,https://i1.28hse.com/2026/05/202605111449231416473_thumb.jpg,https://www.28hse.com/buy/apartment/property-3843869,2026-08-06T17:33:59.496264+00:00,2026-08-06T18:38:59.030365+00:00,逸瓏海滙,,新界西貢逸瓏海滙 康村路9號,"1房2廳,開放廚",22.378214,114.266258,,,,,,2026-07-22T16:51:31+08:00,2026-07-28T17:06:44+08:00,2026-09-20T16:51:31+08:00,"[""https://i1.28hse.com/2026/05/202605111449283644010_large.jpg"", ""https://i1.28hse.com/2026/05/20260511144930582451_large.jpg"", ""https://i1.28hse.com/estate_data/100/8878/FLOOR/8878_20231122054655634453_thumb.jpg""]",,,15511,2967,18478,1486950,8979,5629766,3181272,77856,3343889,-3266034
3882221,西貢逸瓏海匯,西貢,私人屋苑/信和,4310000,380,1,1,高層,開放式廚房,8,港基地產代理有限公司,https://i1.28hse.com/2026/06/202606081627425998130_thumb.jpg,https://www.28hse.com/buy/apartment/property-3882221,2026-08-06T17:33:59.496264+00:00,2026-08-06T18:39:11.634910+00:00,逸瓏海滙,,新界西貢逸瓏海滙 康村路9號,"1房,開放式廚房,屋苑管理,會所設施,泳池.",22.378214,114.266258,,,明火煮食,,,2026-06-08T16:29:36+08:00,2026-06-08T16:29:36+08:00,2026-08-07T16:29:36+08:00,"[""https://i1.28hse.com/2026/06/202606081627403192678_large.jpg"", ""https://i1.28hse.com/2026/06/202606081627417312953_large.jpg"", ""https://i1.28hse.com/2026/06/202606081627424382980_large.jpg"", ""https://i1.28hse.com/2026/06/202606081627411081310_large.jpg""]",,,15511,2967,18478,1486950,8979,5629766,3181272,77856,3343889,-3266034
3926958,合隆大廈｜高陞街｜兩房｜新裝企理｜近港鐵｜可約睇樓,上環,私人屋苑/洋樓/單幢式大廈,4380000,495,2,1,,,,天立地產有限公司,https://i1.28hse.com/2026/07/202607101855152047591_thumb.jpg,https://www.28hse.com/buy/apartment/property-3926958,2026-08-06T17:33:59.496264+00:00,2026-08-06T17:45:28.001762+00:00,合隆大廈,595,香港島上環合隆大廈 高陞街25-29號,"如欲了解更多放售的樓盤資訊，請參閱以下連結:
 
$600萬以下
https://docs.google.com/spreadsheets/d/1g6QmkUBpKYCzD1VmVJEsrtnrPnXHkcp8HXBAF3iG_T0/edit?usp=sharing
 $600-1000萬
https://docs.google.com/spreadsheets/d/1vs_x1QOvXzYDhyiu5mBS_tutcP-tiJK39JinmY9ck_I/edit?usp=sharing
 $1000萬以上
https://docs.google.com/spreadsheets/d/1TdB4vQeYCYap4mli9prJY3NeOcFNdyRPW_Osl1bhnwc/edit?usp=sharing
 ++++我們的影片頻道+++++
https://www.youtube.com/channel/UC-KCJKfSR3SNUgLdO60RgVQ
++++++++++++",22.287251,114.146049,,,明火煮食,,,2026-07-10T18:55:30+08:00,2026-07-10T18:55:30+08:00,2026-09-08T18:55:30+08:00,"[""https://i1.28hse.com/2026/07/202607101855165007743_large.jpg"", ""https://i1.28hse.com/2026/07/202607101855162232170_large.jpg"", ""https://i1.28hse.com/2026/07/202607101855171717021_large.jpg"", ""https://i1.28hse.com/2026/07/202607101855173786464_large.jpg"", ""https://i1.28hse.com/2026/07/202607101855182536896_large.jpg"", ""https://i1.28hse.com/2026/07/202607101855184101869_large.jpg"", ""https://i1.28hse.com/2026/07/202607101855194479395_large.jpg""]",,,15763,3505,19268,1511100,9125,5894708,3232940,-311557,3343889,-3655447
3905748,新裝平地電梯大單邊多窗,深水埗,洋樓,4380000,510,2,1,中層,開放式廚房,,家旺物業大埔道,https://i1.28hse.com/2026/06/202606251816427980091_thumb.jpg,https://www.28hse.com/buy/apartment/property-3905748,2026-08-06T17:33:59.496264+00:00,2026-08-06T18:14:10.667316+00:00,東盧大廈,,九龍深水埗東盧大廈 大埔道140号,四正大單邊多𥦬平地電梯新裝,,,,,,,,2026-06-25T18:19:21+08:00,2026-06-25T18:19:21+08:00,2026-08-24T18:19:21+08:00,"[""https://i1.28hse.com/2026/06/202606251816442760918_large.jpg"", ""https://i1.28hse.com/2026/06/202606251816454009230_large.jpg"", ""https://i1.28hse.com/2026/06/20260625181647621019_large.jpg"", ""https://i1.28hse.com/2026/06/20260625181648597904_large.jpg"", ""https://i1.28hse.com/2026/06/202606251816498762628_large.jpg"", ""https://i1.28hse.com/2026/06/202606251816516921464_large.jpg"", ""https://i1.28hse.com/2026/06/202606251816527871023_large.jpg"", ""https://i1.28hse.com/2026/06/202606251816544284821_large.jpg"", ""https://i1.28hse.com/2026/06/202606251816557271275_large.jpg"", ""https://i1.28hse.com/2026/06/20260625181656718928_large.jpg"", ""https://i1.28hse.com/2026/06/202606251816583699485_large.jpg"", ""https://i1.28hse.com/2026/06/202606251816595934316_large.jpg"", ""https://i1.28hse.com/2026/06/202606251817017449297_large.jpg"", ""https://i1.28hse.com/2026/06/202606251817026435174_large.jpg"", ""https://i1.28hse.com/2026/06/202606251817045395194_large.jpg"", ""https://i1.28hse.com/2026/06/202606251817057396936_large.jpg"", ""https://i1.28hse.com/2026/06/202606251817088627628_large.jpg"", ""https://i1.28hse.com/2026/06/202606251817102661740_large.jpg"", ""https://i1.28hse.com/2026/06/202606251817118483924_large.jpg"", ""https://i1.28hse.com/2026/06/202606251817143578843_large.jpg"", ""https://i1.28hse.com/2026/06/202606251817152702301_large.jpg""]",,,15763,3572,19336,1511100,9125,5918623,3232940,-357919,3343889,-3701809
3949543,"深水埗地鐵站,平地𨋢，全新裝修，2房，即買即住，有匙",深水埗,洋樓/私人屋苑,4380000,510,2,1,中層,開放式廚房,,家旺物業,https://i1.28hse.com/2026/07/202607281450535363962_thumb.jpg,https://www.28hse.com/buy/apartment/property-3949543,2026-08-06T17:33:59.496264+00:00,2026-08-06T18:12:03.640815+00:00,東盧大廈,,九龍深水埗東盧大廈 大埔道140號,"深水埗地鐵站,平地𨋢，全新裝修，2房，即買即住，有匙",,,,,,,,2026-07-28T14:51:02+08:00,2026-07-28T14:52:17+08:00,2026-09-26T14:51:02+08:00,"[""https://i1.28hse.com/2026/07/202607281450535260061_large.jpg"", ""https://i1.28hse.com/2026/07/202607281450533915488_large.jpg"", ""https://i1.28hse.com/2026/07/20260728145053427233_large.jpg"", ""https://i1.28hse.com/2026/07/202607281450541234285_large.jpg"", ""https://i1.28hse.com/2026/07/202607281450544037493_large.jpg"", ""https://i1.28hse.com/2026/07/202607281450542170170_large.jpg"", ""https://i1.28hse.com/2026/07/20260728145054341172_large.jpg"", ""https://i1.28hse.com/2026/07/202607281450542682485_large.jpg"", ""https://i1.28hse.com/2026/07/202607281450553233197_large.jpg"", ""https://i1.28hse.com/2026/07/202607281450553482508_large.jpg"", ""https://i1.28hse.com/2026/07/202607281450554841431_large.jpg"", ""https://i1.28hse.com/2026/07/202607281450564093153_large.jpg""]",,,15763,3572,19336,1511100,9125,5918623,3232940,-357919,3343889,-3701809
3960291,正！旺角《三房一廳》！有電梯！投資自住一流！實用率高！鄰近地鐵！歡迎查詢！,旺角,洋樓/私人屋苑/單幢式大廈,4400000,575,3,1,中層,,,泰安地產,https://i1.28hse.com/2026/08/202608050143237062928_thumb.jpg,https://www.28hse.com/buy/apartment/property-3960291,2026-08-06T17:33:59.496264+00:00,2026-08-06T17:57:31.662779+00:00,單幢樓房,,九龍旺角單幢樓房 花園街,投資自住！高實用率！交通便利！收租一流！,22.321350380540334,114.17070823090829,,,,,,2026-08-05T01:43:56+08:00,2026-08-05T01:43:56+08:00,2026-10-04T01:43:56+08:00,"[""https://i1.28hse.com/2026/08/20260805014324271936_large.jpg"", ""https://i1.28hse.com/2026/08/202608050143244273508_large.jpg"", ""https://i1.28hse.com/2026/08/202608050143241290836_large.jpg""]",,,15835,3871,19706,1518000,9167,6045567,3247702,-568528,3343889,-3912417
3904755,2房中層梗厨，位置靚，楼龄新。,深水埗,私人屋苑,4450000,359,2,1,中層,,29,喜居物業(宇宙商場),https://i1.28hse.com/2026/06/202606242208035633888_thumb.jpg,https://www.28hse.com/buy/apartment/property-3904755,2026-08-06T17:33:59.496264+00:00,2026-08-06T18:14:12.792925+00:00,福年大廈,496,九龍深水埗福年大廈 福榮街44號,購物方便,22.331177,114.164078,,,,,,2026-06-24T21:59:49+08:00,2026-07-01T18:35:34+08:00,2026-08-23T21:59:49+08:00,"[""https://i1.28hse.com/2026/06/202606242208062777180_large.jpg"", ""https://i1.28hse.com/2026/06/202606242208103107107_large.jpg"", ""https://i1.28hse.com/2026/06/202606242208135930607_large.jpg"", ""https://i1.28hse.com/2026/06/202606242208195241078_large.jpg"", ""https://i1.28hse.com/2026/06/202606242208261959570_large.jpg""]",,,16015,2913,18929,1535250,9271,5759475,3284607,74825,3343889,-3269065
2770767,【大量獨家！382呎大兩房】新盤對面 盡享配套 高層靚裝,紅磡,私人屋苑/遠東,4480000,382,2,1,高層,,21,天晋物業有限公司,https://i1.28hse.com/2023/11/202311091839501399752_thumb.jpg,https://www.28hse.com/buy/apartment/property-2770767,2026-08-06T17:33:59.496264+00:00,2026-08-06T17:51:46.183728+00:00,東海雅園,600,九龍紅磡東海雅園 必嘉街66號,"22年樓+高層兩房+豪華靚裝>>
紅磡 必嘉街 東海雅園，381呎實用，22年樓，冷氣靚仔雲石大堂！！單位原則兩房兩廳，豪華裝修，同區則王，超開陽半落地大窗，遠東名牌發展商，貫穿三鐵，交吉約睇",22.30689,114.18378400000003,,,明火煮食,,,2026-06-07T17:40:24+08:00,2026-06-17T19:20:27+08:00,2026-08-06T17:40:24+08:00,"[""https://i1.28hse.com/2023/11/2023110918395171072_large.jpg"", ""https://i1.28hse.com/2023/11/202311091839522999226_large.jpg"", ""https://i1.28hse.com/2023/11/202311091839526499449_large.jpg"", ""https://i1.28hse.com/2023/11/20231109183952406210_large.jpg"", ""https://i1.28hse.com/2023/11/202311091839533556490_large.jpg"", ""https://i1.28hse.com/2023/11/202311091839538273166_large.jpg""]",,,16123,3026,19149,1545600,9333,5831114,3306751,-10822,3343889,-3354712
3922416,【大量獨家！382呎大兩房】新盤對面 盡享配套 高層靚裝,紅磡,私人屋苑/遠東,4480000,382,2,1,高層,,21,天晋物業有限公司,https://i1.28hse.com/2026/07/202607071835163361800_thumb.jpg,https://www.28hse.com/buy/apartment/property-3922416,2026-08-06T17:33:59.496264+00:00,2026-08-06T17:50:06.316373+00:00,東海雅園,600,九龍紅磡東海雅園 必嘉街66號,"22年樓+高層兩房+豪華靚裝>>
紅磡 必嘉街 東海雅園，381呎實用，22年樓，冷氣靚仔雲石大堂！！單位原則兩房兩廳，豪華裝修，同區則王，超開陽半落地大窗，遠東名牌發展商，貫穿三鐵，交吉約睇",22.30689,114.18378400000003,,,明火煮食,,,2026-07-07T18:35:19+08:00,2026-07-18T16:22:17+08:00,2026-09-05T18:35:19+08:00,"[""https://i1.28hse.com/2026/07/202607071835172172734_large.jpg"", ""https://i1.28hse.com/2026/07/202607071835176864151_large.jpg"", ""https://i1.28hse.com/2026/07/202607071835188235427_large.jpg"", ""https://i1.28hse.com/2026/07/202607071835188876801_large.jpg"", ""https://i1.28hse.com/2026/07/202607071835187664354_large.jpg"", ""https://i1.28hse.com/2026/07/20260707183519605155_large.jpg""]",,,16123,3026,19149,1545600,9333,5831114,3306751,-10822,3343889,-3354712
3955506,"超筍!低層唐樓,大大件,單邊多窗,投資自用必選.歡迎來電約睇,還價即簽,快者得!",深水埗,唐樓,4500000,804,2,1,,,,富榮地產代理,https://i1.28hse.com/2026/08/202608011830366068126_thumb.jpg,https://www.28hse.com/buy/apartment/property-3955506,2026-08-06T17:33:59.496264+00:00,2026-08-06T18:11:44.546832+00:00,唐樓,,九龍深水埗唐樓 深水埗 南昌街106-110號,"樓梯乾淨,價錢可以傾,快者得!",,,,,,,,2026-08-01T18:29:51+08:00,2026-08-01T18:30:43+08:00,2026-09-30T18:29:51+08:00,[],,,16195,4930,21126,1552500,9375,6527232,3321513,-1324852,3343889,-4668741
3962699,低層1/F 特色平台單位 總共3層樓 804呎巨房 有匙即睇,長沙灣,單幢式大廈/唐樓,4500000,804,2,,,,,千億物業 長沙灣分行,https://i1.28hse.com/2026/08/202608061806456886448_thumb.jpg,https://www.28hse.com/buy/apartment/property-3962699,2026-08-06T17:33:59.496264+00:00,2026-08-06T18:06:22.443331+00:00,唐樓,,九龍長沙灣唐樓 長沙灣,低層1/F 特色平台單位 總共3層樓804呎巨房 有匙即睇,,,,,,,,2026-08-06T18:06:47+08:00,2026-08-06T18:06:47+08:00,2026-10-05T18:06:47+08:00,"[""https://i1.28hse.com/2026/08/202608061806466436330_large.jpg"", ""https://i1.28hse.com/2026/08/202608061806468475992_large.jpg""]",,,16195,4930,21126,1552500,9375,6527232,3321513,-1324852,3343889,-4668741
3885844,地鐵站出口平地電梯商住兩用即買即收租,旺角,洋樓,4580000,452,2,1,,,,中興地產有限公司,https://i1.28hse.com/2026/06/202606111214021186154_thumb.jpg,https://www.28hse.com/buy/apartment/property-3885844,2026-08-06T17:33:59.496264+00:00,2026-08-06T18:00:25.956160+00:00,遠東發展旺角大廈,,九龍旺角遠東發展旺角大廈 砵蘭街240-244號,兩房靚裝,22.303717,114.172028,,,,,,2026-06-11T12:14:29+08:00,2026-07-03T17:50:19+08:00,2026-08-10T12:14:29+08:00,"[""https://i1.28hse.com/2026/06/202606111214027202219_large.jpg"", ""https://i1.28hse.com/2026/06/202606111214038087431_large.jpg"", ""https://i1.28hse.com/2026/06/20260611121403162101_large.jpg"", ""https://i1.28hse.com/2026/06/20260611121403581493_large.jpg"", ""https://i1.28hse.com/2026/06/202606111214047825585_large.jpg"", ""https://i1.28hse.com/2026/06/202606111214043451860_large.jpg""]",,,16483,3370,19853,1580100,9542,6059281,3380562,-275707,3343889,-3619596
3960919,*超大間 超實用 無間套房 交吉賣 鄰近地鐵站*,深水埗,唐樓/單幢式大廈,4600000,871,2,1,,,,廣信地產顧問有限公司,https://i1.28hse.com/2026/08/202608051547457185406_thumb.jpg,https://www.28hse.com/buy/apartment/property-3960919,2026-08-06T17:33:59.496264+00:00,2026-08-06T18:11:28.794807+00:00,唐樓,,九龍深水埗唐樓 南昌街,"*交通方便
*間隔可隨意改動
*歡迎致電或 Whatsapp查詢
*廣信地產多間分行為你服務：
-油麻地上海街 383號地下A2舖
-旺角山東街24號地下B舖
-旺角渡船街 323號地下2號舖
-大角咀埃華街70號大成樓地下 1C2號舖",,,,,,,,2026-08-05T15:49:20+08:00,2026-08-05T15:49:20+08:00,2026-10-04T15:49:20+08:00,"[""https://i1.28hse.com/2026/08/202608051547457430760_large.jpg"", ""https://i1.28hse.com/2026/08/202608051547467797370_large.jpg"", ""https://i1.28hse.com/2026/08/202608051547463383417_large.jpg"", ""https://i1.28hse.com/2026/08/20260805154747424456_large.jpg"", ""https://i1.28hse.com/2026/08/202608051547473025021_large.jpg"", ""https://i1.28hse.com/2026/08/202608051547484303367_large.jpg""]",,,16555,5261,21816,1587000,9583,6750616,3395325,-1580464,3343889,-4924353
3920913,《安泰大廈》號外 !低水中層兩房激荀放售 真係可遇不可求 信我包你你無買錯,土瓜灣,私人屋苑/單幢式大廈,4620000,409,2,2,,,,天晋物業有限公司,https://i1.28hse.com/2026/07/202607301430405458989_thumb.jpg,https://www.28hse.com/buy/apartment/property-3920913,2026-08-06T17:33:59.496264+00:00,2026-08-06T18:23:28.720406+00:00,安泰大廈,441,九龍土瓜灣安泰大廈 美景街68號,《安泰大廈》號外 !低水中層兩房激荀放售 真係可遇不可求 信我包你你無買錯,22.317163,114.191322,,,,,,2026-07-06T17:53:29+08:00,2026-07-30T14:43:02+08:00,2026-09-04T17:53:29+08:00,"[""https://i1.28hse.com/2026/07/202607301430418594170_large.jpg"", ""https://i1.28hse.com/2026/07/202607301430433314008_large.jpg"", ""https://i1.28hse.com/2026/07/202607301430445240689_large.jpg"", ""https://i1.28hse.com/2026/07/202607301430457372006_large.jpg"", ""https://i1.28hse.com/2026/07/202607301430465126872_large.jpg"", ""https://i1.28hse.com/2026/07/202607301430477925642_large.jpg"", ""https://i1.28hse.com/2026/07/202607301430498538326_large.jpg""]",,,16627,3188,19815,1593900,9625,6037350,3410087,-162212,3343889,-3506102
3946795,✿【真心幫你慳】慳錢慳裝修慳時間｜3房2廁全新裝•未住過✿『34校網✓近港鐵✓』,土瓜灣,私人屋苑,4680000,473,3,2,,開放式廚房,,生利達物業代理,https://i1.28hse.com/2026/07/202607252012085732861_thumb.jpg,https://www.28hse.com/buy/apartment/property-3946795,2026-08-06T17:33:59.496264+00:00,2026-08-06T18:19:50.044318+00:00,安平大廈,,九龍土瓜灣安平大廈 美景街39號,"The Real Estate Agency You Can Trust !!
✿你想一寓 ♡ 幫你選宅✿
IG @new_leader_property_agency
youtube @NewLeaderPropertyAgency
[有匙即約即睇]
♡夠實用又夠實力
♡34名校網 名校林立
[交通極方便]
✓行約5分鐘到土瓜灣港鐵站
✓多架過海巴士 約15分鐘到港島
✓多架巴士出尖沙咀
✓多架巴士到九龍東 油塘
✓仲有多架紅Van綠Van周圍去
♛搵我哋睇樓 又齊盤✓又快捷✓又方便✓♛
♛唔使周圍搵咁麻煩 我哋已幫你安排好♛
→歡迎業主來電 / WHATSAPP 放盤←",22.317163,114.191322,,,,,,2026-07-25T20:12:12+08:00,2026-08-04T18:37:48+08:00,2026-09-23T20:12:12+08:00,"[""https://i1.28hse.com/2026/07/202607252012095282417_large.jpg"", ""https://i1.28hse.com/2026/07/202607252012092788526_large.jpg"", ""https://i1.28hse.com/2026/07/202607252012092322122_large.jpg"", ""https://i1.28hse.com/2026/07/20260725201210409542_large.jpg"", ""https://i1.28hse.com/2026/07/202607252012108713696_large.jpg"", ""https://i1.28hse.com/2026/07/202607252012104599333_large.jpg"", ""https://i1.28hse.com/2026/07/202607252012116166309_large.jpg"", ""https://i1.28hse.com/2026/07/202607252012111719178_large.jpg""]",,,16843,3494,20336,1614600,9750,6209326,3454374,-389141,3343889,-3733030
3962927,✿【大減價真心幫你慳】慳錢慳裝修慳時間✿『3房2廁✓34校網✓近港鐵✓』,土瓜灣,私人屋苑,4680000,473,3,2,,開放式廚房,,生利達物業代理,https://i1.28hse.com/2026/08/202608061942298682018_thumb.jpg,https://www.28hse.com/buy/apartment/property-3962927,2026-08-06T17:33:59.496264+00:00,2026-08-06T18:18:50.968545+00:00,安平大廈,,九龍土瓜灣安平大廈 美景街39號,"The Real Estate Agency You Can Trust !!
✿你想一寓 ♡ 幫你選宅✿
IG @new_leader_property_agency
youtube @NewLeaderPropertyAgency
[有匙即約即睇]
♡夠實用又夠實力
♡34名校網 名校林立
[交通極方便]
✓行約5分鐘到土瓜灣港鐵站
✓多架過海巴士 約15分鐘到港島
✓多架巴士出尖沙咀
✓多架巴士到九龍東 油塘
✓仲有多架紅Van綠Van周圍去
♛搵我哋睇樓 又齊盤✓又快捷✓又方便✓♛
♛唔使周圍搵咁麻煩 我哋已幫你安排好♛
→歡迎業主來電 / WHATSAPP 放盤←",22.317163,114.191322,,,,,,2026-08-06T19:42:32+08:00,2026-08-06T19:42:32+08:00,2026-10-05T19:42:32+08:00,"[""https://i1.28hse.com/2026/08/202608061942302743249_large.jpg"", ""https://i1.28hse.com/2026/08/202608061942303122503_large.jpg"", ""https://i1.28hse.com/2026/08/202608061942302126705_large.jpg"", ""https://i1.28hse.com/2026/08/202608061942317722739_large.jpg"", ""https://i1.28hse.com/2026/08/20260806194231336203_large.jpg"", ""https://i1.28hse.com/2026/08/202608061942315725025_large.jpg"", ""https://i1.28hse.com/2026/08/20260806194232544332_large.jpg"", ""https://i1.28hse.com/2026/08/20260806194232259325_large.jpg""]",,,16843,3494,20336,1614600,9750,6209326,3454374,-389141,3343889,-3733030
3646812,✦✦豪裝50萬 業主換樓即放 大膽還價 方便約睇✦✦,太子,單幢式大廈/洋樓,4680000,409,2,1,,,,千億物業 長沙灣分行,https://i1.28hse.com/2025/11/202511271641505295027_thumb.jpg,https://www.28hse.com/buy/apartment/property-3646812,2026-08-06T17:33:59.496264+00:00,2026-08-06T18:01:50.008910+00:00,單幢樓房,,九龍太子單幢樓房 長沙灣道,"豪裝50萬 業主換樓即放 大膽還價 方便約睇
千億物業
常小姐 Elly Sheung",22.325503999999995,114.16818199999997,,,,,,2026-06-21T19:41:19+08:00,2026-06-21T19:41:33+08:00,2026-08-20T19:41:19+08:00,"[""https://i1.28hse.com/2025/11/202511271641492264418_large.jpg"", ""https://i1.28hse.com/2025/11/202511271641503770189_large.jpg"", ""https://i1.28hse.com/2025/11/202511271641504811072_large.jpg"", ""https://i1.28hse.com/2025/11/202511271641498909727_large.jpg""]",,,16843,3206,20048,1614600,9750,6107289,3454374,-191329,3343889,-3535218
3912676,[樂芬大廈] 中層靚裝多窗兩房 自住一流 投資回報高,尖沙咀,單幢式大廈,4680000,435,2,1,中層,,,駿輝地產建榮有限公司,https://i1.28hse.com/2026/07/202607011415293947571_thumb.jpg,https://www.28hse.com/buy/apartment/property-3912676,2026-08-06T17:33:59.496264+00:00,2026-08-06T17:52:50.180958+00:00,樂芬大廈,,九龍尖沙咀樂芬大廈 諾士佛臺7-8號,"生活品味 多窗採光度高
5分鐘地鐘站 市場難求
景觀開掦 核心地段 生活配套應有盡有",22.301296,114.173714,,,,,,2026-07-01T14:15:52+08:00,2026-08-05T18:41:10+08:00,2026-08-30T14:15:52+08:00,"[""https://i1.28hse.com/2026/07/202607011415272220207_large.jpg"", ""https://i1.28hse.com/2026/07/202607011415308251714_large.jpg"", ""https://i1.28hse.com/2026/07/202607011415292506376_large.jpg"", ""https://i1.28hse.com/2026/07/20260701141530528457_large.jpg"", ""https://i1.28hse.com/2026/07/202607011415286701038_large.jpg""]",,,16843,3322,20165,1614600,9750,6148741,3454374,-271690,3343889,-3615579
1709381,✬✬急售！全場最平！✬✬,長沙灣,私人屋苑,4680000,410,2,,中層,,28,千億物業 長沙灣分行,https://i1.28hse.com/2022/06/202206041304214165123_thumb.jpg,https://www.28hse.com/buy/apartment/property-1709381,2026-08-06T17:33:59.496264+00:00,2026-08-06T18:09:24.461725+00:00,麗寶花園,577,九龍長沙灣麗寶花園 昌華街38號,"✬✬長沙灣屋苑式 實用2房 ✬✬
千億物業
張小姐 Kelly Cheung 
溫家明 Andy Wan",22.340281999999995,114.15531200000001,,,,,,2026-06-08T18:22:08+08:00,2026-08-03T19:32:14+08:00,2026-08-07T18:22:08+08:00,"[""https://i1.28hse.com/2022/06/202206041304211318699_large.jpg"", ""https://i1.28hse.com/2023/07/202307041513205795685_large.jpg"", ""https://i1.28hse.com/2023/07/202307041513218806381_large.jpg"", ""https://i1.28hse.com/2023/07/202307041513216082217_large.jpg""]",,,16843,3210,20053,1614600,9750,6108883,3454374,-194420,3343889,-3538309
3938558,✮✮絕對實盤 17年樓齡 業主換樓急售，方便約睇✮✮,深水埗,單幢式大廈/中國海外,4780000,365,2,,中層,,18,千億物業 長沙灣分行,https://i1.28hse.com/2026/07/202607191608246523386_thumb.jpg,https://www.28hse.com/buy/apartment/property-3938558,2026-08-06T17:33:59.496264+00:00,2026-08-06T18:12:48.251702+00:00,喜居,548,九龍深水埗喜居 醫局街161號,"✮✮絕對實盤 17年樓齡 業主換樓急售，方便約睇✮✮
千億物業",22.327326000000006,114.16076699999999,,,,,,2026-07-19T16:08:25+08:00,2026-07-24T12:46:00+08:00,2026-09-17T16:08:25+08:00,"[""https://i1.28hse.com/2026/07/202607191608231774845_large.jpg"", ""https://i1.28hse.com/2026/07/202607191608235803779_large.jpg"", ""https://i1.28hse.com/2026/07/202607191608244956286_large.jpg"", ""https://i1.28hse.com/2026/07/202607191608241859252_large.jpg"", ""https://i1.28hse.com/2026/07/202607191608246749613_large.jpg"", ""https://i1.28hse.com/2026/07/202607191608255928143_large.jpg""]",,,17203,3037,20239,1649100,9958,6153703,3528185,-103860,3343889,-3447750
1229236,✶✶✶稀有放盤 2房 投資自住均可✶✶✶,深水埗,單幢式大廈/中國海外,4800000,365,2,,高層,,12,千億物業,https://i1.28hse.com/2022/08/20220809174015104564_thumb.jpg,https://www.28hse.com/buy/apartment/property-1229236,2026-08-06T17:33:59.496264+00:00,2026-08-06T18:14:38.728779+00:00,喜居,548,九龍深水埗喜居 醫局街161號,"稀有放盤 2房
投資自住均可
千億物業
張小姐 Kelly Cheung 
溫家明 Andy Wan",22.327326000000006,114.16076699999999,,,,,,2026-06-14T13:18:28+08:00,2026-07-06T08:34:12+08:00,2026-08-13T13:18:28+08:00,"[""https://i1.28hse.com/2022/09/202209071946288647832_large.jpg"", ""https://i1.28hse.com/2022/08/202208091740143304509_large.jpg"", ""https://i1.28hse.com/2022/01/202201181822004973628_large.jpg"", ""https://i1.28hse.com/2023/03/202303211309334273567_large.jpg"", ""https://i1.28hse.com/2023/03/202303211309287286817_large.jpg"", ""https://i1.28hse.com/2023/03/202303211309303791889_large.jpg"", ""https://i1.28hse.com/2023/03/202303211309317698269_large.jpg"", ""https://i1.28hse.com/2023/03/20230321130928160015_large.jpg"", ""https://i1.28hse.com/2023/03/202303211309342154882_large.jpg"", ""https://i1.28hse.com/2023/03/202303211309274287042_large.jpg"", ""https://i1.28hse.com/2023/03/202303211309298567732_large.jpg""]",,,17275,3042,20317,1656000,10000,6177016,3542947,-113566,3343889,-3457455
3930356,"移民求售,還價即成",西貢,私人屋苑/信和,4800000,425,2,1,中層,開放式廚房,8,港基地產代理有限公司,https://i1.28hse.com/2026/07/202607131510588512910_thumb.jpg,https://www.28hse.com/buy/apartment/property-3930356,2026-08-06T17:33:59.496264+00:00,2026-08-06T18:39:03.708126+00:00,逸瓏海滙,,新界西貢逸瓏海滙 康村路9號,"1房2廳1貯,開放廚",22.378214,114.266258,,,明火煮食,,,2026-07-13T15:12:08+08:00,2026-07-13T15:12:08+08:00,2026-09-11T15:12:08+08:00,"[""https://i1.28hse.com/2026/07/202607131511035318303_large.jpg"", ""https://i1.28hse.com/2026/07/202607131511141620179_large.jpg"", ""https://i1.28hse.com/2026/07/20260713151107991035_large.jpg"", ""https://i1.28hse.com/2026/07/202607131511091302551_large.jpg"", ""https://i1.28hse.com/2026/07/202607131511175761957_large.jpg"", ""https://i1.28hse.com/estate_data/100/8878/FLOOR/8878_20231122054611823886_thumb.jpg""]",,,17275,3312,20587,1656000,10000,6272675,3542947,-299015,3343889,-3642904
3931361,約睇有靚池景【新放盤】走先啦，係咁先啦！合適上樓【上樓易】荀盤前面當你自己人傾,西貢,私人屋苑/信和,4800000,425,1,1,高層,開放式廚房,8,利嘉閣地產有限公司,https://i1.28hse.com/2026/07/20260714125019402398_thumb.jpg,https://www.28hse.com/buy/apartment/property-3931361,2026-08-06T17:33:59.496264+00:00,2026-08-06T18:39:03.035523+00:00,逸瓏海滙,,新界西貢逸瓏海滙 康村路9號,"【真盤源】至強團隊為您細心服務
24小時ON CALL 請即預約睇樓為您推介更多筍盤
搜羅全將軍澳,觀塘,藍田,油塘,西貢筍盤給貴客戶慢慢比較
全港一手新盤,專車接送示範單位!
詳盡講解, 細心分析 ! 抽籤中前籌 !成功率高!
必為貴客提供專業貼心一站式買賣及售後服務",22.378213999999996,114.266258,,,明火煮食,,,2026-07-14T12:53:03+08:00,2026-07-14T12:56:13+08:00,2026-09-12T12:53:03+08:00,"[""https://i1.28hse.com/2026/07/202607141250203254818_large.jpg"", ""https://i1.28hse.com/2026/07/202607141252014063565_large.jpg"", ""https://i1.28hse.com/2026/07/202607141250235185914_large.jpg"", ""https://i1.28hse.com/2026/07/202607141250252180343_large.jpg"", ""https://i1.28hse.com/2026/07/202607141250274263565_large.jpg"", ""https://i1.28hse.com/2026/07/202607141250307816516_large.jpg"", ""https://i1.28hse.com/2026/07/20260714125202980494_large.jpg"", ""https://i1.28hse.com/2026/07/202607141250324217112_large.jpg"", ""https://i1.28hse.com/2026/07/202607141250343074673_large.jpg"", ""https://i1.28hse.com/2026/07/202607141250358713496_large.jpg"", ""https://i1.28hse.com/2026/07/202607141250361478072_large.jpg"", ""https://i1.28hse.com/2026/07/202607141252022534687_large.jpg"", ""https://i1.28hse.com/estate_data/100/8878/FLOOR/8878_20231122054611823886_thumb.jpg""]",,,17275,3312,20587,1656000,10000,6272675,3542947,-299015,3343889,-3642904
3933118,蝕讓急售，高層泳池景,西貢,私人屋苑/信和,4800000,425,1,,高層,,8,Q動力地產,https://i1.28hse.com/2026/07/202607151633315745823_thumb.jpg,https://www.28hse.com/buy/apartment/property-3933118,2026-08-06T17:33:59.496264+00:00,2026-08-06T18:39:02.328740+00:00,逸瓏海滙,,新界西貢逸瓏海滙 康村路9號,"蝕讓急售，高層泳池景， 樓齡新， 步行西貢市中心， 誠意推介。
Rare On market, pool view, high level, few minutes walk to Sai Kung town.
大量租售筍盤，歡迎預約參觀。
歡迎業主放盤。
Pls feel free to contact for details or make appointment to view house.",22.378214,114.266258,,,,,,2026-07-15T16:33:48+08:00,2026-07-15T16:33:48+08:00,2026-09-13T16:33:48+08:00,"[""https://i1.28hse.com/2026/07/202607151633311306443_large.jpg"", ""https://i1.28hse.com/2026/07/202607151633311909162_large.jpg"", ""https://i1.28hse.com/2026/07/202607151633315051139_large.jpg"", ""https://i1.28hse.com/2026/07/202607151633315434356_large.jpg"", ""https://i1.28hse.com/2026/07/20260715163331319287_large.jpg"", ""https://i1.28hse.com/2026/07/20260715163331916532_large.jpg"", ""https://i1.28hse.com/2026/07/202607151633328341983_large.jpg"", ""https://i1.28hse.com/2026/07/202607151633327571021_large.jpg"", ""https://i1.28hse.com/2026/07/202607151633328337703_large.jpg"", ""https://i1.28hse.com/2026/07/202607151633322891425_large.jpg"", ""https://i1.28hse.com/estate_data/100/8878/FLOOR/8878_20231122054611823886_thumb.jpg""]",,,17275,3312,20587,1656000,10000,6272675,3542947,-299015,3343889,-3642904
3922220,✿【真心幫你慳】慳錢慳裝修慳時間｜3房2廁全新裝•未住過✿『34校網✓近港鐵✓』,土瓜灣,私人屋苑,4830000,473,3,2,,開放式廚房,,生利達物業代理,https://i1.28hse.com/2026/07/202607071709474354951_thumb.jpg,https://www.28hse.com/buy/apartment/property-3922220,2026-08-06T17:33:59.496264+00:00,2026-08-06T18:23:25.334759+00:00,安平大廈,,九龍土瓜灣安平大廈 美景街39號,"The Real Estate Agency You Can Trust !!
✿你想一寓 ♡ 幫你選宅✿
IG @new_leader_property_agency
youtube @NewLeaderPropertyAgency
[有匙即約即睇]
♡夠實用又夠實力
♡34名校網 名校林立
[交通極方便]
✓行約5分鐘到土瓜灣港鐵站
✓多架過海巴士 約15分鐘到港島
✓多架巴士出尖沙咀
✓多架巴士到九龍東 油塘
✓仲有多架紅Van綠Van周圍去
♛搵我哋睇樓 又齊盤✓又快捷✓又方便✓♛
♛唔使周圍搵咁麻煩 我哋已幫你安排好♛
→歡迎業主來電 / WHATSAPP 放盤←",22.317163,114.191322,,,,,,2026-07-07T17:12:02+08:00,2026-07-11T10:41:50+08:00,2026-09-05T17:12:02+08:00,"[""https://i1.28hse.com/2026/07/20260707170948188948_large.jpg"", ""https://i1.28hse.com/2026/07/202607071709488890343_large.jpg"", ""https://i1.28hse.com/2026/07/202607071709487525608_large.jpg"", ""https://i1.28hse.com/2026/07/20260707170949775141_large.jpg"", ""https://i1.28hse.com/2026/07/202607071709494115832_large.jpg"", ""https://i1.28hse.com/2026/07/202607071709497955877_large.jpg"", ""https://i1.28hse.com/2026/07/202607071709504803227_large.jpg"", ""https://i1.28hse.com/2026/07/202607071709503122987_large.jpg""]",,,17383,3537,20920,1666350,10062,6384172,3565091,-461932,3343889,-3805821
3410142,《實盤》即買即收租，高回報 即睇,深水埗,洋樓/單幢式大廈,4950000,720,3,3,中層,,,高盛地產,https://i1.28hse.com/2026/04/202604011337508827103_thumb.jpg,https://www.28hse.com/buy/apartment/property-3410142,2026-08-06T17:33:59.496264+00:00,2026-08-06T18:13:58.351532+00:00,單幢樓房,,九龍深水埗單幢樓房 福榮街37號,"罕有放盤, 高實用率, 有裝修, 間隔四正 交通便利",22.330994,114.161789,,,,,,2026-06-30T16:37:59+08:00,2026-08-05T16:06:45+08:00,2026-08-29T16:37:59+08:00,"[""https://i1.28hse.com/2026/04/20260401133751159725_large.jpg"", ""https://i1.28hse.com/2026/04/202604011337512359638_large.jpg"", ""https://i1.28hse.com/2026/04/202604011337511660154_large.jpg"", ""https://i1.28hse.com/2026/04/202604011337514172262_large.jpg"", ""https://i1.28hse.com/2026/04/202604011337503593082_large.jpg"", ""https://i1.28hse.com/2026/04/20260401133751563538_large.jpg"", ""https://i1.28hse.com/2026/04/202604011337511511880_large.jpg"", ""https://i1.28hse.com/2026/04/202604011337527999977_large.jpg""]",,,17815,4684,22498,1707750,10312,6917848,3653665,-1283596,3343889,-4627485
3904687,✿真相真盤真靚•慳錢慳時間｜3房2廁全新裝•未住過✿『34校網✓近港鐵✓』,土瓜灣,私人屋苑,4980000,473,3,2,,開放式廚房,,生利達物業代理,https://i1.28hse.com/2026/06/202606241957094791979_thumb.jpg,https://www.28hse.com/buy/apartment/property-3904687,2026-08-06T17:33:59.496264+00:00,2026-08-06T18:23:55.557189+00:00,安平大廈,,九龍土瓜灣安平大廈 美景街39號,"The Real Estate Agency You Can Trust !!
✿你想一寓 ♡ 幫你選宅✿
IG @new_leader_property_agency
youtube @NewLeaderPropertyAgency
[有匙即約即睇]
♡夠實用又夠實力
♡34名校網 名校林立
[交通極方便]
✓行約5分鐘到土瓜灣港鐵站
✓多架過海巴士 約15分鐘到港島
✓多架巴士出尖沙咀
✓多架巴士到九龍東 油塘
✓仲有多架紅Van綠Van周圍去
♛搵我哋睇樓 又齊盤✓又快捷✓又方便✓♛
♛唔使周圍搵咁麻煩 我哋已幫你安排好♛
→歡迎業主來電 / WHATSAPP 放盤←",22.317163,114.191322,,,,,,2026-06-24T20:03:44+08:00,2026-06-30T12:53:07+08:00,2026-08-23T20:03:44+08:00,"[""https://i1.28hse.com/2026/06/202606241957096068673_large.jpg"", ""https://i1.28hse.com/2026/06/202606241957093154997_large.jpg"", ""https://i1.28hse.com/2026/06/202606241957101311551_large.jpg"", ""https://i1.28hse.com/2026/06/202606241957108517278_large.jpg"", ""https://i1.28hse.com/2026/06/202606241957106275332_large.jpg"", ""https://i1.28hse.com/2026/06/202606241957118405590_large.jpg"", ""https://i1.28hse.com/2026/06/202606241957113895172_large.jpg"", ""https://i1.28hse.com/2026/06/202606241957112394915_large.jpg""]",,,17923,3581,21504,1718100,10375,6559019,3675808,-534723,3343889,-3878612
3882496,【天后三房兩廁】✮巨廳三房兩廁✮【3分鐘到地鐵站】【 呎價超平 】,天后,唐樓,5080000,657,3,2,,,,駿景地產代理有限公司,https://i1.28hse.com/2026/06/202606081757068590948_thumb.jpg,https://www.28hse.com/buy/apartment/property-3882496,2026-08-06T17:33:59.496264+00:00,2026-08-06T17:47:27.876879+00:00,唐樓,,香港島天后唐樓 琉璃街,【天后三房兩廁】✮巨廳三房兩廁✮【3分鐘到地鐵站】【 呎價超平 】,,,,,,,,2026-06-08T17:57:46+08:00,2026-07-13T14:38:01+08:00,2026-08-07T17:57:46+08:00,"[""https://i1.28hse.com/2026/06/202606081757095033475_large.jpg"", ""https://i1.28hse.com/2026/06/202606081757115811301_large.jpg"", ""https://i1.28hse.com/2026/06/202606081757144490554_large.jpg"", ""https://i1.28hse.com/2026/06/202606081757163313264_large.jpg""]",,,18283,4438,22721,1752600,10583,6968939,3749619,-1151960,3343889,-4495849
3932030,"太子靚位置,{放租23800}極近雙鐵,唐一樓，商住兩用,适合各行各業,還價即簽",旺角,唐樓,5280000,706,1,1,,,,富榮地產代理,https://i1.28hse.com/2026/07/202607141738022711117_thumb.jpg,https://www.28hse.com/buy/apartment/property-3932030,2026-08-06T17:33:59.496264+00:00,2026-08-06T17:58:52.353807+00:00,唐樓,,九龍旺角唐樓  太子 花園街163-173號,"{放租23800}太子靚位置,,極近雙鐵,唐一樓，商住兩用,适合各行各業,歡迎來電約睇JENNY,快者得!",,,,,,,,2026-07-14T17:38:05+08:00,2026-07-17T16:53:02+08:00,2026-09-12T17:38:05+08:00,"[""https://i1.28hse.com/2026/07/202607141738027661019_large.jpg"", ""https://i1.28hse.com/2026/07/20260714173802634845_large.jpg"", ""https://i1.28hse.com/2026/07/202607141738035265222_large.jpg"", ""https://i1.28hse.com/2026/07/202607141738032152754_large.jpg"", ""https://i1.28hse.com/2026/07/202607141738038737112_large.jpg"", ""https://i1.28hse.com/2026/07/202607141738046539817_large.jpg"", ""https://i1.28hse.com/2026/07/202607141738047878457_large.jpg"", ""https://i1.28hse.com/2026/07/202607141738041522961_large.jpg""]",,,19002,4717,23719,1821600,11000,7280190,3897242,-1400464,3343889,-4744354
3942628,旺角站上蓋 三邊窗大單邊 三房套廁 四部平地電梯,旺角,洋樓/單幢式大廈,5280000,471,3,2,,開放式廚房,,廣信地產顧問有限公司,https://i1.28hse.com/2026/07/202607222019212797400_thumb.jpg,https://www.28hse.com/buy/apartment/property-3942628,2026-08-06T17:33:59.496264+00:00,2026-08-06T17:58:23.478108+00:00,遠東發展旺角大廈,,九龍旺角遠東發展旺角大廈 砵蘭街240-244號,"*歡迎致電或 Whatsapp查詢
*廣信地產多間分行為你服務：
-油麻地上海街 383號地下A2舖
-旺角山東街24號地下B舖
-旺角渡船街 323號地下2號舖
-大角咀埃華街70號大成樓地下 1C2號舖",22.303717,114.172028,,,,,,2026-07-22T20:19:53+08:00,2026-07-23T15:21:43+08:00,2026-09-20T20:19:53+08:00,"[""https://i1.28hse.com/2026/07/20260722201922632113_large.jpg"", ""https://i1.28hse.com/2026/07/202607222019277415730_large.jpg"", ""https://i1.28hse.com/2026/07/202607222019232145005_large.jpg"", ""https://i1.28hse.com/2026/07/202607222019241036706_large.jpg"", ""https://i1.28hse.com/2026/07/202607222019252185276_large.jpg"", ""https://i1.28hse.com/2026/07/202607222019262864008_large.jpg"", ""https://i1.28hse.com/2026/07/202607222019288373321_large.jpg"", ""https://i1.28hse.com/2026/07/202607222019293881036_large.jpg""]",,,19002,3660,22662,1821600,11000,6905523,3897242,-674123,3343889,-4018012
3887266,尖沙咀罕有一梯兩伙 高層開揚2改1大房 收租自住皆相宜,尖沙咀,私人屋苑/洋樓/單幢式大廈,5350000,438,1,1,高層,開放式廚房,,金國置業,https://i1.28hse.com/2026/06/202606121031094242054_thumb.jpg,https://www.28hse.com/buy/apartment/property-3887266,2026-08-06T17:33:59.496264+00:00,2026-08-06T17:53:16.818249+00:00,金瓊樓,560,九龍尖沙咀金瓊樓 天文臺圍1及3號,"大量其他筍盤未能盡錄
專業優質服務️
歡迎查詢
黃小姐",22.301702,114.174599,,,明火煮食,,,2026-06-12T10:36:54+08:00,2026-07-13T10:19:55+08:00,2026-08-11T10:36:54+08:00,"[""https://i1.28hse.com/2026/06/202606121031095066384_large.jpg"", ""https://i1.28hse.com/2026/06/202606121031108998874_large.jpg"", ""https://i1.28hse.com/2026/06/202606121031095802492_large.jpg"", ""https://i1.28hse.com/2026/06/202606121031091122953_large.jpg"", ""https://i1.28hse.com/2026/06/202606121031108306576_large.jpg""]",,,19254,3531,22786,1845750,11146,6934505,3948910,-606095,3343889,-3949984
3941763,一房單位、投資首選,大角咀,私人屋苑/信和,5400000,353,1,,中層,,13,美聯物業代理有限公司,https://i1.28hse.com/2026/07/202607232006422017280_thumb.jpg,https://www.28hse.com/buy/apartment/property-3941763,2026-08-06T17:33:59.496264+00:00,2026-08-06T18:03:01.669500+00:00,奧柏御峯,458,九龍大角咀奧柏御峯 榉树街88号,"罕有放盘, 价钱可议, 连露台, 高实用率",22.320864,114.163429,,,,,,2026-07-22T13:42:05+08:00,2026-07-23T20:07:26+08:00,2026-08-21T13:42:05+08:00,"[""https://i1.28hse.com/2026/07/202607232006415932558_large.jpg"", ""https://i1.28hse.com/2026/07/202607232006415518463_large.jpg"", ""https://i1.28hse.com/2026/07/202607232006407088779_large.jpg"", ""https://i1.28hse.com/2026/07/202607232006427982187_large.jpg"", ""https://i1.28hse.com/estate_data/67/7517/FLOOR/7517_20231117011104253268_thumb.jpg"", ""https://i1.28hse.com/estate_data/67/7517/UNIT/7517_20231117011206331313_thumb.jpg""]",,,19434,3164,22598,1863000,11250,6857270,3985816,-367639,3343889,-3711529
3953680,奧柏御峯專員推介 還價在即,大角咀,私人屋苑/信和,5400000,353,1,1,中層,開放式廚房,13,美聯物業代理有限公司,https://i1.28hse.com/2026/07/202607311615104259673_thumb.jpg,https://www.28hse.com/buy/apartment/property-3953680,2026-08-06T17:33:59.496264+00:00,2026-08-06T18:02:29.787051+00:00,奧柏御峯,458,九龍大角咀奧柏御峯 櫸樹街88號,歡迎查詢,22.320864,114.163429,,,,,,2026-07-31T16:15:29+08:00,2026-07-31T16:15:29+08:00,2026-08-30T16:15:29+08:00,"[""https://i1.28hse.com/2026/07/202607311615101881626_large.jpg"", ""https://i1.28hse.com/2026/07/202607311615103764279_large.jpg"", ""https://i1.28hse.com/2026/07/202607311615113175876_large.jpg"", ""https://i1.28hse.com/2026/07/202607311615114286273_large.jpg"", ""https://i1.28hse.com/estate_data/67/7517/FLOOR/7517_20231117011104253268_thumb.jpg"", ""https://i1.28hse.com/estate_data/67/7517/UNIT/7517_20231117011206331313_thumb.jpg""]",,,19434,3164,22598,1863000,11250,6857270,3985816,-367639,3343889,-3711529
3957166,《南北對流，特大主人房設計，大則一房，交吉有匙》,深水埗,私人屋苑/長實,5480000,362,1,1,中層,開放式廚房,11,香港置業,https://i1.28hse.com/2026/08/202608021944002077109_thumb.jpg,https://www.28hse.com/buy/apartment/property-3957166,2026-08-06T17:33:59.496264+00:00,2026-08-06T18:11:41.843855+00:00,丰滙,,九龍深水埗丰滙 荔枝角道339號(第1座及第2座),廣告日期：2026年8月2日,22.329004,114.159851,,,,,,2026-08-02T19:44:19+08:00,2026-08-02T19:44:19+08:00,2026-10-01T19:44:19+08:00,"[""https://i1.28hse.com/2026/08/202608021944017395810_large.jpg"", ""https://i1.28hse.com/2026/08/202608021944025650874_large.jpg"", ""https://i1.28hse.com/2026/08/202608021944032961955_large.jpg"", ""https://i1.28hse.com/2026/08/202608021944048184162_large.jpg"", ""https://i1.28hse.com/estate_data/62/8333/FLOOR/8333_20231117015114219536_thumb.jpg"", ""https://i1.28hse.com/estate_data/62/8333/UNIT/8333_20231117015214544833_thumb.jpg""]",,,19722,3227,22949,1890600,11417,6964870,4044865,-434278,3343889,-3778168
3933965,港鐵沿線最熱門小屋苑 上車首選 絕無僅有,土瓜灣,私人屋苑/嘉華,5500000,354,2,1,中層,,28,中景地產,https://i1.28hse.com/2026/07/202607161242428606987_thumb.jpg,https://www.28hse.com/buy/apartment/property-3933965,2026-08-06T17:33:59.496264+00:00,2026-08-06T18:23:03.317695+00:00,嘉景花園,468,九龍土瓜灣嘉景花園 炮仗街71號,"歡迎查詢
~行約5分鐘到土瓜灣站
~34名校網 名校林立
~鄰近啟德千億發展區及九龍東多元創意商業區 潛力之選
[交通極方便]圖片供參考",22.320539,114.188591,,,,,,2026-07-16T12:42:45+08:00,2026-07-20T14:41:47+08:00,2026-09-14T12:42:45+08:00,"[""https://i1.28hse.com/2026/07/202607161242424010880_large.jpg"", ""https://i1.28hse.com/2026/07/202607161242431937027_large.jpg"", ""https://i1.28hse.com/2026/07/20260716124243912137_large.jpg"", ""https://i1.28hse.com/2026/07/202607161242432387653_large.jpg"", ""https://i1.28hse.com/2026/07/202607161242446071177_large.jpg"", ""https://i1.28hse.com/2026/07/202607161242445167769_large.jpg""]",,,19794,3197,22991,1897500,11458,6975428,4059627,-419257,3343889,-3763147
3318387,大1房有匙即睇~,深水埗,私人屋苑/單幢式大廈/長實,5500000,362,1,1,中層,開放式廚房,11,日豐地產公司,https://i1.28hse.com/2026/06/202606261549474466996_thumb.jpg,https://www.28hse.com/buy/apartment/property-3318387,2026-08-06T17:33:59.496264+00:00,2026-08-06T18:14:07.916410+00:00,丰滙,,九龍深水埗丰滙 荔枝角道339號(第1座及第2座) ,"交通方面:
坐擁鐵路優勢
南昌站過海9分鐘!
南昌站坐1個站到柯士甸站到高鐵站
深水?站去尖沙咀站11分鍾!
荔枝角道有小巴到佐敦,觀塘
生活方面:
1分鐘到超市,藥房(應有盡有)
2分鐘到北河街街市(出名平靚正)
3分鐘到西九龍中心(休閒生活)
6分鐘到南昌新商場V-WALK",22.329004,114.159851,,,,,,2026-06-26T15:46:27+08:00,2026-07-19T15:35:16+08:00,2026-08-25T15:46:27+08:00,"[""https://i1.28hse.com/2026/06/202606261549481677032_large.jpg"", ""https://i1.28hse.com/2026/06/202606261549496860355_large.jpg"", ""https://i1.28hse.com/2026/06/202606261549532040418_large.jpg"", ""https://i1.28hse.com/2026/06/202606261549507429952_large.jpg"", ""https://i1.28hse.com/2026/06/202606261549514718282_large.jpg"", ""https://i1.28hse.com/2026/06/202606261549525993612_large.jpg"", ""https://i1.28hse.com/estate_data/62/8333/FLOOR/8333_20231117015114219536_thumb.jpg"", ""https://i1.28hse.com/estate_data/62/8333/UNIT/8333_20231117015214544833_thumb.jpg""]",,,19794,3233,23027,1897500,11458,6988183,4059627,-443984,3343889,-3787873
3895486,嘩~市區大一房 有鑰匙，即刻call我看樓,深水埗,私人屋苑/長實,5500000,362,1,1,中層,,11,香港置業西九龍,https://i1.28hse.com/2026/06/202606171815504424331_thumb.jpg,https://www.28hse.com/buy/apartment/property-3895486,2026-08-06T17:33:59.496264+00:00,2026-08-06T18:14:31.027751+00:00,丰滙,,九龍深水埗丰滙 荔枝角道339號(第1座及第2座) ,南昌站 深水埗 丰匯 罕有一房放盤，有鑰匙隨時約看,22.329004,114.159851,,,,,,2026-06-17T18:16:31+08:00,2026-06-17T18:16:31+08:00,2026-08-16T18:16:31+08:00,"[""https://i1.28hse.com/2026/06/202606171815511737245_large.jpg"", ""https://i1.28hse.com/2026/06/202606171815518862782_large.jpg"", ""https://i1.28hse.com/2026/06/202606171815507143133_large.jpg"", ""https://i1.28hse.com/2026/06/202606171815504322754_large.jpg"", ""https://i1.28hse.com/2026/06/202606171815517267814_large.jpg"", ""https://i1.28hse.com/2026/06/20260617181552405514_large.jpg"", ""https://i1.28hse.com/2026/06/202606171815526897020_large.jpg"", ""https://i1.28hse.com/estate_data/62/8333/FLOOR/8333_20231117015114219536_thumb.jpg"", ""https://i1.28hse.com/estate_data/62/8333/UNIT/8333_20231117015214544833_thumb.jpg""]",,,19794,3233,23027,1897500,11458,6988183,4059627,-443984,3343889,-3787873
3911588,"熟業主,我口價一定最便",深水埗,單幢式大廈/長實,5500000,362,1,1,中層,開放式廚房,9,日豐地產公司,https://i1.28hse.com/2026/06/202606301629023921043_thumb.jpg,https://www.28hse.com/buy/apartment/property-3911588,2026-08-06T17:33:59.496264+00:00,2026-08-06T18:13:59.027192+00:00,丰滙,,九龍深水埗丰滙 荔枝角道339號(第1座及第2座) ,"交通方面:
坐擁鐵路優勢
南昌站過海9分鐘!
南昌站坐1個站到柯士甸站到高鐵站
深水埗站去尖沙咀站11分鍾!
荔枝角道有小巴到佐敦,觀塘
生活方面:
1分鐘到超市,藥房(應有盡有)
2分鐘到北河街街市(出名平靚正)
3分鐘到西九龍中心(休閒生活)
6分鐘到南昌新商場V-WALK",22.329004,114.159851,,,,,,2026-06-30T16:29:48+08:00,2026-06-30T16:29:48+08:00,2026-08-29T16:29:48+08:00,"[""https://i1.28hse.com/2026/06/202606301629287650148_large.jpg"", ""https://i1.28hse.com/2026/06/202606301629136539876_large.jpg"", ""https://i1.28hse.com/2026/06/20260630162922903386_large.jpg"", ""https://i1.28hse.com/2026/06/202606301629245439983_large.jpg"", ""https://i1.28hse.com/2026/06/202606301629276372113_large.jpg"", ""https://i1.28hse.com/2026/06/202606301629281523864_large.jpg"", ""https://i1.28hse.com/estate_data/62/8333/FLOOR/8333_20231117015114219536_thumb.jpg"", ""https://i1.28hse.com/estate_data/62/8333/UNIT/8333_20231117015214544833_thumb.jpg""]",,,19794,3233,23027,1897500,11458,6988183,4059627,-443984,3343889,-3787873
3929204,"*真盤源*匙盤即睇,362呎,極荀超大則一房,15xxx呎價,業主誠意出售.",深水埗,私人屋苑/長實,5500000,362,1,,中層,,11,利嘉閣地產有限公司,https://i1.28hse.com/2026/07/202607121527247602699_thumb.jpg,https://www.28hse.com/buy/apartment/property-3929204,2026-08-06T17:33:59.496264+00:00,2026-08-06T18:13:22.094307+00:00,丰滙,,九龍深水埗丰滙 荔枝角道339號(第1座及第2座) ,"價錢可議,中心旺地,交通便利,可自住或投資.",22.329004,114.159851,,,,,,2026-07-12T15:28:35+08:00,2026-07-12T15:50:03+08:00,2026-08-11T15:28:35+08:00,"[""https://i1.28hse.com/2026/07/202607121527254940464_large.jpg"", ""https://i1.28hse.com/2026/07/202607121527275712032_large.jpg"", ""https://i1.28hse.com/2026/07/202607121527285720295_large.jpg"", ""https://i1.28hse.com/2026/07/202607121527292799908_large.jpg"", ""https://i1.28hse.com/2026/07/202607121527303832943_large.jpg"", ""https://i1.28hse.com/2026/07/202607121527318174291_large.jpg"", ""https://i1.28hse.com/2026/07/202607121527325301532_large.jpg"", ""https://i1.28hse.com/estate_data/62/8333/FLOOR/8333_20231117015114219536_thumb.jpg"", ""https://i1.28hse.com/estate_data/62/8333/UNIT/8333_20231117015214544833_thumb.jpg""]",,,19794,3233,23027,1897500,11458,6988183,4059627,-443984,3343889,-3787873
3929293,丰汇!东北大1房！罕有1房！超荀咪走寶！2.8米高楼底！交吉可看！8分钟南昌站!,深水埗,私人屋苑/長實,5500000,362,1,1,中層,開放式廚房,11,利嘉閣地產有限公司,https://i1.28hse.com/2026/07/202607121608063423707_thumb.jpg,https://www.28hse.com/buy/apartment/property-3929293,2026-08-06T17:33:59.496264+00:00,2026-08-06T18:13:20.676077+00:00,丰滙,,九龍深水埗丰滙 荔枝角道339號(第1座及第2座) ,"单位资料 
1.入伙8年宠物友善屋苑
2.单位高层向东南
座向远离高速公路
3.楼底2.8米具空间感
(楼下单位楼底只有2.5米)
4.2梯3伙电梯直达地下
管理费按单位尺数计算。大约$4/尺
三座楼下有一个免费会所有健身器材
对面一二座平台有泳池及大型健身室
项目是由长江实业、市区重建局合作发展的分层住宅楼盘，位于九龙深水埗荔枝角道339号及医局街213号，于2015年8月入伙。丰滙 ( Trinity Towers) 共建有三座住宅大厦，分别楼高28至39层 (第1、2座分别楼高38和39层；第3座楼高28层)，各配置一或二部升降机每座大厦每座于天台设有庇护区，5楼 (1及3座) 或6楼 (2座) 至顶层 (31楼、41楼或42楼) 属住宅楼层，每层各设3或5伙单位 (1、2座设5伙；3座设3伙)，合共提供402个分层住宅。
项目位处港铁深水埗站及南昌站之间，步行至任何一站约8至10分钟。而于荔枝角道、医局街及长沙湾道沿线有多条巴士及小巴路线，穿梭港九新界多个地方。
生活配套方面，区内民生商店、食肆林立，商场、银行、超级市场及街市亦一应俱全。
社区康乐设施方面，项目附近除了有深水埗公园及游泳池外，至北河街体育馆、通州街公园及壁球中心亦仅数分钟步程
 单位的实用面积介乎362至745平方尺，楼底高度为2.975或3米，间隔包括一房及三房。
 其中第1、2座单位均为三房户，实用面积由597至745平方尺，楼底高度为2.975米；第3座单位则全为一房户，实用面积由362至391平方尺，楼底高度为3米。
景观方面，单位向西北望长沙湾一带城市景致，中高层远眺葵涌半山，向东北则望 深水埗市景及远方山景。
配套设施方面，丰汇设有面积约22,195平方尺住客会所「Club Trinity」，提供包括户外泳池、24小时健身室、按摩蒸气浴室、宴会厅、Coffee Bar、Internet Corner、以「海底童话国」为主题的儿童乐园等40项设施。
 项目另有占地约10,314平方尺之空中花园及地下公共休憩空间「桂林街公众休憩空间」。
 项目单位全部采用独立型厨房设计，户户配置有27至48平方尺窗台和16平方尺工作平台，而第1、2座单位另带有22平方尺露台",22.329004,114.159851,,,,,,2026-07-12T16:13:38+08:00,2026-07-12T16:13:38+08:00,2026-08-11T16:13:38+08:00,"[""https://i1.28hse.com/2026/07/20260712160816430288_large.jpg"", ""https://i1.28hse.com/2026/07/202607121608307672618_large.jpg"", ""https://i1.28hse.com/2026/07/202607121608416644018_large.jpg"", ""https://i1.28hse.com/2026/07/202607121608511003736_large.jpg"", ""https://i1.28hse.com/2026/07/202607121609017188674_large.jpg"", ""https://i1.28hse.com/2026/07/202607121609173489843_large.jpg"", ""https://i1.28hse.com/2026/07/202607121610141255139_large.jpg"", ""https://i1.28hse.com/2026/07/202607121610271126347_large.jpg"", ""https://i1.28hse.com/2026/07/202607121610355082877_large.jpg"", ""https://i1.28hse.com/2026/07/202607121610504677550_large.jpg"", ""https://i1.28hse.com/2026/07/202607121611053286051_large.jpg"", ""https://i1.28hse.com/2026/07/202607121611175481052_large.jpg"", ""https://i1.28hse.com/2026/07/202607121613028326458_large.jpg"", ""https://i1.28hse.com/2026/07/202607121611268152323_large.jpg"", ""https://i1.28hse.com/2026/07/202607121613323138749_large.jpg"", ""https://i1.28hse.com/2026/07/202607121613328604926_large.jpg"", ""https://i1.28hse.com/2026/07/20260712161333684757_large.jpg"", ""https://i1.28hse.com/2026/07/202607121613331226226_large.jpg"", ""https://i1.28hse.com/2026/07/202607121613348106463_large.jpg"", ""https://i1.28hse.com/2026/07/202607121613343172706_large.jpg"", ""https://i1.28hse.com/2026/07/20260712161334214520_large.jpg"", ""https://i1.28hse.com/2026/07/202607121613345120354_large.jpg"", ""https://i1.28hse.com/2026/07/202607121613358254410_large.jpg"", ""https://i1.28hse.com/2026/07/202607121613358839925_large.jpg"", ""https://i1.28hse.com/2026/07/202607121613354849277_large.jpg"", ""https://i1.28hse.com/2026/07/202607121613357495689_large.jpg"", ""https://i1.28hse.com/2026/07/20260712161336398420_large.jpg"", ""https://i1.28hse.com/2026/07/202607121613364434325_large.jpg"", ""https://i1.28hse.com/2026/07/202607121613365332340_large.jpg"", ""https://i1.28hse.com/2026/07/20260712161336725930_large.jpg"", ""https://i1.28hse.com/2026/07/202607121613367690891_large.jpg"", ""https://i1.28hse.com/2026/07/202607121613371032004_large.jpg"", ""https://i1.28hse.com/2026/07/202607121613375780595_large.jpg"", ""https://i1.28hse.com/2026/07/202607121613372298716_large.jpg"", ""https://i1.28hse.com/2026/07/202607121613372826205_large.jpg"", ""https://i1.28hse.com/2026/07/202607121613371497463_large.jpg"", ""https://i1.28hse.com/2026/07/202607121613385439985_large.jpg"", ""https://i1.28hse.com/2026/07/202607121613385702805_large.jpg"", ""https://i1.28hse.com/2026/07/202607121613382041183_large.jpg"", ""https://i1.28hse.com/2026/07/202607121608063423707_large.jpg"", ""https://i1.28hse.com/estate_data/62/8333/FLOOR/8333_20231117015114219536_thumb.jpg"", ""https://i1.28hse.com/estate_data/62/8333/UNIT/8333_20231117015214544833_thumb.jpg""]",,,19794,3233,23027,1897500,11458,6988183,4059627,-443984,3343889,-3787873
3930937,近鐵大一房【有票有得傾】,深水埗,私人屋苑/長實,5500000,362,1,,中層,,11,中原地產-美孚3期B組,https://i1.28hse.com/2026/07/202607131947484662307_thumb.jpg,https://www.28hse.com/buy/apartment/property-3930937,2026-08-06T17:33:59.496264+00:00,2026-08-06T18:13:14.568568+00:00,丰滙,,九龍深水埗丰滙 荔枝角道339號(第1座及第2座),"歡迎24小時致電或what's app查詢
️提供專業 親切 誠懇一條龍服務
不Hard Sell！
格盡市場筍盤！真盤！假盤！節省客人時間！
客觀分析長短，助買家找出精明合適你的選擇
屋苑最新成交資訊
二手筍盤推介
買賣/租賃流程及所有開支講解
銀行估價，按揭壓力測試，首期和供款細節, 免費按揭轉介
律師行介紹及免費法律諮詢
全港一手新盤資訊免費專車接送睇樓
售後服務包括：水,電,煤,差餉,地租轉名, ...
️專營西九龍各大屋苑/半新樓二手租賃/買賣️
️全港新盤新樓新房優點缺點專業分析講解️
️至幫你！歡迎Wts、Vx 或致電查詢大量筍盤️",22.329004,114.159851,,,,,,2026-07-13T19:48:15+08:00,2026-07-13T19:48:15+08:00,2026-08-12T19:48:15+08:00,"[""https://i1.28hse.com/2026/07/202607131947483885904_large.jpg"", ""https://i1.28hse.com/2026/07/20260713194749949145_large.jpg"", ""https://i1.28hse.com/2026/07/202607131947491607628_large.jpg"", ""https://i1.28hse.com/estate_data/62/8333/FLOOR/8333_20231117015114219536_thumb.jpg"", ""https://i1.28hse.com/estate_data/62/8333/UNIT/8333_20231117015214544833_thumb.jpg""]",,,19794,3233,23027,1897500,11458,6988183,4059627,-443984,3343889,-3787873
3948212,大型屋苑，有匙即睇 !!! 少有放盤 !! 一次介紹多間,深水埗,私人屋苑/長實,5500000,362,1,1,中層,,11,宇晴地產,https://i1.28hse.com/2026/07/202607271420385820052_thumb.jpg,https://www.28hse.com/buy/apartment/property-3948212,2026-08-06T17:33:59.496264+00:00,2026-08-06T18:12:09.176989+00:00,丰滙,,九龍深水埗丰滙 荔枝角道339號(第1座及第2座) ,戴生 [REDACTED],22.329004,114.159851,,,,,,2026-07-27T14:20:44+08:00,2026-07-27T14:20:44+08:00,2026-08-26T14:20:44+08:00,"[""https://i1.28hse.com/2026/07/202607271420385202843_large.jpg"", ""https://i1.28hse.com/2026/07/202607271420393329188_large.jpg"", ""https://i1.28hse.com/2026/07/2026072714203921229_large.jpg"", ""https://i1.28hse.com/2026/07/20260727142040511635_large.jpg"", ""https://i1.28hse.com/2026/07/202607271420401722552_large.jpg"", ""https://i1.28hse.com/2026/07/202607271420416624045_large.jpg"", ""https://i1.28hse.com/2026/07/202607271420417662343_large.jpg"", ""https://i1.28hse.com/2026/07/202607271420414443940_large.jpg"", ""https://i1.28hse.com/2026/07/202607271420425116386_large.jpg"", ""https://i1.28hse.com/2026/07/202607271420424738027_large.jpg"", ""https://i1.28hse.com/2026/07/20260727142043202460_large.jpg"", ""https://i1.28hse.com/2026/07/202607271420438394784_large.jpg"", ""https://i1.28hse.com/2026/07/202607271420436660776_large.jpg"", ""https://i1.28hse.com/2026/07/202607271420442150800_large.jpg"", ""https://i1.28hse.com/estate_data/62/8333/FLOOR/8333_20231117015114219536_thumb.jpg"", ""https://i1.28hse.com/estate_data/62/8333/UNIT/8333_20231117015214544833_thumb.jpg""]",,,19794,3233,23027,1897500,11458,6988183,4059627,-443984,3343889,-3787873
3958348,月海灣 2房 約400尺 池景 開揚 售$550萬,葵涌,私人屋苑/信和,5500000,396,2,1,中層,,24,置富地產,https://i1.28hse.com/2026/08/202608031741042473259_thumb.jpg,https://www.28hse.com/buy/apartment/property-3958348,2026-08-06T17:33:59.496264+00:00,2026-08-06T18:27:32.254687+00:00,月海灣,578,新界葵涌月海灣 葵聯路,"月海灣 2房 池景 開揚 售$550萬
企理裝修 約400尺實用 乾濕廁
屋苑會所 泳池
交通方便 巴士總站 屋村小巴穿梭葵芳地鐵
附近超市 酒家 餐廳
可交吉 歡迎查詢
歡迎直接致電 或 WhatsApp",22.361685,114.124054,,,,,,2026-08-03T17:41:07+08:00,2026-08-03T17:41:07+08:00,2026-10-02T17:41:07+08:00,"[""https://i1.28hse.com/2026/08/202608031741047882218_large.jpg"", ""https://i1.28hse.com/2026/08/202608031741043376191_large.jpg"", ""https://i1.28hse.com/2026/08/202608031741051599835_large.jpg"", ""https://i1.28hse.com/2026/08/202608031741052102917_large.jpg"", ""https://i1.28hse.com/2026/08/202608031741058017333_large.jpg"", ""https://i1.28hse.com/2026/08/202608031741064037807_large.jpg"", ""https://i1.28hse.com/2026/08/20260803174106191361_large.jpg"", ""https://i1.28hse.com/2026/08/202608031741068695139_large.jpg"", ""https://i1.28hse.com/2026/08/202608031741077067696_large.jpg"", ""https://i1.28hse.com/2026/08/202608031741072859408_large.jpg"", ""https://i1.28hse.com/estate_data/114/4670/FLOOR/4670_20240219113329898589_thumb.jpg"", ""https://i1.28hse.com/estate_data/114/4670/UNIT/4670_20240219113433121283_thumb.jpg""]",,,19794,3386,23180,1897500,11458,7042390,4059627,-549072,3343889,-3892961
3918787,浪漫滿屋 藍澄灣 買/租,青衣,私人屋苑/長實,5500000,488,2,,中層,,22,利嘉閣地產有限公司,https://i1.28hse.com/2026/07/202607051234533300131_thumb.jpg,https://www.28hse.com/buy/apartment/property-3918787,2026-08-06T17:33:59.496264+00:00,2026-08-06T18:26:47.434707+00:00,藍澄灣,683,新界青衣藍澄灣 青衣路1號,"已吉，既約既睇。
藍澄灣商場 - 民生配套齊備，
樓下小巴 - 有交通，遠離人山人海。
心情如渡假般舒暢。",22.343678,114.109825,,,,,,2026-07-05T12:36:02+08:00,2026-07-24T19:38:13+08:00,2026-09-03T12:36:02+08:00,"[""https://i1.28hse.com/2026/07/202607051234542051276_large.jpg"", ""https://i1.28hse.com/2026/07/202607051234551994409_large.jpg"", ""https://i1.28hse.com/2026/07/202607051234554119073_large.jpg"", ""https://i1.28hse.com/2026/07/202607051234564408278_large.jpg"", ""https://i1.28hse.com/2026/07/202607051234576038566_large.jpg"", ""https://i1.28hse.com/2026/07/202607051234578518552_large.jpg"", ""https://i1.28hse.com/2026/07/202607051234588198963_large.jpg"", ""https://i1.28hse.com/2026/07/202607051234597670046_large.jpg"", ""https://i1.28hse.com/estate_data/123/4652/FLOOR/4652_20231121235725237647_thumb.jpg"", ""https://i1.28hse.com/estate_data/123/4652/UNIT/4652_20231121235923454194_thumb.jpg""]",,,19794,3800,23594,1897500,11458,7189068,4059627,-833427,3343889,-4177316
3946628,大型屋苑，有會所，市區兩房,大角咀,私人屋苑/香港小輪,5600000,401,2,,,,23,中原地產,https://i1.28hse.com/estate_data/67/2564/FLOOR/2564_20231116203725223834_thumb.jpg,https://www.28hse.com/buy/apartment/property-3946628,2026-08-06T17:33:59.496264+00:00,2026-08-06T18:02:49.748651+00:00,港灣豪庭,574,九龍大角咀港灣豪庭 福利街8號,間格方正，大型會所，室內運動埸,22.324369,114.15979,,,,,,2026-07-25T18:15:47+08:00,2026-07-25T18:15:47+08:00,2026-09-23T18:15:47+08:00,"[""https://i1.28hse.com/estate_data/67/2564/UNIT/2564_20231116204143838787_thumb.jpg""]",,,20154,3438,23592,1932000,11667,7166926,4133439,-613053,3343889,-3956942
3883778,安靜又充滿活力，距離旺角地鐵站僅 1 分鐘路程，是自住的理想之選。,旺角,私人屋苑/洋樓/單幢式大廈,5650000,580,3,2,中層,開放式廚房,,駿輝地產有限公司,https://i1.28hse.com/2026/06/202606101642497784144_thumb.jpg,https://www.28hse.com/buy/apartment/property-3883778,2026-08-06T17:33:59.496264+00:00,2026-08-06T18:00:34.257628+00:00,陶德大廈,,九龍旺角陶德大廈 彌敦道644號,"罕有放盤, 開揚園景, 高實用率, 九成實用, 旺中帶靜, 罕有放盤, 廳大房大",22.318586,114.169746,,,,,,2026-06-09T17:19:20+08:00,2026-06-16T13:29:31+08:00,2026-08-08T17:19:20+08:00,"[""https://i1.28hse.com/2026/06/202606101642503757647_large.jpg"", ""https://i1.28hse.com/2026/06/202606101642504243426_large.jpg"", ""https://i1.28hse.com/2026/06/202606101642505574812_large.jpg"", ""https://i1.28hse.com/2026/06/202606101642512870168_large.jpg"", ""https://i1.28hse.com/2026/06/202606101642512980037_large.jpg"", ""https://i1.28hse.com/2026/06/202606101642528300176_large.jpg"", ""https://i1.28hse.com/2026/06/202606101642528860117_large.jpg"", ""https://i1.28hse.com/2026/06/20260610164252123319_large.jpg"", ""https://i1.28hse.com/2026/06/202606101642531523197_large.jpg"", ""https://i1.28hse.com/2026/06/202606101642535788948_large.jpg"", ""https://i1.28hse.com/2026/06/202606101642543061198_large.jpg"", ""https://i1.28hse.com/2026/06/202606101642546334561_large.jpg"", ""https://i1.28hse.com/2026/06/202606101642556878165_large.jpg""]",,,20334,4258,24592,1949250,11771,7510593,4170344,-1190572,3343889,-4534462
3882154,估價足 豪華大堂會所 地點方便 大1房好夠用 東南向,深水埗,私人屋苑/長實,5680000,362,1,1,中層,開放式廚房,11,利嘉閣地產有限公司,https://i1.28hse.com/2026/06/202606081603397927593_thumb.jpg,https://www.28hse.com/buy/apartment/property-3882154,2026-08-06T17:33:59.496264+00:00,2026-08-06T18:14:54.532050+00:00,丰滙,,九龍深水埗丰滙 荔枝角道339號(第1座及第2座) ,估價足 豪華大堂會所 地點方便 大1房好夠用 東南向,22.329004,114.159851,,,,,,2026-06-08T16:03:56+08:00,2026-06-27T02:04:02+08:00,2026-08-07T16:03:56+08:00,"[""https://i1.28hse.com/2026/06/202606081603331976806_large.jpg"", ""https://i1.28hse.com/2026/06/202606081603316745610_large.jpg"", ""https://i1.28hse.com/2026/06/20260608160335564504_large.jpg"", ""https://i1.28hse.com/2026/06/202606081603373547324_large.jpg"", ""https://i1.28hse.com/2026/06/202606081603416582850_large.jpg"", ""https://i1.28hse.com/2026/06/20260608160342726906_large.jpg"", ""https://i1.28hse.com/2026/06/202606081603442073981_large.jpg"", ""https://i1.28hse.com/2026/06/202606081603444841340_large.jpg"", ""https://i1.28hse.com/estate_data/62/8333/FLOOR/8333_20231117015114219536_thumb.jpg"", ""https://i1.28hse.com/estate_data/62/8333/UNIT/8333_20231117015214544833_thumb.jpg""]",,,20442,3286,23728,1959600,11833,7197999,4192488,-531333,3343889,-3875222
3891168,單位新淨企理 有匙即睇,深水埗,私人屋苑/長實,5680000,362,1,1,中層,開放式廚房,11,利嘉閣地產有限公司,https://i1.28hse.com/2026/06/202606141641415070763_thumb.jpg,https://www.28hse.com/buy/apartment/property-3891168,2026-08-06T17:33:59.496264+00:00,2026-08-06T18:14:37.399108+00:00,丰滙,362,九龍深水埗丰滙 荔枝角道339號(第1座及第2座),環境清幽 地點鄰近地鐵,22.329004,114.159851,,,,,,2026-06-14T16:42:05+08:00,2026-06-14T16:42:05+08:00,2026-08-13T16:42:05+08:00,"[""https://i1.28hse.com/2026/06/202606141641425425027_large.jpg"", ""https://i1.28hse.com/2026/06/202606141641431792173_large.jpg"", ""https://i1.28hse.com/2026/06/202606141641435799815_large.jpg"", ""https://i1.28hse.com/2026/06/202606141641443284610_large.jpg"", ""https://i1.28hse.com/2026/06/202606141641454699475_large.jpg"", ""https://i1.28hse.com/2026/06/202606141641465526945_large.jpg"", ""https://i1.28hse.com/2026/06/202606141641477523382_large.jpg"", ""https://i1.28hse.com/2026/06/202606141641477447800_large.jpg"", ""https://i1.28hse.com/2026/06/202606141641484995773_large.jpg"", ""https://i1.28hse.com/2026/06/202606141641505604020_large.jpg"", ""https://i1.28hse.com/2026/06/202606141641517474450_large.jpg"", ""https://i1.28hse.com/2026/06/202606141641517888773_large.jpg"", ""https://i1.28hse.com/estate_data/62/8333/FLOOR/8333_20231117015114219536_thumb.jpg"", ""https://i1.28hse.com/estate_data/62/8333/UNIT/8333_20231117015214544833_thumb.jpg""]",,,20442,3286,23728,1959600,11833,7197999,4192488,-531333,3343889,-3875222
3838919,超荀 一買賺＜有匙＞高層［低於估價放賣］急換樓,荃灣,私人屋苑/新鴻基,5710000,384,1,1,中層,開放式廚房,20,環宇物業,https://i1.28hse.com/2026/05/202605071803038283631_thumb.jpg,https://www.28hse.com/buy/apartment/property-3838919,2026-08-06T17:33:59.496264+00:00,2026-08-06T18:35:41.373759+00:00,爵悅庭,508,新界荃灣爵悅庭 楊屋道90-114號,www.upa88.com,22.366886,114.117111,,,,,,2026-07-07T15:25:08+08:00,2026-08-06T14:55:28+08:00,2026-09-05T15:25:08+08:00,"[""https://i1.28hse.com/2026/05/20260507180305966391_large.jpg"", ""https://i1.28hse.com/2026/05/202605071803068400291_large.jpg"", ""https://i1.28hse.com/2026/05/202605071803077352282_large.jpg"", ""https://i1.28hse.com/2026/05/202605071803085922944_large.jpg"", ""https://i1.28hse.com/2026/05/20260507180309710888_large.jpg"", ""https://i1.28hse.com/2026/05/202605071803107634287_large.jpg"", ""https://i1.28hse.com/estate_data/113/4570/FLOOR/4570_20231121013930811818_thumb.jpg"", ""https://i1.28hse.com/estate_data/113/4570/UNIT/4570_20251224115210131283_thumb.jpg""]",,,20550,3393,23943,1969950,11896,7268043,4214631,-613889,3343889,-3957778
3941152,【名牌上車屋苑會所兩房!非單位數樓層!】平過近兩個月所有成交!,土瓜灣,私人屋苑/單幢式大廈/恒基,5800000,360,2,1,中層,,14,捷昇置業有限公司,https://i1.28hse.com/2026/07/202607231747085628443_thumb.jpg,https://www.28hse.com/buy/apartment/property-3941152,2026-08-06T17:33:59.496264+00:00,2026-08-06T18:22:43.182567+00:00,翔龍灣,500,九龍土瓜灣翔龍灣 新碼頭街38號,"歡迎查詢
地址:新碼頭街38號
入伙日期:11/2006
單位數目:367
層數:中層
每層伙數:8
所屬校網:九龍區34號校網
發展商: 恆基兆業 / 中華煤氣
管理公司:偉邦物業管理有限公司
物業設施:美容顧問室、蒸氣浴室、桑拿浴室、指甲美容室、按摩浴池、果汁吧、足部按摩室、按摩室/水療室、水療按摩室、健身室、健康舞室/舞蹈室、娛樂廳、宴會廳、廚藝練習室、豪華影院、音樂中心、卡拉OK室、螢光保齡球場、日光曬台、游泳池、足底按摩地帶、恆溫按摩池",22.31918,114.19333599999996,,,明火煮食,,,2026-07-21T18:32:36+08:00,2026-08-02T19:58:18+08:00,2026-09-19T18:32:36+08:00,"[""https://i1.28hse.com/2026/08/202608021953311788236_large.jpg"", ""https://i1.28hse.com/2026/08/202608021953312271191_large.jpg"", ""https://i1.28hse.com/2026/08/202608021953324751157_large.jpg"", ""https://i1.28hse.com/2026/08/20260802195332367008_large.jpg"", ""https://i1.28hse.com/2026/08/202608021953327741923_large.jpg"", ""https://i1.28hse.com/2026/08/202608021953332737210_large.jpg"", ""https://i1.28hse.com/2026/08/202608021953331885382_large.jpg"", ""https://i1.28hse.com/2026/08/20260802195333611843_large.jpg"", ""https://i1.28hse.com/2026/08/202608021953343823886_large.jpg"", ""https://i1.28hse.com/2026/08/202608021953345609034_large.jpg"", ""https://i1.28hse.com/2026/08/202608021953346367734_large.jpg"", ""https://i1.28hse.com/2026/08/202608021953351431101_large.jpg"", ""https://i1.28hse.com/2026/08/202608021953351523380_large.jpg"", ""https://i1.28hse.com/2026/08/202608021953355226359_large.jpg"", ""https://i1.28hse.com/2026/08/202608021953362412781_large.jpg"", ""https://i1.28hse.com/2026/08/202608021953365915730_large.jpg"", ""https://i1.28hse.com/2026/08/202608021953375624067_large.jpg"", ""https://i1.28hse.com/estate_data/77/2548/FLOOR/2548_20250718164036973415_thumb.jpg"", ""https://i1.28hse.com/estate_data/77/2548/UNIT/2548_20250718164200262269_thumb.jpg""]",,,20874,3312,24185,2001000,12083,7334687,4281061,-583384,3343889,-3927273
3958703,◄►全城最平◄►上車收租之選◄►兩房雅裝 ◄►有匙引看◄►,土瓜灣,私人屋苑/洋樓/恒基,5800000,360,2,1,中層,,19,卓天置業代理有限公司,https://i1.28hse.com/2026/08/202608032034351618179_thumb.jpg,https://www.28hse.com/buy/apartment/property-3958703,2026-08-06T17:33:59.496264+00:00,2026-08-06T18:19:02.321701+00:00,翔龍灣,500,九龍土瓜灣翔龍灣 新碼頭街38號,◄►有匙引看◄►,22.31918,114.193336,,,,,,2026-08-03T20:34:42+08:00,2026-08-03T20:34:42+08:00,2026-09-02T20:34:42+08:00,"[""https://i1.28hse.com/estate_data/77/2548/FLOOR/2548_20250718164036973415_thumb.jpg"", ""https://i1.28hse.com/estate_data/77/2548/UNIT/2548_20250718164200262269_thumb.jpg""]",,,20874,3312,24185,2001000,12083,7334687,4281061,-583384,3343889,-3927273
3885284,【陶德大廈】裝修企理不用大執，多窗光猛，生活配套齊全，一分鐘到地鐵站,旺角,洋樓,5800000,580,3,2,中層,開放式廚房,,駿輝地產有限公司,https://i1.28hse.com/2026/06/20260610182346325794_thumb.jpg,https://www.28hse.com/buy/apartment/property-3885284,2026-08-06T17:33:59.496264+00:00,2026-08-06T18:00:28.698825+00:00,陶德大廈,,九龍旺角陶德大廈 彌敦道644號,"【歡迎電話 / WhatsApp查詢】
Kero Ng
-
【絕對實盤！旺角多窗開揚！】
【罕有三房兩廁！】
【配套齊全，有街閘保安】
【一分鐘到旺角地鐵！】
【最平係佢！樓下應有盡有！】
-
【歡迎致電/Whatsapp查詢】
* 本司客源廣實客多 *
* 盡心盡力忠誠待客 *
* 專營油尖旺區樓盤 *
* 多行聯營信心保證 *
* 歡迎業主電話放盤 *
-
駿輝地產分行地址:
九龍油麻地碧街28號大安樓地鋪",22.318586,114.169746,,,,,,2026-06-10T18:23:58+08:00,2026-07-07T14:06:08+08:00,2026-08-09T18:23:58+08:00,"[""https://i1.28hse.com/2026/06/202606101823474078044_large.jpg"", ""https://i1.28hse.com/2026/06/202606101823472011168_large.jpg"", ""https://i1.28hse.com/2026/06/202606101823473151169_large.jpg"", ""https://i1.28hse.com/2026/06/202606101823488255755_large.jpg"", ""https://i1.28hse.com/2026/06/202606101823482004897_large.jpg"", ""https://i1.28hse.com/2026/06/202606101823485373429_large.jpg"", ""https://i1.28hse.com/2026/06/202606101823485432584_large.jpg"", ""https://i1.28hse.com/2026/06/202606101823497899675_large.jpg"", ""https://i1.28hse.com/2026/06/202606101823497285857_large.jpg"", ""https://i1.28hse.com/2026/06/202606101823503752496_large.jpg"", ""https://i1.28hse.com/2026/06/20260610182351806939_large.jpg""]",,,20874,4302,25175,2001000,12083,7685439,4281061,-1263363,3343889,-4607253
3915018,【張小姐 [REDACTED]】【實盤】【歡迎查詢】,荃灣,私人屋苑/長實,5800000,523,2,,中層,,11,美聯物業代理有限公司,https://i1.28hse.com/2026/07/202607022331442740623_thumb.jpg,https://www.28hse.com/buy/apartment/property-3915018,2026-08-06T17:33:59.496264+00:00,2026-08-06T18:36:08.288457+00:00,昇柏山,,新界荃灣昇柏山 油麻磡路63號,"♛歡迎業主委托放盤♛
②④小時on duty
歡迎致電直接約睇樓
✰Joey✰張小姐✰[REDACTED]
️～用心聆聽您所需
️待客已誠態度♡
️專注為您配對適合理想家居
️協助您尋覓優質安樂窩
▛一條龍服務▟
# 快 速 回 覆
# 銀 行 估 價
# 全 程 跟 進
# 按 揭 查 詢
️# 專 業 分 析
# 律 師 轉 介",1.0,1.0,,,,,,2026-07-02T23:32:04+08:00,2026-07-17T15:00:36+08:00,2026-08-31T23:32:04+08:00,"[""https://i1.28hse.com/2026/07/202607022331456811413_large.jpg"", ""https://i1.28hse.com/2026/07/202607022331465743130_large.jpg"", ""https://i1.28hse.com/2026/07/202607022331462985071_large.jpg"", ""https://i1.28hse.com/2026/07/202607022331478531432_large.jpg"", ""https://i1.28hse.com/2026/07/202607022331477706126_large.jpg"", ""https://i1.28hse.com/2026/07/202607022331481582169_large.jpg"", ""https://i1.28hse.com/2026/07/202607022331484802898_large.jpg"", ""https://i1.28hse.com/2026/07/202607022331491678422_large.jpg"", ""https://i1.28hse.com/estate_data/113/7959/FLOOR/7959_20231121091557755519_thumb.jpg"", ""https://i1.28hse.com/estate_data/113/7959/UNIT/7959_20231121091654182792_thumb.jpg""]",,,20874,4045,24919,2001000,12083,7594562,4281061,-1087187,3343889,-4431076
3916538,可試57X萬，遠眺翠綠山景，空曠神宜，呎價荀絕,荃灣,私人屋苑/長實,5800000,523,2,1,中層,,11,美聯物業,https://i1.28hse.com/2026/07/202607031901483765517_thumb.jpg,https://www.28hse.com/buy/apartment/property-3916538,2026-08-06T17:33:59.496264+00:00,2026-08-06T18:36:04.056818+00:00,昇柏山,,新界荃灣昇柏山 油麻磡路63號,可試57X萬，遠眺翠綠山景，空曠神宜，呎價荀絕,1.0,1.0,,,,,,2026-07-03T19:02:00+08:00,2026-07-17T19:23:31+08:00,2026-09-01T19:02:00+08:00,"[""https://i1.28hse.com/2026/07/202607031901483372425_large.jpg"", ""https://i1.28hse.com/2026/07/202607031901486659056_large.jpg"", ""https://i1.28hse.com/2026/07/202607031901496466572_large.jpg"", ""https://i1.28hse.com/2026/07/202607031901495826964_large.jpg"", ""https://i1.28hse.com/2026/07/202607031901496734851_large.jpg"", ""https://i1.28hse.com/2026/07/202607031901502958116_large.jpg"", ""https://i1.28hse.com/2026/07/202607031901501110846_large.jpg"", ""https://i1.28hse.com/2026/07/202607031901516260644_large.jpg"", ""https://i1.28hse.com/2026/07/202607031901512132661_large.jpg"", ""https://i1.28hse.com/2026/07/202607031901512456112_large.jpg"", ""https://i1.28hse.com/estate_data/113/7959/FLOOR/7959_20231121091557755519_thumb.jpg"", ""https://i1.28hse.com/estate_data/113/7959/UNIT/7959_20231121091654182792_thumb.jpg""]",,,20874,4045,24919,2001000,12083,7594562,4281061,-1087187,3343889,-4431076
3924708,✰荃景花園✿高層山景✿優質罕有✿即買即住✰{富裕地產精選推介},荃灣,私人屋苑/新鴻基,5800000,431,2,,高層,,,富裕地產荃中第二分行,https://i1.28hse.com/2026/07/202607091415472277998_thumb.jpg,https://www.28hse.com/buy/apartment/property-3924708,2026-08-06T17:33:59.496264+00:00,2026-08-06T18:35:26.214572+00:00,荃景花園,521,新界荃灣荃景花園 荃景圍80號,"富裕樓盤編號：A000900
>>富裕地產一區四行,盤足客多,尚有更多實盤介紹
>>歡迎登入:www.weonline.com.hk
***本行所登樓盤全部屬實,為方便客戶查詢,即時解答,煩請述明樓盤編號***",22.378448,114.110085,,,,,,2026-07-09T14:17:11+08:00,2026-08-05T15:38:39+08:00,2026-08-08T14:17:11+08:00,"[""https://i1.28hse.com/2026/07/202607091415484570154_large.jpg"", ""https://i1.28hse.com/2026/07/202607091415492141239_large.jpg"", ""https://i1.28hse.com/2026/07/202607091415493712632_large.jpg"", ""https://i1.28hse.com/2026/07/202607091415487774044_large.jpg"", ""https://i1.28hse.com/2026/07/202607091416456235169_large.jpg"", ""https://i1.28hse.com/2026/07/202607091415482925910_large.jpg"", ""https://i1.28hse.com/2026/07/202607091415495133969_large.jpg""]",,,20874,3631,24505,2001000,12083,7447884,4281061,-802832,3343889,-4146721
3924129,一房大廳，地鐵上盖，一年新楼。,長沙灣,私人屋苑/華懋,5800000,350,1,1,中層,,1,喜居物業(宇宙商場),https://i1.28hse.com/2026/07/202607082113394128892_thumb.jpg,https://www.28hse.com/buy/apartment/property-3924129,2026-08-06T17:33:59.496264+00:00,2026-08-06T18:08:10.444896+00:00,瑜悅,,九龍長沙灣瑜悅 東京街28號,位置超靚,22.335566,114.15847,,,,,,2026-07-08T20:54:08+08:00,2026-07-08T21:16:43+08:00,2026-08-07T20:54:08+08:00,"[""https://i1.28hse.com/2026/07/202607082113413354650_large.jpg"", ""https://i1.28hse.com/2026/07/202607082113435264771_large.jpg"", ""https://i1.28hse.com/estate_data/63/27845/FLOOR/27845_20241009165103332375_thumb.jpg"", ""https://i1.28hse.com/estate_data/63/27845/UNIT/27845_20241009165218291365_thumb.jpg""]",,,20874,3267,24140,2001000,12083,7318744,4281061,-552476,3343889,-3896365
3952561,【張小姐 [REDACTED]】【實盤】【歡迎查詢】,荃灣,私人屋苑/新鴻基,5900000,372,1,,高層,,21,美聯物業代理有限公司,https://i1.28hse.com/2026/07/202607301725086095127_thumb.jpg,https://www.28hse.com/buy/apartment/property-3952561,2026-08-06T17:33:59.496264+00:00,2026-08-06T18:31:43.218226+00:00,爵悅庭,496,新界荃灣爵悅庭 楊屋道90-114號,"♛歡迎業主委托放盤♛
②④小時on duty
歡迎致電直接約睇樓
✰Joey✰張小姐✰[REDACTED]
️～用心聆聽您所需
️待客已誠態度♡
️專注為您配對適合理想家居
️協助您尋覓優質安樂窩
▛一條龍服務▟
# 快 速 回 覆
# 銀 行 估 價
# 全 程 跟 進
# 按 揭 查 詢
️# 專 業 分 析
# 律 師 轉 介",22.366886,114.117111,,,,,,2026-07-30T17:25:24+08:00,2026-07-30T17:25:24+08:00,2026-09-28T17:25:24+08:00,"[""https://i1.28hse.com/2026/07/202607301725095545747_large.jpg"", ""https://i1.28hse.com/2026/07/202607301725096410460_large.jpg"", ""https://i1.28hse.com/2026/07/202607301725104124787_large.jpg"", ""https://i1.28hse.com/estate_data/113/4570/FLOOR/4570_20231121013938331221_thumb.jpg"", ""https://i1.28hse.com/estate_data/113/4570/UNIT/4570_20251224115147644648_thumb.jpg""]",,,21234,3395,24628,2035500,12292,7470383,4354873,-669001,3343889,-4012890
3934156,[開揚市景］［大型屋苑］［新鴻基］一房精選,荃灣,私人屋苑/新鴻基,5950000,384,1,1,中層,開放式廚房,21,美聯物業,https://i1.28hse.com/2026/07/202607161451463561341_thumb.jpg,https://www.28hse.com/buy/apartment/property-3934156,2026-08-06T17:33:59.496264+00:00,2026-08-06T18:34:21.665148+00:00,爵悅庭,510,新界荃灣爵悅庭 楊屋道90-114號,"真圖 真盤 真價
歡迎約睇或查詢",22.366886,114.117111,,,,,,2026-07-16T14:51:59+08:00,2026-07-17T19:38:32+08:00,2026-08-15T14:51:59+08:00,"[""https://i1.28hse.com/2026/07/202607161451466671364_large.jpg"", ""https://i1.28hse.com/2026/07/202607161451473297997_large.jpg"", ""https://i1.28hse.com/2026/07/202607161451476942152_large.jpg"", ""https://i1.28hse.com/2026/07/202607161451483273879_large.jpg"", ""https://i1.28hse.com/2026/07/202607161451485369650_large.jpg"", ""https://i1.28hse.com/2026/07/202607161451498961035_large.jpg"", ""https://i1.28hse.com/estate_data/113/4570/FLOOR/4570_20231121013850527454_thumb.jpg"", ""https://i1.28hse.com/estate_data/113/4570/UNIT/4570_20231121014057657759_thumb.jpg""]",,,21414,3463,24877,2052750,12396,7547797,4391779,-730354,3343889,-4074244
3939642,"誠意出讓 ,睇啱盡傾!!",長沙灣,私人屋苑,5950000,446,2,,中層,,23,香港置業,https://i1.28hse.com/2026/08/202608021148167226493_thumb.jpg,https://www.28hse.com/buy/apartment/property-3939642,2026-08-06T17:33:59.496264+00:00,2026-08-06T18:07:29.908294+00:00,順景華庭,556,九龍長沙灣順景華庭 順寧道483號,歡迎來電查詢,22.339938999999998,114.15509,,,,,,2026-07-20T16:04:25+08:00,2026-08-02T13:16:33+08:00,2026-09-18T16:04:25+08:00,"[""https://i1.28hse.com/2026/08/202608021146313894187_large.jpg"", ""https://i1.28hse.com/2026/08/202608021148168386769_large.jpg"", ""https://i1.28hse.com/2026/08/202608021148173537559_large.jpg"", ""https://i1.28hse.com/2026/08/20260802114817376917_large.jpg"", ""https://i1.28hse.com/2026/08/202608021148187934853_large.jpg"", ""https://i1.28hse.com/2026/08/202608021148187450243_large.jpg"", ""https://i1.28hse.com/2026/08/202608021148182996351_large.jpg"", ""https://i1.28hse.com/2026/08/202608021148198803017_large.jpg""]",,,21414,3742,25156,2052750,12396,7646646,4391779,-921985,3343889,-4265874
3913411,MM 推介》真實盤源 高層大兩房 開揚無敵靚景 快快約睇,黃大仙,洋樓/遠東,5960000,381,2,,高層,,8,金滙地產 黃大仙分行,https://i1.28hse.com/2026/07/202607011938147886117_thumb.jpg,https://www.28hse.com/buy/apartment/property-3913411,2026-08-06T17:33:59.496264+00:00,2026-08-06T18:16:57.591806+00:00,鑽嶺,,九龍黃大仙鑽嶺 環鳳街68號,"高層兩房
歡迎行家合作",22.344939999999998,114.198624,,,,,,2026-07-01T19:39:36+08:00,2026-07-01T19:41:15+08:00,2026-08-30T19:39:36+08:00,"[""https://i1.28hse.com/2026/07/202607011938143745266_large.jpg"", ""https://i1.28hse.com/2026/07/202607011938154976860_large.jpg"", ""https://i1.28hse.com/2026/07/20260701193816163277_large.jpg"", ""https://i1.28hse.com/2026/07/202607011938168668224_large.jpg"", ""https://i1.28hse.com/2026/07/202607011938175985113_large.jpg"", ""https://i1.28hse.com/2026/07/202607011938187178047_large.jpg"", ""https://i1.28hse.com/2026/07/202607011938192698223_large.jpg""]",,,21450,3453,24902,2056200,12417,7554671,4399160,-725935,3343889,-4069824
3916828,～業主割愛平售 高層大2房向南開揚 價錢可議 會所泳池～近地鐵方便 歡迎參觀,黃大仙,私人屋苑/洋樓/單幢式大廈/遠東,5960000,364,2,1,高層,開放式廚房,8,世紀21富山(香港),https://i1.28hse.com/2026/07/202607252005286362359_thumb.jpg,https://www.28hse.com/buy/apartment/property-3916828,2026-08-06T17:33:59.496264+00:00,2026-08-06T18:16:53.541765+00:00,鑽嶺,,九龍黃大仙鑽嶺 環鳳街68號,"鑽嶺～業主割愛平售 高層大2房向南開揚 價錢可議 會所泳池～近地鐵方便 歡迎參觀查詢
業主有心賣 價錢幫你傾到最平
多年經驗 忠誠專業 樓宇買賣服務
代辦銀行轉介按揭｜物業估價 
代辦律師轉介｜代辦水電煤轉名
按揭查詢｜專人提供資訊服務
歡迎來電約睇樓 
歡迎Whatsapp查詢",22.34494,114.198624,,,,,,2026-07-03T23:20:19+08:00,2026-07-25T20:19:16+08:00,2026-09-01T23:20:19+08:00,"[""https://i1.28hse.com/2026/07/202607032320155887619_large.jpg"", ""https://i1.28hse.com/2026/07/202607032320163664619_large.jpg"", ""https://i1.28hse.com/2026/07/20260703232016826422_large.jpg"", ""https://i1.28hse.com/2026/07/202607032320172720071_large.jpg"", ""https://i1.28hse.com/2026/07/202607032320173532245_large.jpg"", ""https://i1.28hse.com/2026/07/20260703232017459846_large.jpg"", ""https://i1.28hse.com/2026/07/202607032320182839657_large.jpg"", ""https://i1.28hse.com/2026/07/202607032320187885335_large.jpg"", ""https://i1.28hse.com/2026/07/202607032320193710304_large.jpg"", ""https://i1.28hse.com/2026/07/202607032320191154764_large.jpg"", ""https://i1.28hse.com/2026/07/202607032320192390815_large.jpg""]",,,21450,3376,24826,2056200,12417,7527567,4399160,-673391,3343889,-4017280
3926081,鑽嶺靚積兩房！高層東南～唔好錯過,黃大仙,單幢式大廈/洋樓/遠東,5960000,381,2,1,高層,開放式廚房,8,世紀21富山(香港),https://i1.28hse.com/2026/07/20260727155228909594_thumb.jpg,https://www.28hse.com/buy/apartment/property-3926081,2026-08-06T17:33:59.496264+00:00,2026-08-06T18:16:44.508429+00:00,鑽嶺,,九龍黃大仙鑽嶺 環鳳街68號,"鑽嶺 2018年入伙
長廳設計！房間實用採光度高
《從事本區扎根多年》
.•°•熟悉物業買賣租賃流程•°•.
.•°•估價按揭～律師樓轉介•°•.
.•°•任何樓宇問題～盡力解答•°•.
【專業團隊～五行聯營】
【鑽石山、黃大仙、樂富、彩頤、牛池灣】
【用心！真心！貼心！為您服務】
。歡迎業主放盤委託。
世紀21 葉生",22.34494,114.198624,,,,,,2026-07-10T13:04:32+08:00,2026-07-27T15:52:49+08:00,2026-09-08T13:04:32+08:00,"[""https://i1.28hse.com/2026/07/202607271552296221617_large.jpg"", ""https://i1.28hse.com/2026/07/202607271552312340444_large.jpg"", ""https://i1.28hse.com/2026/07/202607271552334914586_large.jpg"", ""https://i1.28hse.com/2026/07/202607271552347240709_large.jpg"", ""https://i1.28hse.com/2026/07/202607271552361195478_large.jpg"", ""https://i1.28hse.com/2026/07/202607271552376518836_large.jpg"", ""https://i1.28hse.com/estate_data/57/8638/FLOOR/8638_20231123171112235491_thumb.jpg"", ""https://i1.28hse.com/estate_data/57/8638/UNIT/8638_20231123171311574982_thumb.jpg""]",,,21450,3453,24902,2056200,12417,7554671,4399160,-725935,3343889,-4069824
3949269,開揚景 星級會所 減完再減,土瓜灣,私人屋苑/恒基,5980000,360,2,1,中層,,14,中景地產,https://i1.28hse.com/2026/07/202607281202451506304_thumb.jpg,https://www.28hse.com/buy/apartment/property-3949269,2026-08-06T17:33:59.496264+00:00,2026-08-06T18:19:35.344623+00:00,翔龍灣,500,九龍土瓜灣翔龍灣 新碼頭街38號,"交通便利，優質校網 
屯馬線 地鐵站
所屬校網:九龍區34號校網
物業設施: 美容顧問室、蒸氣浴室、桑拿浴室、指甲美容室、按摩浴池、果汁吧、足部按摩室、按摩室/水療室、水療按摩室、健身室、健康舞室/舞蹈室、娛樂廳、宴會廳、廚藝練習室、豪華影院、音樂中心、卡拉OK室、螢光保齡球場、日光曬台、游泳池、足底按摩地帶、恆溫按摩池",22.31918,114.193336,,,,,,2026-07-28T12:04:09+08:00,2026-08-02T13:05:06+08:00,2026-09-26T12:04:09+08:00,"[""https://i1.28hse.com/2026/07/20260728120254459438_large.jpg"", ""https://i1.28hse.com/2026/07/202607281202596422385_large.jpg"", ""https://i1.28hse.com/2026/07/202607281203256825757_large.jpg"", ""https://i1.28hse.com/2026/07/202607281203315111961_large.jpg"", ""https://i1.28hse.com/2026/07/202607281203355807333_large.jpg"", ""https://i1.28hse.com/2026/07/202607281203392839347_large.jpg"", ""https://i1.28hse.com/2026/07/202607281203422278004_large.jpg"", ""https://i1.28hse.com/2026/07/202607281203497858438_large.jpg"", ""https://i1.28hse.com/2026/07/202607281203536393062_large.jpg"", ""https://i1.28hse.com/estate_data/77/2548/FLOOR/2548_20250718164036973415_thumb.jpg"", ""https://i1.28hse.com/estate_data/77/2548/UNIT/2548_20250718164200262269_thumb.jpg""]",,,21522,3364,24886,2063100,12458,7544503,4413922,-670733,3343889,-4014622
3963211,獨家筍盤，有票盡傾，大廳大房間隔實用,深水埗,私人屋苑/九龍建業,5980000,396,1,1,中層,,,珀麗物業有限公司,https://i1.28hse.com/2026/08/202608070128404909589_thumb.jpg,https://www.28hse.com/buy/apartment/property-3963211,2026-08-06T17:33:59.496264+00:00,2026-08-06T18:11:20.524389+00:00,景怡峰,544,九龍深水埗景怡峰 西洋菜北街468號,高層大廳大房間隔實用，可改2房，獨家筍盤，有票盡傾,22.330408,114.166786,,,,,,2026-08-07T01:28:43+08:00,2026-08-07T01:28:43+08:00,2026-09-06T01:28:43+08:00,"[""https://i1.28hse.com/2026/08/202608070128402404657_large.jpg"", ""https://i1.28hse.com/2026/08/202608070128408520867_large.jpg"", ""https://i1.28hse.com/2026/08/20260807012841779757_large.jpg"", ""https://i1.28hse.com/2026/08/202608070128413094764_large.jpg"", ""https://i1.28hse.com/2026/08/202608070128428484874_large.jpg"", ""https://i1.28hse.com/2026/08/202608070128424821078_large.jpg"", ""https://i1.28hse.com/2026/08/202608070128425590197_large.jpg"", ""https://i1.28hse.com/estate_data/62/7342/FLOOR/7342_20240216121126581983_thumb.jpg"", ""https://i1.28hse.com/estate_data/62/7342/UNIT/7342_20240216121144667561_thumb.jpg""]",,,21522,3526,25048,2063100,12458,7601899,4413922,-782002,3343889,-4125892
3887865,"業主有心賣,還價即成",荃灣,私人屋苑,5990000,419,2,1,高層,,24,環宇物業,https://i1.28hse.com/2026/06/202606121535208362867_thumb.jpg,https://www.28hse.com/buy/apartment/property-3887865,2026-08-06T17:33:59.496264+00:00,2026-08-06T18:38:22.404726+00:00,翡翠廣場,635,新界荃灣翡翠廣場 沙咀道298-304號,企理,22.369114,114.117332,,,,,,2026-06-12T15:36:22+08:00,2026-06-18T17:48:14+08:00,2026-08-11T15:36:22+08:00,"[""https://i1.28hse.com/2026/06/202606121535271453690_large.jpg"", ""https://i1.28hse.com/2026/06/202606121535318735931_large.jpg"", ""https://i1.28hse.com/2026/06/202606121535367157608_large.jpg"", ""https://i1.28hse.com/2026/06/202606121535424262038_large.jpg"", ""https://i1.28hse.com/2026/06/202606121535485182516_large.jpg"", ""https://i1.28hse.com/2026/06/202606121535554203318_large.jpg"", ""https://i1.28hse.com/2026/06/202606121536021930914_large.jpg""]",,,21558,3633,25190,2066550,12479,7650225,4421303,-857944,3343889,-4201833
3633918,低層三房 企理即住,九龍城,唐樓,6000000,605,3,1,,,,嘉福地產有限公司,https://i1.28hse.com/2026/06/202606181820505833595_thumb.jpg,https://www.28hse.com/buy/apartment/property-3633918,2026-08-06T17:33:59.496264+00:00,2026-08-06T18:18:31.093593+00:00,唐樓,,九龍九龍城唐樓 /,本公司於九龍城經營三十餘載，專營租售九龍城及九龍塘之住宅及商舖，如閣下有任何查詢，歡迎致電或發信息聯絡我們，我們會盡快回覆，謝謝各位的支持!,,,,,,,,2026-07-27T18:44:02+08:00,2026-07-27T18:44:02+08:00,2026-09-25T18:44:02+08:00,[],,,21594,4472,26066,2070000,12500,7958426,4428684,-1437688,3343889,-4781578
3946972,《翔龍灣》2房 34校網 啟德機建 靚會所 大型屋苑,土瓜灣,私人屋苑/單幢式大廈/恒基,6000000,360,2,1,中層,,13,天晋物業有限公司,https://i1.28hse.com/2026/07/202607261305102746608_thumb.jpg,https://www.28hse.com/buy/apartment/property-3946972,2026-08-06T17:33:59.496264+00:00,2026-08-06T18:19:48.641257+00:00,翔龍灣,500,九龍土瓜灣翔龍灣 新碼頭街38號,"地址:	新碼頭街38號
入伙日期:	11/2006
單位數目:	367
層數:	51
每層伙數:	8
所屬校網:	九龍區34號校網
發展商:	中華煤氣/恒地
管理公司:	偉邦物業管理有限公司
物業設施:	美容顧問室、蒸氣浴室、桑拿浴室、指甲美容室、按摩浴池、果汁吧、足部按摩室、按摩室/水療室、水療按摩室、健身室、健康舞室/舞蹈室、娛樂廳、宴會廳、廚藝練習室、豪華影院、音樂中心、卡拉OK室、螢光保齡球場、日光曬台、游泳池、足底按摩地帶、恆溫按摩池、",22.31918,114.193336,,,,,,2026-07-26T13:02:49+08:00,2026-08-03T17:33:47+08:00,2026-09-24T13:02:49+08:00,"[""https://i1.28hse.com/2026/07/202607261305117243945_large.jpg"", ""https://i1.28hse.com/2026/07/202607261305112226060_large.jpg"", ""https://i1.28hse.com/2026/07/202607261305127220986_large.jpg"", ""https://i1.28hse.com/2026/07/202607261305136910377_large.jpg"", ""https://i1.28hse.com/2026/07/202607261305131048543_large.jpg"", ""https://i1.28hse.com/2026/07/20260726130514476846_large.jpg"", ""https://i1.28hse.com/2026/07/202607261305157445584_large.jpg"", ""https://i1.28hse.com/estate_data/77/2548/FLOOR/2548_20250718164036973415_thumb.jpg"", ""https://i1.28hse.com/estate_data/77/2548/UNIT/2548_20250718164200262269_thumb.jpg""]",,,21594,3370,24964,2070000,12500,7567816,4428684,-680438,3343889,-4024328
3951626,實價實盤 大則兩房 睇岩再傾,長沙灣,私人屋苑,6000000,446,2,,中層,,23,中原地產代理有限公司,https://i1.28hse.com/2026/07/20260729222956165437_thumb.jpg,https://www.28hse.com/buy/apartment/property-3951626,2026-08-06T17:33:59.496264+00:00,2026-08-06T18:06:52.310260+00:00,順景華庭,556,九龍長沙灣順景華庭 順寧道483號,可約睇,22.339938999999998,114.15509,,,,,,2026-07-29T22:30:16+08:00,2026-07-30T12:02:45+08:00,2026-08-28T22:30:16+08:00,"[""https://i1.28hse.com/2026/07/202607292229573455499_large.jpg"", ""https://i1.28hse.com/2026/07/202607292229593124454_large.jpg"", ""https://i1.28hse.com/2026/07/20260729223000576546_large.jpg"", ""https://i1.28hse.com/2026/07/202607292230013733590_large.jpg"", ""https://i1.28hse.com/2026/07/202607292230027482332_large.jpg""]",,,21594,3757,25351,2070000,12500,7704928,4428684,-946249,3343889,-4290138
3937179,《歡迎預約》《泳池會所齊》《呎價低》《兩房市區易上車價》《附近大型商場》,黃大仙,私人屋苑/遠東,6000000,381,2,1,高層,開放式廚房,8,香港置業,https://i1.28hse.com/2026/07/202607181518051356334_thumb.jpg,https://www.28hse.com/buy/apartment/property-3937179,2026-08-06T17:33:59.496264+00:00,2026-08-06T18:16:33.043229+00:00,鑽嶺,,九龍黃大仙鑽嶺 環鳳街68號,"【九龍區置業專家】一站式尊貴服務｜筍盤精選·按揭·法律·租管全包
** 您是否厭倦了盲目比較樓盤？ **
身為九龍區資深地產顧問，我深知每一分鍬的價值。我們擁有**獨家筍盤資料庫**，涵蓋舊樓、半新樓、新樓資源，免去您逐一致電的麻煩。只需一個電話或WhatsApp，我們立即為您篩選配對房源，節省90%時間！
** 為何選擇我們？ **
 **「一條龍」高端服務**
從委託放盤、精準估價、到房貸規劃、法律諮詢，甚至售後放租，我們全程跟進，確保買賣無縫銜接。
 **科技賦能置業**
圖文資料，即使您身處海外或大灣區，也能清晰睇樓，決策快人一步。
 **九龍區深部專營**
專註九龍市場十多年，掌握學區、基建、潛力地段第一手情報，助您投資、移民或換樓時精準捕捉機會。
** 服務全覆蓋**
▸ **業主服務**：免費估價+快速放盤策略
▸ **買家服務**：抵押利率比較+律師推薦，避坑指引
** 專精領域**
 移民急售 大灣區安家 學區房優選 收租投資組合 自住退休推介
** 立即行動！ **
**「筍盤不等人！」** 只要留言需求，團隊立即為您鎖定目標！
** 聯絡方式**：WhatsApp/電話 
（專業諮詢絕不硬銷，隱私嚴格保密）",22.344939999999998,114.198624,,,,,,2026-07-18T15:18:09+08:00,2026-07-18T15:18:09+08:00,2026-09-16T15:18:09+08:00,"[""https://i1.28hse.com/2026/07/202607181518053158500_large.jpg"", ""https://i1.28hse.com/2026/07/202607181518064175915_large.jpg"", ""https://i1.28hse.com/2026/07/202607181518062801353_large.jpg"", ""https://i1.28hse.com/2026/07/202607181518067997021_large.jpg"", ""https://i1.28hse.com/2026/07/202607181518074979391_large.jpg"", ""https://i1.28hse.com/2026/07/202607181518075476214_large.jpg"", ""https://i1.28hse.com/2026/07/20260718151808377853_large.jpg"", ""https://i1.28hse.com/2026/07/202607181518082439942_large.jpg"", ""https://i1.28hse.com/2026/07/202607181518082576119_large.jpg"", ""https://i1.28hse.com/2026/07/202607181518094854859_large.jpg"", ""https://i1.28hse.com/estate_data/57/8638/FLOOR/8638_20231123171059131168_thumb.jpg"", ""https://i1.28hse.com/estate_data/57/8638/UNIT/8638_20231123171202743391_thumb.jpg""]",,,21594,3464,25058,2070000,12500,7601297,4428684,-745346,3343889,-4089235
3907090,｛有VR｝實用兩房 有匙即睇,荃灣,私人屋苑,6100000,445,2,,中層,,26,美聯物業(麗城分行),https://i1.28hse.com/2026/08/202608051747288660896_thumb.jpg,https://www.28hse.com/buy/apartment/property-3907090,2026-08-06T17:33:59.496264+00:00,2026-08-06T18:36:43.636476+00:00,韻濤居,589,新界荃灣韻濤居 青山公路623號,"屋苑設施齊全 室內恆溫泳池 健身室 網球場
有穿梭巴士往來荃灣港鐵站",22.372367999999998,114.10311099999994,,,,,,2026-06-26T18:45:29+08:00,2026-08-05T17:50:16+08:00,2026-08-25T18:45:29+08:00,"[""https://i1.28hse.com/2026/08/20260805174730367534_large.jpg"", ""https://i1.28hse.com/2026/08/202608051747321681584_large.jpg"", ""https://i1.28hse.com/2026/08/202608051747337931058_large.jpg"", ""https://i1.28hse.com/2026/08/202608051747354898220_large.jpg"", ""https://i1.28hse.com/2026/08/202608051747377814691_large.jpg"", ""https://i1.28hse.com/2026/08/20260805174739522148_large.jpg"", ""https://i1.28hse.com/2026/08/202608051747288660896_large.jpg""]",,,21953,3782,25735,2104500,12708,7819898,4502496,-991685,3343889,-4335574
3935317,東南靚則，有匙隨看.,荃灣,私人屋苑,6100000,445,2,2,中層,,26,利嘉閣地產有限公司,https://i1.28hse.com/2026/08/202608061105504474507_thumb.jpg,https://www.28hse.com/buy/apartment/property-3935317,2026-08-06T17:33:59.496264+00:00,2026-08-06T18:34:15.974161+00:00,韻濤居,589,新界荃灣韻濤居 青山公路623號,"會所恆溫泳池,間隔四正,歡迎查詢.",22.372367999999998,114.10311099999998,,,,,,2026-07-17T12:48:43+08:00,2026-08-06T11:06:43+08:00,2026-08-16T12:48:43+08:00,"[""https://i1.28hse.com/2026/08/20260806110552434683_large.jpg"", ""https://i1.28hse.com/2026/08/202608061105531702420_large.jpg"", ""https://i1.28hse.com/2026/08/202608061105547824967_large.jpg"", ""https://i1.28hse.com/2026/08/202608061105551636475_large.jpg"", ""https://i1.28hse.com/2026/08/202608061105558864745_large.jpg"", ""https://i1.28hse.com/2026/08/202608061105567872590_large.jpg"", ""https://i1.28hse.com/2026/08/202608061105571662143_large.jpg"", ""https://i1.28hse.com/2026/08/202608061105581720564_large.jpg"", ""https://i1.28hse.com/2026/08/202608061106006217706_large.jpg"", ""https://i1.28hse.com/2026/08/202608061106014874288_large.jpg""]",,,21953,3782,25735,2104500,12708,7819898,4502496,-991685,3343889,-4335574
3944434,[富裕地產高層有裝修推介] 即住● 開揚有裝修 ● 相熟業主,荃灣,私人屋苑/新鴻基,6100000,511,3,1,高層,,,富裕地產荃中第一分行,https://i1.28hse.com/2026/07/202607241115493913757_thumb.jpg,https://www.28hse.com/buy/apartment/property-3944434,2026-08-06T17:33:59.496264+00:00,2026-08-06T18:32:51.843954+00:00,荃景花園,626,新界荃灣荃景花園 荃景圍85號,"● 即買可即住 
●寬敞闊落廳方正●多窗光猛
● 歡迎WHATSAPP聯繫
---------------------------------------------------------
富裕樓盤編號:A016547
>>富裕地產一區四行,盤足客多,尚有更多實盤介紹
>>歡迎登入:www.weonline.com.hk
***本行所登樓盤全部屬實,為方便客戶查詢,即時解答,煩請述明樓盤編號***",22.378448,114.110085,,,,,,2026-07-24T11:15:52+08:00,2026-08-05T15:35:41+08:00,2026-09-22T11:15:52+08:00,"[""https://i1.28hse.com/2026/07/202607241115506882964_large.jpg"", ""https://i1.28hse.com/2026/07/20260724111550976109_large.jpg"", ""https://i1.28hse.com/2026/07/20260724111550276172_large.jpg"", ""https://i1.28hse.com/2026/07/202607241115513918903_large.jpg"", ""https://i1.28hse.com/2026/07/202607241115518264812_large.jpg"", ""https://i1.28hse.com/2026/07/202607241115513932306_large.jpg"", ""https://i1.28hse.com/2026/07/202607241115526142351_large.jpg""]",,,21953,4079,26032,2104500,12708,7925123,4502496,-1195679,3343889,-4539568
3961170,中原麗城【新委託】【即吉可看】,荃灣,私人屋苑,6100000,445,2,1,中層,,26,中原地產代理有限公司,https://i1.28hse.com/2026/08/202608051726258469450_thumb.jpg,https://www.28hse.com/buy/apartment/property-3961170,2026-08-06T17:33:59.496264+00:00,2026-08-06T18:30:26.258187+00:00,韻濤居,589,新界荃灣韻濤居 青山公路623號,"【中原麗城3期分行】
歡迎聯絡!!!
[REDACTED]
有VR睇樓Guide、
即時物業估值服務、
樓盤比較等多元化功能
讓用家一目了然搜尋樓盤
及接收樓市資訊。
一定幫到您!",22.372368,114.103111,,,,,,2026-08-05T17:26:40+08:00,2026-08-05T17:26:40+08:00,2026-09-04T17:26:40+08:00,"[""https://i1.28hse.com/2026/08/202608051726235757414_large.jpg"", ""https://i1.28hse.com/2026/08/202608051726243359789_large.jpg"", ""https://i1.28hse.com/2026/08/202608051726247501066_large.jpg"", ""https://i1.28hse.com/2026/08/202608051726242064283_large.jpg"", ""https://i1.28hse.com/2026/08/202608051726252771303_large.jpg"", ""https://i1.28hse.com/2026/08/202608051726253640928_large.jpg""]",,,21953,3782,25735,2104500,12708,7819898,4502496,-991685,3343889,-4335574
3901028,筍價 靚裝 交通方便,天后,洋樓,6150000,612,3,1,,,,永恒地產香港有限公司,https://i1.28hse.com/2026/06/202606241526312824538_thumb.jpg,https://www.28hse.com/buy/apartment/property-3901028,2026-08-06T17:33:59.496264+00:00,2026-08-06T17:47:23.230724+00:00,單幢樓房,,香港島天后單幢樓房 永興街,"TEL:[REDACTED]
TEL:[REDACTED]",22.282406,114.191765,,,,,,2026-06-22T10:29:16+08:00,2026-07-21T15:54:46+08:00,2026-08-21T10:29:16+08:00,"[""https://i1.28hse.com/2026/06/202606241526318526355_large.jpg"", ""https://i1.28hse.com/2026/06/202606241526313244376_large.jpg"", ""https://i1.28hse.com/2026/06/202606241526306842186_large.jpg"", ""https://i1.28hse.com/2026/06/202606241526315169698_large.jpg""]",,,22133,4548,26681,2121750,12812,8144432,4539401,-1532115,3343889,-4876004
3918703,【獨家筍盤】市區6字兩房 近地鐵站,黃大仙,單幢式大廈/宏安,6150000,356,2,1,中層,開放式廚房,1,中輝偉創,https://i1.28hse.com/2026/07/202607051630328647088_thumb.jpg,https://www.28hse.com/buy/apartment/property-3918703,2026-08-06T17:33:59.496264+00:00,2026-08-06T18:16:47.862294+00:00,薈鳴,,九龍黃大仙薈鳴 鳴鳳街28號,"歡迎WhatsApp或微信聯絡！
Whatsapp電話：
[REDACTED]
微信号：
sam[REDACTED]",22.344314999999998,114.196785,,,,,,2026-07-05T11:32:59+08:00,2026-07-17T23:53:31+08:00,2026-09-03T11:32:59+08:00,"[""https://i1.28hse.com/2026/07/20260705163032197829_large.jpg"", ""https://i1.28hse.com/2026/07/20260705163033792321_large.jpg"", ""https://i1.28hse.com/2026/07/202607051630337219393_large.jpg"", ""https://i1.28hse.com/estate_data/57/26594/FLOOR/26594_20240119174939991692_thumb.jpg"", ""https://i1.28hse.com/estate_data/57/26594/UNIT/26594_20240119174949317355_thumb.jpg""]",,,22133,3396,25529,2121750,12812,7736285,4539401,-740866,3343889,-4084756
1999504,翔龍灣沒有最平只有更平2房 光猛開揚 出一間無一間 搶手內市 心動不如行動,土瓜灣,私人屋苑/單幢式大廈/恒基,6180000,360,2,1,中層,,14,天晋物業有限公司,https://i1.28hse.com/2026/07/202607272353103505029_thumb.jpg,https://www.28hse.com/buy/apartment/property-1999504,2026-08-06T17:33:59.496264+00:00,2026-08-06T18:19:37.668708+00:00,翔龍灣,500,九龍土瓜灣翔龍灣 新碼頭街38號,"翔龍灣沒有最平只有更平2房 光猛開揚 出一間無一間 搶手內市 心動不如行動
地址:	新碼頭街38號
入伙日期:	11/2006
單位數目:	367
層數:	51
每層伙數:	8
所屬校網:	九龍區34號校網
發展商:	中華煤氣/恆基兆業
管理公司:	偉邦物業管理有限公司
物業設施:	美容顧問室、蒸氣浴室、桑拿浴室、指甲美容室、按摩浴池、果汁吧、足部按摩室、按摩室/水療室、水療按摩室、健身室、健康舞室/舞蹈室、娛樂廳、宴會廳、廚藝練習室、豪華影院、音樂中心、卡拉OK室、螢光保齡球場、日光曬台、游泳池、足底按摩地帶、恆溫按摩池",22.31918,114.19333599999997,,,,,,2026-07-27T23:51:45+08:00,2026-07-27T23:53:37+08:00,2026-09-25T23:51:45+08:00,"[""https://i1.28hse.com/2026/07/202607272353113465124_large.jpg"", ""https://i1.28hse.com/2026/07/202607272353127467647_large.jpg"", ""https://i1.28hse.com/2026/07/202607272353126973874_large.jpg"", ""https://i1.28hse.com/2026/07/202607272353138429151_large.jpg"", ""https://i1.28hse.com/2026/07/202607272353131357065_large.jpg"", ""https://i1.28hse.com/2026/07/202607272353145376198_large.jpg"", ""https://i1.28hse.com/2026/07/202607272353155431520_large.jpg"", ""https://i1.28hse.com/estate_data/77/2548/FLOOR/2548_20250718164036973415_thumb.jpg"", ""https://i1.28hse.com/estate_data/77/2548/UNIT/2548_20250718164200262269_thumb.jpg""]",,,22241,3422,25664,2132100,12875,7777632,4561545,-767787,3343889,-4111677
3833991,真盤真價！不用抽籤，即買即住 大型屋苑 34名校網！,土瓜灣,私人屋苑/洋樓/恒基,6190000,360,2,1,中層,,19,匯誠物業有限公司,https://i1.28hse.com/2026/05/202605041534217689677_thumb.jpg,https://www.28hse.com/buy/apartment/property-3833991,2026-08-06T17:33:59.496264+00:00,2026-08-06T18:22:34.306898+00:00,翔龍灣,500,九龍土瓜灣翔龍灣 新碼頭街38號,"翔龍灣位於土瓜灣新碼頭街38號（土瓜灣）。發展商為中華煤氣/恒基兆業。入伙日期由11/2006開始。翔龍灣共有5座，提供1,782個單位。翔龍灣的實用面積由320呎至1,215呎。附近有翔龍灣廣場。小學校網為34。中學校網為九龍城區。
2006年11月
入伙日期
5 座
物業座數
1,782
單位總數
10分鐘
步行到土瓜灣站
屋苑類型
私人住宅
地址/地段
新碼頭街38號
所屬校網
小學: 34
・
中學: 九龍城區
管理公司
偉邦物業管理有限公司
分類標籤
大型商場、停車場、會所
發展商
中華煤氣/恒基兆業
其他設施
桑拿浴室、蒸氣浴室、桌球室、保齡球場、卡拉OK室、電影院、燒烤場、日光浴場、按摩池、健身室、音樂室、電腦室、浴足池 / 健足按摩室、宴會廳、太極圈、健康舞室、香薰水療、兒童嬉水池、室外泳池、高爾夫球練習場",22.31918,114.19333599999997,,,,,,2026-07-23T22:06:07+08:00,2026-07-23T22:06:33+08:00,2026-08-22T22:06:07+08:00,"[""https://i1.28hse.com/2026/05/202605041534217026022_large.jpg"", ""https://i1.28hse.com/2026/05/202605041534222058183_large.jpg"", ""https://i1.28hse.com/2026/05/202605041534234770850_large.jpg"", ""https://i1.28hse.com/2026/05/202605041534236625269_large.jpg"", ""https://i1.28hse.com/2026/05/202605041534231150417_large.jpg"", ""https://i1.28hse.com/2026/05/202605041534055877064_large.jpg"", ""https://i1.28hse.com/2026/05/202605041534248649269_large.jpg"", ""https://i1.28hse.com/estate_data/77/2548/FLOOR/2548_20250718164036973415_thumb.jpg"", ""https://i1.28hse.com/estate_data/77/2548/UNIT/2548_20250718164200262269_thumb.jpg""]",,,22277,3425,25703,2135550,12896,7789288,4568926,-772640,3343889,-4116530
3915557,名校網區 30秒去到地鐵站,土瓜灣,私人屋苑/高裕投資,6200000,357,1,,中層,,7,利嘉閣地產有限公司,https://i1.28hse.com/2026/07/202607031344055383533_thumb.jpg,https://www.28hse.com/buy/apartment/property-3915557,2026-08-06T17:33:59.496264+00:00,2026-08-06T18:23:34.215104+00:00,翰畋,,九龍土瓜灣翰畋 美善同道80號,"一房間隔 自用可做兩房
租盤一閃即逝",22.317704999999997,114.186844,,,,,,2026-07-03T13:45:40+08:00,2026-07-27T13:06:13+08:00,2026-09-01T13:45:40+08:00,"[""https://i1.28hse.com/2026/07/202607031344067000808_large.jpg"", ""https://i1.28hse.com/2026/07/202607031344097645565_large.jpg"", ""https://i1.28hse.com/2026/07/20260703134410770473_large.jpg"", ""https://i1.28hse.com/2026/07/202607031344146232229_large.jpg"", ""https://i1.28hse.com/estate_data/77/22420/FLOOR/22420_20250714172730935596_thumb.jpg"", ""https://i1.28hse.com/estate_data/77/22420/UNIT/22420_20250714172734931598_thumb.jpg""]",,,22313,3415,25728,2139000,12917,7796161,4576307,-768220,3343889,-4112110
3942099,【翔龍灣最平2房】有匙即睇！全場最荀！34校網！,土瓜灣,私人屋苑/洋樓/恒基,6200000,360,2,1,中層,,17,新港地產代理有限公司,https://i1.28hse.com/2026/07/202607221628198972080_thumb.jpg,https://www.28hse.com/buy/apartment/property-3942099,2026-08-06T17:33:59.496264+00:00,2026-08-06T18:22:39.732312+00:00,翔龍灣,500,九龍土瓜灣翔龍灣 新碼頭街38號,"歡迎查詢！
地址: 土瓜灣新碼頭街38號
入伙日期: 2006年11月
總座數:5
每層伙數: 8
層數:51
所屬校網:九龍區34號校網
物業設施: 美容顧問室、蒸氣浴室、桑拿浴室、指甲美容室、按摩浴池、果汁吧、足部按摩室、按摩室/水療室、水療按摩室、健身室、健康舞室/舞蹈室、娛樂廳、宴會廳、廚藝練習室、豪華影院、音樂中心、卡拉OK室、螢光保齡球場、日光曬台、游泳池、足底按摩地帶、恆溫按摩池",22.31918,114.19333599999996,,,明火煮食,,,2026-07-22T16:28:20+08:00,2026-07-22T16:28:20+08:00,2026-09-20T16:28:20+08:00,"[""https://i1.28hse.com/2026/07/202607221627277757262_large.jpg"", ""https://i1.28hse.com/2026/07/20260722162726962325_large.jpg"", ""https://i1.28hse.com/2026/07/202607221628078614949_large.jpg"", ""https://i1.28hse.com/2026/07/20260722162807366237_large.jpg""]",,,22313,3428,25742,2139000,12917,7800944,4576307,-777493,3343889,-4121382
2518539,3房 即買即收租 高私隱度！樓齡新,長沙灣,洋樓/單幢式大廈,6200000,434,3,,中層,,17,千億物業 太子分行,https://i1.28hse.com/2025/06/202506172050485169548_thumb.jpg,https://www.28hse.com/buy/apartment/property-2518539,2026-08-06T17:33:59.496264+00:00,2026-08-06T18:09:12.212193+00:00,君凱豪庭,732,九龍長沙灣君凱豪庭 福華街561-563號,"高層 市區近地鐵 3房 優質筍貨
千億物業
張小姐 Kelly Cheung 
溫家明 Andy Wan",22.338632999999998,114.15288500000001,,,,,,2026-06-13T13:19:41+08:00,2026-08-04T17:14:22+08:00,2026-08-12T13:19:41+08:00,"[""https://i1.28hse.com/2024/01/202401171804453813693_large.jpg"", ""https://i1.28hse.com/2024/01/20240117180443862180_large.jpg"", ""https://i1.28hse.com/2024/01/20240117180442854046_large.jpg"", ""https://i1.28hse.com/2024/01/20240117180443793069_large.jpg"", ""https://i1.28hse.com/2024/01/202401171804444076121_large.jpg"", ""https://i1.28hse.com/2024/01/202401171804448181758_large.jpg"", ""https://i1.28hse.com/2024/01/202401171804456448096_large.jpg"", ""https://i1.28hse.com/2025/06/202506172050416129674_large.jpg"", ""https://i1.28hse.com/2025/06/202506172050425708246_large.jpg"", ""https://i1.28hse.com/2025/06/20250617205043580477_large.jpg"", ""https://i1.28hse.com/2025/06/202506172050454614943_large.jpg"", ""https://i1.28hse.com/2025/06/202506172050477352502_large.jpg""]",,,22313,3761,26075,2139000,12917,7918925,4576307,-1006213,3343889,-4350103
3893080,《 * 樓齡新 * 間隔實用 明廁 》 向東開揚,長沙灣,私人屋苑/萬科香港,6238000,386,1,1,中層,開放式廚房,5,香港置業,https://i1.28hse.com/2026/06/202606160642244297739_thumb.jpg,https://www.28hse.com/buy/apartment/property-3893080,2026-08-06T17:33:59.496264+00:00,2026-08-06T18:09:05.159144+00:00,The Campton 1B期,,九龍長沙灣The Campton 1B期 福榮街201號,"歡迎查詢 24小時即時回覆
提供買賣及售後服務
免費壓力測試,首期支出及供款計算
各大銀行按揭介紹
專業法律咨詢，律師介紹
裝修設計
專車接送
大量一手，二手樓盤介紹",22.333638999999998,114.16041600000001,,,,,,2026-06-16T06:42:26+08:00,2026-06-16T06:42:26+08:00,2026-08-15T06:42:26+08:00,"[""https://i1.28hse.com/2026/06/202606160642244300275_large.jpg"", ""https://i1.28hse.com/2026/06/202606160642255452276_large.jpg"", ""https://i1.28hse.com/2026/06/202606160642258267866_large.jpg"", ""https://i1.28hse.com/2026/06/202606160642251692474_large.jpg"", ""https://i1.28hse.com/estate_data/63/23359/FLOOR/23359_20231201153017829331_thumb.jpg"", ""https://i1.28hse.com/estate_data/63/23359/UNIT/23359_20231201153127428497_thumb.jpg""]",,,22450,3556,26006,2152110,12996,7886691,4604355,-876294,3343889,-4220184
3900012,「真實盤源」激荀1房,長沙灣,私人屋苑/萬科香港,6238000,386,1,1,中層,開放式廚房,5,香港置業,https://i1.28hse.com/2026/06/202606211242138823376_thumb.jpg,https://www.28hse.com/buy/apartment/property-3900012,2026-08-06T17:33:59.496264+00:00,2026-08-06T18:08:57.810817+00:00,The Campton 1B期,,九龍長沙灣The Campton 1B期 福榮街201號,"-------24小時接聽回覆Whatsapp-------------
ღ專業可靠貼心一站式服務ღ
專車接送
售前壓測,首期,供款計算
物業估價
銀行按揭上會
法律咨詢",22.333639,114.160416,,,,,,2026-06-21T12:42:15+08:00,2026-07-20T15:01:27+08:00,2026-08-20T12:42:15+08:00,"[""https://i1.28hse.com/2026/06/202606211242146862157_large.jpg"", ""https://i1.28hse.com/2026/06/202606211242142256585_large.jpg"", ""https://i1.28hse.com/2026/06/202606211242157072949_large.jpg"", ""https://i1.28hse.com/2026/06/202606211242151508712_large.jpg"", ""https://i1.28hse.com/estate_data/63/23359/FLOOR/23359_20231201153011354563_thumb.jpg"", ""https://i1.28hse.com/estate_data/63/23359/UNIT/23359_20231201153033879747_thumb.jpg""]",,,22450,3556,26006,2152110,12996,7886691,4604355,-876294,3343889,-4220184
3915111,《 * 樓齡新 * 間隔實用 明廁 》 向東開提,長沙灣,私人屋苑/萬科香港,6238000,386,1,1,中層,開放式廚房,5,香港置業,https://i1.28hse.com/2026/07/202607030525064846533_thumb.jpg,https://www.28hse.com/buy/apartment/property-3915111,2026-08-06T17:33:59.496264+00:00,2026-08-06T18:08:33.330240+00:00,The Campton 1B期,,九龍長沙灣The Campton 1B期 福榮街201號,"歡迎查詢 24小時即時回覆
提供買賣及售後服務 
免費壓力測試,首期支出及供款計算
各大銀行按揭介紹
專業法律咨詢，律師介紹
裝修設計
專車接送
大量一手，二手樓盤介紹",22.333639,114.160416,,,,,,2026-07-03T05:25:08+08:00,2026-07-03T05:25:08+08:00,2026-09-01T05:25:08+08:00,"[""https://i1.28hse.com/2026/07/20260703052506272646_large.jpg"", ""https://i1.28hse.com/2026/07/202607030525067140372_large.jpg"", ""https://i1.28hse.com/2026/07/202607030525075271708_large.jpg"", ""https://i1.28hse.com/2026/07/202607030525072648075_large.jpg"", ""https://i1.28hse.com/2026/07/202607030525077605659_large.jpg"", ""https://i1.28hse.com/estate_data/63/23359/FLOOR/23359_20231201153017829331_thumb.jpg"", ""https://i1.28hse.com/estate_data/63/23359/UNIT/23359_20231201153127428497_thumb.jpg""]",,,22450,3556,26006,2152110,12996,7886691,4604355,-876294,3343889,-4220184
3886349,保證未賣！樓下就地鐵站！高層開揚！歡迎約睇！睇岩再幫你傾！,土瓜灣,私人屋苑/單幢式大廈/市區重建局,6280000,368,1,1,高層,開放式廚房,9,昇譽物業代理,https://i1.28hse.com/2026/07/202607031054252375602_thumb.jpg,https://www.28hse.com/buy/apartment/property-3886349,2026-08-06T17:33:59.496264+00:00,2026-08-06T18:24:32.141297+00:00,津匯,,九龍土瓜灣津匯 九龍城道8號,"物業座數
1座 175伙
入伙日期
25/05/2017
物業設施
會所泳池
物業校網
小學: 34
中學: 九龍城
車位數量
16 個住客停車位
其他住客用車位 :
1 個電單車停車位
1 個傷健人士停車位
物業層數
28層 (地下,1至29樓)
*不包括天台、升降機房層、泵房...展開
發展商
寶聲集團 / 其士集團 / 市區重建局
賣方/賣方的控權公司
賣方:
市區重建局 (作為”擁有人”)
...展開
管理公司
其士富居物業管理有限公司",22.315882,114.187859,,,,,,2026-06-11T16:10:11+08:00,2026-07-03T10:54:49+08:00,2026-08-10T16:10:11+08:00,"[""https://i1.28hse.com/2026/07/202607031054263383114_large.jpg"", ""https://i1.28hse.com/2026/07/202607031054266864557_large.jpg"", ""https://i1.28hse.com/2026/07/20260703105425741480_large.jpg"", ""https://i1.28hse.com/2026/07/202607031054257289529_large.jpg"", ""https://i1.28hse.com/2026/07/202607031054265427186_large.jpg"", ""https://i1.28hse.com/2026/07/202607031054292679059_large.jpg"", ""https://i1.28hse.com/2026/07/202607031054291591505_large.jpg"", ""https://i1.28hse.com/2026/07/202607031054294033372_large.jpg"", ""https://i1.28hse.com/2026/07/202607031054302085027_large.jpg"", ""https://i1.28hse.com/estate_data/77/22474/FLOOR/22474_20231117030356773589_thumb.jpg"", ""https://i1.28hse.com/estate_data/77/22474/UNIT/22474_20250715114541113646_thumb.jpg""]",,,22601,3488,26089,2166600,13083,7906950,4635356,-841041,3343889,-4184931
3891416,長沙灣市區，23年樓、高層開揚，有匙即睇,長沙灣,洋樓/單幢式大廈,6280000,447,2,,中層,,23,家旺物業,/assets/img/loadingphoto170_125.jpg,https://www.28hse.com/buy/apartment/property-3891416,2026-08-06T17:33:59.496264+00:00,2026-08-06T18:09:07.170635+00:00,順景華庭,565,九龍長沙灣順景華庭 順寧道483號,"筍價出售, 罕有放盤, 豪華靚裝, 價錢可議, 高實用率, 近電梯, 近港鐵站, 開揚, 包電器, 大型商場, 中心旺地, 旺中帶靜, 交通便利, 設施齊備, 間隔四正, 管理完善, 廳大房大",22.339938999999998,114.15509,,,,,,2026-06-14T18:51:39+08:00,2026-06-22T12:06:52+08:00,2026-08-13T18:51:39+08:00,[],,,22601,3843,26444,2166600,13083,8032902,4635356,-1085216,3343889,-4429105
3934217,【$568萬盡試】大一房筍盤【有票即收】,長沙灣,私人屋苑/華懋,6280000,350,1,,中層,,1,美聯物業代理有限公司,https://i1.28hse.com/2026/07/202607161522208349455_thumb.jpg,https://www.28hse.com/buy/apartment/property-3934217,2026-08-06T17:33:59.496264+00:00,2026-08-06T18:07:45.574674+00:00,瑜悅,,九龍長沙灣瑜悅 東京街28號,"筍價出售, 罕有放盤, 價錢可議
歡迎24小時 致電/Whatsapp/WeChat 查詢
致電/Whatsapp: [REDACTED] ERIC CHU (24小時回覆)
微信號: EHC889 (24小時回覆)
️ 提供專業 親切 誠懇一條龍服務
屋苑最新成交紀錄
一二手筍盤推介
買賣/租賃流程及所有開支講解
銀行估價，按揭壓力測試，首期和供款細節, 免費按揭轉介
律師行介紹及免費法律諮詢
全港一手新盤資訊免費專車接送睇樓
售後服務包括：水,電,煤,差餉,地租轉名, 驗樓等...
盤源充足
承諾跟貼底價 您的置業好幫手
多個查詢，多個筍盤機會",22.335566,114.15847,,,,,,2026-07-16T15:24:18+08:00,2026-07-16T15:25:10+08:00,2026-08-15T15:24:18+08:00,"[""https://i1.28hse.com/2026/07/20260716152222330010_large.jpg"", ""https://i1.28hse.com/2026/07/202607161522194579747_large.jpg"", ""https://i1.28hse.com/2026/07/202607161522211572396_large.jpg"", ""https://i1.28hse.com/2026/07/202607161522208975176_large.jpg"", ""https://i1.28hse.com/2026/07/202607161522214442065_large.jpg"", ""https://i1.28hse.com/estate_data/63/27845/FLOOR/27845_20241009165103332375_thumb.jpg"", ""https://i1.28hse.com/estate_data/63/27845/UNIT/27845_20241009165219378326_thumb.jpg""]",,,22601,3407,26008,2166600,13083,7878253,4635356,-785407,3343889,-4129296
3936230,阿Sa實盤～華懋有保證 30秒到站口 極度方便,長沙灣,私人屋苑/華懋,6280000,350,1,,中層,,1,美聯物業代理有限公司,https://i1.28hse.com/2026/07/202607171834273292184_thumb.jpg,https://www.28hse.com/buy/apartment/property-3936230,2026-08-06T17:33:59.496264+00:00,2026-08-06T18:07:41.408694+00:00,瑜悅,,九龍長沙灣瑜悅 東京街28號,"歡迎致電/Whatsapp
蘇小姐即時回覆 電話
！！大量盤源！！
24小時預約睇樓及諮詢樓盤資料：
提供一條龍專業買賣及售後服務
-首次置業
-計算首期及供款物業
-物業估價
-按揭轉介、銀行按揭
-租務管理
-法律咨詢、律師轉介
-裝修轉介
-水電煤申請
-差餉地租轉名",22.335566,114.15847,,,,,,2026-07-17T18:34:36+08:00,2026-07-17T18:34:36+08:00,2026-09-15T18:34:36+08:00,"[""https://i1.28hse.com/2026/07/202607171834272834901_large.jpg"", ""https://i1.28hse.com/2026/07/202607171834282340586_large.jpg"", ""https://i1.28hse.com/2026/07/202607171834285745339_large.jpg"", ""https://i1.28hse.com/2026/07/202607171834297931360_large.jpg"", ""https://i1.28hse.com/2026/07/202607171834296411086_large.jpg"", ""https://i1.28hse.com/2026/07/202607171834293276982_large.jpg"", ""https://i1.28hse.com/estate_data/63/27845/FLOOR/27845_20241009165103332375_thumb.jpg"", ""https://i1.28hse.com/estate_data/63/27845/UNIT/27845_20241009165219378326_thumb.jpg""]",,,22601,3407,26008,2166600,13083,7878253,4635356,-785407,3343889,-4129296
3940984,【580萬】【1分鐘地鐵站】【大積一房】,長沙灣,私人屋苑/華懋,6280000,350,1,1,中層,,1,美聯物業代理有限公司,https://i1.28hse.com/2026/07/202607211725548225960_thumb.jpg,https://www.28hse.com/buy/apartment/property-3940984,2026-08-06T17:33:59.496264+00:00,2026-08-06T18:07:25.660152+00:00,瑜悅,,九龍長沙灣瑜悅 東京街28號,"歡迎24小時致電或what's app查詢
️ 提供專業 親切 誠懇一條龍服務
屋苑最新成交紀錄
二手筍盤推介
買賣/租賃流程及所有開支講解
銀行估價，按揭壓力測試，首期和供款細節, 免費按揭轉介
律師行介紹及免費法律諮詢
全港一手新盤資訊免費專車接送睇樓
售後服務包括：水,電,煤,差餉,地租轉名, 驗樓等...
盤源充足
承諾跟貼底價 您的置業好幫手
多個查詢，多個筍盤機會",22.335566,114.15847,,,,,,2026-07-21T17:26:19+08:00,2026-07-21T17:26:19+08:00,2026-08-20T17:26:19+08:00,"[""https://i1.28hse.com/2026/07/202607211725535434050_large.jpg"", ""https://i1.28hse.com/2026/07/202607211725536479946_large.jpg"", ""https://i1.28hse.com/estate_data/63/27845/FLOOR/27845_20241009165103332375_thumb.jpg"", ""https://i1.28hse.com/estate_data/63/27845/UNIT/27845_20241009165219378326_thumb.jpg""]",,,22601,3407,26008,2166600,13083,7878253,4635356,-785407,3343889,-4129296
3951645,【$588萬再傾！半分鐘到地鐵站●特大一房！有票再有驚喜】,長沙灣,私人屋苑/華懋,6280000,350,1,1,中層,開放式廚房,1,美聯物業代理有限公司,https://i1.28hse.com/2026/07/202607292300048749619_thumb.jpg,https://www.28hse.com/buy/apartment/property-3951645,2026-08-06T17:33:59.496264+00:00,2026-08-06T18:06:51.558757+00:00,瑜悅,,九龍長沙灣瑜悅 東京街28號,"歡迎致電/Whatsapp/WeChat查詢
許生：6368O681 24小時 即時回覆
微信號：barryhui6368O681
無論任何一手新盤/二手樓盤
大量筍盤作比較 篩選最啱您的樓盤
本人均可為貴客提供全套買賣及售後服務
首次置業
售前壓測,首期,供款計算
銀行按揭上會
法律咨詢
律師轉介
裝修轉介
水電煤,差餉地租轉名
收樓驗樓
售後租務管理",22.335566,114.15847,,,,,,2026-07-29T23:00:05+08:00,2026-07-29T23:00:22+08:00,2026-08-28T23:00:05+08:00,"[""https://i1.28hse.com/2026/07/202607292300045785767_large.jpg"", ""https://i1.28hse.com/2026/07/202607292300042908084_large.jpg"", ""https://i1.28hse.com/2026/07/202607292300055644173_large.jpg"", ""https://i1.28hse.com/2026/07/202607292300048955885_large.jpg""]",,,22601,3407,26008,2166600,13083,7878253,4635356,-785407,3343889,-4129296
3926367,"【VR/圖則/分貝計】 大2房+露台,大型屋苑,高層山景,大型會所",大角咀,私人屋苑/香港小輪,6300000,415,2,1,中層,開放式廚房,23,小村置業有限公司,https://i1.28hse.com/2026/07/20260710153709205249_thumb.jpg,https://www.28hse.com/buy/apartment/property-3926367,2026-08-06T17:33:59.496264+00:00,2026-08-06T18:03:32.030855+00:00,港灣豪庭,595,九龍大角咀港灣豪庭 福利街8號,"這是一個位於市中心的優質住宅單位，交通便捷。請與我們聯絡以安排參觀。
我們熟知社區環境。關於生活配套、租車位、小朋友升學，都可以幫到手。尚有其他單位選擇，可安排一次過參觀。　
 　
小村置業經紀本身也是資深物業投資者，專攻市區低價舊樓。精選推介租金回報率極高、升值潛力大的單位，每一個推介單位都經過深入研究。　
 　 
小村置業研究部同事持有法律、土木工程、金融學位，構建一系列舊樓折舊率、收購重建機會等模型，助客戶以專業策略購買住宅物業。 
 　
我們對裝修和處理漏水問題也有豐富的經驗，讓客戶無後顧之憂。 
 　
我們亦曾與超過十間大型租務管理公司合作，掌握高價放租的渠道。
　　
| 網上搵樓盤 | VR睇樓 |業主放盤
小村置業：www.omuraproperty.com
Facebook：www.facebook.com/omuraproperty",22.324368999999997,114.15979,,,明火煮食,,,2026-07-10T15:37:18+08:00,2026-07-10T15:37:18+08:00,2026-08-09T15:37:18+08:00,"[""https://i1.28hse.com/2026/07/202607101537096348265_large.jpg"", ""https://i1.28hse.com/2026/07/202607101537108144721_large.jpg"", ""https://i1.28hse.com/2026/07/202607101537108425495_large.jpg"", ""https://i1.28hse.com/2026/07/202607101537108051438_large.jpg"", ""https://i1.28hse.com/2026/07/202607101537116761822_large.jpg"", ""https://i1.28hse.com/2026/07/202607101537112281637_large.jpg"", ""https://i1.28hse.com/2026/07/202607101537111237040_large.jpg"", ""https://i1.28hse.com/2026/07/202607101537121381926_large.jpg"", ""https://i1.28hse.com/2026/07/202607101537121011661_large.jpg"", ""https://i1.28hse.com/2026/07/202607101537122354587_large.jpg"", ""https://i1.28hse.com/2026/07/202607101537136097974_large.jpg"", ""https://i1.28hse.com/2026/07/202607101537136444832_large.jpg"", ""https://i1.28hse.com/2026/07/202607101537138025197_large.jpg"", ""https://i1.28hse.com/2026/07/202607101537147344288_large.jpg"", ""https://i1.28hse.com/2026/07/202607101537147772108_large.jpg"", ""https://i1.28hse.com/2026/07/202607101537147083481_large.jpg"", ""https://i1.28hse.com/2026/07/202607101537151849096_large.jpg"", ""https://i1.28hse.com/2026/07/202607101537156054600_large.jpg"", ""https://i1.28hse.com/2026/07/202607101537163543260_large.jpg"", ""https://i1.28hse.com/2026/07/202607101537165336675_large.jpg"", ""https://i1.28hse.com/2026/07/202607101537173023316_large.jpg"", ""https://i1.28hse.com/2026/07/2026071015371721076_large.jpg"", ""https://i1.28hse.com/2026/07/202607101537176564369_large.jpg"", ""https://i1.28hse.com/2026/07/20260710153709205249_large.jpg""]",,,22673,3705,26378,2173500,13125,8005197,4650118,-996015,3343889,-4339904
3924643,(致滙地產-致真實盤)高層靚景，人見人愛！自用投資首選！,荃灣,單幢式大廈/私人屋苑/長實,6300000,516,2,,高層,,11,致滙地產,https://i1.28hse.com/2026/07/202607281914008510665_thumb.jpg,https://www.28hse.com/buy/apartment/property-3924643,2026-08-06T17:33:59.496264+00:00,2026-08-06T18:35:26.908699+00:00,昇柏山,,新界荃灣昇柏山 油麻磡路63號,交通方便，樓齡新！華麗大堂！一見即愛！,1.0,1.0,,,,,,2026-07-09T13:45:35+08:00,2026-07-28T19:14:26+08:00,2026-08-08T13:45:35+08:00,"[""https://i1.28hse.com/2026/07/202607281914003361883_large.jpg"", ""https://i1.28hse.com/2026/07/202607281914012124780_large.jpg"", ""https://i1.28hse.com/2026/07/202607281914027681462_large.jpg"", ""https://i1.28hse.com/2026/07/202607281914035479293_large.jpg""]",,,22673,4160,26833,2173500,13125,8166224,4650118,-1308187,3343889,-4652077
3246287,優質靚盤推介^ 大一房 秒到地鐵 即買即住,長沙灣,私人屋苑/華懋,6300000,350,1,1,高層,,1,高盛地產,https://i1.28hse.com/2026/06/202606221536485479101_thumb.jpg,https://www.28hse.com/buy/apartment/property-3246287,2026-08-06T17:33:59.496264+00:00,2026-08-06T18:06:47.786871+00:00,瑜悅,,九龍長沙灣瑜悅 東京街28號,"高實用率, 開揚, 旺中帶靜, 交通便利, 清雅裝修, 間隔四正",22.335566,114.15847,,,,,,2026-07-30T15:53:13+08:00,2026-07-30T15:53:13+08:00,2026-09-28T15:53:13+08:00,"[""https://i1.28hse.com/2026/06/202606221536496971665_large.jpg"", ""https://i1.28hse.com/2026/06/202606221536504790759_large.jpg"", ""https://i1.28hse.com/2026/06/202606221536523745855_large.jpg"", ""https://i1.28hse.com/2026/06/202606221536534055747_large.jpg"", ""https://i1.28hse.com/estate_data/63/27845/FLOOR/27845_20241009165048434549_thumb.jpg"", ""https://i1.28hse.com/estate_data/63/27845/UNIT/27845_20241009165148275597_thumb.jpg""]",,,22673,3412,26086,2173500,13125,7901565,4650118,-795112,3343889,-4139001
3890405,近地鐵站，新樓，有會所,長沙灣,私人屋苑/華懋,6300000,350,1,1,高層,開放式廚房,1,利嘉閣地產有限公司,https://i1.28hse.com/2026/06/202606132204286132687_thumb.jpg,https://www.28hse.com/buy/apartment/property-3890405,2026-08-06T17:33:59.496264+00:00,2026-08-06T18:09:08.821307+00:00,瑜悅,,九龍長沙灣瑜悅 東京街28號,近地鐵站，新樓，有會所,22.335566,114.15847,,,,,,2026-06-13T22:04:52+08:00,2026-06-13T22:04:52+08:00,2026-08-12T22:04:52+08:00,"[""https://i1.28hse.com/2026/06/202606132204293550243_large.jpg"", ""https://i1.28hse.com/2026/06/202606132204336618108_large.jpg"", ""https://i1.28hse.com/2026/06/202606132204372047329_large.jpg"", ""https://i1.28hse.com/2026/06/202606132204385395235_large.jpg""]",,,22673,3412,26086,2173500,13125,7901565,4650118,-795112,3343889,-4139001
3957782,業主誠意出售，實用兩房，梗厨，開揚市景，歡迎約睇,深水埗,私人屋苑/洋樓/單幢式大廈/九龍建業,6350000,396,2,1,中層,,13,鴻發地產物業,https://i1.28hse.com/2026/08/202608031424148518701_thumb.jpg,https://www.28hse.com/buy/apartment/property-3957782,2026-08-06T17:33:59.496264+00:00,2026-08-06T18:11:40.492954+00:00,景怡峰,544,九龍深水埗景怡峰 西洋菜北街468號,"筍價出售, 罕有放盤, 簡單裝修, 連露台, 高實用率",22.330408,114.166786,,,,,,2026-08-03T14:24:39+08:00,2026-08-03T14:24:39+08:00,2026-09-02T14:24:39+08:00,"[""https://i1.28hse.com/2026/08/202608031424164852606_large.jpg"", ""https://i1.28hse.com/2026/08/202608031424172223509_large.jpg"", ""https://i1.28hse.com/2026/08/202608031424196582118_large.jpg"", ""https://i1.28hse.com/2026/08/202608031424202517509_large.jpg"", ""https://i1.28hse.com/2026/08/202608031424221875050_large.jpg"", ""https://i1.28hse.com/2026/08/202608031424236284623_large.jpg"", ""https://i1.28hse.com/estate_data/62/7342/FLOOR/7342_20240216121126581983_thumb.jpg"", ""https://i1.28hse.com/estate_data/62/7342/UNIT/7342_20240216121144667561_thumb.jpg""]",,,22853,3634,26487,2190750,13229,8033187,4687024,-961553,3343889,-4305443
3940958,《全新》市場最平！大一房筍盤…. 有票有驚喜！馬上約睇,長沙灣,私人屋苑/華懋,6350000,350,1,,高層,,1,中原地產-泓景臺分行,https://i1.28hse.com/2026/07/202607211715135182291_thumb.jpg,https://www.28hse.com/buy/apartment/property-3940958,2026-08-06T17:33:59.496264+00:00,2026-08-06T18:07:26.491717+00:00,瑜悅,,九龍長沙灣瑜悅 東京街28號,"本人十幾年經驗，必定搵到你合適單位
有一手資料，有二手笥盤最真報價
歡迎24小時索取一二手資訊
2手荀盤推介
1手提供資料推介
專人提供優質服務
物業按揭供款查詢
物業轉按查詢
法律意見等等
誠心誠意，為你服務
歡迎合作️",22.335566,114.15847,,,,,,2026-07-21T17:15:33+08:00,2026-07-21T17:15:33+08:00,2026-08-20T17:15:33+08:00,"[""https://i1.28hse.com/2026/07/202607211715133185254_large.jpg"", ""https://i1.28hse.com/2026/07/202607211715148700872_large.jpg"", ""https://i1.28hse.com/2026/07/202607211715142637422_large.jpg"", ""https://i1.28hse.com/2026/07/202607211715158783523_large.jpg"", ""https://i1.28hse.com/estate_data/63/27845/FLOOR/27845_20241009165048434549_thumb.jpg"", ""https://i1.28hse.com/estate_data/63/27845/UNIT/27845_20241009165148275597_thumb.jpg""]",,,22853,3427,26280,2190750,13229,7959848,4687024,-819376,3343889,-4163265
3948922,1分鐘地鐵，開揚，可看，大面積,長沙灣,私人屋苑/華懋,6350000,350,1,1,,開放式廚房,1,中原地產-營盤街分行,https://i1.28hse.com/2026/07/202607271945561341330_thumb.jpg,https://www.28hse.com/buy/apartment/property-3948922,2026-08-06T17:33:59.496264+00:00,2026-08-06T18:07:07.064215+00:00,瑜悅,,九龍長沙灣瑜悅 東京街28號,"簡單裝修, 連露台",22.335566,114.15847,,,,,,2026-07-27T19:46:38+08:00,2026-07-27T19:46:38+08:00,2026-08-26T19:46:38+08:00,"[""https://i1.28hse.com/2026/07/202607271945566747833_large.jpg"", ""https://i1.28hse.com/2026/07/202607271945576807949_large.jpg"", ""https://i1.28hse.com/2026/07/202607271945574235106_large.jpg"", ""https://i1.28hse.com/2026/07/202607271945575756015_large.jpg"", ""https://i1.28hse.com/2026/07/202607271945586628774_large.jpg"", ""https://i1.28hse.com/estate_data/63/27845/FLOOR/27845_20241009165048434549_thumb.jpg"", ""https://i1.28hse.com/estate_data/63/27845/UNIT/27845_20241009165148275597_thumb.jpg""]",,,22853,3427,26280,2190750,13229,7959848,4687024,-819376,3343889,-4163265
3964808,1 分鐘地鐵，市區享開揚景350呎新簇【即睇即買！即住即收租！】,長沙灣,私人屋苑/華懋,6350000,350,1,1,高層,開放式廚房,1,中原地產-美孚3期B組,https://i1.28hse.com/2026/08/202608080014418334373_thumb.jpg,https://www.28hse.com/buy/apartment/property-3964808,2026-08-07T16:19:46.780897+00:00,2026-08-07T16:21:22.163129+00:00,瑜悅,,九龍長沙灣瑜悅 東京街28號,"歡迎24小時致電或what's app查詢
️提供專業 親切 誠懇一條龍服務
銀行估價，按揭壓力測試，首期和供款細節, 免費按揭轉介
律師行介紹及免費法律諮詢
全港一手新盤資訊免費專車接送睇樓
售後服務包括：水,電,煤,差餉,地租轉名, ...
️專營西九龍各大屋苑/半新樓二手租賃/買賣️
️全港新盤新樓新房優點缺點專業分析講解️
️至幫你！歡迎Wts、Vx 或致電查詢大量筍盤️",22.335566,114.15847,,,,,,2026-08-08T00:16:20+08:00,2026-08-08T00:16:20+08:00,2026-09-07T00:16:20+08:00,"[""https://i1.28hse.com/2026/08/202608080014426779460_large.jpg"", ""https://i1.28hse.com/2026/08/202608080014434733474_large.jpg"", ""https://i1.28hse.com/2026/08/202608080014441728426_large.jpg"", ""https://i1.28hse.com/2026/08/202608080014465239548_large.jpg"", ""https://i1.28hse.com/2026/08/202608080015576492493_large.jpg"", ""https://i1.28hse.com/2026/08/202608080014418334373_large.jpg"", ""https://i1.28hse.com/estate_data/63/27845/FLOOR/27845_20241009165048434549_thumb.jpg"", ""https://i1.28hse.com/estate_data/63/27845/UNIT/27845_20241009165148275597_thumb.jpg""]",,,22853,3427,26280,2190750,13229,7959848,4687024,-819376,3343889,-4163265
3960637,【可試$610萬】【開揚2房靚景】【有票有驚喜】,大角咀,私人屋苑/新鴻基,6380000,457,2,1,中層,,18,美聯物業代理有限公司,https://i1.28hse.com/2026/08/202608051321054621280_thumb.jpg,https://www.28hse.com/buy/apartment/property-3960637,2026-08-06T17:33:59.496264+00:00,2026-08-06T18:02:15.700100+00:00,柏豐28,607,九龍大角咀柏豐28 必發道28號,"歡迎致電 / Whatsapp / WeChat 查詢
致電Jimmy Yiu : *24小時 即時回覆
微信號：J2mmyiu
另有同區不同筍盤供閣下比較!
24小時為你提供專業意見服務
並提供一站式服務:
●免費物業按揭服務
●免費物業轉按查詢
●專車接送各區睇樓參觀
●完善售後服務
●專業法律意見等等
五星級服務必定能協助你輕鬆置業安家！",22.322407,114.164879,,,,,,2026-08-05T13:21:07+08:00,2026-08-05T13:22:10+08:00,2026-09-04T13:21:07+08:00,"[""https://i1.28hse.com/2026/08/202608051321055830802_large.jpg"", ""https://i1.28hse.com/2026/08/202608051321062015061_large.jpg"", ""https://i1.28hse.com/2026/08/202608051321062070950_large.jpg"", ""https://i1.28hse.com/2026/08/202608051321073564809_large.jpg""]",,,22961,3917,26878,2201100,13292,8165410,4709168,-1164651,3343889,-4508541
3894440,樓上是GYM ROOM~儼如複式單位買家免佣 精明識得慳,葵涌,私人屋苑/長實,6380000,479,2,1,高層,,19,,https://i1.28hse.com/2026/06/202606170139455627367_thumb.jpg,https://www.28hse.com/buy/apartment/property-3894440,2026-08-06T17:33:59.496264+00:00,2026-08-06T18:29:52.829415+00:00,雍雅軒,,新界葵涌雍雅軒 和宜合道,"頂層單位，兩房兩廳，實用面積479尺，現有生約租客居住，投資或自住皆可。單位新淨企理，四正實用。環境清幽開揚，遠望山景。交通四通八達，方便出入。商場食肆林立，配合生活所需。
完善優質管理，單位內提供免費WiFi。另設有會所、泳池、健身室及各康樂設施，營造舒適生活圈。
業主私人自讓，買賣雙方免佣，守法合規透明。有誠意者請致電~Jason洽談，或whatsapp留言。",22.366341,114.136673,,,,,,2026-06-17T01:42:30+08:00,2026-06-17T01:42:30+08:00,2026-08-16T01:42:30+08:00,"[""https://i1.28hse.com/2026/06/202606170139402361613_large.jpg"", ""https://i1.28hse.com/2026/06/202606170139501851447_large.jpg"", ""https://i1.28hse.com/2026/06/202606170139514420915_large.jpg"", ""https://i1.28hse.com/2026/06/202606170139533597445_large.jpg"", ""https://i1.28hse.com/2026/06/202606170139555222343_large.jpg"", ""https://i1.28hse.com/2026/06/202606170139591676847_large.jpg"", ""https://i1.28hse.com/2026/06/202606170140024523362_large.jpg"", ""https://i1.28hse.com/2026/06/202606170140033036814_large.jpg"", ""https://i1.28hse.com/2026/06/202606170140057770569_large.jpg"", ""https://i1.28hse.com/2026/06/202606170140072558261_large.jpg"", ""https://i1.28hse.com/2026/06/202606170140097586273_large.jpg"", ""https://i1.28hse.com/2026/06/202606170140125987000_large.jpg"", ""https://i1.28hse.com/2026/06/202606170140162209265_large.jpg"", ""https://i1.28hse.com/2026/06/202606170140211872162_large.jpg"", ""https://i1.28hse.com/2026/06/202606170140242305653_large.jpg"", ""https://i1.28hse.com/2026/06/202606170140285319356_large.jpg"", ""https://i1.28hse.com/2026/06/202606170140306714422_large.jpg"", ""https://i1.28hse.com/2026/06/202606170140311824778_large.jpg"", ""https://i1.28hse.com/2026/06/202606170140334319707_large.jpg""]",,,22961,4016,26977,2201100,13292,8200485,4709168,-1232649,3343889,-4576538
3943254,Lily推薦！ 【雍雅軒】高層連租約放賣 · 投資首選,葵涌,私人屋苑/長實,6380000,474,2,1,,,19,利嘉閣地產有限公司,https://i1.28hse.com/2026/07/202607231429094163092_thumb.jpg,https://www.28hse.com/buy/apartment/property-3943254,2026-08-06T17:33:59.496264+00:00,2026-08-06T18:28:11.110139+00:00,雍雅軒,665,新界葵涌雍雅軒 和宜合道,"位置： 葵涌雍雅軒 (高層單位)
 實用面積： 474呎
 售價： $635萬 (連現有租約，即買即收租，可議價！)
---
 單位優勢：
· 高層開揚：居高臨下，光猛通風，景觀無遮擋，自住投資皆宜。
· 現有租客：單位現正出租，租約穩定，買入即享每月租金收入，回報可觀（歡迎查詢租金詳情）。
· 間隔實用：474呎原則兩房，零窗台，空間四正，保養新淨，無需即時翻新。
 會所及配套：
· 豪華會所（泳池、健身室、兒童遊樂區），基座商場超市，生活便利。
 交通：
· 專車接駁葵芳港鐵站，多條巴士小巴線來往各區。",22.366341,114.136673,,,,,,2026-07-23T14:34:17+08:00,2026-07-23T14:39:04+08:00,2026-09-21T14:34:17+08:00,"[""https://i1.28hse.com/2026/07/202607231429016278630_large.jpg"", ""https://i1.28hse.com/2026/07/202607231429028418503_large.jpg"", ""https://i1.28hse.com/2026/07/202607231429037451852_large.jpg"", ""https://i1.28hse.com/2026/07/202607231429045807466_large.jpg"", ""https://i1.28hse.com/2026/07/20260723142905193709_large.jpg"", ""https://i1.28hse.com/2026/07/202607231429065265967_large.jpg"", ""https://i1.28hse.com/2026/07/202607231429076063165_large.jpg"", ""https://i1.28hse.com/2026/07/202607231429083841543_large.jpg"", ""https://i1.28hse.com/estate_data/114/4678/FLOOR/4678_20240115175123168257_thumb.jpg"", ""https://i1.28hse.com/estate_data/114/4678/UNIT/4678_20240115175227798854_thumb.jpg""]",,,22961,3994,26955,2201100,13292,8192513,4709168,-1217195,3343889,-4561084
3957579,"(獨家)高層靚裝 有票可傾, 業主好想賣【葵涌卓傑專區】歡迎約睇",葵涌,私人屋苑/長實,6380000,470,2,1,高層,,19,卓傑 -住宅分行,https://i1.28hse.com/2026/08/202608031212114714410_thumb.jpg,https://www.28hse.com/buy/apartment/property-3957579,2026-08-06T17:33:59.496264+00:00,2026-08-06T18:27:33.638514+00:00,雍雅軒,657,新界葵涌雍雅軒 和宜合道,"筍價出售, 價錢可議, 新委托, 即約即睇",22.366341,114.136673,,,,,,2026-08-03T12:12:53+08:00,2026-08-03T16:04:03+08:00,2026-09-02T12:12:53+08:00,"[""https://i1.28hse.com/2026/08/202608031212121449381_large.jpg"", ""https://i1.28hse.com/2026/08/202608031212116505836_large.jpg"", ""https://i1.28hse.com/2026/08/20260803121212711442_large.jpg"", ""https://i1.28hse.com/2026/08/20260803121212422055_large.jpg"", ""https://i1.28hse.com/2026/08/202608031212132041649_large.jpg"", ""https://i1.28hse.com/2026/08/202608031212137586453_large.jpg"", ""https://i1.28hse.com/2026/08/202608031212101290012_large.jpg"", ""https://i1.28hse.com/2026/08/202608031212112296006_large.jpg"", ""https://i1.28hse.com/2026/08/202608031212117431508_large.jpg"", ""https://i1.28hse.com/2026/08/202608031212115460599_large.jpg"", ""https://i1.28hse.com/2026/08/20260803121213586569_large.jpg"", ""https://i1.28hse.com/estate_data/114/4678/FLOOR/4678_20240115175137632569_thumb.jpg"", ""https://i1.28hse.com/estate_data/114/4678/UNIT/4678_20240115175257337157_thumb.jpg""]",,,22961,3976,26937,2201100,13292,8186136,4709168,-1204832,3343889,-4548721
3963137,【中原Jay ♡ Dixon筍盤推介】還價即成/供平過租/有匙即睇/極高層開揚,葵涌,私人屋苑/長實,6380000,470,2,1,高層,,19,中原地產,https://i1.28hse.com/2026/08/20260806234439242750_thumb.jpg,https://www.28hse.com/buy/apartment/property-3963137,2026-08-06T17:33:59.496264+00:00,2026-08-06T18:27:19.385904+00:00,雍雅軒,657,新界葵涌雍雅軒 和宜合道,"【♡搵樓搵光頭·筍盤一定有 】
《 ♡中原葵青-專業代理 》
歡迎親身到鋪查詢更多筍盤!
◆筍盤查詢Facebook專頁:中原地產青衣城·筍盤◆
◆筍盤查詢Facebook專頁:真房網 Real
Property◆
無論買樓自住，投資升值，區內換樓，放盤收租
本人均可為貴客提供一條龍,買賣及售後服務
●24小時在線查詢
●首次置業免費查詢資料
●售前壓測,首期,供款計算
●銀行按揭上會
●免費法律咨詢
●一手買賣經紀佣金全免
●免費專車接送
#️CENTALINE中原",22.366341,114.136673,,,,,,2026-08-06T23:44:52+08:00,2026-08-06T23:44:52+08:00,2026-10-05T23:44:52+08:00,"[""https://i1.28hse.com/2026/08/202608062343216369642_large.jpg"", ""https://i1.28hse.com/2026/08/202608062343224569025_large.jpg"", ""https://i1.28hse.com/2026/08/202608062343235191645_large.jpg"", ""https://i1.28hse.com/2026/08/202608062343235515836_large.jpg"", ""https://i1.28hse.com/2026/08/202608062343234279687_large.jpg"", ""https://i1.28hse.com/2026/08/202608062343243560054_large.jpg"", ""https://i1.28hse.com/2026/08/202608062343253491789_large.jpg"", ""https://i1.28hse.com/2026/08/202608062343258976467_large.jpg"", ""https://i1.28hse.com/2026/08/202608062343256670080_large.jpg"", ""https://i1.28hse.com/2026/08/202608062343264992292_large.jpg"", ""https://i1.28hse.com/2026/08/2026080623432627638_large.jpg"", ""https://i1.28hse.com/estate_data/114/4678/FLOOR/4678_20240115175137632569_thumb.jpg"", ""https://i1.28hse.com/estate_data/114/4678/UNIT/4678_20240115175258517331_thumb.jpg""]",,,22961,3976,26937,2201100,13292,8186136,4709168,-1204832,3343889,-4548721
3903488,誠心誠意業主放盤 有誠意這價格商議 超靚山景,青衣,私人屋苑/佳明,6380000,421,2,1,中層,開放式廚房,4,,https://i1.28hse.com/2026/06/202606232327262894959_thumb.jpg,https://www.28hse.com/buy/apartment/property-3903488,2026-08-06T17:33:59.496264+00:00,2026-08-06T18:26:55.175329+00:00,明翹匯,,新界青衣明翹匯 細山路18號,單位企理 幾乎全新裝修 風水好運氣好 樓層也好,22.34346,114.10630800000001,,,,,,2026-06-25T21:45:28+08:00,2026-06-25T21:45:28+08:00,2026-08-24T21:45:28+08:00,"[""https://i1.28hse.com/2026/06/202606232327276401709_large.jpg"", ""https://i1.28hse.com/2026/06/20260623232728526672_large.jpg"", ""https://i1.28hse.com/2026/06/20260623232729639569_large.jpg"", ""https://i1.28hse.com/2026/06/202606232327301140817_large.jpg"", ""https://i1.28hse.com/2026/06/202606232327317926794_large.jpg"", ""https://i1.28hse.com/2026/06/202606232327325888973_large.jpg"", ""https://i1.28hse.com/estate_data/123/23182/FLOOR/23182_20250702165752578285_thumb.jpg"", ""https://i1.28hse.com/estate_data/123/23182/UNIT/23182_20250702170233733662_thumb.jpg""]",,,22961,3755,26716,2201100,13292,8108014,4709168,-1053382,3343889,-4397271
3946673,【CLARY荀盤推介】最抵買入場望山兩房 可約睇～,青衣,私人屋苑/佳明,6380000,421,2,,中層,,4,利嘉閣地產有限公司,https://i1.28hse.com/2026/07/202607251835235329887_thumb.jpg,https://www.28hse.com/buy/apartment/property-3946673,2026-08-06T17:33:59.496264+00:00,2026-08-06T18:25:38.685284+00:00,明翹匯,,新界青衣明翹匯 細山路18號,"【Clary專營 葵涌 青衣 二手樓盤及各區新盤】
細心做事 貼心專業意見 助你尋求理想中的家
歡迎24小時WHATSAPP或致電查詢
無論買樓自住，投資升值，區內換樓，放盤收租
~ 本人提供一站式售前及售後服務 ~
首次置業
售前壓測,首期,供款計算
銀行按揭上會
法律咨詢
律師轉介
裝修轉介
水電煤,差餉地租轉名
收樓驗樓
售後放租務管理
另有各區大型新盤專車接送現樓示範單位,歡迎預約參觀查詢",22.34346,114.106308,,,,,,2026-07-25T18:35:26+08:00,2026-07-25T18:35:26+08:00,2026-08-24T18:35:26+08:00,"[""https://i1.28hse.com/2026/07/202607251835236128663_large.jpg"", ""https://i1.28hse.com/2026/07/20260725183523973837_large.jpg"", ""https://i1.28hse.com/2026/07/202607251835245154758_large.jpg"", ""https://i1.28hse.com/2026/07/202607251835246283864_large.jpg"", ""https://i1.28hse.com/2026/07/202607251835242356967_large.jpg"", ""https://i1.28hse.com/2026/07/202607251835251895341_large.jpg"", ""https://i1.28hse.com/2026/07/202607251835255723519_large.jpg"", ""https://i1.28hse.com/2026/07/202607251835254605600_large.jpg"", ""https://i1.28hse.com/2026/07/202607251835235329887_large.jpg"", ""https://i1.28hse.com/estate_data/123/23182/FLOOR/23182_20250702165752578285_thumb.jpg"", ""https://i1.28hse.com/estate_data/123/23182/UNIT/23182_20250702170233733662_thumb.jpg""]",,,22961,3755,26716,2201100,13292,8108014,4709168,-1053382,3343889,-4397271
3953728,配套齐全，出租容易 回报吸引，投资首选,大角咀,私人屋苑/香港小輪,6385000,404,2,,中層,,23,中原地產,https://i1.28hse.com/2026/07/202607311636573590183_thumb.jpg,https://www.28hse.com/buy/apartment/property-3953728,2026-08-06T17:33:59.496264+00:00,2026-08-06T18:02:29.110428+00:00,港灣豪庭,574,九龍大角咀港灣豪庭 福利街8号,"简单装修, 高实用率",22.324368999999997,114.15979,,,,,,2026-07-31T16:37:04+08:00,2026-07-31T19:17:25+08:00,2026-09-29T16:37:04+08:00,"[""https://i1.28hse.com/2026/07/20260731163657379352_large.jpg"", ""https://i1.28hse.com/2026/07/202607311636574458384_large.jpg"", ""https://i1.28hse.com/2026/07/202607311636581036562_large.jpg"", ""https://i1.28hse.com/2026/07/202607311636581486941_large.jpg"", ""https://i1.28hse.com/2026/07/202607311636573590183_large.jpg"", ""https://i1.28hse.com/estate_data/67/2564/FLOOR/2564_20231116203725223834_thumb.jpg"", ""https://i1.28hse.com/estate_data/67/2564/UNIT/2564_20231116204143838787_thumb.jpg""]",,,22979,3680,26659,2202825,13302,8086739,4712858,-1003264,3343889,-4347154
3907304,"1房1廳,15分鐘到3站",大角咀,洋樓/華人置業,6400000,392,1,1,中層,,17,新昌地產代理,https://i1.28hse.com/2026/06/202606262046386137002_thumb.jpg,https://www.28hse.com/buy/apartment/property-3907304,2026-08-06T17:33:59.496264+00:00,2026-08-06T18:03:58.007282+00:00,i-home,519,九龍大角咀i-home 洋松街38號,"1房1廳,15分鐘到3站",22.321892,114.164673,,,,,,2026-06-26T20:47:51+08:00,2026-07-12T20:25:06+08:00,2026-08-25T20:47:51+08:00,"[""https://i1.28hse.com/2026/06/20260626204638573017_large.jpg"", ""https://i1.28hse.com/2026/06/202606262046398606462_large.jpg"", ""https://i1.28hse.com/2026/06/202606262046564312994_large.jpg""]",,,23033,3631,26664,2208000,13333,8085091,4723930,-973453,3343889,-4317343
3952689,即約即睇,大角咀,私人屋苑/香港小輪,6400000,415,2,,中層,,23,中原地產,https://i1.28hse.com/2026/07/202607301825371403807_thumb.jpg,https://www.28hse.com/buy/apartment/property-3952689,2026-08-06T17:33:59.496264+00:00,2026-08-06T18:02:37.324784+00:00,港灣豪庭,595,九龍大角咀港灣豪庭 福利街8號,"價錢可議, 連露台, 有匙即約即睇, 罕有放盤, 旺中帶靜, 間隔四正, 管理完善",22.324369,114.15979,,,,,,2026-07-30T18:26:08+08:00,2026-07-30T18:26:08+08:00,2026-09-28T18:26:08+08:00,"[""https://i1.28hse.com/2026/07/202607301825394558291_large.jpg"", ""https://i1.28hse.com/2026/07/202607301825413980395_large.jpg"", ""https://i1.28hse.com/2026/07/202607301825433135950_large.jpg"", ""https://i1.28hse.com/2026/07/202607301825371403807_large.jpg"", ""https://i1.28hse.com/estate_data/67/2564/FLOOR/2564_20231116203725223834_thumb.jpg"", ""https://i1.28hse.com/estate_data/67/2564/UNIT/2564_20231116204150139954_thumb.jpg""]",,,23033,3734,26767,2208000,13333,8121761,4723930,-1044542,3343889,-4388432
3929136,【$628萬再傾！劈一球！半新樓兩房半●有票再有驚喜】,深水埗,私人屋苑/恒基,6400000,366,2,1,高層,開放式廚房,7,美聯物業代理有限公司,https://i1.28hse.com/2026/07/202607121448348600307_thumb.jpg,https://www.28hse.com/buy/apartment/property-3929136,2026-08-06T17:33:59.496264+00:00,2026-08-06T18:13:22.765763+00:00,南昌一號,,九龍深水埗南昌一號 南昌街1號,"歡迎致電/Whatsapp/WeChat查詢
許生：6368O681 24小時 即時回覆
微信號：barryhui6368O681
無論任何一手新盤/二手樓盤
大量筍盤作比較 篩選最啱您的樓盤
本人均可為貴客提供全套買賣及售後服務
首次置業
售前壓測,首期,供款計算
銀行按揭上會
法律咨詢
律師轉介
裝修轉介
水電煤,差餉地租轉名
收樓驗樓
售後租務管理",22.326567,114.16066,,,明火煮食,,,2026-07-12T14:48:37+08:00,2026-07-12T14:48:37+08:00,2026-08-11T14:48:37+08:00,"[""https://i1.28hse.com/2026/07/202607121448351385889_large.jpg"", ""https://i1.28hse.com/2026/07/202607121448352531177_large.jpg"", ""https://i1.28hse.com/2026/07/202607121448357580626_large.jpg"", ""https://i1.28hse.com/2026/07/202607121448365974315_large.jpg"", ""https://i1.28hse.com/2026/07/202607121448365385503_large.jpg"", ""https://i1.28hse.com/2026/07/20260712144836186577_large.jpg"", ""https://i1.28hse.com/2026/07/202607121448371845371_large.jpg"", ""https://i1.28hse.com/2026/07/20260712144837259868_large.jpg"", ""https://i1.28hse.com/estate_data/62/8944/FLOOR/8944_20231117024433735191_thumb.jpg""]",,,23033,3514,26547,2208000,13333,8043639,4723930,-893092,3343889,-4236982
3935040,【可試580萬】【隨時約睇】【鄰近南昌站最平2房】,深水埗,私人屋苑/恒基,6400000,366,2,1,中層,,7,美聯物業代理有限公司,https://i1.28hse.com/2026/07/202607170056517094015_thumb.jpg,https://www.28hse.com/buy/apartment/property-3935040,2026-08-06T17:33:59.496264+00:00,2026-08-06T18:12:58.583412+00:00,南昌一號,,九龍深水埗南昌一號 南昌街1號,"歡迎致電 / Whatsapp / WeChat 查詢
致電Jimmy Yiu : *24小時 即時回覆
微信號：J2mmyiu
另有同區不同筍盤供閣下比較!
24小時為你提供專業意見服務
並提供一站式服務:
●免費物業按揭服務
●免費物業轉按查詢
●專車接送各區睇樓參觀
●完善售後服務
●專業法律意見等等
五星級服務必定能協助你輕鬆置業安家！",22.326567000000004,114.16066000000001,,,,,,2026-07-17T00:57:37+08:00,2026-07-20T16:20:27+08:00,2026-08-16T00:57:37+08:00,"[""https://i1.28hse.com/2026/07/202607170056515076563_large.jpg"", ""https://i1.28hse.com/2026/07/202607170056523450580_large.jpg"", ""https://i1.28hse.com/2026/07/202607170056538104912_large.jpg""]",,,23033,3514,26547,2208000,13333,8043639,4723930,-893092,3343889,-4236982
3883905,阿Sa實盤～極少有1房！間隔實用、極高實用率,長沙灣,洋樓/私人屋苑/香港房協,6400000,397,1,,中層,,9,美聯物業代理有限公司,https://i1.28hse.com/2026/06/202606091802205951198_thumb.jpg,https://www.28hse.com/buy/apartment/property-3883905,2026-08-06T17:33:59.496264+00:00,2026-08-06T18:09:19.751751+00:00,喜漾,,九龍長沙灣喜漾 元州街393至399號,"歡迎致電/Whatsapp
蘇小姐即時回覆 電話
！！大量盤源！！
24小時預約睇樓及諮詢樓盤資料：
提供一條龍專業買賣及售後服務
-首次置業
-計算首期及供款物業
-物業估價
-按揭轉介、銀行按揭
-租務管理
-法律咨詢、律師轉介
-裝修轉介
-水電煤申請
-差餉地租轉名",22.338854,114.154633,,,,,,2026-06-09T18:06:44+08:00,2026-06-09T18:06:44+08:00,2026-08-08T18:06:44+08:00,"[""https://i1.28hse.com/2026/06/202606091802213511956_large.jpg"", ""https://i1.28hse.com/2026/06/202606091802214252190_large.jpg"", ""https://i1.28hse.com/2026/06/202606091802214933871_large.jpg"", ""https://i1.28hse.com/2026/06/202606091802227817533_large.jpg"", ""https://i1.28hse.com/estate_data/63/8625/FLOOR/8625_20231123170951356413_thumb.jpg"", ""https://i1.28hse.com/estate_data/63/8625/UNIT/8625_20231123171023917492_thumb.jpg""]",,,23033,3653,26686,2208000,13333,8093063,4723930,-988908,3343889,-4332797
3917291,開陽光猛，3房大廳，有匙，CALL 林生,長沙灣,單幢式大廈,6430000,484,3,1,中層,,28,喜居物業(宇宙商場),https://i1.28hse.com/2026/08/202608021253144199111_thumb.jpg,https://www.28hse.com/buy/apartment/property-3917291,2026-08-06T17:33:59.496264+00:00,2026-08-06T18:08:29.226673+00:00,順發居,663,九龍長沙灣順發居 青山道142號,開陽光猛，3房大廳，有匙，CALL 林生,22.335659,114.160233,,,,,,2026-07-04T12:38:46+08:00,2026-08-02T12:53:44+08:00,2026-09-02T12:38:46+08:00,"[""https://i1.28hse.com/2026/08/20260802125315607912_large.jpg"", ""https://i1.28hse.com/2026/08/202608021253145020129_large.jpg"", ""https://i1.28hse.com/2026/08/202608021253147677093_large.jpg"", ""https://i1.28hse.com/2026/08/202608021253154802934_large.jpg"", ""https://i1.28hse.com/2026/08/202608021253167594817_large.jpg"", ""https://i1.28hse.com/2026/08/20260802125315590879_large.jpg""]",,,23141,4053,27194,2218350,13396,8266739,4746073,-1272367,3343889,-4616256
3953502,41名校校網,九龍城,私人屋苑/捷和,6450000,389,2,,高層,,15,利嘉閣地產,https://i1.28hse.com/2026/07/20260731150809399837_thumb.jpg,https://www.28hse.com/buy/apartment/property-3953502,2026-08-06T17:33:59.496264+00:00,2026-08-06T18:18:27.594052+00:00,御崗軒,659,九龍九龍城御崗軒 龍崗道15及17號,歡迎預約,22.328554,114.190208,,,,,,2026-07-31T15:08:32+08:00,2026-07-31T15:08:32+08:00,2026-08-30T15:08:32+08:00,"[""https://i1.28hse.com/2026/07/20260731150809258891_large.jpg"", ""https://i1.28hse.com/2026/07/202607311508104254673_large.jpg"", ""https://i1.28hse.com/2026/07/202607311508107876172_large.jpg"", ""https://i1.28hse.com/2026/07/202607311508115631432_large.jpg"", ""https://i1.28hse.com/2026/07/20260731150811145666_large.jpg"", ""https://i1.28hse.com/estate_data/58/6374/FLOOR/6374_20231117001733291296_thumb.jpg"", ""https://i1.28hse.com/estate_data/58/6374/UNIT/6374_20231117001736511585_thumb.jpg""]",,,23213,3632,26845,2225250,13438,8138591,4760836,-988445,3343889,-4332334
3939454,3房梗厨，楼龄新，平地大堂。,長沙灣,私人屋苑/洋樓,6450000,484,3,1,中層,,28,喜居物業(旺角舖),https://i1.28hse.com/2026/07/20260729160807242079_thumb.jpg,https://www.28hse.com/buy/apartment/property-3939454,2026-08-06T17:33:59.496264+00:00,2026-08-06T18:07:31.997391+00:00,順發居,663,九龍長沙灣順發居 青山道142號,出入极便,22.335659,114.160233,,,,,,2026-07-20T13:58:24+08:00,2026-07-29T16:41:00+08:00,2026-08-19T13:58:24+08:00,"[""https://i1.28hse.com/2026/07/202607291638593902820_large.jpg"", ""https://i1.28hse.com/2026/07/202607291639243525621_large.jpg"", ""https://i1.28hse.com/2026/07/202607291639475589789_large.jpg"", ""https://i1.28hse.com/2026/07/202607291640127997624_large.jpg"", ""https://i1.28hse.com/2026/07/202607291640398320938_large.jpg""]",,,23213,4059,27272,2225250,13438,8290052,4760836,-1282072,3343889,-4625962
3943692,【I-HOME】大角咀中層兩房梗廚！17年半新樓有會所！企理裝修，景觀開揚！,大角咀,洋樓/單幢式大廈/華人置業,6480000,392,2,1,中層,,17,駿輝地產有限公司,https://i1.28hse.com/2026/07/202607231719412113365_thumb.jpg,https://www.28hse.com/buy/apartment/property-3943692,2026-08-06T17:33:59.496264+00:00,2026-08-06T18:02:57.496260+00:00,i-home,519,九龍大角咀i-home 洋松街38號,"【歡迎電話 / WhatsApp查詢】
Eric Fong
-
【絕對實盤！大角咀中層兩房梗廚！】
【17年半新樓有會所！】
【企理裝修，景觀開揚！只此一間！】
【最平係佢！樓下應有盡有！】
-
【歡迎致電/Whatsapp查詢】
* 本司客源廣實客多 *
* 盡心盡力忠誠待客 *
* 專營油尖旺區樓盤 *
* 多行聯營信心保證 *
* 歡迎業主電話放盤 *
-
駿輝地產分行地址:
九龍油麻地碧街28號大安樓地鋪",22.321892,114.164673,,,,,,2026-07-23T17:20:27+08:00,2026-07-23T17:20:27+08:00,2026-09-21T17:20:27+08:00,"[""https://i1.28hse.com/2026/07/202607231719418472938_large.jpg"", ""https://i1.28hse.com/2026/07/202607231719418804150_large.jpg"", ""https://i1.28hse.com/2026/07/20260723171941643796_large.jpg"", ""https://i1.28hse.com/2026/07/202607231719425479439_large.jpg"", ""https://i1.28hse.com/2026/07/202607231719422429445_large.jpg"", ""https://i1.28hse.com/2026/07/202607231719427775154_large.jpg""]",,,23321,3654,26975,2235600,13500,8178343,4782979,-1012275,3343889,-4356165
3945416,【i-home】極受歡迎 迷人靚景 好有看頭 歡迎約睇,大角咀,單幢式大廈/華人置業,6480000,392,1,1,中層,,17,駿輝地產世一有限公司,https://i1.28hse.com/2026/07/202607241855424620340_thumb.jpg,https://www.28hse.com/buy/apartment/property-3945416,2026-08-06T17:33:59.496264+00:00,2026-08-06T18:02:52.765260+00:00,i-home,519,九龍大角咀i-home 洋松街38號,"致電約睇：陳生 [REDACTED]
【裝修企理 人見人愛】
【唔洗頭痕 呢間啱哂】
【交通方便 鄰近地鐵】
【電梯洋樓 管理完善】
【配套完善 生活舒適】
* 本司客源廣實客多 *
* 盡心盡力忠誠待客 *
* 專營油尖旺區樓盤 *
* 多行聯營信心保證 *
* 歡迎業主電話放盤 *",22.321892,114.164673,,,,,,2026-07-24T19:02:47+08:00,2026-07-24T19:02:47+08:00,2026-09-22T19:02:47+08:00,"[""https://i1.28hse.com/2026/07/202607241855436977070_large.jpg"", ""https://i1.28hse.com/2026/07/202607241855438610503_large.jpg"", ""https://i1.28hse.com/2026/07/202607241855433522562_large.jpg"", ""https://i1.28hse.com/2026/07/202607241855447700044_large.jpg"", ""https://i1.28hse.com/2026/07/202607241855444706669_large.jpg"", ""https://i1.28hse.com/2026/07/202607241855451249639_large.jpg""]",,,23321,3654,26975,2235600,13500,8178343,4782979,-1012275,3343889,-4356165
3948282,*自住收租【I-HOME~ 開揚】*中層兩房梗廚 17年半樓有會所*,大角咀,私人屋苑/華人置業,6480000,392,2,1,中層,,17,駿輝地產建榮有限公司,https://i1.28hse.com/2026/07/202607271441281028694_thumb.jpg,https://www.28hse.com/buy/apartment/property-3948282,2026-08-06T17:33:59.496264+00:00,2026-08-06T18:02:45.685266+00:00,i-home,519,九龍大角咀i-home 洋松街38號,"【絕對實盤 中層 17年半樓兩房梗廚】
【極受歡迎 迷人靚景】
【企理裝修 景觀開揚】
【會所空中花園 自住收租都掂】",22.321892,114.164673,,,,,,2026-07-27T14:42:14+08:00,2026-07-27T14:42:14+08:00,2026-09-25T14:42:14+08:00,"[""https://i1.28hse.com/2026/07/202607271441323778798_large.jpg"", ""https://i1.28hse.com/2026/07/202607271441303356253_large.jpg"", ""https://i1.28hse.com/2026/07/20260727144129762047_large.jpg"", ""https://i1.28hse.com/2026/07/202607271441298858473_large.jpg"", ""https://i1.28hse.com/2026/07/202607271441318570322_large.jpg"", ""https://i1.28hse.com/2026/07/202607271441304468318_large.jpg"", ""https://i1.28hse.com/2026/07/20260727144131843468_large.jpg""]",,,23321,3654,26975,2235600,13500,8178343,4782979,-1012275,3343889,-4356165
3901204,南昌一号/荀3房双铁优质/投资自住/约睇 Ivy 9I439959,深水埗,私人屋苑/恒基,6480000,418,3,1,中層,開放式廚房,6,香港置業,https://i1.28hse.com/2026/06/202606221302355375370_thumb.jpg,https://www.28hse.com/buy/apartment/property-3901204,2026-08-06T17:33:59.496264+00:00,2026-08-06T18:14:20.080199+00:00,南昌一號,,九龍深水埗南昌一號 南昌街1号,"南昌一号/荀3房双铁优质/投资自住/约睇 Ivy 9I439959
笋价出售, 罕有放盘, 蚀让, 价钱可议, 连露台, 高实用率",22.326567,114.16066,,,,,,2026-06-22T13:02:36+08:00,2026-06-22T13:02:36+08:00,2026-08-21T13:02:36+08:00,"[""https://i1.28hse.com/2026/06/202606221302358610816_large.jpg"", ""https://i1.28hse.com/2026/06/202606221302361182784_large.jpg"", ""https://i1.28hse.com/2026/06/202606221302367853313_large.jpg"", ""https://i1.28hse.com/estate_data/62/8944/FLOOR/8944_20231117024433735191_thumb.jpg""]",,,23321,3771,27092,2235600,13500,8219795,4782979,-1092636,3343889,-4436526
3905180,「真實盤源」 激荀 3房，歡迎約睇,深水埗,私人屋苑/恒基,6480000,418,3,1,中層,開放式廚房,7,香港置業,https://i1.28hse.com/2026/06/202606251355527402236_thumb.jpg,https://www.28hse.com/buy/apartment/property-3905180,2026-08-06T17:33:59.496264+00:00,2026-08-06T18:14:11.958293+00:00,南昌一號,,九龍深水埗南昌一號 南昌街1號,"-------24小時接聽回覆Whatsapp-------------
ღ專業可靠貼心一站式服務ღ
專車接送
售前壓測,首期,供款計算
物業估價
銀行按揭上會
法律咨詢",22.326567,114.16066,,,,,,2026-06-25T13:55:55+08:00,2026-06-25T13:55:55+08:00,2026-08-24T13:55:55+08:00,"[""https://i1.28hse.com/2026/06/202606251355534364447_large.jpg"", ""https://i1.28hse.com/2026/06/202606251355538241169_large.jpg"", ""https://i1.28hse.com/2026/06/202606251355544327286_large.jpg"", ""https://i1.28hse.com/2026/06/202606251355548646211_large.jpg"", ""https://i1.28hse.com/2026/06/202606251355542824457_large.jpg"", ""https://i1.28hse.com/estate_data/62/8944/FLOOR/8944_20231117024433735191_thumb.jpg""]",,,23321,3771,27092,2235600,13500,8219795,4782979,-1092636,3343889,-4436526
3911684,(永誠置業 全部實盤) 昇柏山 翠綠山景 四房露台 會所泳池 交吉約睇,荃灣,私人屋苑/洋樓/單幢式大廈/長實,6480000,527,2,1,高層,,11,永誠置業代理有限公司,https://i1.28hse.com/2026/08/202608052031163882831_thumb.jpg,https://www.28hse.com/buy/apartment/property-3911684,2026-08-06T17:33:59.496264+00:00,2026-08-06T18:31:24.537372+00:00,昇柏山,,新界荃灣昇柏山 油麻磡路63號,"(永誠置業 全部實盤) 盤齊價靚 一覧無遺
昇柏山 翠綠山景 四房露台 會所泳池 交吉約睇 
專業專注 解答置業疑問
提供優質服務 協助銀行按揭
律師樓介紹 特設村屋專隊**
歡迎查詢:
**從事地產29年 絕無間斷**
**大部份營業員年資超過10年**
專業專注 解答置業疑問
提供優質服務 協助銀行按揭
律師樓介紹 特設村屋專隊**
本公司專營:
縉庭山 昇柏山 荃灣 青衣 葵涌 村屋 荃灣市各屋苑 及各區發展商一手盤
歡迎查詢:
Tel: 
永誠置業(昇柏山分行)
荃灣大窩口國瑞路海壩新村8號地下
Tel: 
永誠置業(縉庭山分行)
大量筍盤 歡迎 CICK 入以下公司網
www.forever-house.com",,,,,,,,2026-07-31T17:52:10+08:00,2026-08-05T20:31:47+08:00,2026-08-30T17:52:10+08:00,"[""https://i1.28hse.com/2026/06/202606301711412619983_large.jpg"", ""https://i1.28hse.com/2026/08/202608052031164236534_large.jpg"", ""https://i1.28hse.com/2026/06/202606301711421803209_large.jpg"", ""https://i1.28hse.com/2026/06/202606301711424055734_large.jpg"", ""https://i1.28hse.com/2026/06/202606301711436136083_large.jpg"", ""https://i1.28hse.com/2026/06/202606301711434709452_large.jpg"", ""https://i1.28hse.com/2026/06/202606301711438299547_large.jpg"", ""https://i1.28hse.com/estate_data/113/7959/FLOOR/7959_20231121091557755519_thumb.jpg"", ""https://i1.28hse.com/estate_data/113/7959/UNIT/7959_20231121091651826868_thumb.jpg""]",,,23321,4262,27582,2235600,13500,8393577,4782979,-1429535,3343889,-4773425
3949924,半新樓！上車首選！高層開揚景! 企理兩房!業主換樓急放! 還價可成!,荃灣,私人屋苑/長實,6480000,527,2,,高層,,11,美聯物業,https://i1.28hse.com/2026/07/202607281724454417403_thumb.jpg,https://www.28hse.com/buy/apartment/property-3949924,2026-08-06T17:33:59.496264+00:00,2026-08-06T18:32:02.111333+00:00,昇柏山,,新界荃灣昇柏山 油麻磡路63號,"半新樓！
上車首選！
高層開揚景!
企理兩房!
業主換樓急放!
還價可成!",1.0,1.0,,,,,,2026-07-28T17:27:19+08:00,2026-07-28T17:27:19+08:00,2026-09-26T17:27:19+08:00,"[""https://i1.28hse.com/2026/07/202607281724457949598_large.jpg"", ""https://i1.28hse.com/2026/07/202607281724466088381_large.jpg"", ""https://i1.28hse.com/2026/07/20260728172447983694_large.jpg"", ""https://i1.28hse.com/2026/07/202607281724475198802_large.jpg"", ""https://i1.28hse.com/2026/07/202607281724484018920_large.jpg"", ""https://i1.28hse.com/2026/07/202607281724498911144_large.jpg"", ""https://i1.28hse.com/estate_data/113/7959/FLOOR/7959_20231121091557755519_thumb.jpg"", ""https://i1.28hse.com/estate_data/113/7959/UNIT/7959_20231121091651826868_thumb.jpg""]",,,23321,4262,27582,2235600,13500,8393577,4782979,-1429535,3343889,-4773425
3954250,《中原多實盤》●●有匙【高層低市價】6XX萬可試｜業主急走｜還價即成,荃灣,私人屋苑/長實,6480000,527,2,1,高層,,11,中原地產,https://i1.28hse.com/2026/08/20260806221905896134_thumb.jpg,https://www.28hse.com/buy/apartment/property-3954250,2026-08-06T17:33:59.496264+00:00,2026-08-06T18:31:23.852454+00:00,昇柏山,,新界荃灣昇柏山 油麻磡路63號,"荃灣西站 配套完善 一應俱全
天橋網絡18區獨有 家庭客自住客投資客首選
●●●●●●●●●●
搵低水荀盤 一定幫到你
緊貼業主 盤齊價準
專業代理*陳小姐 Fanny chan
24小時查詢熱線：
可WHATSAPP 即時回覆
無論買樓自住，投資升值，區內換樓，放盤收租
*本人均為貴客提供一條龍服務,買賣及售後服務
首次置業
售前壓測，首期，供款計算
銀行按揭上會
法律咨詢
律師轉介
裝修轉介
水電煤，差餉地租轉名
收樓驗樓
售後放租務管理",1.0,1.0,,,,,,2026-07-31T20:40:15+08:00,2026-08-06T22:34:39+08:00,2026-08-30T20:40:15+08:00,"[""https://i1.28hse.com/2026/08/202608062219066318604_large.jpg"", ""https://i1.28hse.com/2026/08/202608062219062067120_large.jpg"", ""https://i1.28hse.com/2026/08/202608062219068708797_large.jpg"", ""https://i1.28hse.com/2026/08/202608062219073088337_large.jpg"", ""https://i1.28hse.com/2026/08/202608062219072133389_large.jpg"", ""https://i1.28hse.com/2026/08/202608062219075667336_large.jpg"", ""https://i1.28hse.com/2026/08/202608062219082476406_large.jpg"", ""https://i1.28hse.com/estate_data/113/7959/FLOOR/7959_20231121091557755519_thumb.jpg"", ""https://i1.28hse.com/estate_data/113/7959/UNIT/7959_20231121091651826868_thumb.jpg""]",,,23321,4262,27582,2235600,13500,8393577,4782979,-1429535,3343889,-4773425
3917191,少有放盤 兩房 市區收租神器,黃大仙,私人屋苑/宏安,6480000,350,2,1,中層,開放式廚房,1,大老闆物業代理,https://i1.28hse.com/2026/07/202607041159218965863_thumb.jpg,https://www.28hse.com/buy/apartment/property-3917191,2026-08-06T17:33:59.496264+00:00,2026-08-06T18:16:52.141446+00:00,薈鳴,,九龍黃大仙薈鳴 鳴鳳街28號,少有放盤 兩房 市區收租神器,22.344314999999998,114.196785,,,,,,2026-07-04T12:02:53+08:00,2026-07-24T15:58:24+08:00,2026-09-02T12:02:53+08:00,"[""https://i1.28hse.com/2026/07/202607041159222465836_large.jpg"", ""https://i1.28hse.com/2026/07/202607041159232058137_large.jpg"", ""https://i1.28hse.com/2026/07/202607041159244985127_large.jpg"", ""https://i1.28hse.com/2026/07/202607041159263035363_large.jpg"", ""https://i1.28hse.com/2026/07/202607041159277036425_large.jpg"", ""https://i1.28hse.com/2026/07/202607041159286676983_large.jpg"", ""https://i1.28hse.com/estate_data/57/26594/FLOOR/26594_20240119174939991692_thumb.jpg"", ""https://i1.28hse.com/estate_data/57/26594/UNIT/26594_20240119174952881379_thumb.jpg""]",,,23321,3465,26786,2235600,13500,8111381,4782979,-882461,3343889,-4226351
3900769,*** 投資首選：美意居 激筍1房 即買即收租 ***,上環,私人屋苑/單幢式大廈,6500000,372,1,1,中層,,22,金诚物业代理有限公司,https://i1.28hse.com/2026/06/202606211925477084131_thumb.jpg,https://www.28hse.com/buy/apartment/property-3900769,2026-08-06T17:33:59.496264+00:00,2026-08-06T17:45:36.212149+00:00,美意居,601,香港島上環美意居 皇后大道西38號,"*** 投資首選：美意居 激筍1房 即買即收租 ***
● 生活無憂，多間民生商店及食肆、郵局、商場、超級市場、銀行及街市均在咫尺之遥
● 毗鄰皇后街休憩花園，附近有上環文娛中心及體育館
● 交通配套完善，皇后大道西及德輔道西有電車及多條巴士、小巴路線，穿梭港九新界多處地方",22.28669,114.147903,,,,,,2026-06-21T19:25:48+08:00,2026-07-17T19:58:38+08:00,2026-08-20T19:25:48+08:00,"[""https://i1.28hse.com/2026/06/202606211925481118975_large.jpg""]",,,23393,3570,26963,2242500,13542,8169769,4797741,-960164,3343889,-4304054
3739298,企理1房 投資自用都合適,土瓜灣,私人屋苑/高裕投資,6500000,358,1,1,高層,,7,美意物業,https://i1.28hse.com/2026/03/202603241512185774353_thumb.jpg,https://www.28hse.com/buy/apartment/property-3739298,2026-08-06T17:33:59.496264+00:00,2026-08-06T18:24:09.241550+00:00,翰畋,,九龍土瓜灣翰畋 美善同道80號,翰畋位於馬頭圍美善同道80號（馬頭圍）。入伙日期由4/2019開始。翰畋提供92個單位。翰畋的實用面積由248呎至358呎。小學校網為34。中學校網為九龍城區。,22.317704999999993,114.186844,,,,,,2026-06-19T21:23:10+08:00,2026-07-10T19:30:28+08:00,2026-08-18T21:23:10+08:00,"[""https://i1.28hse.com/2026/03/202603241512114955083_large.jpg"", ""https://i1.28hse.com/2026/03/202603241512127694542_large.jpg"", ""https://i1.28hse.com/2026/03/202603241512131789856_large.jpg"", ""https://i1.28hse.com/2026/03/202603241512146187887_large.jpg"", ""https://i1.28hse.com/2026/03/2026032415121562013_large.jpg"", ""https://i1.28hse.com/2026/03/202603241512161818963_large.jpg"", ""https://i1.28hse.com/2026/03/202603241512173581353_large.jpg"", ""https://i1.28hse.com/2026/03/202603241512198380239_large.jpg"", ""https://i1.28hse.com/estate_data/77/22420/FLOOR/22420_20250714172730935596_thumb.jpg"", ""https://i1.28hse.com/estate_data/77/22420/UNIT/22420_20250714172737868195_thumb.jpg""]",,,23393,3507,26900,2242500,13542,8147449,4797741,-916893,3343889,-4260782
3901574,"【好過買一手】357尺特大, 東南海景, 10秒到地鐵站！即約即睇！",土瓜灣,洋樓/單幢式大廈/高裕投資,6500000,358,1,1,高層,,5,新港地產代理有限公司,https://i1.28hse.com/2026/06/202606221627014362142_thumb.jpg,https://www.28hse.com/buy/apartment/property-3901574,2026-08-06T17:33:59.496264+00:00,2026-08-06T18:24:03.245622+00:00,翰畋,,九龍土瓜灣翰畋 美善同道80號,"歡迎查詢！
入伙日期：2019年12月
物業座數：1座
單位總數：92
地址/地段：美善同道80號
管理公司：仲量聯行物業管理有限公司
發展商：高譽投資",22.317705,114.186844,,,,,,2026-06-22T16:27:03+08:00,2026-06-22T16:27:03+08:00,2026-08-21T16:27:03+08:00,"[""https://i1.28hse.com/2026/06/202606221627024752641_large.jpg"", ""https://i1.28hse.com/2026/06/202606221627024345710_large.jpg"", ""https://i1.28hse.com/2026/06/202606221627027988022_large.jpg"", ""https://i1.28hse.com/2026/06/202606221627037649077_large.jpg""]",,,23393,3507,26900,2242500,13542,8147449,4797741,-916893,3343889,-4260782
3962866,【鳳凰樓層】【梗廚明廁】【只此一間】,大角咀,私人屋苑/單幢式大廈/新鴻基,6500000,453,2,1,高層,,18,香港置業,https://i1.28hse.com/2026/08/202608061907388334731_thumb.jpg,https://www.28hse.com/buy/apartment/property-3962866,2026-08-06T17:33:59.496264+00:00,2026-08-06T18:02:11.624131+00:00,柏豐28,604,九龍大角咀柏豐28 必發道28號,"【梗廚明廁，四正實用】
　 【嚴重低水，把握機會】
【交通方便，配套齊備】
　 【必走筍盤，歡迎約睇】",22.322407,114.164879,,,,,,2026-08-06T19:07:53+08:00,2026-08-06T19:07:53+08:00,2026-09-05T19:07:53+08:00,"[""https://i1.28hse.com/2026/08/202608061907397487195_large.jpg"", ""https://i1.28hse.com/2026/08/202608061907393118131_large.jpg"", ""https://i1.28hse.com/2026/08/202608061907406794437_large.jpg""]",,,23393,3934,27327,2242500,13542,8298910,4797741,-1210520,3343889,-4554410
3922598,《東南開揚，兩房連儲物室，高層連露台，交吉出售》,深水埗,私人屋苑/恒基,6500000,364,2,1,高層,開放式廚房,7,香港置業,https://i1.28hse.com/2026/07/20260707205237419325_thumb.jpg,https://www.28hse.com/buy/apartment/property-3922598,2026-08-06T17:33:59.496264+00:00,2026-08-06T18:13:44.473822+00:00,南昌一號,,九龍深水埗南昌一號 南昌街1號,廣告日期：2026年7月7日,22.326567,114.16066,,,明火煮食,,,2026-07-07T20:52:58+08:00,2026-07-24T19:01:27+08:00,2026-09-05T20:52:58+08:00,"[""https://i1.28hse.com/2026/07/202607072052377864824_large.jpg"", ""https://i1.28hse.com/2026/07/202607072052383170538_large.jpg"", ""https://i1.28hse.com/2026/07/202607072052384844024_large.jpg"", ""https://i1.28hse.com/2026/07/202607072052387421305_large.jpg"", ""https://i1.28hse.com/2026/07/20260707205239707219_large.jpg"", ""https://i1.28hse.com/2026/07/202607072052397669655_large.jpg"", ""https://i1.28hse.com/2026/07/202607072052395675714_large.jpg"", ""https://i1.28hse.com/2026/07/202607072052403130115_large.jpg"", ""https://i1.28hse.com/2026/07/20260707205240581717_large.jpg"", ""https://i1.28hse.com/2026/07/202607072052401201220_large.jpg"", ""https://i1.28hse.com/2026/07/202607072052411418274_large.jpg"", ""https://i1.28hse.com/2026/07/202607072052416009270_large.jpg"", ""https://i1.28hse.com/2026/07/20260707205241736648_large.jpg"", ""https://i1.28hse.com/2026/07/2026070720524216755_large.jpg"", ""https://i1.28hse.com/2026/07/202607072052426263287_large.jpg"", ""https://i1.28hse.com/2026/07/202607072052432083441_large.jpg"", ""https://i1.28hse.com/2026/07/202607072052434192109_large.jpg"", ""https://i1.28hse.com/2026/07/202607072052433379145_large.jpg"", ""https://i1.28hse.com/estate_data/62/8944/FLOOR/8944_20231117024424138826_thumb.jpg""]",,,23393,3534,26927,2242500,13542,8157015,4797741,-935438,3343889,-4279327
3928541,"2房單位, 上車之選",深水埗,私人屋苑/恒基,6500000,364,2,,高層,,7,中原地產-泓景臺分行,https://i1.28hse.com/2026/07/202607111922485063335_thumb.jpg,https://www.28hse.com/buy/apartment/property-3928541,2026-08-06T17:33:59.496264+00:00,2026-08-06T18:13:24.231646+00:00,南昌一號,,九龍深水埗南昌一號 南昌街1號,"有更多優質單位可以推介, 歡迎隨時查詢",22.326567,114.16066,,,,,,2026-07-11T19:23:07+08:00,2026-07-11T19:23:07+08:00,2026-08-10T19:23:07+08:00,"[""https://i1.28hse.com/2026/07/202607111922493682338_large.jpg"", ""https://i1.28hse.com/2026/07/202607111922505977283_large.jpg"", ""https://i1.28hse.com/2026/07/20260711192251174159_large.jpg"", ""https://i1.28hse.com/2026/07/202607111922513250974_large.jpg"", ""https://i1.28hse.com/estate_data/62/8944/FLOOR/8944_20231117024424138826_thumb.jpg""]",,,23393,3534,26927,2242500,13542,8157015,4797741,-935438,3343889,-4279327
3895791,【張小姐 [REDACTED]】【實盤】【歡迎查詢】,荃灣,私人屋苑/南豐,6500000,424,2,,高層,,23,美聯物業代理有限公司,https://i1.28hse.com/2026/06/202606172232346055689_thumb.jpg,https://www.28hse.com/buy/apartment/property-3895791,2026-08-06T17:33:59.496264+00:00,2026-08-06T18:37:48.018183+00:00,翠豐臺,580,新界荃灣翠豐臺 安育路2號,"♛歡迎業主委托放盤♛
②④小時on duty
歡迎致電直接約睇樓
✰Joey✰張小姐✰[REDACTED]
️～用心聆聽您所需
️待客已誠態度♡
️專注為您配對適合理想家居
️協助您尋覓優質安樂窩
▛一條龍服務▟
# 快 速 回 覆
# 銀 行 估 價
# 全 程 跟 進
# 按 揭 查 詢
️# 專 業 分 析
# 律 師 轉 介",22.375858,114.10611,,,,,,2026-06-17T22:32:50+08:00,2026-07-10T17:10:10+08:00,2026-08-16T22:32:50+08:00,"[""https://i1.28hse.com/2026/06/202606172232354334232_large.jpg"", ""https://i1.28hse.com/2026/06/202606172232361812326_large.jpg"", ""https://i1.28hse.com/2026/06/20260617223236598081_large.jpg"", ""https://i1.28hse.com/2026/06/202606172232377495576_large.jpg"", ""https://i1.28hse.com/2026/06/202606172232375060677_large.jpg"", ""https://i1.28hse.com/2026/06/202606172232383819761_large.jpg""]",,,23393,3804,27197,2242500,13542,8252674,4797741,-1120887,3343889,-4464776
3902151,山景兩房!企理裝修！業主急放!歡迎約睇！還價可成!,荃灣,私人屋苑/南豐,6500000,424,2,,中層,,23,美聯物業,https://i1.28hse.com/2026/06/202606222155002730666_thumb.jpg,https://www.28hse.com/buy/apartment/property-3902151,2026-08-06T17:33:59.496264+00:00,2026-08-06T18:37:12.558501+00:00,翠豐臺,580,新界荃灣翠豐臺 安育路2號,"山景兩房!
企理裝修！
業主急放!
歡迎約睇！
還價可成!",22.375858,114.10611,,,,,,2026-06-22T21:58:52+08:00,2026-06-22T21:58:52+08:00,2026-08-21T21:58:52+08:00,"[""https://i1.28hse.com/2026/06/202606222155001857718_large.jpg"", ""https://i1.28hse.com/2026/06/202606222155002959435_large.jpg"", ""https://i1.28hse.com/2026/06/202606222155017594516_large.jpg"", ""https://i1.28hse.com/2026/06/202606222155013674619_large.jpg"", ""https://i1.28hse.com/2026/06/202606222155027551044_large.jpg"", ""https://i1.28hse.com/2026/06/202606222155028873301_large.jpg""]",,,23393,3804,27197,2242500,13542,8252674,4797741,-1120887,3343889,-4464776
3909255,超靚裝修！全場最筍！100%實盤,荃灣,私人屋苑/新世界,6500000,477,2,,,,28,中原地產代理有限公司,https://i1.28hse.com/2026/06/202606281649562195931_thumb.jpg,https://www.28hse.com/buy/apartment/property-3909255,2026-08-06T17:33:59.496264+00:00,2026-08-06T18:36:33.561554+00:00,愉景新城,593,新界荃灣愉景新城 青山公路荃灣段398號,"真實盤源 實盤實放 即睇， 豐富市場資訊 專業分析
專業推介誠信靠 ️耐心解答
代理各區一 二手筍盤
搵樓專員：Kyle 呀雪️
.
歡迎查詢
️耐心解答
扎根荃灣12年️熟盤熟業主️以心待客
 還價專員一二手專線按揭專家
「信譽保證」️「虔誠搵盤」️「強大團隊」
️專營荃灣區二手樓盤️真盤真價️歡迎查詢",22.376377,114.11125200000001,,,,,,2026-06-28T16:47:41+08:00,2026-07-24T12:52:47+08:00,2026-08-27T16:47:41+08:00,"[""https://i1.28hse.com/2026/06/202606281647396802522_large.jpg"", ""https://i1.28hse.com/2026/06/202606281647398398571_large.jpg"", ""https://i1.28hse.com/2026/06/202606281647401862056_large.jpg"", ""https://i1.28hse.com/2026/06/20260628164740463113_large.jpg"", ""https://i1.28hse.com/2026/06/202606281647407339762_large.jpg"", ""https://i1.28hse.com/2026/06/202606281647405165662_large.jpg"", ""https://i1.28hse.com/estate_data/113/4573/FLOOR/4573_20231121014302437376_thumb.jpg"", ""https://i1.28hse.com/estate_data/113/4573/UNIT/4573_20231121014520457368_thumb.jpg""]",,,23393,4042,27435,2242500,13542,8337174,4797741,-1284700,3343889,-4628590
3909420,罕有盤 投資首選 近地鐵站 大屋苑,荃灣,私人屋苑/新世界,6500000,493,2,,,,29,中原地產代理有限公司,https://i1.28hse.com/2026/06/202606281815514851930_thumb.jpg,https://www.28hse.com/buy/apartment/property-3909420,2026-08-06T17:33:59.496264+00:00,2026-08-06T18:36:31.344672+00:00,愉景新城,610,新界荃灣愉景新城 青山公路荃灣段398號,2房雙會所有泳池 樓下大商場,22.376377,114.111252,,,,,,2026-06-28T18:16:14+08:00,2026-06-28T18:16:14+08:00,2026-08-27T18:16:14+08:00,"[""https://i1.28hse.com/2026/06/202606281815532388264_large.jpg"", ""https://i1.28hse.com/2026/06/20260628181554767962_large.jpg"", ""https://i1.28hse.com/2026/06/202606281815557813923_large.jpg"", ""https://i1.28hse.com/2026/06/202606281815562567749_large.jpg"", ""https://i1.28hse.com/2026/06/202606281815582613356_large.jpg"", ""https://i1.28hse.com/2026/06/202606281815592131719_large.jpg"", ""https://i1.28hse.com/2026/06/202606281816006360466_large.jpg"", ""https://i1.28hse.com/2026/06/202606281816013114294_large.jpg"", ""https://i1.28hse.com/2026/06/202606281816023382112_large.jpg"", ""https://i1.28hse.com/estate_data/113/4573/FLOOR/4573_20231121014256948225_thumb.jpg"", ""https://i1.28hse.com/estate_data/113/4573/UNIT/4573_20231121014507784278_thumb.jpg""]",,,23393,4114,27507,2242500,13542,8362683,4797741,-1334153,3343889,-4678043
3943409,●開揚山景 ●2房即睇 ♡歡迎預約,荃灣,私人屋苑/南豐,6500000,424,2,,中層,,23,中原地產代理有限公司,https://i1.28hse.com/2026/07/202607231553163324472_thumb.jpg,https://www.28hse.com/buy/apartment/property-3943409,2026-08-06T17:33:59.496264+00:00,2026-08-06T18:32:58.789673+00:00,翠豐臺,580,新界荃灣翠豐臺 安育路2號,"●開揚山景
●2房即睇
♡歡迎預約
大量筍盤 歡迎WhatsApp查詢
大量筍盤 歡迎WhatsApp查詢
大量筍盤 歡迎WhatsApp查詢",22.375858,114.10611000000002,,,,,,2026-07-23T15:52:13+08:00,2026-07-23T15:53:29+08:00,2026-09-21T15:52:13+08:00,"[""https://i1.28hse.com/2026/07/202607231551494519345_large.jpg"", ""https://i1.28hse.com/2026/07/202607231551444413269_large.jpg"", ""https://i1.28hse.com/2026/07/202607231551413686848_large.jpg"", ""https://i1.28hse.com/2026/07/202607231551428805438_large.jpg"", ""https://i1.28hse.com/2026/07/202607231551474134938_large.jpg"", ""https://i1.28hse.com/2026/07/202607231551454812488_large.jpg"", ""https://i1.28hse.com/2026/07/202607231551481970833_large.jpg"", ""https://i1.28hse.com/2026/07/202607231551488673109_large.jpg"", ""https://i1.28hse.com/2026/07/202607231553163324472_large.jpg""]",,,23393,3804,27197,2242500,13542,8252674,4797741,-1120887,3343889,-4464776
3955024,旺中帶靜#還價即成,荃灣,私人屋苑/南豐,6500000,437,2,,高層,,23,中原地產代理限公司,https://i1.28hse.com/2026/08/202608011504581537071_thumb.jpg,https://www.28hse.com/buy/apartment/property-3955024,2026-08-06T17:33:59.496264+00:00,2026-08-06T18:31:16.364671+00:00,翠豐臺,598,新界荃灣翠豐臺 安育路2號,"間隔四正, 管理完善, 遠望山景, 環境清幽",22.375858,114.10611,,,,,,2026-08-01T15:04:59+08:00,2026-08-01T15:04:59+08:00,2026-09-30T15:04:59+08:00,"[""https://i1.28hse.com/2026/08/202608011504597661487_large.jpg""]",,,23393,3862,27255,2242500,13542,8273400,4797741,-1161067,3343889,-4504957
3959690,翠豐臺+2房山景+有匙看+梗廚+浴室有窗+大型會所+VR+有票盡傾,荃灣,私人屋苑/南豐,6500000,424,2,1,中層,,23,中原地產代理有限公司,https://i1.28hse.com/2026/08/202608041648506506929_thumb.jpg,https://www.28hse.com/buy/apartment/property-3959690,2026-08-06T17:33:59.496264+00:00,2026-08-06T18:30:36.630301+00:00,翠豐臺,580,新界荃灣翠豐臺 安育路2號,翠豐臺+2房山景+有匙看+梗廚+浴室有窗+大型會所+VR+有票盡傾,22.375858,114.10611,,,,,,2026-08-04T16:48:52+08:00,2026-08-04T16:48:55+08:00,2026-10-03T16:48:52+08:00,"[""https://i1.28hse.com/2026/08/202608041648505428947_large.jpg"", ""https://i1.28hse.com/2026/08/202608041648515122087_large.jpg"", ""https://i1.28hse.com/2026/08/202608041648518606791_large.jpg"", ""https://i1.28hse.com/2026/08/202608041648518692841_large.jpg"", ""https://i1.28hse.com/2026/08/20260804164851559176_large.jpg"", ""https://i1.28hse.com/2026/08/202608041648524769359_large.jpg"", ""https://i1.28hse.com/2026/08/202608041648525988139_large.jpg"", ""https://i1.28hse.com/2026/08/202608041648506506929_large.jpg""]",,,23393,3804,27197,2242500,13542,8252674,4797741,-1120887,3343889,-4464776
3882061,"＊相熟業主到價＊＊ 廳大房大, 靚樓層,搵我傾有驚喜!",西貢,私人屋苑/信和,6500000,530,1,,高層,,8,利嘉閣地產有限公司,https://i1.28hse.com/2026/06/202606081528358264118_thumb.jpg,https://www.28hse.com/buy/apartment/property-3882061,2026-08-06T17:33:59.496264+00:00,2026-08-06T18:39:12.276910+00:00,逸瓏園,,新界西貢逸瓏園 大網仔路八號,"【真盤源】搜羅全區筍盤，緊貼市場價 (ENG,普,廣)
 想一步到位 , 歡迎約我睇樓 消息最快最新
 歡迎24小時來電/Whatsapp/WeChat查詢
 提供區內最新樓市情況
 專車接送實地視察
 推介全港一手新樓
 免費銀行物業估價、按揭
 售前壓測、首期、供款計算
 法律諮詢、律師轉介",22.394983,114.287643,,,,,,2026-06-08T15:29:21+08:00,2026-08-03T17:23:19+08:00,2026-08-07T15:29:21+08:00,"[""https://i1.28hse.com/2026/06/202606081528347744499_large.jpg"", ""https://i1.28hse.com/2026/06/202606081528343436429_large.jpg"", ""https://i1.28hse.com/2026/06/202606081528358124686_large.jpg"", ""https://i1.28hse.com/2026/06/202606081528346544843_large.jpg"", ""https://i1.28hse.com/estate_data/100/8739/FLOOR/8739_20231123182504545331_thumb.jpg"", ""https://i1.28hse.com/estate_data/100/8739/UNIT/8739_20231123182601275934_thumb.jpg""]",,,23393,4281,27674,2242500,13542,8421673,4797741,-1448513,3343889,-4792403
3907135,獨家!! 1房+大儲物室極高層，市場缺盤，即約即睇 !!!! 近荔枝角站,長沙灣,單幢式大廈/私人屋苑/恒基,6500000,395,2,1,高層,,17,宇晴地產,https://i1.28hse.com/2026/06/202606261903451829766_thumb.jpg,https://www.28hse.com/buy/apartment/property-3907135,2026-08-06T17:33:59.496264+00:00,2026-08-06T18:08:44.632723+00:00,星匯居,521,九龍長沙灣星匯居 通州街500號,戴生 [REDACTED],22.333087999999996,114.15228300000001,,,,,,2026-06-26T19:03:49+08:00,2026-07-27T14:18:01+08:00,2026-08-25T19:03:49+08:00,"[""https://i1.28hse.com/2026/06/20260626190346427258_large.jpg"", ""https://i1.28hse.com/2026/06/202606261903462603883_large.jpg"", ""https://i1.28hse.com/2026/06/202606261903473213010_large.jpg"", ""https://i1.28hse.com/2026/06/202606261903475906685_large.jpg"", ""https://i1.28hse.com/2026/06/202606261903488805275_large.jpg"", ""https://i1.28hse.com/2026/06/202606261903488073314_large.jpg"", ""https://i1.28hse.com/estate_data/63/2508/FLOOR/2508_20231116195958296224_thumb.jpg"", ""https://i1.28hse.com/estate_data/63/2508/UNIT/2508_20231116200150245221_thumb.jpg""]",,,23393,3673,27066,2242500,13542,8206439,4797741,-1031253,3343889,-4375143
3964060,啟德$18XXX尺買一房收$20K租回報接近4%!!!!!!!!!!!!!!!!,啟德,私人屋苑/保利/低水,6550000,356,1,1,中層,開放式廚房,7,世紀21啟豐物業代理,https://i1.28hse.com/2026/08/202608071638284096114_thumb.jpg,https://www.28hse.com/buy/apartment/property-3964060,2026-08-07T16:19:46.780897+00:00,2026-08-07T16:21:47.310681+00:00,龍譽,,九龍啟德龍譽 沐寧街9號,"FB/IG : jfaadnetnaftai
龍譽屋苑內有餐廳(罕有)，一條直路步行至啟德站D出口約5-8分鐘。
你好，我是范先生，一位從事地產代理已有十年的專業人士。以友善、健談、誠實、勤奮和好學為人所知。我非常熱愛這個行業，並持續不斷地學習及成長，以便為客戶提供最佳的地產代理服務。如果你在尋找一位專業、有經驗且值得信賴的地產代理，我將非常榮幸能為你提供協助。",22.327929,114.200729,,,,,,2026-08-07T16:38:41+08:00,2026-08-07T16:38:41+08:00,2026-09-06T16:38:41+08:00,"[""https://i1.28hse.com/2026/08/202608071638281275074_large.jpg"", ""https://i1.28hse.com/2026/08/202608071638288591873_large.jpg"", ""https://i1.28hse.com/2026/08/20260807163828896278_large.jpg""]",,,23573,3512,27085,2259750,13646,8202542,4834647,-934975,3343889,-4278864
2563272,"【蝕讓盤】旺角地標住宅,雙鐵交匯,麥花臣匯大一房,實盤！",旺角,私人屋苑,6550000,398,1,,中層,,,富榮地產代理,https://i1.28hse.com/2023/03/202303011818118536853_thumb.jpg,https://www.28hse.com/buy/apartment/property-2563272,2026-08-06T17:33:59.496264+00:00,2026-08-06T17:58:30.401493+00:00,麥花臣匯,,九龍旺角麥花臣匯 奶路臣街38號,"【蝕讓盤】旺角地標住宅,雙鐵交匯,麥花臣匯大一房,實盤！",22.318846,114.17283599999999,,,,,,2026-07-20T18:17:44+08:00,2026-07-20T18:17:44+08:00,2026-09-18T18:17:44+08:00,"[""https://i1.28hse.com/2023/03/202303011818118991736_large.jpg"", ""https://i1.28hse.com/2023/03/202303011818121359448_large.jpg"", ""https://i1.28hse.com/2023/03/202303011818307581341_large.jpg"", ""https://i1.28hse.com/2023/03/202303011818306311120_large.jpg"", ""https://i1.28hse.com/estate_data/71/8377/FLOOR/8377_20231121195520644338_thumb.jpg"", ""https://i1.28hse.com/estate_data/71/8377/UNIT/8377_20231117015555975796_thumb.jpg""]",,,23573,3701,27274,2259750,13646,8269504,4834647,-1064789,3343889,-4408679
3922183,開揚正東南 鄰近地鐵,土瓜灣,私人屋苑/中國海外,6580000,424,2,1,中層,,23,中景地產,https://i1.28hse.com/2026/07/202607071653294680383_thumb.jpg,https://www.28hse.com/buy/apartment/property-3922183,2026-08-06T17:33:59.496264+00:00,2026-08-06T18:23:26.687210+00:00,海悅豪庭,589,九龍土瓜灣海悅豪庭 馬頭圍道209號,"[ 歡迎預約睇樓]
♡觀景大窗 光猛
♡核心地段 則皇人見人愛
♡行約5-7分鐘到土瓜灣港鐵站
♡34名校網 名校林立
♡鄰近啟德千億發展區及九龍東多元創意商業區 潛力之選
[交通極方便] 歡迎查詢",22.321695,114.187805,,,,,,2026-07-07T16:54:34+08:00,2026-07-09T15:09:51+08:00,2026-09-05T16:54:34+08:00,"[""https://i1.28hse.com/2026/07/202607071652405301377_large.jpg"", ""https://i1.28hse.com/2026/07/202607071653313157022_large.jpg"", ""https://i1.28hse.com/2026/07/202607071653337919945_large.jpg"", ""https://i1.28hse.com/2026/07/202607071653353154961_large.jpg"", ""https://i1.28hse.com/2026/07/202607071653387955304_large.jpg"", ""https://i1.28hse.com/2026/07/202607071653422991486_large.jpg""]",,,23681,3827,27508,2270100,13708,8345926,4856790,-1159709,3343889,-4503598
3929189,"《海悅豪庭》兩房靚裝 屋苑 單邊 有泳池,會所 約睇",土瓜灣,私人屋苑/中國海外,6580000,424,2,1,中層,,28,天晋物業有限公司,https://i1.28hse.com/2026/07/202607141612255371459_thumb.jpg,https://www.28hse.com/buy/apartment/property-3929189,2026-08-06T17:33:59.496264+00:00,2026-08-06T18:23:14.070440+00:00,海悅豪庭,589,九龍土瓜灣海悅豪庭 馬頭圍道209號,"地址: 馬頭圍道209號
入伙日期: 07/1998
單位數目: 101
層數: 17
每層伙數: 6
所屬校網: 九龍區34號校網",22.321695,114.187805,,,,,,2026-07-12T15:19:12+08:00,2026-07-14T17:47:19+08:00,2026-09-10T15:19:12+08:00,"[""https://i1.28hse.com/2026/07/202607141612257887452_large.jpg"", ""https://i1.28hse.com/2026/07/202607141612261650599_large.jpg"", ""https://i1.28hse.com/2026/07/202607141612264743272_large.jpg"", ""https://i1.28hse.com/2026/07/202607141612267529450_large.jpg"", ""https://i1.28hse.com/2026/07/202607141612268902304_large.jpg""]",,,23681,3827,27508,2270100,13708,8345926,4856790,-1159709,3343889,-4503598
3931276,罕有方廳 *開揚［ 2房 大直廳•• 環境清幽•］,土瓜灣,私人屋苑/中國海外,6580000,424,3,2,中層,,28,卓天置業代理有限公司,https://i1.28hse.com/2026/07/202607141203561407994_thumb.jpg,https://www.28hse.com/buy/apartment/property-3931276,2026-08-06T17:33:59.496264+00:00,2026-08-06T18:23:10.729073+00:00,海悅豪庭,589,九龍土瓜灣海悅豪庭 馬頭圍道209號,"參觀!歡迎查詢！都會景緻 內花園景,!筍價出售, 罕有放盤, 豪華裝修",22.321695,114.187805,,,,,,2026-07-14T12:03:58+08:00,2026-07-23T20:50:06+08:00,2026-08-13T12:03:58+08:00,"[""https://i1.28hse.com/2026/07/202607141203571641290_large.jpg"", ""https://i1.28hse.com/2026/07/20260714120357551631_large.jpg"", ""https://i1.28hse.com/2026/07/202607141203578569660_large.jpg"", ""https://i1.28hse.com/2026/07/202607141203586901515_large.jpg""]",,,23681,3827,27508,2270100,13708,8345926,4856790,-1159709,3343889,-4503598
3937199,ღ海悅豪庭兩房ღ罕有長廳ღ東南透光ღ歡迎約睇,土瓜灣,私人屋苑/洋樓/中國海外,6580000,424,2,1,,,28,裕豐物業代理,https://i1.28hse.com/2026/07/202607181529506757842_thumb.jpg,https://www.28hse.com/buy/apartment/property-3937199,2026-08-06T17:33:59.496264+00:00,2026-08-06T18:22:57.722968+00:00,海悅豪庭,589,九龍土瓜灣海悅豪庭 馬頭圍道209號,"地址: 馬頭圍道209號
入伙日期: 07/1998
單位數目: 101
層數: 17
每層伙數: 6
所屬校網: 九龍區34號校網",22.321695,114.187805,,,,,,2026-07-18T15:30:14+08:00,2026-07-18T15:30:14+08:00,2026-09-16T15:30:14+08:00,"[""https://i1.28hse.com/2026/07/202607181529494569696_large.jpg"", ""https://i1.28hse.com/2026/07/202607181529503742365_large.jpg"", ""https://i1.28hse.com/2026/07/202607181529504918735_large.jpg"", ""https://i1.28hse.com/2026/07/202607181529504738181_large.jpg"", ""https://i1.28hse.com/2026/07/20260718152949716442_large.jpg""]",,,23681,3827,27508,2270100,13708,8345926,4856790,-1159709,3343889,-4503598
3961632,Ben仔推介！海欣花園性價比最高！！高層海景,青衣,私人屋苑,6580000,463,2,,中層,,26,美聯物業,https://i1.28hse.com/2026/08/202608052218436194166_thumb.jpg,https://www.28hse.com/buy/apartment/property-3961632,2026-08-06T17:33:59.496264+00:00,2026-08-06T18:24:50.443416+00:00,海欣花園,610,新界青衣海欣花園 展環街11號,本人喺青衣區擔任地產代理多年，對本區市場動態及樓盤詳情深入了解。多年經驗令我能為客戶提供專業意見，並根據需求量身定制最合適方案。期待有機會為你提供專業服務，助你順利達成置業目標,22.352619,114.109581,,,,,,2026-08-05T22:19:03+08:00,2026-08-05T22:19:03+08:00,2026-09-04T22:19:03+08:00,"[""https://i1.28hse.com/2026/08/202608052218433978005_large.jpg"", ""https://i1.28hse.com/2026/08/202608052218446352325_large.jpg"", ""https://i1.28hse.com/2026/08/202608052218447444529_large.jpg"", ""https://i1.28hse.com/2026/08/202608052218445749780_large.jpg"", ""https://i1.28hse.com/2026/08/202608052218456699886_large.jpg"", ""https://i1.28hse.com/estate_data/123/4653/FLOOR/4653_20231121021115323313_thumb.jpg"", ""https://i1.28hse.com/estate_data/123/4653/UNIT/4653_20240104111150414676_thumb.jpg""]",,,23681,4003,27684,2270100,13708,8408104,4856790,-1280250,3343889,-4624140
3943824,罕有 大1房 高層 泳池會所齊全41 校網,九龍城,私人屋苑/洋樓/碧桂園,6600000,354,1,1,中層,,2,誠家地產,https://i1.28hse.com/2026/07/202607231811084377824_thumb.jpg,https://www.28hse.com/buy/apartment/property-3943824,2026-08-06T17:33:59.496264+00:00,2026-08-06T18:18:32.478043+00:00,瓏碧,,九龍九龍城瓏碧 賈炳達道138號,"全新 可睇 筍 快者得
本店瓏碧對面歡迎放盤給我們
性價比高, 只求好租客, 罕有放盤, 連露台
快起租的話, 價錢可議
拿拿聲約睇
本店在九龍城瓏碧對面歡迎放盤給我們
團隊-尊營 九龍城,九龍塘
一二手買賣租賃
分行位置：九龍城福佬村道97號A-D舖 (瓏碧對面)
二十年幾地產經驗，經驗豐富，
專業可靠談價錢是我強項。",22.330671,114.187599,,,,,,2026-07-23T18:11:09+08:00,2026-07-23T18:11:09+08:00,2026-09-21T18:11:09+08:00,"[""https://i1.28hse.com/2026/07/202607231811083949026_large.jpg"", ""https://i1.28hse.com/2026/07/20260723181108957914_large.jpg"", ""https://i1.28hse.com/2026/07/202607231811098880479_large.jpg"", ""https://i1.28hse.com/2026/07/202607231811092969330_large.jpg""]",,,23753,3518,27271,2277000,13750,8257636,4871553,-953057,3343889,-4296946
3913276,翔龙湾两房笋盘,土瓜灣,私人屋苑/恒基,6600000,360,2,,中層,,19,美聯物業,https://i1.28hse.com/2026/07/202607011819036737920_thumb.jpg,https://www.28hse.com/buy/apartment/property-3913276,2026-08-06T17:33:59.496264+00:00,2026-08-06T18:23:37.600626+00:00,翔龍灣,500,九龍土瓜灣翔龍灣 新码头街38号,翔龙湾商场上盖，交通便利临近地铁,22.31918,114.193336,,,,,,2026-07-01T18:20:10+08:00,2026-07-01T18:20:10+08:00,2026-08-30T18:20:10+08:00,"[""https://i1.28hse.com/2026/07/202607011819035656826_large.jpg"", ""https://i1.28hse.com/2026/07/202607011819031035677_large.jpg"", ""https://i1.28hse.com/2026/07/202607011819047586699_large.jpg"", ""https://i1.28hse.com/2026/07/202607011819174150719_large.jpg"", ""https://i1.28hse.com/2026/07/202607011819044063552_large.jpg"", ""https://i1.28hse.com/estate_data/77/2548/FLOOR/2548_20250718164036973415_thumb.jpg"", ""https://i1.28hse.com/estate_data/77/2548/UNIT/2548_20250718164200262269_thumb.jpg""]",,,23753,3545,27298,2277000,13750,8267202,4871553,-971602,3343889,-4315491
3942657,～開揚梗廚兩房～啟德全景～新淨企理～歡迎查詢,土瓜灣,私人屋苑/恒基,6600000,360,2,1,中層,開放式廚房,19,美聯物業,https://i1.28hse.com/2026/07/202607222058116278334_thumb.jpg,https://www.28hse.com/buy/apartment/property-3942657,2026-08-06T17:33:59.496264+00:00,2026-08-06T18:22:37.679521+00:00,翔龍灣,500,九龍土瓜灣翔龍灣 新碼頭街38號,歡迎查詢,22.31918,114.19333599999997,,,,,,2026-07-22T20:58:13+08:00,2026-07-22T20:58:13+08:00,2026-09-20T20:58:13+08:00,"[""https://i1.28hse.com/2026/07/202607222058126040067_large.jpg"", ""https://i1.28hse.com/2026/07/202607222058123407670_large.jpg"", ""https://i1.28hse.com/2026/07/202607222058122229182_large.jpg"", ""https://i1.28hse.com/2026/07/20260722205813780271_large.jpg"", ""https://i1.28hse.com/2026/07/202607222058131608996_large.jpg"", ""https://i1.28hse.com/estate_data/77/2548/FLOOR/2548_20250718164036973415_thumb.jpg"", ""https://i1.28hse.com/estate_data/77/2548/UNIT/2548_20250718164200262269_thumb.jpg""]",,,23753,3545,27298,2277000,13750,8267202,4871553,-971602,3343889,-4315491
3889550,「半新樓梗廚1房 交吉放售」得獎名廈 熱門上車首選 歡迎查詢,大角咀,私人屋苑/新鴻基,6600000,386,1,1,中層,,,廣信地產顧問有限公司,https://i1.28hse.com/2026/06/202606131514441542782_thumb.jpg,https://www.28hse.com/buy/apartment/property-3889550,2026-08-06T17:33:59.496264+00:00,2026-08-06T18:04:19.804001+00:00,形品星寓,495,九龍大角咀形品星寓 洋松街1號,"-配套完善 旺中帶靜
-近地鐵站 交通方便
-即租即住 歡迎約睇
*歡迎致電或Whatsapp查詢
-油麻地上海街383號地下A2舖
-旺角山東街24號地下B舖
-旺角渡船街323號地下2號舖
-大角咀埃華街70號大成樓地下 1C2號舖",22.321032,114.165283,,,明火煮食,,,2026-06-13T15:14:48+08:00,2026-06-29T15:48:03+08:00,2026-08-12T15:14:48+08:00,"[""https://i1.28hse.com/2026/06/202606131514457069847_large.jpg"", ""https://i1.28hse.com/2026/06/202606131514458395748_large.jpg"", ""https://i1.28hse.com/2026/06/202606131514461351589_large.jpg"", ""https://i1.28hse.com/2026/06/20260613151446297396_large.jpg"", ""https://i1.28hse.com/2026/06/202606131514466242868_large.jpg"", ""https://i1.28hse.com/2026/06/202606131514474736124_large.jpg"", ""https://i1.28hse.com/2026/06/202606131514478290111_large.jpg"", ""https://i1.28hse.com/2026/06/202606131514488787921_large.jpg"", ""https://i1.28hse.com/estate_data/67/5569/FLOOR/5569_20231116235228956266_thumb.jpg"", ""https://i1.28hse.com/estate_data/67/5569/UNIT/5569_20231116235336793416_thumb.jpg""]",,,23753,3662,27415,2277000,13750,8308654,4871553,-1051963,3343889,-4395853
3932892,"最平海景兩房,廳大房大, 有鎖匙歡迎預約!!!!",大角咀,私人屋苑/香港小輪,6600000,415,2,,中層,,23,美聯物業,https://i1.28hse.com/2026/07/20260715145847164263_thumb.jpg,https://www.28hse.com/buy/apartment/property-3932892,2026-08-06T17:33:59.496264+00:00,2026-08-06T18:03:21.673792+00:00,港灣豪庭,595,九龍大角咀港灣豪庭 福利街8號,"最平海景兩房,廳大房大, 有鎖匙歡迎預約!!!!",22.324369,114.15979,,,,,,2026-07-15T15:00:25+08:00,2026-07-15T15:00:25+08:00,2026-08-14T15:00:25+08:00,"[""https://i1.28hse.com/2026/07/202607151458487399564_large.jpg"", ""https://i1.28hse.com/2026/07/202607151458492923617_large.jpg"", ""https://i1.28hse.com/2026/07/202607151458498772700_large.jpg"", ""https://i1.28hse.com/2026/07/202607151458506432598_large.jpg"", ""https://i1.28hse.com/2026/07/202607151458502194907_large.jpg"", ""https://i1.28hse.com/estate_data/67/2564/FLOOR/2564_20231116203725223834_thumb.jpg"", ""https://i1.28hse.com/estate_data/67/2564/UNIT/2564_20231116204150139954_thumb.jpg""]",,,23753,3792,27545,2277000,13750,8354890,4871553,-1141597,3343889,-4485486
3932895,"最平海景兩房,廳大房大, 有鎖匙歡迎預約!!!!",大角咀,私人屋苑/香港小輪,6600000,415,2,,中層,,23,美聯物業,https://i1.28hse.com/2026/07/202607151501497191262_thumb.jpg,https://www.28hse.com/buy/apartment/property-3932895,2026-08-06T17:33:59.496264+00:00,2026-08-06T18:03:21.009656+00:00,港灣豪庭,595,九龍大角咀港灣豪庭 福利街8號,"最平海景兩房,廳大房大, 有鎖匙歡迎預約!!!!",22.324369,114.15979,,,,,,2026-07-15T15:01:51+08:00,2026-07-15T15:02:14+08:00,2026-09-13T15:01:51+08:00,"[""https://i1.28hse.com/2026/07/202607151501496921946_large.jpg"", ""https://i1.28hse.com/2026/07/202607151501502383992_large.jpg"", ""https://i1.28hse.com/2026/07/202607151501503556654_large.jpg"", ""https://i1.28hse.com/2026/07/202607151501516394974_large.jpg"", ""https://i1.28hse.com/2026/07/202607151501517831247_large.jpg"", ""https://i1.28hse.com/estate_data/67/2564/FLOOR/2564_20231116203725223834_thumb.jpg"", ""https://i1.28hse.com/estate_data/67/2564/UNIT/2564_20231116204150139954_thumb.jpg""]",,,23753,3792,27545,2277000,13750,8354890,4871553,-1141597,3343889,-4485486
3930790,【市區2房650萬】【隨時約睇，仲可以傾】,長沙灣,私人屋苑,6630000,447,2,1,中層,,23,美聯物業代理有限公司,https://i1.28hse.com/2026/07/202607132202552538558_thumb.jpg,https://www.28hse.com/buy/apartment/property-3930790,2026-08-06T17:33:59.496264+00:00,2026-08-06T18:07:57.309158+00:00,順景華庭,565,九龍長沙灣順景華庭 順寧道483號,"歡迎致電 / Whatsapp / WeChat 查詢
致電Jimmy Yiu : *24小時 即時回覆
微信號：J2mmyiu
另有同區不同筍盤供閣下比較!
24小時為你提供專業意見服務
並提供一站式服務:
●免費物業按揭服務
●免費物業轉按查詢
●專車接送各區睇樓參觀
●完善售後服務
●專業法律意見等等
五星級服務必定能協助你輕鬆置業安家！",22.339939,114.15509,,,,,,2026-07-13T18:18:04+08:00,2026-07-15T19:39:38+08:00,2026-08-12T18:18:04+08:00,"[""https://i1.28hse.com/2026/07/202607132202583777273_large.jpg"", ""https://i1.28hse.com/2026/07/202607132202534674613_large.jpg"", ""https://i1.28hse.com/2026/07/202607132203004615560_large.jpg"", ""https://i1.28hse.com/2026/07/20260713220302354850_large.jpg"", ""https://i1.28hse.com/2026/07/202607132203048052653_large.jpg"", ""https://i1.28hse.com/2026/07/202607132203057607702_large.jpg""]",,,23861,3945,27806,2287350,13812,8440877,4893696,-1255061,3343889,-4598950
3937436,【2房梗廚】【可試638萬有票儘傾】【罕有放盤】【來電儘傾】【6分鐘長沙灣站】,長沙灣,私人屋苑,6630000,447,2,,中層,,23,中原地產-長沙灣映築分行,https://i1.28hse.com/2026/07/202607181708071244677_thumb.jpg,https://www.28hse.com/buy/apartment/property-3937436,2026-08-06T17:33:59.496264+00:00,2026-08-06T18:07:40.732864+00:00,順景華庭,565,九龍長沙灣順景華庭 順寧道483號,"微信号：ivanyiphk
专营西九龙一二手买卖及租务
欢迎致电 / Whatsapp / WeChat 查询
买卖流程、按揭资讯、律师支援24小时服务
●最新最快最贴市场价钱
●立即查询尽快回覆
●大量优质笋盘提供
●免费物业转按查询
●免费物业按揭服务
●免费律师转介
●免费装修转介
●免费水电煤差饷地租转名",22.339939,114.15509,,,,,,2026-07-18T17:10:41+08:00,2026-07-21T21:29:52+08:00,2026-09-16T17:10:41+08:00,"[""https://i1.28hse.com/2026/07/202607181708088005857_large.jpg"", ""https://i1.28hse.com/2026/07/202607181708082893554_large.jpg"", ""https://i1.28hse.com/2026/07/202607181708085500517_large.jpg"", ""https://i1.28hse.com/2026/07/202607181708093711214_large.jpg"", ""https://i1.28hse.com/2026/07/202607181708098697571_large.jpg"", ""https://i1.28hse.com/2026/07/202607181708104369425_large.jpg"", ""https://i1.28hse.com/2026/07/202607181708116028320_large.jpg"", ""https://i1.28hse.com/2026/07/202607181708124893869_large.jpg"", ""https://i1.28hse.com/2026/07/202607181708133790937_large.jpg"", ""https://i1.28hse.com/2026/07/202607181708071244677_large.jpg""]",,,23861,3945,27806,2287350,13812,8440877,4893696,-1255061,3343889,-4598950
3937928,「真平638萬堅筍」 市區平兩房《勿失良機》,長沙灣,私人屋苑,6630000,447,2,1,高層,開放式廚房,23,美聯物業代理有限公司,https://i1.28hse.com/2026/07/202607182328328450411_thumb.jpg,https://www.28hse.com/buy/apartment/property-3937928,2026-08-06T17:33:59.496264+00:00,2026-08-06T18:07:35.626235+00:00,順景華庭,565,九龍長沙灣順景華庭 順寧道483號,"歡迎致電 / Whatsapp / WeChat 查詢
***致電 Anthony Leung T 24小時 即時回覆
微信號：AL68AL88
無論任何一手新盤/二手樓盤
***大量筍盤作比較 篩選最啱您的樓盤
***本人均可為貴客提供全套買賣及售後服務
***首次置業^^售前壓測,首期,供款計算
***銀行按揭上會^^法律咨詢
***律師轉介^^裝修轉介
***水電煤,差餉地租轉名
***收樓驗樓^^售後租務管理",22.339939,114.15509,,,,,,2026-07-18T23:28:47+08:00,2026-07-18T23:28:47+08:00,2026-08-17T23:28:47+08:00,"[""https://i1.28hse.com/2026/07/202607182328337072372_large.jpg"", ""https://i1.28hse.com/2026/07/202607182328331293636_large.jpg"", ""https://i1.28hse.com/2026/07/202607182328338493794_large.jpg"", ""https://i1.28hse.com/2026/07/202607182328337685647_large.jpg""]",,,23861,3945,27806,2287350,13812,8440877,4893696,-1255061,3343889,-4598950
3920402,高層有裝，罕有放盤，有匙即看,青衣,私人屋苑,6650000,507,2,1,高層,,26,美聯物業,https://i1.28hse.com/2026/07/202607231623425327783_thumb.jpg,https://www.28hse.com/buy/apartment/property-3920402,2026-08-06T17:33:59.496264+00:00,2026-08-06T18:26:41.180054+00:00,海欣花園,674,新界青衣海欣花園 展環街11號,歡迎委託放盤或找房子，美聯物業大量各區一手及二手盤源，不能盡錄，有需要可聯繫我！,22.352619,114.109581,,,,,,2026-07-06T14:48:49+08:00,2026-07-28T14:36:31+08:00,2026-09-04T14:48:49+08:00,"[""https://i1.28hse.com/2026/07/202607231623435016548_large.jpg"", ""https://i1.28hse.com/2026/07/202607231623432827635_large.jpg"", ""https://i1.28hse.com/2026/07/20260723162344384402_large.jpg"", ""https://i1.28hse.com/2026/07/202607231623455025537_large.jpg"", ""https://i1.28hse.com/estate_data/123/4653/FLOOR/4653_20231121021101792952_thumb.jpg"", ""https://i1.28hse.com/estate_data/123/4653/UNIT/4653_20240104111138615597_thumb.jpg""]",,,23933,4221,28154,2294250,13854,8559850,4908458,-1450215,3343889,-4794105
3945654,呎價 13xxx 最抵住新鴻基樓 估價697萬,青衣,私人屋苑,6650000,507,2,1,高層,,26,利嘉閣地產有限公司,https://i1.28hse.com/2026/07/20260724224303706192_thumb.jpg,https://www.28hse.com/buy/apartment/property-3945654,2026-08-06T17:33:59.496264+00:00,2026-08-06T18:25:47.461024+00:00,海欣花園,674,新界青衣海欣花園 展環街11號,"［青衣置業專家］邱小姐 RIVKA YAU 
青衣No.1代理
精英會2019年-2026年 連續8年達標
️ 2020年銷售界DSA傑出推銷員獎
公司物業買賣、專業普通話認證
青衣島民 熟悉區內環境 知盤熟價
定期拍攝KOL樓盤介紹 深得業主信任️
熟悉銀行按揭 支出供款一目了然
️專業法律合作夥伴 免費法律咨詢
多年經驗 落票傾價 喜訊報上
️期待能與您聯絡
歡迎致電/WhatsApp 查詢
海欣花園（英語：Grand Horizon）屬新鴻基發展，於2000年5月落成，共5座提供1,432個單位，實用面積由364呎至544呎，所有單位均為兩房單位，沒有套廁，此乃屋苑特色之一。
屋苑會所提供設施包括：泳池、蒸汽浴室、健身室(免費）、兒童圖書館、兒童機動遊戲、鋼琴室、閱讀閣、兒童遊戲室、桌球室、乒乓球室、壁球場、半個籃球場暨兩個羽毛球場。並提供圖書、雜誌及每日報章供住客借閱。還有數個多用途室供住客借用。",22.352619,114.109581,,,,,,2026-07-24T22:43:07+08:00,2026-07-24T22:43:07+08:00,2026-08-23T22:43:07+08:00,"[""https://i1.28hse.com/2026/07/202607242243036313285_large.jpg"", ""https://i1.28hse.com/2026/07/20260724224303953526_large.jpg"", ""https://i1.28hse.com/2026/07/202607242243038482227_large.jpg"", ""https://i1.28hse.com/2026/07/202607242243044517296_large.jpg"", ""https://i1.28hse.com/2026/07/202607242243048616144_large.jpg"", ""https://i1.28hse.com/2026/07/202607242243047283769_large.jpg"", ""https://i1.28hse.com/2026/07/202607242243055667091_large.jpg"", ""https://i1.28hse.com/2026/07/202607242243058004752_large.jpg"", ""https://i1.28hse.com/2026/07/20260724224305252656_large.jpg"", ""https://i1.28hse.com/2026/07/202607242243066956196_large.jpg"", ""https://i1.28hse.com/2026/07/202607242243064863024_large.jpg"", ""https://i1.28hse.com/2026/07/202607242243067769487_large.jpg"", ""https://i1.28hse.com/2026/07/202607242243061941996_large.jpg"", ""https://i1.28hse.com/2026/07/202607242243076457218_large.jpg"", ""https://i1.28hse.com/estate_data/123/4653/FLOOR/4653_20231121021101792952_thumb.jpg"", ""https://i1.28hse.com/estate_data/123/4653/UNIT/4653_20240104111138615597_thumb.jpg""]",,,23933,4221,28154,2294250,13854,8559850,4908458,-1450215,3343889,-4794105
3954281,全海靚景、置業首選！,青衣,私人屋苑,6650000,463,2,1,中層,,26,啟勝地產(翠怡花園),https://i1.28hse.com/2026/07/20260731205929913907_thumb.jpg,https://www.28hse.com/buy/apartment/property-3954281,2026-08-06T17:33:59.496264+00:00,2026-08-06T18:25:12.824630+00:00,海欣花園,610,新界青衣海欣花園 展環街11號,"本公司為新鴻基地產集團成員 啟勝地產
青衣城港鐵站步行7分鐘直達
靜中帶旺,長廊海景,交通方便,會所設施,應有盡有!!
各式單位,精心挑選, 大量優質靚盤,匙盤,獨家盤,萬勿錯過!!
即時約睇",22.352619,114.109581,,,,,,2026-07-31T21:00:34+08:00,2026-07-31T21:00:34+08:00,2026-08-30T21:00:34+08:00,"[""https://i1.28hse.com/2026/07/202607312058086586002_large.jpg"", ""https://i1.28hse.com/2026/07/202607312058136984612_large.jpg"", ""https://i1.28hse.com/2026/07/202607312058295811654_large.jpg"", ""https://i1.28hse.com/2026/07/202607312058364867690_large.jpg"", ""https://i1.28hse.com/2026/07/202607312058391325690_large.jpg"", ""https://i1.28hse.com/2026/07/202607312058522046999_large.jpg"", ""https://i1.28hse.com/2026/07/202607312059021188648_large.jpg"", ""https://i1.28hse.com/2026/07/20260731205908115051_large.jpg"", ""https://i1.28hse.com/estate_data/123/4653/FLOOR/4653_20231121021115323313_thumb.jpg"", ""https://i1.28hse.com/estate_data/123/4653/UNIT/4653_20240104111150414676_thumb.jpg""]",,,23933,4023,27956,2294250,13854,8489699,4908458,-1314219,3343889,-4658109
3955717,罕有高層開揚海景~~~雅緻裝修,青衣,私人屋苑,6650000,463,2,1,中層,,26,啟勝地產(翠怡花園),https://i1.28hse.com/2026/08/202608012023295135780_thumb.jpg,https://www.28hse.com/buy/apartment/property-3955717,2026-08-06T17:33:59.496264+00:00,2026-08-06T18:25:03.021182+00:00,海欣花園,610,新界青衣海欣花園 展環街11號,"本公司為新鴻基地產集團成員 啟勝地產
青衣城港鐵站步行7分鐘直達
靜中帶旺,長廊海景,交通方便,會所設施,應有盡有!!
各式單位,精心挑選, 大量優質靚盤,匙盤,獨家盤,萬勿錯過!!
即時約睇
MR SIMON LEE 李先生",22.352619,114.109581,,,,,,2026-08-01T20:24:41+08:00,2026-08-01T20:26:38+08:00,2026-08-31T20:24:41+08:00,"[""https://i1.28hse.com/2026/08/202608012023321103543_large.jpg"", ""https://i1.28hse.com/2026/08/202608012023364234066_large.jpg"", ""https://i1.28hse.com/2026/08/202608012023404634474_large.jpg"", ""https://i1.28hse.com/2026/08/20260801202344773337_large.jpg"", ""https://i1.28hse.com/2026/08/202608012023476402948_large.jpg"", ""https://i1.28hse.com/2026/08/202608012023511800313_large.jpg"", ""https://i1.28hse.com/2026/08/202608012023543739659_large.jpg"", ""https://i1.28hse.com/2026/08/202608012023571722688_large.jpg"", ""https://i1.28hse.com/2026/08/202608012024005937144_large.jpg"", ""https://i1.28hse.com/2026/08/202608012024048980906_large.jpg"", ""https://i1.28hse.com/2026/08/202608012024108387623_large.jpg"", ""https://i1.28hse.com/2026/08/202608012024144219938_large.jpg"", ""https://i1.28hse.com/2026/08/202608012024195455267_large.jpg"", ""https://i1.28hse.com/2026/08/20260801202422155580_large.jpg"", ""https://i1.28hse.com/2026/08/202608012026283285772_large.jpg"", ""https://i1.28hse.com/estate_data/123/4653/FLOOR/4653_20231121021115323313_thumb.jpg"", ""https://i1.28hse.com/estate_data/123/4653/UNIT/4653_20240104111150414676_thumb.jpg""]",,,23933,4023,27956,2294250,13854,8489699,4908458,-1314219,3343889,-4658109
3895416,《近何文田地鐵站．要選擇2房不舊又平的當然選擇呢度 》雅景軒,土瓜灣,私人屋苑/單幢式大廈/洋樓/新鴻基,6680000,415,2,1,高層,,21,天晋物業有限公司,https://i1.28hse.com/2026/06/202606251505266662784_thumb.jpg,https://www.28hse.com/buy/apartment/property-3895416,2026-08-06T17:33:59.496264+00:00,2026-08-06T18:24:14.678264+00:00,雅景軒,626,九龍土瓜灣雅景軒 漆咸道北401號,"《近何文田地鐵站．要選擇2房不舊又平的當然選擇呢度 》雅景軒
地址:	漆咸道北401號
入伙日期:	11/2000
單位數目:	40
層數:	20
每層伙數:	2
所屬校網:	九龍區35號校網
發展商:	新鴻基
管理公司:	康業服務有限公司
物業設施:	園藝花園、兒童遊樂場",22.312056000000002,114.18588299999999,,,明火煮食,,,2026-06-17T17:55:06+08:00,2026-06-25T15:06:46+08:00,2026-08-16T17:55:06+08:00,"[""https://i1.28hse.com/2026/06/202606251505274734493_large.jpg"", ""https://i1.28hse.com/2026/06/202606251505287274328_large.jpg"", ""https://i1.28hse.com/2026/06/202606251505291855072_large.jpg"", ""https://i1.28hse.com/2026/06/202606251505305219259_large.jpg"", ""https://i1.28hse.com/2026/06/202606251505318409064_large.jpg"", ""https://i1.28hse.com/2026/06/202606251505328073830_large.jpg"", ""https://i1.28hse.com/2026/06/202606251505338794665_large.jpg"", ""https://i1.28hse.com/2026/06/202606251505344459791_large.jpg"", ""https://i1.28hse.com/2026/06/202606251505347731371_large.jpg"", ""https://i1.28hse.com/2026/06/202606251505351887882_large.jpg""]",,,24041,3816,27857,2304600,13917,8448141,4930602,-1180419,3343889,-4524308
3957152,【罕有】高層西南開揚，兩房，靚裝修,大角咀,私人屋苑/香港小輪,6680000,372,2,1,高層,,23,宇晴地產,https://i1.28hse.com/2026/08/20260802192726966010_thumb.jpg,https://www.28hse.com/buy/apartment/property-3957152,2026-08-06T17:33:59.496264+00:00,2026-08-06T18:02:22.243883+00:00,港灣豪庭,515,九龍大角咀港灣豪庭 福利街8號,"宇晴地產致力於提供貼心的物業服務
讓您輕鬆解決所有物業相關事宜。
歡迎隨時約睇任何租盤/ 售盤
- 以心服務；以客為本
- 水電煤轉名登記
- 物業放盤及成交
- 銀行估價及按揭
- 土地查冊
主要代理區域
- 西九龍區
- 深水埗
- 長沙灣
- 南昌
- 奧運
- 太子
聯絡我們
如有任何查詢，隨時致電或WhatsApp
- 曾小姐：[REDACTED]　
我們很樂意為您解答所有問題！
廣東話/ 英語 / 普通話",22.324369,114.15979,,,,,,2026-08-02T19:27:56+08:00,2026-08-02T19:27:56+08:00,2026-09-01T19:27:56+08:00,"[""https://i1.28hse.com/2026/08/20260802192726282983_large.jpg"", ""https://i1.28hse.com/2026/08/202608021927274736720_large.jpg"", ""https://i1.28hse.com/2026/08/202608021927276333342_large.jpg"", ""https://i1.28hse.com/2026/08/202608021927271137425_large.jpg"", ""https://i1.28hse.com/2026/08/202608021927276746658_large.jpg"", ""https://i1.28hse.com/estate_data/67/2564/FLOOR/2564_20231116203646835485_thumb.jpg"", ""https://i1.28hse.com/estate_data/67/2564/UNIT/2564_20231116204001689543_thumb.jpg""]",,,24041,3622,27663,2304600,13917,8379585,4930602,-1047513,3343889,-4391403
3960938,"罕有3房兩廁 ,最搶手 ，平地電梯,中層山景,35校網，何文田站附近,",紅磡,單幢式大廈/私人屋苑/洋樓,6680000,463,3,2,中層,,26,生利達物業代理,https://i1.28hse.com/2026/08/202608051600153704085_thumb.jpg,https://www.28hse.com/buy/apartment/property-3960938,2026-08-06T17:33:59.496264+00:00,2026-08-06T17:48:51.502446+00:00,得利閣,673,九龍紅磡得利閣 高山道10號,"****星級樓王 實盤可交吉****
 環境清靜 高層開揚唔向橋 
 35名校網, 名校林立
 交通極方便 
 想撘地鐵，行約5分鐘到何文田站
 多架過海巴士 約15分鐘到港島
 多架巴士出尖沙咀
 多架巴士到九龍東 油塘
 仲有多架紅Van綠Van周圍去
搵我哋睇樓 又齊盤 又快捷 又方便
 唔使周圍搵咁麻煩 我哋已幫你安排好 
 歡迎業主來電 / WHATSAPP 放盤 
另有類近單位提供",22.312352999999995,114.18583699999999,,,,,,2026-08-05T16:00:45+08:00,2026-08-05T17:31:48+08:00,2026-10-04T16:00:45+08:00,"[""https://i1.28hse.com/2026/08/202608051600148703785_large.jpg"", ""https://i1.28hse.com/2026/08/202608051600165765449_large.jpg"", ""https://i1.28hse.com/2026/08/20260805160017429071_large.jpg"", ""https://i1.28hse.com/2026/08/202608051600147423218_large.jpg"", ""https://i1.28hse.com/2026/08/202608051600138759342_large.jpg"", ""https://i1.28hse.com/2026/08/202608051600168465495_large.jpg"", ""https://i1.28hse.com/estate_data/75/6233/FLOOR/6233_20240108163621581787_thumb.jpg"", ""https://i1.28hse.com/estate_data/75/6233/UNIT/6233_20240108163632831174_thumb.jpg""]",,,24041,4032,28073,2304600,13917,8524669,4930602,-1328778,3343889,-4672667
3889420,長沙灣現樓超高性價比！大空間現樓速睇,長沙灣,私人屋苑,6680000,447,2,1,中層,,23,香港置業,https://i1.28hse.com/2026/06/202606131418438367262_thumb.jpg,https://www.28hse.com/buy/apartment/property-3889420,2026-08-06T17:33:59.496264+00:00,2026-08-06T18:09:11.525222+00:00,順景華庭,565,九龍長沙灣順景華庭 順寧道483號,"簡單裝修, 近港鐵站, 旺中帶靜, 交通便利, 清雅裝修, 開揚清爽, 間隔四正, 管理完善, 廳大房大",22.339939,114.15509,,,,,,2026-06-13T14:19:21+08:00,2026-06-13T14:19:21+08:00,2026-08-12T14:19:21+08:00,"[""https://i1.28hse.com/2026/06/202606131418446653817_large.jpg"", ""https://i1.28hse.com/2026/06/202606131418434543142_large.jpg"", ""https://i1.28hse.com/2026/06/202606131418428882712_large.jpg"", ""https://i1.28hse.com/2026/06/202606131418453097261_large.jpg""]",,,24041,3960,28001,2304600,13917,8499159,4930602,-1279325,3343889,-4623214
3946471,大膽還價!!!【高層全海】【必賣精選】,青衣,私人屋苑,6680000,463,2,1,中層,,26,利嘉閣地產有限公司,https://i1.28hse.com/2026/08/202608021627581147497_thumb.jpg,https://www.28hse.com/buy/apartment/property-3946471,2026-08-06T17:33:59.496264+00:00,2026-08-06T18:25:40.910172+00:00,海欣花園,610,新界青衣海欣花園 展環街11號,"-7分鐘步程到青衣城, 7分鐘步程到街市
-巴士總站，巴士分站 ，小巴站
-青衣海濱公園，海濱長廊，全長超過2,000米，佔地6.6公頃
-屋苑有會所
-附近交通 民生配套樣樣齊
【尚有其他放盤 歡迎查詢/約睇】",22.352619,114.109581,,,,,,2026-07-25T17:12:29+08:00,2026-08-02T16:28:38+08:00,2026-08-24T17:12:29+08:00,"[""https://i1.28hse.com/2026/08/202608021627466834021_large.jpg"", ""https://i1.28hse.com/2026/08/20260802162746408284_large.jpg"", ""https://i1.28hse.com/2026/08/202608021627471699495_large.jpg"", ""https://i1.28hse.com/2026/08/202608021627474605493_large.jpg"", ""https://i1.28hse.com/2026/08/202608021627536320091_large.jpg"", ""https://i1.28hse.com/2026/08/202608021627547713159_large.jpg"", ""https://i1.28hse.com/estate_data/123/4653/FLOOR/4653_20231121021115323313_thumb.jpg"", ""https://i1.28hse.com/estate_data/123/4653/UNIT/4653_20240104111150414676_thumb.jpg""]",,,24041,4032,28073,2304600,13917,8524669,4930602,-1328778,3343889,-4672667
3946527,【裝修可改！景觀改變不了！】如心海景 估到價,青衣,私人屋苑,6680000,463,2,,中層,,26,利嘉閣地產有限公司,https://i1.28hse.com/2026/07/202607251734345384453_thumb.jpg,https://www.28hse.com/buy/apartment/property-3946527,2026-08-06T17:33:59.496264+00:00,2026-08-06T18:25:39.369136+00:00,海欣花園,610,新界青衣海欣花園 展環街11號,"．Jenny盧小姐．
•實盤實相•用心跟隨•多年青衣工作經驗•大量數據分析市場走勢
*****24小時查詢******
| 免費提供銀行貸款轉介
| 物業估價
| 售前壓測,首期,供款計算
| 法律咨詢律師轉介
| 水電煤,差餉地租轉名
| 收樓驗樓裝修轉介
| 為買家提供永久租務管理
◆青衣二手筍盤及全港一手樓盤
歡迎Whatsapp或致電查詢",22.352618999999997,114.109581,,,,,,2026-07-25T17:34:45+08:00,2026-07-25T17:36:16+08:00,2026-08-24T17:34:45+08:00,"[""https://i1.28hse.com/2026/07/202607251734355852131_large.jpg"", ""https://i1.28hse.com/2026/07/202607251734362709369_large.jpg"", ""https://i1.28hse.com/2026/07/202607251734374893379_large.jpg"", ""https://i1.28hse.com/2026/07/202607251734386432597_large.jpg"", ""https://i1.28hse.com/estate_data/123/4653/FLOOR/4653_20231121021115323313_thumb.jpg"", ""https://i1.28hse.com/estate_data/123/4653/UNIT/4653_20240104111150414676_thumb.jpg""]",,,24041,4032,28073,2304600,13917,8524669,4930602,-1328778,3343889,-4672667
3953691,［Angel專營海欣］$65X最抵買全海景兩房,青衣,私人屋苑,6680000,463,2,,高層,,26,利嘉閣地產有限公司,https://i1.28hse.com/2026/07/202607311620262172480_thumb.jpg,https://www.28hse.com/buy/apartment/property-3953691,2026-08-06T17:33:59.496264+00:00,2026-08-06T18:25:15.487331+00:00,海欣花園,610,新界青衣海欣花園 展環街11號,"海景兩房,高層
貼成交出售",22.352619,114.109581,,,,,,2026-07-31T16:20:28+08:00,2026-07-31T16:20:28+08:00,2026-08-30T16:20:28+08:00,"[""https://i1.28hse.com/2026/07/202607311620263309280_large.jpg"", ""https://i1.28hse.com/2026/07/202607311620263231397_large.jpg"", ""https://i1.28hse.com/2026/07/202607311620273863422_large.jpg"", ""https://i1.28hse.com/2026/07/202607311620277235838_large.jpg"", ""https://i1.28hse.com/2026/07/202607311620274735448_large.jpg"", ""https://i1.28hse.com/2026/07/202607311620284661993_large.jpg"", ""https://i1.28hse.com/estate_data/123/4653/FLOOR/4653_20231121021115323313_thumb.jpg"", ""https://i1.28hse.com/estate_data/123/4653/UNIT/4653_20240104111150414676_thumb.jpg""]",,,24041,4032,28073,2304600,13917,8524669,4930602,-1328778,3343889,-4672667
3941200,內園景/淸靜舒適,大角咀,私人屋苑/香港小輪,6690000,372,2,1,高層,,23,港灣豪庭分行,https://i1.28hse.com/2026/07/20260726154929588403_thumb.jpg,https://www.28hse.com/buy/apartment/property-3941200,2026-08-06T17:33:59.496264+00:00,2026-08-06T18:03:02.356834+00:00,港灣豪庭,499,九龍大角咀港灣豪庭 福利街8號,全開揚海景,22.324369,114.15979,,,,,,2026-07-21T18:55:51+08:00,2026-07-26T15:50:54+08:00,2026-09-19T18:55:51+08:00,"[""https://i1.28hse.com/2026/07/20260726154929586291_large.jpg"", ""https://i1.28hse.com/2026/07/202607261549308527968_large.jpg"", ""https://i1.28hse.com/2026/07/202607261549301155977_large.jpg"", ""https://i1.28hse.com/2026/07/202607261549313632026_large.jpg"", ""https://i1.28hse.com/estate_data/67/2564/FLOOR/2564_20231116203735853231_thumb.jpg"", ""https://i1.28hse.com/estate_data/67/2564/UNIT/2564_20231116204157296276_thumb.jpg""]",,,24077,3625,27702,2308050,13938,8391241,4937983,-1052366,3343889,-4396256
3952914,新鴻基名牌 少有梗廚一房，3分鐘地鐵站,紅磡,私人屋苑,6700000,366,1,,中層,,13,美聯物業,https://i1.28hse.com/2026/07/202607302157447412493_thumb.jpg,https://www.28hse.com/buy/apartment/property-3952914,2026-08-06T17:33:59.496264+00:00,2026-08-06T17:49:11.882323+00:00,昇御門,483,九龍紅磡昇御門 漆咸道北388號,廳大房大 性價比高 有票可試,22.311241,114.186066,,,,,,2026-07-30T21:58:00+08:00,2026-07-30T21:58:00+08:00,2026-08-29T21:58:00+08:00,"[""https://i1.28hse.com/2026/07/202607302157443950772_large.jpg"", ""https://i1.28hse.com/2026/07/202607302157458263913_large.jpg"", ""https://i1.28hse.com/estate_data/75/6567/FLOOR/6567_20231117003226284829_thumb.jpg"", ""https://i1.28hse.com/estate_data/75/6567/UNIT/6567_20231117004050975346_thumb.jpg""]",,,24113,3601,27714,2311500,13958,8393332,4945364,-1038674,3343889,-4382563
3910277,龍譽罕有明廁一房，全落地玻璃，距離地鐵站3-4分鐘,啟德,私人屋苑/保利,6750000,356,1,1,中層,開放式廚房,7,世紀21啟豐物業代理,https://i1.28hse.com/2026/06/202606291530498124084_thumb.jpg,https://www.28hse.com/buy/apartment/property-3910277,2026-08-06T17:33:59.496264+00:00,2026-08-06T18:18:06.901768+00:00,龍譽,,九龍啟德龍譽 沐寧街9號,"24小時熱線
Lok Wong",22.327929,114.200729,,,明火煮食,,,2026-06-29T15:33:09+08:00,2026-07-01T23:04:04+08:00,2026-08-28T15:33:09+08:00,"[""https://i1.28hse.com/2026/06/202606291530515828062_large.jpg"", ""https://i1.28hse.com/2026/06/202606291530561254955_large.jpg"", ""https://i1.28hse.com/2026/06/20260629153122233456_large.jpg"", ""https://i1.28hse.com/2026/06/202606291532558563086_large.jpg"", ""https://i1.28hse.com/estate_data/82/22198/FLOOR/22198_20231220111947222848_thumb.jpg"", ""https://i1.28hse.com/estate_data/82/22198/UNIT/22198_20231220112256875717_thumb.jpg""]",,,24293,3571,27863,2328750,14062,8435671,4982270,-1032029,3343889,-4375919
3821312,"九龍區最平實用2房,大型屋苑,投資自用一流",長沙灣,洋樓/私人屋苑/單幢式大廈/恒基,6750000,351,2,1,中層,開放式廚房,1,鴻發地產物業,https://i1.28hse.com/2026/04/202604232322451461487_thumb.jpg,https://www.28hse.com/buy/apartment/property-3821312,2026-08-06T17:33:59.496264+00:00,2026-08-06T18:08:06.911388+00:00,Belgravia Place 1期,,九龍長沙灣Belgravia Place1期 巴域街1號,連約,22.331188,114.166275,,,明火煮食,,,2026-07-09T19:44:08+08:00,2026-08-03T16:37:04+08:00,2026-09-07T19:44:08+08:00,"[""https://i1.28hse.com/2026/04/2026042323224569002_large.jpg"", ""https://i1.28hse.com/2026/04/202604232322466904074_large.jpg"", ""https://i1.28hse.com/2026/04/202604232322468453222_large.jpg"", ""https://i1.28hse.com/2026/04/202604232322473362095_large.jpg"", ""https://i1.28hse.com/2026/04/202604232322478776051_large.jpg"", ""https://i1.28hse.com/2026/04/202604232322477685514_large.jpg"", ""https://i1.28hse.com/2026/04/202604232322486538215_large.jpg"", ""https://i1.28hse.com/2026/04/2026042323224839501_large.jpg"", ""https://i1.28hse.com/2026/04/202604232322484267452_large.jpg"", ""https://i1.28hse.com/estate_data/63/26694/FLOOR/26694_20240226134412835972_thumb.jpg"", ""https://i1.28hse.com/estate_data/63/26694/UNIT/26694_20240226134504272754_thumb.jpg""]",,,24293,3548,27841,2328750,14062,8427699,4982270,-1016575,3343889,-4360465
3798026,(永誠置業 全部實盤) 昇柏山 高層山景 優質之選 兩房露台,荃灣,私人屋苑/洋樓/單幢式大廈/長實,6770000,522,2,1,高層,,11,永誠置業代理有限公司,https://i1.28hse.com/2026/04/202604181830273305005_thumb.jpg,https://www.28hse.com/buy/apartment/property-3798026,2026-08-06T17:33:59.496264+00:00,2026-08-06T18:30:21.197456+00:00,昇柏山,,新界荃灣昇柏山 油麻磡路63號,"(永誠置業 全部實盤) 盤齊價靚 一覽無遺 
昇柏山 高層山景 優質之選 兩房露台 
**從事地產29年 絕無間斷**
**大部份營業員年資超過10年**
專業專注 解答置業疑問
提供優質服務 協助銀行按揭
律師樓介紹 特設村屋專隊**
本公司專營:
縉庭山 昇柏山 荃灣 青衣 葵涌 村屋 荃灣市各屋苑 及各區發展商一手盤
歡迎查詢:
Tel:
永誠置業(昇柏山分行)
荃灣大窩口國瑞路海壩新村8號地下
Tel:
永誠置業(縉庭山分行)
大量筍盤 歡迎 CICK 入以下公司網
www.forever-house.com",,,,,明火煮食,,,2026-08-05T18:17:57+08:00,2026-08-05T18:17:57+08:00,2026-10-04T18:17:57+08:00,"[""https://i1.28hse.com/2026/04/202604181830272832992_large.jpg"", ""https://i1.28hse.com/2026/04/202604181830283343301_large.jpg"", ""https://i1.28hse.com/2026/04/202604181830281493835_large.jpg"", ""https://i1.28hse.com/2026/04/202604181830287157670_large.jpg"", ""https://i1.28hse.com/2026/04/202604181830285120403_large.jpg"", ""https://i1.28hse.com/2026/04/202604041922293126883_large.jpg"", ""https://i1.28hse.com/estate_data/113/7959/FLOOR/7959_20231121091552746514_thumb.jpg"", ""https://i1.28hse.com/estate_data/113/7959/UNIT/7959_20231121091643231657_thumb.jpg""]",,,24365,4324,28688,2335650,14104,8723642,4997032,-1554810,3343889,-4898700
3891591,《最荀半新樓＋罕有巨房＋地鐵站口》翰畋 中層巨房巨廳 東南開陽景 發展商交樓標準,土瓜灣,私人屋苑/洋樓/單幢式大廈/高裕投資,6780000,357,1,1,中層,,7,天晋物業有限公司,https://i1.28hse.com/2026/06/202606142133255209788_thumb.jpg,https://www.28hse.com/buy/apartment/property-3891591,2026-08-06T17:33:59.496264+00:00,2026-08-06T18:24:21.677329+00:00,翰畋,,九龍土瓜灣翰畋 美善同道80號,"放盤易有
一房難求
中層更罕有
入伙年期：2019年12月
物業座數：1座
單位總數：92 戶
步行到何文田站：10分鐘
地址/地段：美善同道80號
校網小學: 34
管理公司：仲量聯行物業管理
發展商：高譽投資",22.317704999999993,114.186844,,,明火煮食,,,2026-06-14T21:33:40+08:00,2026-07-28T01:10:40+08:00,2026-08-13T21:33:40+08:00,"[""https://i1.28hse.com/2026/06/202606142133278206341_large.jpg"", ""https://i1.28hse.com/2026/06/202606142133285757511_large.jpg"", ""https://i1.28hse.com/2026/06/202606142133293180745_large.jpg"", ""https://i1.28hse.com/2026/06/202606142133318163615_large.jpg"", ""https://i1.28hse.com/2026/06/202606142133323269941_large.jpg"", ""https://i1.28hse.com/estate_data/77/22420/FLOOR/22420_20250714172727199174_thumb.jpg"", ""https://i1.28hse.com/estate_data/77/22420/UNIT/22420_20250714172743621845_thumb.jpg""]",,,24401,3584,27985,2339100,14125,8472234,5004413,-1049678,3343889,-4393568
3895072,～罕有放盤～1分鐘到地鐵～歡迎查詢,土瓜灣,單幢式大廈/高裕投資,6780000,357,1,1,中層,,3,中景地產,https://i1.28hse.com/2026/06/202606171537544819590_thumb.jpg,https://www.28hse.com/buy/apartment/property-3895072,2026-08-06T17:33:59.496264+00:00,2026-08-06T18:24:15.429492+00:00,翰畋,,九龍土瓜灣翰畋 美善同道80號,"開揚景,最平一房
一閃即逝，入場最平
全區最新大型屋苑
超開掦景觀",22.317705,114.186844,,,,,,2026-06-17T15:37:56+08:00,2026-06-20T16:21:01+08:00,2026-08-16T15:37:56+08:00,"[""https://i1.28hse.com/2026/06/202606171536541431451_large.jpg"", ""https://i1.28hse.com/2026/06/202606171523258470975_large.jpg"", ""https://i1.28hse.com/2026/06/202606171523262852996_large.jpg"", ""https://i1.28hse.com/2026/06/202606171523298292452_large.jpg"", ""https://i1.28hse.com/2026/06/202606171537278621181_large.jpg"", ""https://i1.28hse.com/2026/06/202606171523326948729_large.jpg"", ""https://i1.28hse.com/2026/06/202606171537037915787_large.jpg"", ""https://i1.28hse.com/2026/06/202606171537211583681_large.jpg"", ""https://i1.28hse.com/2026/06/202606171523302680265_large.jpg"", ""https://i1.28hse.com/estate_data/77/22420/FLOOR/22420_20250714172727199174_thumb.jpg"", ""https://i1.28hse.com/estate_data/77/22420/UNIT/22420_20250714172743621845_thumb.jpg""]",,,24401,3584,27985,2339100,14125,8472234,5004413,-1049678,3343889,-4393568
3904887,【GENZ都鍾意新鴻基半新樓】何文田站兩房高層梗廚明廁!,土瓜灣,私人屋苑/單幢式大廈/新鴻基,6780000,415,2,1,高層,,20,捷昇置業有限公司,https://i1.28hse.com/2026/06/202606251206296664391_thumb.jpg,https://www.28hse.com/buy/apartment/property-3904887,2026-08-06T17:33:59.496264+00:00,2026-08-06T18:23:54.879764+00:00,雅景軒,626,九龍土瓜灣雅景軒 漆咸道北401號,"兩房 約睇
物業名稱：雅景軒 GRAND VILLA
發展商：新鴻基
地區：紅磡
區域：九龍
地址/地段：漆咸道北401號
物業座數：1座
單位總數：	40伙
入伙日期：	2000年11月9日
物業校網：	幼稚園：九龍城，小學：35，中學：九龍城
物業設施：	園藝花園；兒童遊樂場
物業優點：	兩房兩廳，間格四正實用；戶戶單邊向東南；盡覽維港及九龍半島景致；上車首選；九龍區優質校網；交通方便，四通八通
管理公司：	康業服務有限公司",22.312056000000002,114.18588299999999,,,明火煮食,,,2026-06-25T09:17:37+08:00,2026-07-14T17:49:42+08:00,2026-08-24T09:17:37+08:00,"[""https://i1.28hse.com/2026/06/202606251206087938354_large.jpg"", ""https://i1.28hse.com/2026/06/202606251206091723289_large.jpg"", ""https://i1.28hse.com/2026/06/202606251206113913045_large.jpg"", ""https://i1.28hse.com/2026/06/202606251206125371487_large.jpg"", ""https://i1.28hse.com/2026/06/202606251206145681535_large.jpg"", ""https://i1.28hse.com/2026/06/202606251206176217022_large.jpg"", ""https://i1.28hse.com/2026/06/202606251206187569591_large.jpg"", ""https://i1.28hse.com/2026/06/202606251206205194111_large.jpg"", ""https://i1.28hse.com/2026/06/202606251206212648845_large.jpg"", ""https://i1.28hse.com/2026/06/202606251206236998457_large.jpg"", ""https://i1.28hse.com/2026/06/202606251206257726834_large.jpg"", ""https://i1.28hse.com/2026/06/202606251206267843131_large.jpg"", ""https://i1.28hse.com/2026/06/202606251206284920879_large.jpg"", ""https://i1.28hse.com/2026/06/202606251206313863661_large.jpg"", ""https://i1.28hse.com/2026/06/202606251206331509926_large.jpg"", ""https://i1.28hse.com/2026/06/202606251206345881256_large.jpg"", ""https://i1.28hse.com/2026/06/202606251206352060008_large.jpg"", ""https://i1.28hse.com/2026/06/202606251206378758224_large.jpg"", ""https://i1.28hse.com/2026/06/20260625120639434245_large.jpg""]",,,24401,3845,28246,2339100,14125,8564705,5004413,-1228946,3343889,-4572835
3908285,超筍！連天台單位，平過估價！！！,大角咀,私人屋苑/香港小輪,6780000,372,2,,高層,,23,香港置業,https://www.28hse.com/assets/img/vr_default_pic.jpg,https://www.28hse.com/buy/apartment/property-3908285,2026-08-06T17:33:59.496264+00:00,2026-08-06T18:03:56.642500+00:00,港灣豪庭,499,九龍大角咀港灣豪庭 福利街8號,"歡迎24小時致電或what's app查詢
️ 提供專業 親切 誠懇一條龍服務
屋苑最新成交紀錄
二手筍盤推介
買賣/租賃流程及所有開支講解
銀行估價，按揭壓力測試，首期和供款細節, 免費按揭轉介
律師行介紹及免費法律諮詢
全港一手新盤資訊免費專車接送睇樓
售後服務包括：水,電,煤,差餉,地租轉名, ...",22.324369,114.15979,,,,,,2026-06-27T17:46:04+08:00,2026-06-27T17:46:04+08:00,2026-08-26T17:46:04+08:00,"[""https://i1.28hse.com/estate_data/67/2564/FLOOR/2564_20231116203735853231_thumb.jpg"", ""https://i1.28hse.com/estate_data/67/2564/UNIT/2564_20231116204157296276_thumb.jpg""]",,,24401,3652,28052,2339100,14125,8496149,5004413,-1096041,3343889,-4439930
3932908,"港灣豪庭 最平海景兩房+天台,廳大房大,有鎖匙歡迎預約!!!!",大角咀,私人屋苑/香港小輪,6780000,372,2,,高層,,23,美聯物業,https://i1.28hse.com/2026/07/202607151505285893626_thumb.jpg,https://www.28hse.com/buy/apartment/property-3932908,2026-08-06T17:33:59.496264+00:00,2026-08-06T18:03:20.317694+00:00,港灣豪庭,499,九龍大角咀港灣豪庭 福利街8號,"港灣豪庭 最平海景兩房+天台,廳大房大,有鎖匙歡迎預約!!!!",22.324369,114.15979,,,,,,2026-07-15T15:05:46+08:00,2026-07-15T15:08:17+08:00,2026-08-14T15:05:46+08:00,"[""https://i1.28hse.com/2026/07/20260715150528479765_large.jpg"", ""https://i1.28hse.com/2026/07/20260715150528324575_large.jpg"", ""https://i1.28hse.com/2026/07/202607151505294762714_large.jpg"", ""https://i1.28hse.com/2026/07/202607151505297528291_large.jpg"", ""https://i1.28hse.com/estate_data/67/2564/FLOOR/2564_20231116203735853231_thumb.jpg"", ""https://i1.28hse.com/estate_data/67/2564/UNIT/2564_20231116204157296276_thumb.jpg""]",,,24401,3652,28052,2339100,14125,8496149,5004413,-1096041,3343889,-4439930
3944252,【高層開揚兩房】【有票有驚喜】,大角咀,私人屋苑/新鴻基,6780000,453,2,,高層,,18,美聯物業代理有限公司,https://i1.28hse.com/2026/07/20260727202107204905_thumb.jpg,https://www.28hse.com/buy/apartment/property-3944252,2026-08-06T17:33:59.496264+00:00,2026-08-06T18:02:56.133711+00:00,柏豐28,604,九龍大角咀柏豐28 必發道28號,"本人均可為貴客提供一條龍，買賣及售後服務
24小時在線查詢
專車接送
首次置業 免費查詢資料
售前壓測，首期，供款計算
銀行按揭上會
售前壓測，首期，供款計算
免費法律咨詢
律師轉介
水電煤，差餉，地租轉名
專業貼心一站式服務
無論買樓自住，投資升值，區內換樓，放盤收租",22.322407,114.164879,,,,,,2026-07-23T23:40:58+08:00,2026-07-27T20:21:23+08:00,2026-08-22T23:40:58+08:00,"[""https://i1.28hse.com/2026/07/202607272021088320825_large.jpg"", ""https://i1.28hse.com/2026/07/202607272021095392220_large.jpg""]",,,24401,4016,28417,2339100,14125,8625290,5004413,-1346397,3343889,-4690286
3956550,区内大型屋苑，租务需求稳定 交通四通八达，往返旺角、西九方便 两房户型极受欢迎,大角咀,私人屋苑/香港小輪,6780000,372,2,,高層,,23,中原地產,https://i1.28hse.com/2026/08/202608021514591714612_thumb.jpg,https://www.28hse.com/buy/apartment/property-3956550,2026-08-06T17:33:59.496264+00:00,2026-08-06T18:02:24.275596+00:00,港灣豪庭,499,九龍大角咀港灣豪庭 福利街8号,"连天台
简单装修",22.324368999999997,114.15979,,,,,,2026-08-02T15:15:45+08:00,2026-08-06T19:23:01+08:00,2026-09-01T15:15:45+08:00,"[""https://i1.28hse.com/2026/08/202608061922358576923_large.jpg"", ""https://i1.28hse.com/2026/08/202608061922363361131_large.jpg"", ""https://i1.28hse.com/2026/08/202608061922427998995_large.jpg"", ""https://i1.28hse.com/2026/08/202608061922438135687_large.jpg"", ""https://i1.28hse.com/2026/08/202608061922388104414_large.jpg"", ""https://i1.28hse.com/2026/08/202608061922391160510_large.jpg"", ""https://i1.28hse.com/2026/08/202608061922407349930_large.jpg"", ""https://i1.28hse.com/2026/08/202608061922428812310_large.jpg"", ""https://i1.28hse.com/2026/08/202608021514591714612_large.jpg"", ""https://i1.28hse.com/estate_data/67/2564/FLOOR/2564_20231116203735853231_thumb.jpg"", ""https://i1.28hse.com/estate_data/67/2564/UNIT/2564_20231116204157296276_thumb.jpg""]",,,24401,3652,28052,2339100,14125,8496149,5004413,-1096041,3343889,-4439930
3957823,全場最抵！業主大劈價急售 直望全海景煙花景 兩房改造一大房 特色連天台 即約即看,大角咀,單幢式大廈/私人屋苑/香港小輪,6780000,372,2,1,高層,,23,廣信地產顧問有限公司,https://i1.28hse.com/2026/08/202608031447518366011_thumb.jpg,https://www.28hse.com/buy/apartment/property-3957823,2026-08-06T17:33:59.496264+00:00,2026-08-06T18:02:20.781916+00:00,港灣豪庭,499,九龍大角咀港灣豪庭 福利街8號,"全個海景城市景盡收眼底
罕有市區特色單位大大個天台
直望全個煙花景觀
極開陽光猛舒適
樓下商場生活配套，樣樣齊全
即約即看",22.324368999999997,114.15979,,,,,,2026-08-03T14:40:33+08:00,2026-08-03T14:48:12+08:00,2026-10-02T14:40:33+08:00,"[""https://i1.28hse.com/2026/08/202608031447355797237_large.jpg"", ""https://i1.28hse.com/2026/08/20260803144736370424_large.jpg"", ""https://i1.28hse.com/2026/08/202608031447376203935_large.jpg"", ""https://i1.28hse.com/2026/08/202608031447435413326_large.jpg"", ""https://i1.28hse.com/2026/08/202608031447447716287_large.jpg"", ""https://i1.28hse.com/2026/08/202608031447467852181_large.jpg"", ""https://i1.28hse.com/2026/08/20260803144748983382_large.jpg"", ""https://i1.28hse.com/2026/08/202608031447501877966_large.jpg"", ""https://i1.28hse.com/estate_data/67/2564/FLOOR/2564_20231116203735853231_thumb.jpg"", ""https://i1.28hse.com/estate_data/67/2564/UNIT/2564_20231116204157296276_thumb.jpg""]",,,24401,3652,28052,2339100,14125,8496149,5004413,-1096041,3343889,-4439930
3892349,【翰畋】最荀半新樓 東南開陽景大1房 有票盡傾,土瓜灣,單幢式大廈/高裕投資,6800000,357,1,1,中層,,7,駿輝地產建榮有限公司,https://i1.28hse.com/2026/06/202606151612295963848_thumb.jpg,https://www.28hse.com/buy/apartment/property-3892349,2026-08-06T17:33:59.496264+00:00,2026-08-06T18:24:21.016392+00:00,翰畋,,九龍土瓜灣翰畋 美善同道80號,30秒土瓜灣站 6月27日交吉,22.317705,114.186844,,,,,,2026-06-15T16:13:31+08:00,2026-07-15T17:30:34+08:00,2026-08-14T16:13:31+08:00,"[""https://i1.28hse.com/2026/06/202606151612271894768_large.jpg"", ""https://i1.28hse.com/2026/06/202606151612288286277_large.jpg"", ""https://i1.28hse.com/2026/06/202606151612275650893_large.jpg"", ""https://i1.28hse.com/2026/06/202606151612283530375_large.jpg"", ""https://i1.28hse.com/2026/06/202606151612293936838_large.jpg"", ""https://i1.28hse.com/estate_data/77/22420/FLOOR/22420_20250714172727199174_thumb.jpg"", ""https://i1.28hse.com/estate_data/77/22420/UNIT/22420_20250714172743621845_thumb.jpg""]",,,24473,3590,28062,2346000,14167,8495547,5019175,-1059384,3343889,-4403273
3897424,企理1房 投資自用都合適,土瓜灣,洋樓/高裕投資,6800000,357,1,1,中層,,7,美意物業,https://i1.28hse.com/2026/06/202606191354365250965_thumb.jpg,https://www.28hse.com/buy/apartment/property-3897424,2026-08-06T17:33:59.496264+00:00,2026-08-06T18:24:10.581881+00:00,翰畋,,九龍土瓜灣翰畋 美善同道80號,翰畋位於馬頭圍美善同道80號（馬頭圍）。入伙日期由4/2019開始。翰畋提供92個單位。翰畋的實用面積由248呎至358呎。小學校網為34。中學校網為九龍城區。,22.317705,114.186844,,,,,,2026-06-19T13:55:16+08:00,2026-06-19T21:04:30+08:00,2026-08-18T13:55:16+08:00,"[""https://i1.28hse.com/2026/06/202606191354376691024_large.jpg"", ""https://i1.28hse.com/2026/06/202606191354372237886_large.jpg"", ""https://i1.28hse.com/2026/06/202606191354381929698_large.jpg"", ""https://i1.28hse.com/2026/06/202606191354398194994_large.jpg"", ""https://i1.28hse.com/estate_data/77/22420/FLOOR/22420_20250714172727199174_thumb.jpg"", ""https://i1.28hse.com/estate_data/77/22420/UNIT/22420_20250714172743621845_thumb.jpg""]",,,24473,3590,28062,2346000,14167,8495547,5019175,-1059384,3343889,-4403273
3893739,即約即睇，投資精選,大角咀,私人屋苑/新鴻基,6800000,457,2,,中層,,18,中原地產,https://i1.28hse.com/2026/06/202606161611131906138_thumb.jpg,https://www.28hse.com/buy/apartment/property-3893739,2026-08-06T17:33:59.496264+00:00,2026-08-06T18:04:12.942893+00:00,柏豐28,607,九龍大角咀柏豐28 必發道28號,"連露台, 有匙即約即睇, 中心旺地, 旺中帶靜, 交通便利, 間隔四正, 管理完善",22.322407,114.164879,,,,,,2026-06-16T16:11:15+08:00,2026-07-28T17:47:52+08:00,2026-08-15T16:11:15+08:00,"[""https://i1.28hse.com/2026/06/202606161611135029624_large.jpg"", ""https://i1.28hse.com/2026/06/202606161611147494435_large.jpg"", ""https://i1.28hse.com/2026/06/202606161611147738022_large.jpg"", ""https://i1.28hse.com/2026/06/202606161611147486903_large.jpg"", ""https://i1.28hse.com/2026/06/202606161611157525513_large.jpg"", ""https://i1.28hse.com/2026/06/202606161611156664287_large.jpg"", ""https://i1.28hse.com/2026/06/202606161611131906138_large.jpg""]",,,24473,4040,28512,2346000,14167,8654980,5019175,-1368465,3343889,-4712355
3904452,【獨家】【8分鐘旺角站】【可試665萬還價儘傾】【罕有梗廚大露台】,大角咀,私人屋苑/新鴻基,6800000,457,2,,中層,,18,中原地產代理有限公司,https://i1.28hse.com/2026/06/202606241802154427165_thumb.jpg,https://www.28hse.com/buy/apartment/property-3904452,2026-08-06T17:33:59.496264+00:00,2026-08-06T18:04:04.146677+00:00,柏豐28,607,九龍大角咀柏豐28 必發道28號,"1. 「零走廊」高坪效格局：放大視覺空間
 賣點： 單位開門見客飯廳，兩間睡房置於兩側，幾乎完全沒有走廊位。
 設計建議： 457呎的空間內，傳統走廊會吃掉近20-30平方呎。這種設計讓客飯廳四正感更強。建議在玄關至客廳長牆採用一體化電視櫃連隱形鞋櫃設計，將收納隱藏，拉長客廳縱深感。
2.多功能開放式平台/露台延伸
 賣點： 柏豐28 部分兩房戶型帶有小露台或工作平台，是高密度市區中難得的戶外氣息。
 設計建議： 採用室內外地面無縫延伸的做法（例如在露台鋪設防腐木地板或北歐風地磚，高度與客廳齊平）。利用落地玻璃摺閘，將客廳視覺向外延伸，形成一個專屬的「咖啡角落」或小型綠色植物牆，創造都市綠洲的治癒感。",22.322407,114.164879,,,,,,2026-06-24T18:02:43+08:00,2026-07-18T17:41:13+08:00,2026-08-23T18:02:43+08:00,"[""https://i1.28hse.com/2026/06/202606241802161263082_large.jpg"", ""https://i1.28hse.com/2026/06/202606241802163394030_large.jpg"", ""https://i1.28hse.com/2026/06/20260624180217277995_large.jpg"", ""https://i1.28hse.com/2026/06/202606241802178755805_large.jpg"", ""https://i1.28hse.com/2026/06/20260624180218139340_large.jpg"", ""https://i1.28hse.com/2026/06/20260624180218426405_large.jpg"", ""https://i1.28hse.com/2026/06/202606241802184937123_large.jpg"", ""https://i1.28hse.com/2026/06/202606241802191144694_large.jpg"", ""https://i1.28hse.com/2026/06/202606241802192022922_large.jpg"", ""https://i1.28hse.com/2026/06/202606241802154427165_large.jpg""]",,,24473,4040,28512,2346000,14167,8654980,5019175,-1368465,3343889,-4712355
3905436,"租金高回報,市區上車盤",大角咀,私人屋苑/新鴻基,6800000,390,1,1,高層,開放式廚房,14,美聯物業代理有限公司,https://i1.28hse.com/2026/07/202607141812531220823_thumb.jpg,https://www.28hse.com/buy/apartment/property-3905436,2026-08-06T17:33:59.496264+00:00,2026-08-06T18:04:01.387411+00:00,形品星寓,498,九龍大角咀形品星寓 洋松街1號,"吉售, 簡單裝修",22.321032,114.165283,,,,,,2026-06-25T16:07:43+08:00,2026-07-14T18:13:34+08:00,2026-08-24T16:07:43+08:00,"[""https://i1.28hse.com/2026/07/202607141812538857127_large.jpg"", ""https://i1.28hse.com/2026/07/202607141812523934387_large.jpg"", ""https://i1.28hse.com/2026/07/202607141812531358347_large.jpg"", ""https://i1.28hse.com/2026/07/202607141812522585383_large.jpg"", ""https://i1.28hse.com/2026/07/202607141812527311238_large.jpg"", ""https://i1.28hse.com/2026/07/20260714181252666743_large.jpg"", ""https://i1.28hse.com/estate_data/67/5569/FLOOR/5569_20231116235227394217_thumb.jpg"", ""https://i1.28hse.com/estate_data/67/5569/UNIT/5569_20231116235319294129_thumb.jpg""]",,,24473,3738,28211,2346000,14167,8548160,5019175,-1161381,3343889,-4505270
3952369,《中原獨家，實用兩房，梗廚明廁，有匙即睇》,大角咀,私人屋苑/新鴻基,6800000,457,2,1,中層,,18,中原地產-碧海藍天分行,https://i1.28hse.com/2026/07/202607301609015436008_thumb.jpg,https://www.28hse.com/buy/apartment/property-3952369,2026-08-06T17:33:59.496264+00:00,2026-08-06T18:02:38.679865+00:00,柏豐28,607,九龍大角咀柏豐28 必發道28號,"歡迎查詢 全港九新界
一手二手物業 買賣 租賃
緊貼跟進 不用貴客煩惱
銀行估價 按揭 律師轉介
為 您 你 妳 尋找理想的家同區大量筍盤 一手二手物業
物業買賣/租賃
壓力測試 首期及供款計算
律師轉介服務
銀行按揭轉介
水電申請/轉名
全港地盤/示範單位專車接送
大量筍盤 未能盡錄
歡迎查詢全港一手或二手物業買賣或租賃
業主委托放售或出租物業
銀行按揭轉介
律師樓轉介
物業實時估價
歡迎查詢，大量筍盤為你提供
️免費售後服務
️銀行按揭轉介
️律師轉介
️水電煤轉名
️差餉轉名",22.322407,114.164879,,,,,,2026-07-30T16:09:15+08:00,2026-07-30T16:09:15+08:00,2026-08-29T16:09:15+08:00,"[""https://i1.28hse.com/2026/07/202607301609028099946_large.jpg"", ""https://i1.28hse.com/2026/07/202607301609036668273_large.jpg"", ""https://i1.28hse.com/2026/07/202607301609041910197_large.jpg"", ""https://i1.28hse.com/2026/07/202607301609041357725_large.jpg"", ""https://i1.28hse.com/2026/07/202607301609056673192_large.jpg"", ""https://i1.28hse.com/2026/07/202607301609056414818_large.jpg""]",,,24473,4040,28512,2346000,14167,8654980,5019175,-1368465,3343889,-4712355
3953233,【2房實盤VR】【可試$668萬有票儘傾】【即買即收租】【來電儘傾】,大角咀,私人屋苑/新鴻基,6800000,457,2,,中層,,18,中原地產-長沙灣映築分行,https://i1.28hse.com/2026/07/202607311234536006295_thumb.jpg,https://www.28hse.com/buy/apartment/property-3953233,2026-08-06T17:33:59.496264+00:00,2026-08-06T18:02:33.833027+00:00,柏豐28,607,九龍大角咀柏豐28 必發道28號,"微信号：ivanyiphk
专营西九龙一二手买卖及租务
欢迎致电 / Whatsapp / WeChat 查询
买卖流程、按揭资讯、律师支援24小时服务
●最新最快最贴市场价钱
●立即查询尽快回覆
●大量优质笋盘提供
●免费物业转按查询
●免费物业按揭服务
●免费律师转介
●免费装修转介
●免费水电煤差饷地租转名",22.322407,114.164879,,,,,,2026-07-31T12:37:42+08:00,2026-08-05T16:04:14+08:00,2026-09-29T12:37:42+08:00,"[""https://i1.28hse.com/2026/07/202607311234535013687_large.jpg"", ""https://i1.28hse.com/2026/07/202607311234541330261_large.jpg"", ""https://i1.28hse.com/2026/07/202607311234551863256_large.jpg"", ""https://i1.28hse.com/2026/07/202607311234558902757_large.jpg"", ""https://i1.28hse.com/2026/07/202607311234557232417_large.jpg"", ""https://i1.28hse.com/2026/07/202607311234562639294_large.jpg"", ""https://i1.28hse.com/2026/07/202607311234562375617_large.jpg"", ""https://i1.28hse.com/2026/07/2026073112345758817_large.jpg"", ""https://i1.28hse.com/2026/07/202607311234573254676_large.jpg"", ""https://i1.28hse.com/2026/07/202607311234536006295_large.jpg""]",,,24473,4040,28512,2346000,14167,8654980,5019175,-1368465,3343889,-4712355
3953561,周邊食肆、商舖齊備，生活便利,大角咀,私人屋苑/新鴻基,6800000,457,2,,中層,,18,中原地產,https://i1.28hse.com/2026/07/202607311532107583529_thumb.jpg,https://www.28hse.com/buy/apartment/property-3953561,2026-08-06T17:33:59.496264+00:00,2026-08-06T18:02:31.122564+00:00,柏豐28,607,九龍大角咀柏豐28 必发道28号,"简单装修, 连露台, 高实用率",22.322407,114.164879,,,,,,2026-07-31T15:32:40+08:00,2026-07-31T15:32:40+08:00,2026-08-30T15:32:40+08:00,"[""https://i1.28hse.com/2026/07/202607311532105129095_large.jpg"", ""https://i1.28hse.com/2026/07/202607311532102995136_large.jpg"", ""https://i1.28hse.com/2026/07/20260731153211613238_large.jpg"", ""https://i1.28hse.com/2026/07/202607311532114702600_large.jpg""]",,,24473,4040,28512,2346000,14167,8654980,5019175,-1368465,3343889,-4712355
3923251,【$680萬】【蝕讓求出貨】【業主急走】,深水埗,私人屋苑/九龍建業,6800000,403,2,1,高層,,13,美聯物業代理有限公司,https://i1.28hse.com/2026/07/202607081440463350886_thumb.jpg,https://www.28hse.com/buy/apartment/property-3923251,2026-08-06T17:33:59.496264+00:00,2026-08-06T18:13:41.024161+00:00,景怡峰,598,九龍深水埗景怡峰 西洋菜北街468號,"歡迎致電 / Whatsapp / WeChat 查詢
致電Jimmy Yiu : *24小時 即時回覆
微信號：J2mmyiu
另有同區不同筍盤供閣下比較!
24小時為你提供專業意見服務
並提供一站式服務:
●免費物業按揭服務
●免費物業轉按查詢
●專車接送各區睇樓參觀
●完善售後服務
●專業法律意見等等
五星級服務必定能協助你輕鬆置業安家！",22.330408,114.166786,,,,,,2026-07-08T14:40:47+08:00,2026-07-08T14:40:47+08:00,2026-08-07T14:40:47+08:00,"[""https://i1.28hse.com/2026/07/20260708144046181398_large.jpg"", ""https://i1.28hse.com/2026/07/202607081440466805145_large.jpg"", ""https://i1.28hse.com/2026/07/202607081440471137213_large.jpg"", ""https://i1.28hse.com/2026/07/202607081440472068723_large.jpg""]",,,24473,3797,28269,2346000,14167,8568886,5019175,-1201561,3343889,-4545451
3915189,極罕有放盤！高層海景1房+儲物房！歡迎約睇！有票再幫你傾！,紅磡,私人屋苑/單幢式大廈/九龍建業,6800000,362,1,1,高層,開放式廚房,8,昇譽物業代理,https://i1.28hse.com/2026/07/202607171136468960623_thumb.jpg,https://www.28hse.com/buy/apartment/property-3915189,2026-08-06T17:33:59.496264+00:00,2026-08-06T17:50:25.313056+00:00,環海東岸,,九龍紅磡環海東岸 祟安街23號,"環海‧東岸位於紅磡崇安街23號。 屋苑共有3座，1008伙。樓盤設有住客會所，有蓋面積為3,656平方呎，無蓋面積為5,336平方呎，總面積8,992平方呎。會所內設七大主題區域，包括20米長的園林泳池、健身室、燒烤場、飛鏢區及桌球室等，適合年輕住戶活動，另外亦會提供無綫網絡。 項目比鄰黃埔站及仍在興建的土瓜灣站，步行前往只需要約3-8分鐘。物業同時鄰近何文田站，非常方便。此外，漆咸道北及馬頭圍道一帶設有多條巴士及小巴路綫，前往港九新界各區。 項目基座將設兩層高逾3萬平方呎商場，衣食住行不假外求。此外，鄰近紅磡廣場及昇御門商場。",22.312923,114.18943000000004,,,,,,2026-07-03T10:18:58+08:00,2026-07-17T11:37:51+08:00,2026-09-01T10:18:58+08:00,"[""https://i1.28hse.com/2026/07/202607171136464587298_large.jpg"", ""https://i1.28hse.com/2026/07/202607171136453148954_large.jpg"", ""https://i1.28hse.com/2026/07/202607171136463406521_large.jpg"", ""https://i1.28hse.com/2026/07/20260717113646494401_large.jpg"", ""https://i1.28hse.com/2026/07/20260717113646322372_large.jpg"", ""https://i1.28hse.com/2026/07/202607171136464338293_large.jpg"", ""https://i1.28hse.com/2026/07/202607031018554329720_large.jpg"", ""https://i1.28hse.com/2026/07/202607031018554646145_large.jpg"", ""https://i1.28hse.com/2026/07/202607031018568420101_large.jpg"", ""https://i1.28hse.com/2026/07/202607031018567905277_large.jpg"", ""https://i1.28hse.com/2026/07/202607031018566562462_large.jpg"", ""https://i1.28hse.com/2026/07/202607031018572185758_large.jpg"", ""https://i1.28hse.com/2026/07/20260703101857493834_large.jpg"", ""https://i1.28hse.com/2026/07/202607031018578992609_large.jpg"", ""https://i1.28hse.com/2026/07/202607031018577906225_large.jpg"", ""https://i1.28hse.com/2026/07/202607031018586660757_large.jpg""]",,,24473,3612,28085,2346000,14167,8503519,5019175,-1074838,3343889,-4418727
3935036,【高層海景】【1房＋儲物房】做1房/2房都得！即約即睇！,紅磡,私人屋苑/洋樓/九龍建業,6800000,362,1,1,高層,,8,新港地產代理有限公司,https://i1.28hse.com/2026/07/202607170046274033031_thumb.jpg,https://www.28hse.com/buy/apartment/property-3935036,2026-08-06T17:33:59.496264+00:00,2026-08-06T17:49:42.041106+00:00,環海東岸,,九龍紅磡環海東岸 祟安街23號,歡迎查詢！,22.312923,114.18943,,,,,,2026-07-17T00:46:28+08:00,2026-07-17T00:46:28+08:00,2026-09-15T00:46:28+08:00,"[""https://i1.28hse.com/2026/07/202607170046275842358_large.jpg"", ""https://i1.28hse.com/2026/07/202607170046273054356_large.jpg"", ""https://i1.28hse.com/2026/07/202607170046282038344_large.jpg"", ""https://i1.28hse.com/2026/07/202607170046284732833_large.jpg""]",,,24473,3612,28085,2346000,14167,8503519,5019175,-1074838,3343889,-4418727
3903252,●高層開揚●2房♡歡迎約睇,荃灣,私人屋苑/南豐,6800000,450,2,1,高層,,23,中原地產代理有限公司,https://i1.28hse.com/2026/06/202606231841316559861_thumb.jpg,https://www.28hse.com/buy/apartment/property-3903252,2026-08-06T17:33:59.496264+00:00,2026-08-06T18:37:07.561581+00:00,翠豐臺,612,新界荃灣翠豐臺 安育路2號,"●高層開揚
●2房
♡歡迎約睇
大量筍盤 歡迎WhatsApp查詢
大量筍盤 歡迎WhatsApp查詢
大量筍盤 歡迎WhatsApp查詢",22.375858,114.10611000000002,,,,,,2026-06-23T18:35:45+08:00,2026-06-23T18:41:51+08:00,2026-08-22T18:35:45+08:00,"[""https://i1.28hse.com/2026/06/202606231835425308652_large.jpg"", ""https://i1.28hse.com/2026/06/202606231835435254466_large.jpg"", ""https://i1.28hse.com/2026/06/20260623183543482241_large.jpg"", ""https://i1.28hse.com/2026/06/202606231835432492081_large.jpg"", ""https://i1.28hse.com/2026/06/202606231835444441284_large.jpg"", ""https://i1.28hse.com/2026/06/202606231835428244108_large.jpg"", ""https://i1.28hse.com/2026/06/202606231835447772223_large.jpg"", ""https://i1.28hse.com/2026/06/202606231841316559861_large.jpg""]",,,24473,4008,28481,2346000,14167,8643820,5019175,-1346830,3343889,-4690719
3903327,●靚裝東南●高層開揚2房♡歡迎約睇,荃灣,私人屋苑/新世界,6800000,493,2,1,中層,,29,中原地產代理有限公司,https://i1.28hse.com/2026/06/202606231921177507855_thumb.jpg,https://www.28hse.com/buy/apartment/property-3903327,2026-08-06T17:33:59.496264+00:00,2026-08-06T18:37:05.539000+00:00,愉景新城,610,新界荃灣愉景新城 青山公路荃灣段398號,"●靚裝東南
●高層開揚2房
♡歡迎約睇
大量筍盤 歡迎WhatsApp查詢
大量筍盤 歡迎WhatsApp查詢
大量筍盤 歡迎WhatsApp查詢",22.376377,114.11125200000001,,,,,,2026-06-23T19:21:20+08:00,2026-06-23T19:21:20+08:00,2026-08-22T19:21:20+08:00,"[""https://i1.28hse.com/2026/06/202606231921172095491_large.jpg"", ""https://i1.28hse.com/2026/06/202606231921181604020_large.jpg"", ""https://i1.28hse.com/2026/06/202606231921188394044_large.jpg"", ""https://i1.28hse.com/2026/06/202606231921188599712_large.jpg"", ""https://i1.28hse.com/2026/06/202606231921197914907_large.jpg"", ""https://i1.28hse.com/2026/06/20260623192119436448_large.jpg"", ""https://i1.28hse.com/2026/06/202606231921198544376_large.jpg"", ""https://i1.28hse.com/2026/06/202606231921177507855_large.jpg"", ""https://i1.28hse.com/estate_data/113/4573/FLOOR/4573_20231121014256948225_thumb.jpg"", ""https://i1.28hse.com/estate_data/113/4573/UNIT/4573_20231121014507784278_thumb.jpg""]",,,24473,4202,28674,2346000,14167,8712376,5019175,-1479735,3343889,-4823624
3905419,♡爵悦庭實用一房♡實用率高♡上車首選♡,荃灣,私人屋苑/新鴻基,6800000,372,1,1,高層,開放式廚房,21,中原地產代理限公司,https://i1.28hse.com/2026/06/202606251558275518783_thumb.jpg,https://www.28hse.com/buy/apartment/property-3905419,2026-08-06T17:33:59.496264+00:00,2026-08-06T18:36:49.916671+00:00,爵悅庭,496,新界荃灣爵悅庭 楊屋道90-114號,"大型商場, 間隔四正, 實用率高, 廳大房大",22.366886,114.117111,,,,,,2026-06-25T15:59:15+08:00,2026-06-25T15:59:15+08:00,2026-08-24T15:59:15+08:00,"[""https://i1.28hse.com/2026/06/202606251558284502263_large.jpg"", ""https://i1.28hse.com/2026/06/202606251558288216573_large.jpg"", ""https://i1.28hse.com/2026/06/202606251558275518783_large.jpg"", ""https://i1.28hse.com/estate_data/113/4570/FLOOR/4570_20231121013938331221_thumb.jpg"", ""https://i1.28hse.com/estate_data/113/4570/UNIT/4570_20251224115147644648_thumb.jpg""]",,,24473,3657,28130,2346000,14167,8519462,5019175,-1105746,3343889,-4449636
3905754,爵悅庭+1房高層+向南新裝+即住近荃灣西站+新鴻基物業+有票再傾+VR,荃灣,私人屋苑/新鴻基,6800000,372,1,1,高層,,21,中原地產代理有限公司,https://i1.28hse.com/2026/06/202606251821335696461_thumb.jpg,https://www.28hse.com/buy/apartment/property-3905754,2026-08-06T17:33:59.496264+00:00,2026-08-06T18:36:48.550894+00:00,爵悅庭,496,新界荃灣爵悅庭 楊屋道90-114號,爵悦庭+1房高層+新裝向南+海景即住+新鴻基物業+近荃灣西站+有票盡傾+VR,22.366886,114.117111,,,,,,2026-06-25T18:23:07+08:00,2026-06-25T18:24:52+08:00,2026-08-24T18:23:07+08:00,"[""https://i1.28hse.com/2026/06/202606251821295745204_large.jpg"", ""https://i1.28hse.com/2026/06/202606251821251302096_large.jpg"", ""https://i1.28hse.com/2026/06/202606251821327596551_large.jpg"", ""https://i1.28hse.com/2026/06/20260625182128348963_large.jpg"", ""https://i1.28hse.com/2026/06/202606251821265219671_large.jpg"", ""https://i1.28hse.com/2026/06/202606251821275270246_large.jpg"", ""https://i1.28hse.com/2026/06/202606251821303461875_large.jpg"", ""https://i1.28hse.com/2026/06/202606251821335696461_large.jpg"", ""https://i1.28hse.com/estate_data/113/4570/FLOOR/4570_20231121013938331221_thumb.jpg"", ""https://i1.28hse.com/estate_data/113/4570/UNIT/4570_20251224115147644648_thumb.jpg""]",,,24473,3657,28130,2346000,14167,8519462,5019175,-1105746,3343889,-4449636
3912355,罕有放盤 高層開揚 靚景,荃灣,私人屋苑,6800000,419,2,,高層,,19,中原地產代理有限公司,https://i1.28hse.com/2026/07/202607011105366598298_thumb.jpg,https://www.28hse.com/buy/apartment/property-3912355,2026-08-06T17:33:59.496264+00:00,2026-08-06T18:36:16.561779+00:00,立坊,616,新界荃灣立坊 楊屋道118號,2房梗厨 高層 自住投資首選,22.366503,114.117836,,,,,,2026-07-01T11:05:55+08:00,2026-07-01T11:05:55+08:00,2026-08-30T11:05:55+08:00,"[""https://i1.28hse.com/2026/07/202607011105368221933_large.jpg"", ""https://i1.28hse.com/2026/07/202607011105371726638_large.jpg"", ""https://i1.28hse.com/2026/07/20260701110537346551_large.jpg"", ""https://i1.28hse.com/2026/07/202607011105374362398_large.jpg"", ""https://i1.28hse.com/2026/07/202607011105388205828_large.jpg""]",,,24473,3869,28341,2346000,14167,8594395,5019175,-1251014,3343889,-4594904
3922671,【爵悅庭南爵軒高層1房·6 XX即買】,荃灣,私人屋苑/新鴻基,6800000,372,1,,高層,,21,美聯物業,https://i1.28hse.com/2026/07/202607072233003542795_thumb.jpg,https://www.28hse.com/buy/apartment/property-3922671,2026-08-06T17:33:59.496264+00:00,2026-08-06T18:35:34.527903+00:00,爵悅庭,496,新界荃灣爵悅庭 楊屋道90-114號,"實用面積：372呎
 售價：$6XX萬｜租金：$17500/月
 間隔：1房1浴室（高層E室）
 樓齡：21.1年（2005年入伙）
 校網：62（小學）｜荃灣（中學）
 屋苑設施：會所、泳池、運動/娛樂/餐飲/美容設施
 交通：步行至荃灣西站10分鐘｜百悅坊7分鐘️
 景點：荃灣公園8分鐘｜翡翠廣場4分鐘️｜三陂坊遊樂場5分鐘
 鄰近：荃灣母嬰健康院8分鐘
 適合首購族、單人工作者或投資客！高層視野開揚，生活便利，交通四通八達，是荃灣西優質自住首選！
物業編號: M 更新日期: 06/07/2026 SANDY CHEUNG 美聯物業代理有限公司 牌照號碼 C-000982
歡迎各租務及買賣查詢
️查詢電話：
Or
歡迎查詢/pls whatsapp me 
https://wa.me/
#美聯物業 #御凱 #海之戀 #愛炫美 #柏傲灣 #全城滙 #映日灣 #爵悅庭 #樂悠居 #立坊 #環宇海灣 #萬景峰 #綠楊新村 #愉景新城 #映日灣 #筍盤 #荀盤 #買賣 #租賃 #搵樓 #換樓 #上車 #置業 #荃灣 #荃灣西 #荃新天地 #荃灣廣場 #荃灣地鐵站 #筍盤 #專業地產",22.366886,114.117111,,,,,,2026-07-07T22:33:46+08:00,2026-07-07T22:33:46+08:00,2026-09-05T22:33:46+08:00,"[""https://i1.28hse.com/2026/07/202607072233011898865_large.jpg"", ""https://i1.28hse.com/2026/07/202607072233027635915_large.jpg"", ""https://i1.28hse.com/2026/07/202607072233022063747_large.jpg"", ""https://i1.28hse.com/2026/07/202607072233037362186_large.jpg"", ""https://i1.28hse.com/2026/07/202607072233046553586_large.jpg"", ""https://i1.28hse.com/estate_data/113/4570/FLOOR/4570_20231121013938331221_thumb.jpg"", ""https://i1.28hse.com/estate_data/113/4570/UNIT/4570_20251224115147644648_thumb.jpg""]",,,24473,3657,28130,2346000,14167,8519462,5019175,-1105746,3343889,-4449636
3928065,睇左先^萬事有商量!,荃灣,私人屋苑/新世界,6800000,392,1,,中層,,8,美聯物業代理有限公司,https://i1.28hse.com/2026/07/202607111554216670977_thumb.jpg,https://www.28hse.com/buy/apartment/property-3928065,2026-08-06T17:33:59.496264+00:00,2026-08-06T18:35:06.119369+00:00,柏傲灣,,新界荃灣柏傲灣 永順街51號,"筍價出售, 新委托, 有匙即約即睇",22.366022,114.112686,,,,,,2026-07-11T15:54:52+08:00,2026-07-11T15:54:52+08:00,2026-08-10T15:54:52+08:00,"[""https://i1.28hse.com/2026/07/202607111554244915572_large.jpg"", ""https://i1.28hse.com/2026/07/202607111554225984986_large.jpg"", ""https://i1.28hse.com/2026/07/202607111554228268430_large.jpg"", ""https://i1.28hse.com/2026/07/202607111554244157859_large.jpg"", ""https://i1.28hse.com/2026/07/20260711155425729869_large.jpg"", ""https://i1.28hse.com/estate_data/113/22100/FLOOR/22100_20240208104614725911_thumb.jpg"", ""https://i1.28hse.com/estate_data/113/22100/UNIT/22100_20240208104747736464_thumb.jpg""]",,,24473,3747,28220,2346000,14167,8551349,5019175,-1167562,3343889,-4511452
3932139,$648萬 高層日落市景2房 低於股價 超荀!!,荃灣,私人屋苑/長實,6800000,527,2,,高層,,11,美聯物業,https://i1.28hse.com/2026/07/202607141821135098325_thumb.jpg,https://www.28hse.com/buy/apartment/property-3932139,2026-08-06T17:33:59.496264+00:00,2026-08-06T18:34:37.574875+00:00,昇柏山,,新界荃灣昇柏山 油麻磡路63號,"另有荃灣不同精美筍盤推介
買賣﹑租樓均可
不論買樓自住或投資或出租
均提供一系列擴展業務
●大量精選樓盤供覽選
●最新樓價資訊 即時更新
●歡迎同業合作 資源共享
●誠邀業主委托 贏家推薦
●免費360°虛擬實景VR拍攝
●查詢即時迅速回覆
●一站式服務全程跟進
●貸款評估 按揭預算分析
●銀行按揭安排會面
●法律意見諮詢
●專業律師轉介
●專業設計師裝修介紹
●物業交收手續代辦
●新居驗收及收樓支援
●物業租務代理管理
荃灣 - 荃灣站分行
新界荃灣青山公路264-298號南豐中心1樓A032-A033舖
[REDACTED]
歡迎查詢：
戴生 Leo Tai
麥小姐 Roxanne Mak
黎生 Nicky Lai
陳小姐 Queenie Chan
Facebook 專頁 : 荃灣筍盤
https://www.facebook.com/property963",,,,,,,,2026-07-14T18:21:16+08:00,2026-07-14T18:21:16+08:00,2026-08-13T18:21:16+08:00,"[""https://i1.28hse.com/2026/07/202607141821141169522_large.jpg"", ""https://i1.28hse.com/2026/07/202607141821141091411_large.jpg"", ""https://i1.28hse.com/2026/07/202607141821152957131_large.jpg"", ""https://i1.28hse.com/2026/07/20260714182115549355_large.jpg"", ""https://i1.28hse.com/2026/07/20260714182115219891_large.jpg"", ""https://i1.28hse.com/2026/07/202607141821163515265_large.jpg"", ""https://i1.28hse.com/estate_data/113/7959/FLOOR/7959_20231121091557755519_thumb.jpg"", ""https://i1.28hse.com/estate_data/113/7959/UNIT/7959_20231121091651826868_thumb.jpg""]",,,24473,4355,28827,2346000,14167,8766583,5019175,-1584822,3343889,-4928712
3933454,●東南靚裝 ●開揚2房 ♡歡迎約睇,荃灣,私人屋苑/新世界,6800000,493,2,,中層,,29,中原地產代理有限公司,https://i1.28hse.com/2026/07/202607151842457425822_thumb.jpg,https://www.28hse.com/buy/apartment/property-3933454,2026-08-06T17:33:59.496264+00:00,2026-08-06T18:34:26.468523+00:00,愉景新城,610,新界荃灣愉景新城 青山公路荃灣段398號,"●東南靚裝
●開揚2房
♡歡迎約睇
大量筍盤 歡迎WhatsApp查詢
大量筍盤 歡迎WhatsApp查詢
大量筍盤 歡迎WhatsApp查詢",22.376377,114.111252,,,,,,2026-07-15T18:43:12+08:00,2026-07-15T18:43:12+08:00,2026-09-13T18:43:12+08:00,"[""https://i1.28hse.com/2026/07/202607151842457060732_large.jpg"", ""https://i1.28hse.com/2026/07/202607151842463657386_large.jpg"", ""https://i1.28hse.com/2026/07/202607151842455778599_large.jpg"", ""https://i1.28hse.com/2026/07/202607151842464310691_large.jpg"", ""https://i1.28hse.com/2026/07/202607151842462086082_large.jpg"", ""https://i1.28hse.com/2026/07/202607151842475099854_large.jpg"", ""https://i1.28hse.com/2026/07/202607151842474414856_large.jpg"", ""https://i1.28hse.com/2026/07/202607151842457425822_large.jpg"", ""https://i1.28hse.com/estate_data/113/4573/FLOOR/4573_20231121014256948225_thumb.jpg"", ""https://i1.28hse.com/estate_data/113/4573/UNIT/4573_20231121014507784278_thumb.jpg""]",,,24473,4202,28674,2346000,14167,8712376,5019175,-1479735,3343889,-4823624
3949964,《中原最齊盤》●●東南靚裝修【即買即住】兩房梗廚明廁｜還價即成,荃灣,私人屋苑/南豐,6800000,449,2,1,中層,,23,中原地產,https://i1.28hse.com/2026/07/202607281741355378498_thumb.jpg,https://www.28hse.com/buy/apartment/property-3949964,2026-08-06T17:33:59.496264+00:00,2026-08-06T18:32:01.454950+00:00,翠豐臺,612,新界荃灣翠豐臺 安育路2號,"荃灣西站 配套完善 一應俱全
天橋網絡18區獨有 家庭客自住客投資客首選
●●●●●●●●●●
搵低水荀盤 一定幫到你
緊貼業主 盤齊價準
專業代理*陳小姐 Fanny chan
24小時查詢熱線：
可WHATSAPP 即時回覆
無論買樓自住，投資升值，區內換樓，放盤收租
*本人均為貴客提供一條龍服務,買賣及售後服務
首次置業
售前壓測，首期，供款計算
銀行按揭上會
法律咨詢
律師轉介
裝修轉介
水電煤，差餉地租轉名
收樓驗樓
售後放租務管理",22.375858,114.10611,,,,,,2026-07-28T17:41:45+08:00,2026-07-28T17:41:45+08:00,2026-08-27T17:41:45+08:00,"[""https://i1.28hse.com/2026/07/202607281741362280809_large.jpg"", ""https://i1.28hse.com/2026/07/202607281741363740077_large.jpg"", ""https://i1.28hse.com/2026/07/202607281741361450731_large.jpg"", ""https://i1.28hse.com/2026/07/202607281741364338816_large.jpg"", ""https://i1.28hse.com/2026/07/20260728174137975369_large.jpg"", ""https://i1.28hse.com/2026/07/202607281741376613088_large.jpg"", ""https://i1.28hse.com/2026/07/202607281741384959940_large.jpg""]",,,24473,4004,28476,2346000,14167,8642225,5019175,-1343739,3343889,-4687628
3958494,實盤!!!最荀兩房【不是凶宅上下層!】業主急走,荃灣,私人屋苑/長實/低水,6800000,482,2,1,中層,,11,利嘉閣地產有限公司,https://i1.28hse.com/2026/08/202608031842183461226_thumb.jpg,https://www.28hse.com/buy/apartment/property-3958494,2026-08-06T17:33:59.496264+00:00,2026-08-06T18:30:52.769500+00:00,環宇海灣,,新界荃灣環宇海灣 永順街48號,有租客，業主只接受帶票約睇！,22.364647,114.114334,,,,,,2026-08-03T18:43:06+08:00,2026-08-03T18:43:06+08:00,2026-09-02T18:43:06+08:00,"[""https://i1.28hse.com/2026/08/202608031842212727962_large.jpg"", ""https://i1.28hse.com/2026/08/202608031842091335860_large.jpg"", ""https://i1.28hse.com/2026/08/202608031842156784585_large.jpg"", ""https://i1.28hse.com/estate_data/113/8385/FLOOR/8385_20231122024357498686_thumb.jpg"", ""https://i1.28hse.com/estate_data/113/8385/UNIT/8385_20231122024737498988_thumb.jpg""]",,,24473,4152,28625,2346000,14167,8694838,5019175,-1445736,3343889,-4789625
3896418,【九龍後花園】逸瓏海匯精緻兩房 ‧ 環境清幽高私隱 ‧ 放工即度假,西貢,私人屋苑/信和,6800000,586,2,,中層,,8,美聯物業,https://i1.28hse.com/2026/06/202606181547141096030_thumb.jpg,https://www.28hse.com/buy/apartment/property-3896418,2026-08-06T17:33:59.496264+00:00,2026-08-06T18:39:06.400625+00:00,逸瓏海滙,,新界西貢逸瓏海滙 康村路9號,"筍價出售, 罕有放盤, 價錢可議, 開揚園景, 高實用率, 開揚, 山園雙景",22.378214,114.266258,,,,,,2026-06-18T15:47:36+08:00,2026-06-18T15:47:36+08:00,2026-08-17T15:47:36+08:00,"[""https://i1.28hse.com/2026/06/202606181547157342169_large.jpg"", ""https://i1.28hse.com/2026/06/202606181547152922128_large.jpg"", ""https://i1.28hse.com/2026/06/202606181547164647148_large.jpg"", ""https://i1.28hse.com/2026/06/202606181547172645859_large.jpg"", ""https://i1.28hse.com/2026/06/202606181547188172266_large.jpg"", ""https://i1.28hse.com/2026/06/202606181547198304213_large.jpg"", ""https://i1.28hse.com/estate_data/100/8878/FLOOR/8878_20231122054633495865_thumb.jpg""]",,,24473,4620,29093,2346000,14167,8860648,5019175,-1767181,3343889,-5111070
2647825,Youtube【運動場景● 罕有三房● 高層對流】長盛豪苑,長沙灣,私人屋苑/協成行,6800000,456,3,1,高層,,24,38地產代理有限公司,https://i1.28hse.com/2023/05/202305111443564835986_thumb.jpg,https://www.28hse.com/buy/apartment/property-2647825,2026-08-06T17:33:59.496264+00:00,2026-08-06T18:07:34.949723+00:00,長盛豪苑,665,九龍長沙灣長盛豪苑 長沙灣道638號,"38地產提供一站式物業租售服務
24小時查詢 
支援 WHATSAPP微訊24小時查詢
打一個電話
Tel: 青山道205-209號春輝大廈地下D舖
--------------------------------------------------
● 誠徵業主放盤 ● 招聘地產代理
記得讚好Like同追蹤搶先看Follow「#38地產」專頁，緊貼最新嘅樓宇資訊喇。
Facebook
https://www.facebook.com/38pal
Youtube
https://www.youtube.com/@38pal
28Hse
https://www.28hse.com/agent/1743
---------------------------------------------------
提供多個同類荀盤
售前壓測,首期,供款計算查詢
銀行按揭上會
法律咨詢轉介
水電煤,差餉地租轉名
貼心服務-物業資料
平面圖,物業土地查册,資訊聆
銀行估價
代理樓宇範圍：西九龍區二手買賣及租賃
長沙灣 • 深水埗 • 太子 • 大角咀 • 旺角",22.338499,114.152679,,,,,,2026-07-19T12:51:09+08:00,2026-07-19T12:51:09+08:00,2026-09-17T12:51:09+08:00,"[""https://i1.28hse.com/2023/05/202305111443574523781_large.jpg"", ""https://i1.28hse.com/2023/05/20230511144358932129_large.jpg"", ""https://i1.28hse.com/2023/05/202305111443594308492_large.jpg"", ""https://i1.28hse.com/2023/05/202305111443593990717_large.jpg"", ""https://i1.28hse.com/2023/05/202305111444003080966_large.jpg"", ""https://i1.28hse.com/2023/05/202305111444013853310_large.jpg"", ""https://i1.28hse.com/2023/05/202305111444014922172_large.jpg"", ""https://i1.28hse.com/2023/05/202305111444025340597_large.jpg"", ""https://i1.28hse.com/2023/05/202305111444038499447_large.jpg"", ""https://i1.28hse.com/2026/06/20260603153412417267_large.jpg"", ""https://i1.28hse.com/estate_data/63/2457/FLOOR/2457_20240216155016687444_thumb.jpg"", ""https://i1.28hse.com/estate_data/63/2457/UNIT/2457_20240216155026551628_thumb.jpg""]",,,24473,4035,28508,2346000,14167,8653386,5019175,-1365375,3343889,-4709264
3806046,實用雅裝 長沙灣核心地段 地鐵3分中 民生購物 齊備,長沙灣,單幢式大廈/協成行,6800000,456,3,1,中層,,27,富居地產有限公司,https://i1.28hse.com/2026/05/202605111530024339019_thumb.jpg,https://www.28hse.com/buy/apartment/property-3806046,2026-08-06T17:33:59.496264+00:00,2026-08-06T18:09:19.098874+00:00,長盛豪苑,665,九龍長沙灣長盛豪苑 長沙灣道638號,业主換樓割愛 原裝2房,22.338499,114.152679,,,,,,2026-06-10T15:39:36+08:00,2026-06-10T15:39:36+08:00,2026-08-09T15:39:36+08:00,"[""https://i1.28hse.com/2026/05/20260511153003286742_large.jpg"", ""https://i1.28hse.com/2026/05/202605111530038482534_large.jpg"", ""https://i1.28hse.com/2026/05/202605111530031558263_large.jpg"", ""https://i1.28hse.com/2026/05/202605111530031730590_large.jpg"", ""https://i1.28hse.com/2026/05/202605111530031121557_large.jpg"", ""https://i1.28hse.com/2026/05/202605111530042991143_large.jpg"", ""https://i1.28hse.com/2026/05/202605111530044626664_large.jpg"", ""https://i1.28hse.com/estate_data/63/2457/FLOOR/2457_20240216155016687444_thumb.jpg"", ""https://i1.28hse.com/estate_data/63/2457/UNIT/2457_20240216155026551628_thumb.jpg""]",,,24473,4035,28508,2346000,14167,8653386,5019175,-1365375,3343889,-4709264
3924156,"有裝修,3房荀盤",長沙灣,私人屋苑/協成行,6800000,456,3,1,中層,,27,利嘉閣地產有限公司,https://i1.28hse.com/2026/07/202607082117261315654_thumb.jpg,https://www.28hse.com/buy/apartment/property-3924156,2026-08-06T17:33:59.496264+00:00,2026-08-06T18:08:09.765777+00:00,長盛豪苑,665,九龍長沙灣長盛豪苑 長沙灣道638號,"有裝修,3房荀盤",22.338499,114.152679,,,,,,2026-07-08T21:17:50+08:00,2026-07-26T20:32:47+08:00,2026-09-06T21:17:50+08:00,"[""https://i1.28hse.com/2026/07/202607082117262810668_large.jpg"", ""https://i1.28hse.com/2026/07/202607082117273548347_large.jpg"", ""https://i1.28hse.com/2026/07/20260708211727208073_large.jpg"", ""https://i1.28hse.com/2026/07/202607082117272843969_large.jpg"", ""https://i1.28hse.com/estate_data/63/2457/FLOOR/2457_20240216155016687444_thumb.jpg"", ""https://i1.28hse.com/estate_data/63/2457/UNIT/2457_20240216155026551628_thumb.jpg""]",,,24473,4035,28508,2346000,14167,8653386,5019175,-1365375,3343889,-4709264
3899054,獨家海景海欣花園兩房,青衣,私人屋苑,6800000,463,2,,中層,,26,中原地產代理有限公司,https://i1.28hse.com/2026/06/202606201547147931459_thumb.jpg,https://www.28hse.com/buy/apartment/property-3899054,2026-08-06T17:33:59.496264+00:00,2026-08-06T18:27:02.094878+00:00,海欣花園,610,新界青衣海欣花園 展環街11號,"24小時查詢
無論買樓自住，投資升值，區內換樓，放盤收租
*本人均為貴客提供一條龍服務,買賣及售後服務
首次置業
售前壓測，首期，供款計算
銀行按揭上會
法律咨詢
律師轉介
裝修轉介
水電煤轉名
收樓驗樓
售後放租務
住宅 居屋",22.352619,114.109581,,,,,,2026-06-20T15:47:29+08:00,2026-07-28T13:54:35+08:00,2026-08-19T15:47:29+08:00,"[""https://i1.28hse.com/2026/06/202606201547156780601_large.jpg"", ""https://i1.28hse.com/2026/06/202606201547165714218_large.jpg"", ""https://i1.28hse.com/2026/06/202606201547168408061_large.jpg"", ""https://i1.28hse.com/2026/06/202606201547174000378_large.jpg"", ""https://i1.28hse.com/estate_data/123/4653/FLOOR/4653_20231121021115323313_thumb.jpg"", ""https://i1.28hse.com/estate_data/123/4653/UNIT/4653_20240104111150414676_thumb.jpg""]",,,24473,4067,28539,2346000,14167,8664546,5019175,-1387010,3343889,-4730900
3920333,【中原Jay Lin• Dixon♡】 估價到價東南海景/獨家筍盤/早買早供完,青衣,私人屋苑,6800000,463,2,1,中層,,26,中原地產,https://i1.28hse.com/2026/07/20260706142347246681_thumb.jpg,https://www.28hse.com/buy/apartment/property-3920333,2026-08-06T17:33:59.496264+00:00,2026-08-06T18:26:41.901391+00:00,海欣花園,610,新界青衣海欣花園 展環街11號,"【♡搵樓搵光頭·筍盤一定有 】
《 ♡中原葵青-專業代理 》
歡迎親身到鋪查詢更多筍盤!
◆筍盤查詢Facebook專頁:中原地產青衣城·筍盤◆
◆筍盤查詢Facebook專頁:真房網 Real
Property◆
無論買樓自住，投資升值，區內換樓，放盤收租
本人均可為貴客提供一條龍,買賣及售後服務
●24小時在線查詢
●首次置業免費查詢資料
●售前壓測,首期,供款計算
●銀行按揭上會
●免費法律咨詢
●一手買賣經紀佣金全免
●免費專車接送
#️CENTALINE中原",22.352618999999997,114.109581,,,,,,2026-07-06T14:23:53+08:00,2026-07-31T01:36:03+08:00,2026-09-04T14:23:53+08:00,"[""https://i1.28hse.com/2026/07/202607061423485939323_large.jpg"", ""https://i1.28hse.com/2026/07/202607061423481063109_large.jpg"", ""https://i1.28hse.com/2026/07/202607061423491867312_large.jpg"", ""https://i1.28hse.com/2026/07/20260706142349168301_large.jpg"", ""https://i1.28hse.com/2026/07/202607061423495166543_large.jpg"", ""https://i1.28hse.com/2026/07/202607061423504910000_large.jpg"", ""https://i1.28hse.com/2026/07/20260706142350450180_large.jpg"", ""https://i1.28hse.com/2026/07/202607061423508188072_large.jpg"", ""https://i1.28hse.com/2026/07/20260706142351569886_large.jpg"", ""https://i1.28hse.com/2026/07/202607061423514075520_large.jpg"", ""https://i1.28hse.com/2026/07/20260706142351548639_large.jpg"", ""https://i1.28hse.com/2026/07/202607061423521226580_large.jpg"", ""https://i1.28hse.com/2026/07/202607061423524585492_large.jpg"", ""https://i1.28hse.com/2026/07/202607061423526192870_large.jpg"", ""https://i1.28hse.com/2026/07/202607061423536165332_large.jpg"", ""https://i1.28hse.com/2026/07/20260706142347246681_large.jpg"", ""https://i1.28hse.com/estate_data/123/4653/FLOOR/4653_20231121021115323313_thumb.jpg"", ""https://i1.28hse.com/estate_data/123/4653/UNIT/4653_20240104111150414676_thumb.jpg""]",,,24473,4067,28539,2346000,14167,8664546,5019175,-1387010,3343889,-4730900
3926810,入場必選 全海開揚,青衣,私人屋苑,6800000,463,2,1,中層,,26,啟勝地產(翠怡花園),https://i1.28hse.com/2026/07/202607101804255442924_thumb.jpg,https://www.28hse.com/buy/apartment/property-3926810,2026-08-06T17:33:59.496264+00:00,2026-08-06T18:26:18.045216+00:00,海欣花園,610,新界青衣海欣花園 展環街11號,"本公司為新鴻基地產集團成員 啟勝地產
青衣城港鐵站步行7分鐘直達
靜中帶旺,長廊海景,交通方便,會所設施,應有盡有!!
各式單位,精心挑選, 大量優質靚盤,匙盤,獨家盤,萬勿錯過!!
即時約睇 
 Ken Cheung 張先生
 Ziki Tam 譚小姐
 Kelvin 吳先生",22.352619,114.109581,,,,,,2026-07-10T18:03:58+08:00,2026-07-10T18:04:54+08:00,2026-08-09T18:03:58+08:00,"[""https://i1.28hse.com/2026/07/202607101804276477522_large.jpg"", ""https://i1.28hse.com/2026/07/202607101804248870334_large.jpg"", ""https://i1.28hse.com/2026/07/202607101804288965969_large.jpg"", ""https://i1.28hse.com/2026/07/20260710180425959053_large.jpg"", ""https://i1.28hse.com/2026/07/202607101804265786343_large.jpg"", ""https://i1.28hse.com/2026/07/202607101804287469364_large.jpg"", ""https://i1.28hse.com/2026/07/202607101804263197912_large.jpg"", ""https://i1.28hse.com/2026/07/202607101804253520912_large.jpg"", ""https://i1.28hse.com/2026/07/202607101804267903782_large.jpg"", ""https://i1.28hse.com/estate_data/123/4653/FLOOR/4653_20231121021115323313_thumb.jpg"", ""https://i1.28hse.com/estate_data/123/4653/UNIT/4653_20240104111150414676_thumb.jpg""]",,,24473,4067,28539,2346000,14167,8664546,5019175,-1387010,3343889,-4730900
3926939,【CLARY荀盤推介】中高層全海景兩房 有匙即睇,青衣,私人屋苑,6800000,463,2,,中層,,26,利嘉閣地產有限公司,https://i1.28hse.com/2026/07/202607101850142140119_thumb.jpg,https://www.28hse.com/buy/apartment/property-3926939,2026-08-06T17:33:59.496264+00:00,2026-08-06T18:26:16.730430+00:00,海欣花園,610,新界青衣海欣花園 展環街11號,"【Clary專營 葵涌 青衣 二手樓盤及各區新盤】
細心做事 貼心專業意見 助你尋求理想中的家
歡迎24小時WHATSAPP或致電查詢
無論買樓自住，投資升值，區內換樓，放盤收租
~ 本人提供一站式售前及售後服務 ~
首次置業
售前壓測,首期,供款計算
銀行按揭上會
法律咨詢
律師轉介
裝修轉介
水電煤,差餉地租轉名
收樓驗樓
售後放租務管理
另有各區大型新盤專車接送現樓示範單位,歡迎預約參觀查詢",22.352619,114.109581,,,,,,2026-07-10T18:50:17+08:00,2026-07-10T18:50:17+08:00,2026-08-09T18:50:17+08:00,"[""https://i1.28hse.com/2026/07/20260710185014643025_large.jpg"", ""https://i1.28hse.com/2026/07/202607101850155575307_large.jpg"", ""https://i1.28hse.com/2026/07/202607101850152304473_large.jpg"", ""https://i1.28hse.com/2026/07/202607101850155067318_large.jpg"", ""https://i1.28hse.com/2026/07/202607101850166948172_large.jpg"", ""https://i1.28hse.com/2026/07/202607101850161892258_large.jpg"", ""https://i1.28hse.com/2026/07/202607101850165665093_large.jpg"", ""https://i1.28hse.com/2026/07/202607101850172539482_large.jpg"", ""https://i1.28hse.com/estate_data/123/4653/FLOOR/4653_20231121021115323313_thumb.jpg"", ""https://i1.28hse.com/estate_data/123/4653/UNIT/4653_20240104111150414676_thumb.jpg""]",,,24473,4067,28539,2346000,14167,8664546,5019175,-1387010,3343889,-4730900
3927811,【有匙即睇】東北海景 罕有放盤,青衣,私人屋苑,6800000,463,2,,中層,,26,利嘉閣地產有限公司,https://i1.28hse.com/2026/07/202607111400125330911_thumb.jpg,https://www.28hse.com/buy/apartment/property-3927811,2026-08-06T17:33:59.496264+00:00,2026-08-06T18:26:13.148043+00:00,海欣花園,610,新界青衣海欣花園 展環街11號,"．Jenny盧小姐．
•實盤實相•用心跟隨•多年青衣工作經驗•大量數據分析市場走勢
*****24小時查詢******
| 免費提供銀行貸款轉介
| 物業估價
| 售前壓測,首期,供款計算
| 法律咨詢律師轉介
| 水電煤,差餉地租轉名
| 收樓驗樓裝修轉介
| 為買家提供永久租務管理
◆青衣二手筍盤及全港一手樓盤
歡迎Whatsapp或致電查詢",22.352619,114.109581,,,,,,2026-07-11T14:00:23+08:00,2026-07-11T14:00:23+08:00,2026-08-10T14:00:23+08:00,"[""https://i1.28hse.com/2026/07/202607111400123491446_large.jpg"", ""https://i1.28hse.com/2026/07/202607111400138498064_large.jpg"", ""https://i1.28hse.com/2026/07/202607111400137647070_large.jpg"", ""https://i1.28hse.com/estate_data/123/4653/FLOOR/4653_20231121021115323313_thumb.jpg"", ""https://i1.28hse.com/estate_data/123/4653/UNIT/4653_20240104111150414676_thumb.jpg""]",,,24473,4067,28539,2346000,14167,8664546,5019175,-1387010,3343889,-4730900
3937825,高層開揚遠景 ！,青衣,私人屋苑,6800000,451,2,1,高層,,26,啟勝地產(翠怡花園),https://i1.28hse.com/2026/07/202607182027483597506_thumb.jpg,https://www.28hse.com/buy/apartment/property-3937825,2026-08-06T17:33:59.496264+00:00,2026-08-06T18:26:04.687030+00:00,海欣花園,606,新界青衣海欣花園 展環街11號,"本公司為新鴻基地產集團成員 啟勝地產
青衣城港鐵站步行7分鐘直達
靜中帶旺,長廊海景,交通方便,會所設施,應有盡有!!
各式單位,精心挑選, 大量優質靚盤,匙盤,獨家盤,萬勿錯過!!
即時約睇",22.352619,114.109581,,,,,,2026-07-18T20:27:50+08:00,2026-07-25T20:12:32+08:00,2026-08-17T20:27:50+08:00,"[""https://i1.28hse.com/2026/07/202607182027484109913_large.jpg"", ""https://i1.28hse.com/2026/07/202607182027496468714_large.jpg"", ""https://i1.28hse.com/2026/07/202607211317516897853_large.jpg"", ""https://i1.28hse.com/2026/07/202607211317512824290_large.jpg"", ""https://i1.28hse.com/2026/07/202607211317523423039_large.jpg"", ""https://i1.28hse.com/2026/07/202607211317512909692_large.jpg"", ""https://i1.28hse.com/2026/07/202607211317525303209_large.jpg"", ""https://i1.28hse.com/2026/07/202607211319501622228_large.jpg"", ""https://i1.28hse.com/2026/07/202607211319504281134_large.jpg"", ""https://i1.28hse.com/estate_data/123/4653/FLOOR/4653_20231121021115323313_thumb.jpg"", ""https://i1.28hse.com/estate_data/123/4653/UNIT/4653_20240104111154148653_thumb.jpg""]",,,24473,4013,28485,2346000,14167,8645414,5019175,-1349921,3343889,-4693810
3939927,Jeff 筍盤推介，海天一色，2房高層,青衣,私人屋苑,6800000,463,2,,中層,,26,美聯物業,https://i1.28hse.com/2026/07/202607201826178298188_thumb.jpg,https://www.28hse.com/buy/apartment/property-3939927,2026-08-06T17:33:59.496264+00:00,2026-08-06T18:25:56.504271+00:00,海欣花園,610,新界青衣海欣花園 展環街11號,Jeff 筍盤推介，海天一色，2房高層,22.352619,114.109581,,,,,,2026-07-20T18:26:43+08:00,2026-07-20T18:26:43+08:00,2026-08-19T18:26:43+08:00,"[""https://i1.28hse.com/2026/07/202607201826195007377_large.jpg"", ""https://i1.28hse.com/2026/07/202607201826216683593_large.jpg"", ""https://i1.28hse.com/2026/07/202607201826237574391_large.jpg"", ""https://i1.28hse.com/2026/07/202607201826257489520_large.jpg"", ""https://i1.28hse.com/2026/07/202607201826273637678_large.jpg"", ""https://i1.28hse.com/estate_data/123/4653/FLOOR/4653_20231121021115323313_thumb.jpg"", ""https://i1.28hse.com/estate_data/123/4653/UNIT/4653_20240104111150414676_thumb.jpg""]",,,24473,4067,28539,2346000,14167,8664546,5019175,-1387010,3343889,-4730900
3942482,極高層 開揚 估價足,青衣,私人屋苑,6800000,451,2,1,高層,,26,啟勝地產(翠怡花園),https://i1.28hse.com/2026/07/202607221832296986138_thumb.jpg,https://www.28hse.com/buy/apartment/property-3942482,2026-08-06T17:33:59.496264+00:00,2026-08-06T18:25:53.793464+00:00,海欣花園,606,新界青衣海欣花園 展環街11號,"本公司為新鴻基地產集團成員 啟勝地產
青衣城港鐵站步行7分鐘直達
靜中帶旺,長廊海景,交通方便,會所設施,應有盡有!!
各式單位,精心挑選, 大量優質靚盤,匙盤,獨家盤,萬勿錯過!!
即時約睇 
 Ken Cheung 張先生
 Ziki Tam 譚小姐
 Kelvin 吳先生",22.352619,114.109581,,,,,,2026-07-22T18:33:21+08:00,2026-07-25T20:11:09+08:00,2026-08-21T18:33:21+08:00,"[""https://i1.28hse.com/2026/07/202607221832301804056_large.jpg"", ""https://i1.28hse.com/2026/07/202607221832285882928_large.jpg"", ""https://i1.28hse.com/2026/07/20260722183228738267_large.jpg"", ""https://i1.28hse.com/2026/07/202607221832294910344_large.jpg"", ""https://i1.28hse.com/2026/07/202607221832296059303_large.jpg"", ""https://i1.28hse.com/2026/07/202607221832296108017_large.jpg"", ""https://i1.28hse.com/2026/07/20260722183229171213_large.jpg"", ""https://i1.28hse.com/2026/07/2026072218323027621_large.jpg"", ""https://i1.28hse.com/estate_data/123/4653/FLOOR/4653_20231121021115323313_thumb.jpg"", ""https://i1.28hse.com/estate_data/123/4653/UNIT/4653_20240104111154148653_thumb.jpg""]",,,24473,4013,28485,2346000,14167,8645414,5019175,-1349921,3343889,-4693810
3942625,「估到價！有海景！可睇」寵物友善屋苑,青衣,私人屋苑,6800000,451,2,,高層,,26,利嘉閣地產有限公司,https://i1.28hse.com/2026/07/202607222016296972896_thumb.jpg,https://www.28hse.com/buy/apartment/property-3942625,2026-08-06T17:33:59.496264+00:00,2026-08-06T18:25:53.098449+00:00,海欣花園,606,新界青衣海欣花園 展環街11號,"．Jenny盧小姐．
•實盤實相•用心跟隨•多年青衣工作經驗•大量數據分析市場走勢
*****24小時查詢******
| 免費提供銀行貸款轉介
| 物業估價
| 售前壓測,首期,供款計算
| 法律咨詢律師轉介
| 水電煤,差餉地租轉名
| 收樓驗樓裝修轉介
| 為買家提供永久租務管理
◆青衣二手筍盤及全港一手樓盤
歡迎Whatsapp或致電查詢",22.352619,114.109581,,,,,,2026-07-22T20:16:38+08:00,2026-07-22T20:16:38+08:00,2026-08-21T20:16:38+08:00,"[""https://i1.28hse.com/2026/07/202607222016303509697_large.jpg"", ""https://i1.28hse.com/2026/07/202607222016303666413_large.jpg"", ""https://i1.28hse.com/2026/07/202607222016317456786_large.jpg"", ""https://i1.28hse.com/2026/07/202607222016312085780_large.jpg"", ""https://i1.28hse.com/2026/07/202607222016317197411_large.jpg"", ""https://i1.28hse.com/estate_data/123/4653/FLOOR/4653_20231121021115323313_thumb.jpg"", ""https://i1.28hse.com/estate_data/123/4653/UNIT/4653_20240104111154148653_thumb.jpg""]",,,24473,4013,28485,2346000,14167,8645414,5019175,-1349921,3343889,-4693810
3944768,靚裝有匙即睇 即住之選,青衣,私人屋苑,6800000,467,2,1,中層,,26,啟勝地產(翠怡花園),https://i1.28hse.com/2026/07/202607241441062159131_thumb.jpg,https://www.28hse.com/buy/apartment/property-3944768,2026-08-06T17:33:59.496264+00:00,2026-08-06T18:25:50.281628+00:00,海欣花園,611,新界青衣海欣花園 展環街11號,"本公司為新鴻基地產集團成員 啟勝地產
青衣城港鐵站步行7分鐘直達
靜中帶旺,長廊海景,交通方便,會所設施,應有盡有!!
各式單位,精心挑選, 大量優質靚盤,匙盤,獨家盤,萬勿錯過!!
即時約睇 
 Ken Cheung 張先生
 Ziki Tam 譚小姐
 Kelvin 吳先生",22.352619,114.109581,,,,,,2026-07-24T14:41:43+08:00,2026-07-24T14:41:43+08:00,2026-08-23T14:41:43+08:00,"[""https://i1.28hse.com/2026/07/202607241441032983765_large.jpg"", ""https://i1.28hse.com/2026/07/202607241441023861841_large.jpg"", ""https://i1.28hse.com/2026/07/202607241441046334814_large.jpg"", ""https://i1.28hse.com/2026/07/202607241441045998920_large.jpg"", ""https://i1.28hse.com/2026/07/20260724144104459738_large.jpg"", ""https://i1.28hse.com/2026/07/202607241441053907493_large.jpg"", ""https://i1.28hse.com/2026/07/202607241441051123262_large.jpg"", ""https://i1.28hse.com/2026/07/202607241441045167629_large.jpg"", ""https://i1.28hse.com/estate_data/123/4653/FLOOR/4653_20231121021115323313_thumb.jpg"", ""https://i1.28hse.com/estate_data/123/4653/UNIT/4653_20240104111149757391_thumb.jpg""]",,,24473,4085,28557,2346000,14167,8670923,5019175,-1399374,3343889,-4743263
3945227,【CLARY荀盤推介】東南中高層無敵海景兩房～,青衣,私人屋苑,6800000,451,2,,中層,,26,利嘉閣地產有限公司,https://i1.28hse.com/2026/07/202607241744547686436_thumb.jpg,https://www.28hse.com/buy/apartment/property-3945227,2026-08-06T17:33:59.496264+00:00,2026-08-06T18:25:48.115029+00:00,海欣花園,606,新界青衣海欣花園 展環街11號,"【Clary專營 葵涌 青衣 二手樓盤及各區新盤】
細心做事 貼心專業意見 助你尋求理想中的家
歡迎24小時WHATSAPP或致電查詢
無論買樓自住，投資升值，區內換樓，放盤收租
~ 本人提供一站式售前及售後服務 ~
首次置業
售前壓測,首期,供款計算
銀行按揭上會
法律咨詢
律師轉介
裝修轉介
水電煤,差餉地租轉名
收樓驗樓
售後放租務管理
另有各區大型新盤專車接送現樓示範單位,歡迎預約參觀查詢",22.352619,114.109581,,,,,,2026-07-24T17:45:45+08:00,2026-07-24T17:45:45+08:00,2026-08-23T17:45:45+08:00,"[""https://i1.28hse.com/2026/07/202607241744544665029_large.jpg"", ""https://i1.28hse.com/2026/07/202607241744556993816_large.jpg"", ""https://i1.28hse.com/2026/07/202607241744554805584_large.jpg"", ""https://i1.28hse.com/2026/07/202607241744557144013_large.jpg"", ""https://i1.28hse.com/estate_data/123/4653/FLOOR/4653_20231121021115323313_thumb.jpg"", ""https://i1.28hse.com/estate_data/123/4653/UNIT/4653_20240104111153238151_thumb.jpg""]",,,24473,4013,28485,2346000,14167,8645414,5019175,-1349921,3343889,-4693810
3946757,罕有高層遠眺煙花海景~~~雅緻裝修,青衣,私人屋苑,6800000,451,2,1,高層,,26,啟勝地產(翠怡花園),https://i1.28hse.com/2026/07/202607251937214759142_thumb.jpg,https://www.28hse.com/buy/apartment/property-3946757,2026-08-06T17:33:59.496264+00:00,2026-08-06T18:25:35.871023+00:00,海欣花園,606,新界青衣海欣花園 展環街11號,"本公司為新鴻基地產集團成員 啟勝地產
青衣城港鐵站步行7分鐘直達
靜中帶旺,長廊海景,交通方便,會所設施,應有盡有!!
各式單位,精心挑選, 大量優質靚盤,匙盤,獨家盤,萬勿錯過!!
即時約睇
MR SIMON LEE 李先生",22.352619,114.109581,,,,,,2026-07-25T19:39:05+08:00,2026-07-25T20:07:15+08:00,2026-08-24T19:39:05+08:00,"[""https://i1.28hse.com/2026/07/202607251937284050235_large.jpg"", ""https://i1.28hse.com/2026/07/202607251937344769711_large.jpg"", ""https://i1.28hse.com/2026/07/202607251937383975298_large.jpg"", ""https://i1.28hse.com/2026/07/20260725193743123559_large.jpg"", ""https://i1.28hse.com/2026/07/202607251937473368277_large.jpg"", ""https://i1.28hse.com/2026/07/202607251937503585719_large.jpg"", ""https://i1.28hse.com/2026/07/202607251937543235884_large.jpg"", ""https://i1.28hse.com/2026/07/202607251937577109347_large.jpg"", ""https://i1.28hse.com/2026/07/202607251938005515052_large.jpg"", ""https://i1.28hse.com/estate_data/123/4653/FLOOR/4653_20231121021115323313_thumb.jpg"", ""https://i1.28hse.com/estate_data/123/4653/UNIT/4653_20240104111154148653_thumb.jpg""]",,,24473,4013,28485,2346000,14167,8645414,5019175,-1349921,3343889,-4693810
3947211,中原Daniel推介 有得睇 靚裝修,青衣,私人屋苑,6800000,451,2,1,高層,,26,中原地產,https://i1.28hse.com/2026/07/20260726160752418941_thumb.jpg,https://www.28hse.com/buy/apartment/property-3947211,2026-08-06T17:33:59.496264+00:00,2026-08-06T18:25:34.438181+00:00,海欣花園,606,新界青衣海欣花園 展環街11號,"《用心就是專業》
以誠待人用心聆聽專業配對
持續跟進處事謹慎不失良機
免費增值服務：
物業估價 銀行轉介
法律諮詢 律師推薦
驗樓服務 裝修轉介",22.352618999999997,114.109581,,,,,,2026-07-26T16:12:18+08:00,2026-07-27T14:45:31+08:00,2026-08-25T16:12:18+08:00,"[""https://i1.28hse.com/2026/07/202607261607535694372_large.jpg"", ""https://i1.28hse.com/2026/07/202607261608045698928_large.jpg"", ""https://i1.28hse.com/2026/07/202607261609536886047_large.jpg"", ""https://i1.28hse.com/2026/07/202607261609563370565_large.jpg"", ""https://i1.28hse.com/2026/07/202607261610008589105_large.jpg"", ""https://i1.28hse.com/2026/07/202607261610084526739_large.jpg"", ""https://i1.28hse.com/2026/07/202607261610145893247_large.jpg"", ""https://i1.28hse.com/2026/07/202607261610183577320_large.jpg"", ""https://i1.28hse.com/2026/07/202607261610238745954_large.jpg"", ""https://i1.28hse.com/estate_data/123/4653/FLOOR/4653_20231121021115323313_thumb.jpg"", ""https://i1.28hse.com/estate_data/123/4653/UNIT/4653_20240104111154148653_thumb.jpg""]",,,24473,4013,28485,2346000,14167,8645414,5019175,-1349921,3343889,-4693810
3953004,【中原Dixon • 光頭陳推介】到價筍盤/有裝修/鄰近地鐵站/有海景/新地樓,青衣,私人屋苑,6800000,451,2,1,高層,,26,中原地產,https://i1.28hse.com/2026/07/202607310127053009286_thumb.jpg,https://www.28hse.com/buy/apartment/property-3953004,2026-08-06T17:33:59.496264+00:00,2026-08-06T18:25:18.876924+00:00,海欣花園,606,新界青衣海欣花園 展環街11號,"【♡搵樓搵光頭·筍盤一定有 】
《 ♡中原葵青-專業代理 》
歡迎親身到鋪查詢更多筍盤!
◆筍盤查詢Facebook專頁:中原地產青衣城·筍盤◆
◆筍盤查詢Facebook專頁:真房網 Real
Property◆
無論買樓自住，投資升值，區內換樓，放盤收租
本人均可為貴客提供一條龍,買賣及售後服務
●24小時在線查詢
●首次置業免費查詢資料
●售前壓測,首期,供款計算
●銀行按揭上會
●免費法律咨詢
●一手買賣經紀佣金全免
●免費專車接送
#️CENTALINE中原",22.352619,114.109581,,,,,,2026-07-31T01:27:18+08:00,2026-07-31T01:27:18+08:00,2026-09-29T01:27:18+08:00,"[""https://i1.28hse.com/2026/07/202607310122434158785_large.jpg"", ""https://i1.28hse.com/2026/07/202607310122447837431_large.jpg"", ""https://i1.28hse.com/2026/07/202607310122443832807_large.jpg"", ""https://i1.28hse.com/2026/07/202607310122455881938_large.jpg"", ""https://i1.28hse.com/2026/07/202607310122455561244_large.jpg"", ""https://i1.28hse.com/2026/07/202607310122463780682_large.jpg"", ""https://i1.28hse.com/2026/07/202607310122465521607_large.jpg"", ""https://i1.28hse.com/2026/07/202607310122474232760_large.jpg"", ""https://i1.28hse.com/2026/07/202607310127053009286_large.jpg"", ""https://i1.28hse.com/estate_data/123/4653/FLOOR/4653_20231121021115323313_thumb.jpg"", ""https://i1.28hse.com/estate_data/123/4653/UNIT/4653_20240104111154148653_thumb.jpg""]",,,24473,4013,28485,2346000,14167,8645414,5019175,-1349921,3343889,-4693810
3954267,高層開揚遠景 ！,青衣,私人屋苑,6800000,451,2,1,高層,,26,啟勝地產(翠怡花園),https://i1.28hse.com/2026/07/202607312052512105048_thumb.jpg,https://www.28hse.com/buy/apartment/property-3954267,2026-08-06T17:33:59.496264+00:00,2026-08-06T18:25:14.145346+00:00,海欣花園,606,新界青衣海欣花園 展環街11號,"本公司為新鴻基地產集團成員 啟勝地產
青衣城港鐵站步行7分鐘直達
靜中帶旺,長廊海景,交通方便,會所設施,應有盡有!!
各式單位,精心挑選, 大量優質靚盤,匙盤,獨家盤,萬勿錯過!!
即時約睇",22.352619,114.109581,,,,,,2026-07-31T20:52:54+08:00,2026-07-31T20:53:53+08:00,2026-08-30T20:52:54+08:00,"[""https://i1.28hse.com/2026/07/202607312052515152807_large.jpg"", ""https://i1.28hse.com/2026/07/202607312052515196399_large.jpg"", ""https://i1.28hse.com/2026/07/20260731205252766240_large.jpg"", ""https://i1.28hse.com/2026/07/202607312052524451043_large.jpg"", ""https://i1.28hse.com/2026/07/202607312052522704559_large.jpg"", ""https://i1.28hse.com/2026/07/202607312052536871656_large.jpg"", ""https://i1.28hse.com/2026/07/202607312052536698424_large.jpg"", ""https://i1.28hse.com/2026/07/202607312052534145185_large.jpg"", ""https://i1.28hse.com/2026/07/202607312052538482663_large.jpg"", ""https://i1.28hse.com/estate_data/123/4653/FLOOR/4653_20231121021115323313_thumb.jpg"", ""https://i1.28hse.com/estate_data/123/4653/UNIT/4653_20240104111154148653_thumb.jpg""]",,,24473,4013,28485,2346000,14167,8645414,5019175,-1349921,3343889,-4693810
3848968,【震撼上車之選】維港煙花海景兩房 睇完包你有驚喜,啟德,私人屋苑/新世界,6850000,394,2,1,中層,開放式廚房,1,天狼星物業,https://i1.28hse.com/2026/05/202605150651464846953_thumb.jpg,https://www.28hse.com/buy/apartment/property-3848968,2026-08-06T17:33:59.496264+00:00,2026-08-06T18:17:46.326410+00:00,柏蔚森 柏蔚森 III,,九龍啟德柏蔚森柏蔚森 III 承景街2號,"🫶🏻WhatsApp/Weixin: +852 598O OO59
🫶🏻全港一二手樓盤都有
🫶🏻按揭 兌換 律師 驗樓 裝修 設計一條龍服務
🫶🏻專車接送睇樓
🫶🏻WhatsApp/Weixin: +852 598O OO59",22.310788999999993,114.20971699999996,,,,,,2026-07-15T20:47:58+08:00,2026-08-06T21:06:35+08:00,2026-09-13T20:47:58+08:00,"[""https://i1.28hse.com/2026/05/202605150651471932954_large.jpg"", ""https://i1.28hse.com/2026/05/20260515065147509754_large.jpg"", ""https://i1.28hse.com/2026/05/202605150651487822649_large.jpg""]",,,24653,3771,28424,2363250,14271,8612819,5056081,-1198008,3343889,-4541897
3952142,✿❀ 【柏蔚森】 ❁❁優質2房，移民急走！,啟德,私人屋苑/新世界,6870000,392,2,1,中層,開放式廚房,1,中原地產代理有限公司,https://i1.28hse.com/2026/07/20260730153833407699_thumb.jpg,https://www.28hse.com/buy/apartment/property-3952142,2026-08-06T17:33:59.496264+00:00,2026-08-06T18:17:26.260804+00:00,柏蔚森 柏蔚森 I,,九龍啟德柏蔚森柏蔚森 I 承景街2 號,筍價出售,22.310788999999993,114.20971699999996,,,,,,2026-07-30T14:30:58+08:00,2026-08-06T15:35:33+08:00,2026-09-28T14:30:58+08:00,"[""https://i1.28hse.com/2026/07/20260730153833778655_large.jpg"", ""https://i1.28hse.com/2026/07/202607301538347764888_large.jpg"", ""https://i1.28hse.com/2026/07/202607301538347067821_large.jpg"", ""https://i1.28hse.com/2026/07/202607301541027324168_large.jpg"", ""https://i1.28hse.com/estate_data/82/26929/FLOOR/26929_20240628172057879557_thumb.jpg"", ""https://i1.28hse.com/estate_data/82/26929/UNIT/26929_20240628172137636598_thumb.jpg""]",,,24725,3768,28492,2370150,14312,8632944,5070843,-1201532,3343889,-4545421
3924748,中環核心地段 | 低水筍盤 收租首選 回報理想,中環,單幢式大廈,6880000,397,1,1,中層,,29,專業地產,https://i1.28hse.com/2026/07/202607091441516870800_thumb.jpg,https://www.28hse.com/buy/apartment/property-3924748,2026-08-06T17:33:59.496264+00:00,2026-08-06T17:45:28.698150+00:00,萬城閣,,香港島中環萬城閣 伊利近街28號,"中環核心地段，地理位置優越
緊鄰中環至半山自動扶手電梯
步行即達中環商業區及各大設施
SOHO餐廳、酒吧、咖啡廳林立，生活精彩
低水筍盤，收租首選，回報理想",22.281834,114.152565,,,,,,2026-07-09T14:42:02+08:00,2026-07-09T14:42:02+08:00,2026-09-07T14:42:02+08:00,"[""https://i1.28hse.com/estate_data/19/470/FLOOR/470_20240109105655937533_thumb.jpg"", ""https://i1.28hse.com/estate_data/19/470/UNIT/470_20240109105702222196_thumb.jpg""]",,,24761,3793,28554,2373600,14333,8652572,5078225,-1221838,3343889,-4565728
3905767,高質全海景 筍價 大膽還價 即可約睇,奧運,私人屋苑/長實,6880000,451,2,,高層,,22,美聯物業,https://i1.28hse.com/2026/06/202606251826571648065_thumb.jpg,https://www.28hse.com/buy/apartment/property-3905767,2026-08-06T17:33:59.496264+00:00,2026-08-06T18:04:00.047463+00:00,凱帆軒,613,九龍奧運凱帆軒 海帆道11號,高質全海景 筍價 大膽還價 即可約睇,22.320626999999998,114.15525099999999,,,,,,2026-06-25T18:26:58+08:00,2026-06-28T16:27:57+08:00,2026-08-24T18:26:58+08:00,"[""https://i1.28hse.com/2026/06/202606251826572905733_large.jpg"", ""https://i1.28hse.com/2026/06/202606251826588985608_large.jpg"", ""https://i1.28hse.com/2026/06/202606251826582685400_large.jpg"", ""https://i1.28hse.com/estate_data/68/2563/FLOOR/2563_20240216121630844881_thumb.jpg"", ""https://i1.28hse.com/estate_data/68/2563/UNIT/2563_20240216121717787559_thumb.jpg""]",,,24761,4036,28797,2373600,14333,8738665,5078225,-1388742,3343889,-4732632
3922082,高質全海景 筍價 大膽還價 歡迎查詢,奧運,私人屋苑/長實,6880000,451,2,,高層,,22,美聯物業,https://i1.28hse.com/2026/07/202607071619434987440_thumb.jpg,https://www.28hse.com/buy/apartment/property-3922082,2026-08-06T17:33:59.496264+00:00,2026-08-06T18:03:36.176670+00:00,凱帆軒,613,九龍奧運凱帆軒 海帆道11號,高質全海景 筍價 大膽還價 歡迎查詢,22.320626999999998,114.15525099999999,,,,,,2026-07-07T16:19:44+08:00,2026-07-17T13:48:26+08:00,2026-08-06T16:19:44+08:00,"[""https://i1.28hse.com/2026/07/202607071619431568899_large.jpg"", ""https://i1.28hse.com/2026/07/20260707161943407897_large.jpg"", ""https://i1.28hse.com/2026/07/202607071619441008250_large.jpg"", ""https://i1.28hse.com/estate_data/68/2563/FLOOR/2563_20240216121630844881_thumb.jpg"", ""https://i1.28hse.com/estate_data/68/2563/UNIT/2563_20240216121717787559_thumb.jpg""]",,,24761,4036,28797,2373600,14333,8738665,5078225,-1388742,3343889,-4732632
1750645,有匙 旺角樓皇 向東1房 交吉放售 歡迎約睇,旺角,單幢式大廈/新世界,6880000,399,1,1,中層,,6,富榮地產代理,https://i1.28hse.com/2026/08/202608061723088209231_thumb.jpg,https://www.28hse.com/buy/apartment/property-1750645,2026-08-06T17:33:59.496264+00:00,2026-08-06T17:57:22.083846+00:00,SKYPARK,,九龍旺角SKYPARK 旺角奶路臣街17號,"本公司就在Skypark對面,盤源多,還有多間開放式和2房匙盤,歡迎約睇!Albert Wong: [REDACTED]
旺角樓皇 投資自住首選
酒店式管理保安 區內週邊設施衣食住行一應俱全
近火車站及港鐵 交通四通八達 旺中帶靜
豪華會所 空中花園 唯我獨有",22.318693,114.171417,,,,,,2026-08-06T17:14:38+08:00,2026-08-06T17:24:46+08:00,2026-10-05T17:14:38+08:00,"[""https://i1.28hse.com/2026/08/202608061723158838515_large.jpg"", ""https://i1.28hse.com/2026/08/202608061723315890236_large.jpg"", ""https://i1.28hse.com/2026/08/202608061723197294643_large.jpg"", ""https://i1.28hse.com/2026/08/202608061723271421513_large.jpg"", ""https://i1.28hse.com/2026/08/202608061723223880021_large.jpg"", ""https://i1.28hse.com/2023/11/202311101218198673598_large.jpg"", ""https://i1.28hse.com/2023/11/20231110121824336527_large.jpg"", ""https://i1.28hse.com/2023/11/202311101218291135628_large.jpg"", ""https://i1.28hse.com/2023/11/202311101218347807778_large.jpg"", ""https://i1.28hse.com/2023/11/202311101218374668780_large.jpg"", ""https://i1.28hse.com/2023/11/202311101218456938769_large.jpg"", ""https://i1.28hse.com/2023/11/202311101218482572577_large.jpg"", ""https://i1.28hse.com/2023/11/202311101218552554202_large.jpg"", ""https://i1.28hse.com/2023/11/202311101218593162537_large.jpg"", ""https://i1.28hse.com/2023/11/202311101219025115445_large.jpg"", ""https://i1.28hse.com/estate_data/71/8587/FLOOR/8587_20231121200357129747_thumb.jpg"", ""https://i1.28hse.com/estate_data/71/8587/UNIT/8587_20231121200522739227_thumb.jpg""]",,,24761,3802,28563,2373600,14333,8655760,5078225,-1228020,3343889,-4571909
3841659,【SKYPARK】旺角地標屋苑! 地鐵站3分鐘到達! 天室會所!,旺角,私人屋苑/新世界,6880000,399,1,1,高層,,9,駿輝地產有限公司,https://i1.28hse.com/2026/05/202605091557332438590_thumb.jpg,https://www.28hse.com/buy/apartment/property-3841659,2026-08-06T17:33:59.496264+00:00,2026-08-06T17:58:40.182955+00:00,SKYPARK,,九龍旺角SKYPARK 旺角奶路臣街17號,"歡迎約看！
Whatsapp/signal:
Wechat: [REDACTED]
-
【旺角靚地段 去地鐵站5分鐘唔洗】
【去邊都方便 投資/自住必選】
【地鐵站口兩街之隔 極方便】
【開揚多窗 少有放售】
【附近咩都有 生活好方便】
【間隔方正 實用率極高】
【交通方便 鄰近地鐵站】
【歡迎致電//whatsapp查詢】
-
*本司客源廣實客多*
*盡心盡力忠誠待客*
*專營油尖旺區樓盤*
*多行聯營信心保諮*
*歡迎業生電話放盤*
-
駿輝地產分行地址：
九龍油麻地碧街28號大安樓地鋪
九龍佐敦渡船街38號建邦商業大廈2號地鋪
九龍油麻地新填地街144號地鋪
九龍油麻地廣東道896A號地鋪
九龍旺角廣華街23號明威閭D號地舖
九龍旺角道58號國際大廈地下58A舖
九龍深水埗元州街280 -288號地下1號舖(第7分店)
九龍大角咀晏架街3號置發樓地下5-6號(第8分店)
九龍太子太子道西(第9分店)
九龍長沙灣元州街471號昌華閣(第10分店)",22.318693,114.171417,,,,,,2026-07-17T19:59:06+08:00,2026-07-17T19:59:06+08:00,2026-09-15T19:59:06+08:00,"[""https://i1.28hse.com/2026/05/202605091557337079947_large.jpg"", ""https://i1.28hse.com/2026/05/202605091557336925036_large.jpg"", ""https://i1.28hse.com/2026/05/202605091557336327547_large.jpg"", ""https://i1.28hse.com/2026/05/202605091557332015599_large.jpg"", ""https://i1.28hse.com/estate_data/71/8587/FLOOR/8587_20231121200402231237_thumb.jpg"", ""https://i1.28hse.com/estate_data/71/8587/UNIT/8587_20231121200531647184_thumb.jpg""]",,,24761,3802,28563,2373600,14333,8655760,5078225,-1228020,3343889,-4571909
3894911,SKYPARK B室單位中高層 最靚嗰粒死約已完，可連租約放賣,旺角,私人屋苑/新世界,6880000,399,1,1,高層,開放式廚房,9,富榮地產代理,https://i1.28hse.com/2026/06/202606171431285895233_thumb.jpg,https://www.28hse.com/buy/apartment/property-3894911,2026-08-06T17:33:59.496264+00:00,2026-08-06T18:00:10.768443+00:00,SKYPARK,,九龍旺角SKYPARK 旺角奶路臣街17號,"富榮地產 SKYPARK 專區專組 專家地舖就喺樓下 真盤在售 
本公司舖位正 (位於在旺角SKYPARK旗艦店)你可以加我 whatsapp 微信WECHAT 帳號
專區專組。 資深市場經豐富 經驗
紮根旺角18年 市場， 專區 提拱 專業服務，信譽良好 深受買家信任
SKYPARK.本公司市場佔有率達80% 旗艦店 位於SKYPARK 斜對面
最新成交記錄
6/2026 C3室309""中層$500萬@16200
6/2026 A5室407""高層""$680萬@16181
5/2026 C7室316""高層$520萬@16455
5/2026 A7室404""低層$625萬@15470
5/2026 A7室404""高層$650萬@16089
2/2026 C7室315""高層$485萬@15397
3/2026 D1室315""高層$520萬@16507
3/2026 B1室463""低層$670萬@14470
4/2026 A1室593""中層$980萬@16526
2/2026 A1室593""低層$928萬@15649
1/2026 A6室407""中層$650萬@15970
1/2026 B3室404""中層$628萬@15544
1/2026 A1室593""低層$850萬@14334
10/2025 A6室407""中層$668萬@16412
12/2025 C1室395""低層$625萬@15822
10/2025 D5室315""高層$498萬@15809
10/2025 A7室404""中層$615萬@15222
9/2025 A5室407""中層$624萬@15331
9/2025 C5室310""高層473.8萬@15283
8/2025 D2室309""低層$450萬@14563",22.318693,114.171417,,,,,,2026-06-17T14:32:58+08:00,2026-08-06T16:03:35+08:00,2026-08-16T14:32:58+08:00,"[""https://i1.28hse.com/2026/06/202606171431355014376_large.jpg"", ""https://i1.28hse.com/2026/06/202606171432413130612_large.jpg"", ""https://i1.28hse.com/2026/06/202606171431337663676_large.jpg"", ""https://i1.28hse.com/2026/06/202606171431311769801_large.jpg"", ""https://i1.28hse.com/2026/06/202606171431185026371_large.jpg"", ""https://i1.28hse.com/2026/06/2026061714312486755_large.jpg"", ""https://i1.28hse.com/2026/06/202606171431262591109_large.jpg"", ""https://i1.28hse.com/2026/06/202606171431497298405_large.jpg"", ""https://i1.28hse.com/2026/06/202606171429546164084_large.jpg"", ""https://i1.28hse.com/2026/06/202606171430011809431_large.jpg"", ""https://i1.28hse.com/2026/06/202606171430032237622_large.jpg"", ""https://i1.28hse.com/2026/06/202606171430073865068_large.jpg"", ""https://i1.28hse.com/2026/06/20260617143012304461_large.jpg"", ""https://i1.28hse.com/2026/06/202606171430197449750_large.jpg"", ""https://i1.28hse.com/2026/06/202606171430243689335_large.jpg"", ""https://i1.28hse.com/2026/06/202606171430294721943_large.jpg"", ""https://i1.28hse.com/2026/06/202606171429516929665_large.jpg""]",,,24761,3802,28563,2373600,14333,8655760,5078225,-1228020,3343889,-4571909
3912484,位置方便，可約睇，兩分鐘地鐵三分鐘旺角東，樓下大型商場配套，好租好住,旺角,私人屋苑/新世界,6880000,399,1,1,中層,開放式廚房,9,永嘉物業顧問有限公司,https://i1.28hse.com/2026/07/202607011242208516019_thumb.jpg,https://www.28hse.com/buy/apartment/property-3912484,2026-08-06T17:33:59.496264+00:00,2026-08-06T17:59:38.517980+00:00,SKYPARK,,九龍旺角SKYPARK 旺角奶路臣街17號,位置方便，可約睇，兩分鐘地鐵三分鐘旺角東，樓下大型商場配套，好租好住,22.318693,114.171417,,,,,,2026-07-01T12:43:46+08:00,2026-07-03T17:28:55+08:00,2026-08-30T12:43:46+08:00,"[""https://i1.28hse.com/2026/07/202607011242211462749_large.jpg"", ""https://i1.28hse.com/2026/07/202607011242218692624_large.jpg"", ""https://i1.28hse.com/2026/07/202607011242217541274_large.jpg"", ""https://i1.28hse.com/2026/07/202607011242224388188_large.jpg"", ""https://i1.28hse.com/estate_data/71/8587/FLOOR/8587_20231121200357129747_thumb.jpg"", ""https://i1.28hse.com/estate_data/71/8587/UNIT/8587_20231121200522739227_thumb.jpg""]",,,24761,3802,28563,2373600,14333,8655760,5078225,-1228020,3343889,-4571909
3924274,旺角新樓 近旺角東站 收租樓皇 急售 大膽還價,旺角,私人屋苑/洋樓/新世界,6880000,399,1,1,中層,,9,八達地產代理有限公司,https://i1.28hse.com/2026/08/202608061959013976249_thumb.jpg,https://www.28hse.com/buy/apartment/property-3924274,2026-08-06T17:33:59.496264+00:00,2026-08-06T17:59:18.451064+00:00,SKYPARK,,九龍旺角SKYPARK 旺角奶路臣街17號,"另有：樓齡新盤放售
skypark 麥花臣匯 加多利軒 瑧樺歡迎查詢預約 WeChat ID：Ac[REDACTED] 
誠徵業主和業主代表委託放盤：住宅 工商物業寫字樓 商舖 車位之租售",22.318693,114.171417,,,,,,2026-07-09T01:32:18+08:00,2026-08-06T20:01:19+08:00,2026-09-07T01:32:18+08:00,"[""https://i1.28hse.com/2026/08/202608061959017303891_large.jpg"", ""https://i1.28hse.com/2026/08/202608061959018569191_large.jpg"", ""https://i1.28hse.com/2026/08/202608061959025755250_large.jpg"", ""https://i1.28hse.com/2026/08/202608061959024989877_large.jpg"", ""https://i1.28hse.com/2026/08/202608061959026202703_large.jpg"", ""https://i1.28hse.com/2026/08/202608061959036356682_large.jpg"", ""https://i1.28hse.com/2026/08/202608061959034067666_large.jpg"", ""https://i1.28hse.com/2026/08/202608061959036326501_large.jpg"", ""https://i1.28hse.com/2026/08/202608061959037262807_large.jpg"", ""https://i1.28hse.com/2026/08/202608061959042696176_large.jpg"", ""https://i1.28hse.com/2026/08/202608061959046273605_large.jpg"", ""https://i1.28hse.com/2026/08/202608061959048266730_large.jpg"", ""https://i1.28hse.com/2026/08/202608061959051829667_large.jpg"", ""https://i1.28hse.com/2026/08/202608061959065809119_large.jpg"", ""https://i1.28hse.com/2026/08/2026080619590683112_large.jpg"", ""https://i1.28hse.com/2026/08/202608061959062000399_large.jpg"", ""https://i1.28hse.com/2026/08/202608061959075380320_large.jpg"", ""https://i1.28hse.com/2026/08/202608061959088560266_large.jpg"", ""https://i1.28hse.com/2026/08/202608061959117247701_large.jpg"", ""https://i1.28hse.com/2026/08/202608061959123751809_large.jpg"", ""https://i1.28hse.com/2026/08/202608061959126023768_large.jpg"", ""https://i1.28hse.com/2026/08/202608061959123227695_large.jpg"", ""https://i1.28hse.com/2026/08/202608061959137463420_large.jpg"", ""https://i1.28hse.com/2026/08/202608061959141322379_large.jpg"", ""https://i1.28hse.com/2026/08/202608061959142389841_large.jpg"", ""https://i1.28hse.com/2026/08/202608061959146524747_large.jpg"", ""https://i1.28hse.com/2026/08/202608061959146353765_large.jpg"", ""https://i1.28hse.com/2026/08/202608061959153348064_large.jpg"", ""https://i1.28hse.com/2026/08/202608061959123046985_large.jpg"", ""https://i1.28hse.com/2026/08/20260806195915274221_large.jpg"", ""https://i1.28hse.com/2026/08/202608061959157218583_large.jpg"", ""https://i1.28hse.com/estate_data/71/8587/FLOOR/8587_20231121200357129747_thumb.jpg"", ""https://i1.28hse.com/estate_data/71/8587/UNIT/8587_20231121200522739227_thumb.jpg""]",,,24761,3802,28563,2373600,14333,8655760,5078225,-1228020,3343889,-4571909
3933333,skypark一房 投資自住首選 豪華空中會所 有票可試,旺角,私人屋苑/單幢式大廈/新世界,6880000,399,1,1,中層,開放式廚房,9,駿輝地產皓譽有限公司,https://i1.28hse.com/2026/08/202608061545323377081_thumb.jpg,https://www.28hse.com/buy/apartment/property-3933333,2026-08-06T17:33:59.496264+00:00,2026-08-06T17:58:49.031297+00:00,SKYPARK,,九龍旺角SKYPARK 旺角奶路臣街17號,WHATAPPS:[REDACTED]高生,22.318693,114.171417,,,,,,2026-07-15T17:51:37+08:00,2026-08-06T15:46:24+08:00,2026-09-13T17:51:37+08:00,"[""https://i1.28hse.com/2026/08/202608061545332432606_large.jpg"", ""https://i1.28hse.com/2026/08/202608061545346861977_large.jpg"", ""https://i1.28hse.com/2026/08/202608061545362504084_large.jpg"", ""https://i1.28hse.com/2026/08/20260806154537761560_large.jpg"", ""https://i1.28hse.com/2026/08/202608061545388223242_large.jpg"", ""https://i1.28hse.com/2026/08/202608061545408831483_large.jpg"", ""https://i1.28hse.com/2026/08/202608061545412082593_large.jpg"", ""https://i1.28hse.com/2026/08/202608061545431043031_large.jpg"", ""https://i1.28hse.com/2026/08/2026080615454476526_large.jpg"", ""https://i1.28hse.com/2026/08/202608061545505879363_large.jpg"", ""https://i1.28hse.com/2026/08/202608061545461185998_large.jpg"", ""https://i1.28hse.com/2026/08/202608061545493882572_large.jpg"", ""https://i1.28hse.com/2026/08/202608061545476320825_large.jpg""]",,,24761,3802,28563,2373600,14333,8655760,5078225,-1228020,3343889,-4571909
3964689,1房 中高層 有家電，交通方便，投資自用,旺角,私人屋苑/洋樓/單幢式大廈/新世界,6880000,399,1,1,中層,,5,灝田置業地產,https://i1.28hse.com/2026/08/202608072143427723204_thumb.jpg,https://www.28hse.com/buy/apartment/property-3964689,2026-08-07T16:19:46.780897+00:00,2026-08-07T16:21:05.656396+00:00,SKYPARK,,九龍旺角SKYPARK 旺角奶路臣街17號,"樓新會所
中高層
開陽
交通方便
旺中有靜
灝田置業
尚有大量樓盤未能盡錄(放租及放售)
（一手或二手）
歡迎業主委託放盤
如有任何查詢可直接聯絡Carmen siu 
Whatapps or Wechat : 
尊貴熱線:",22.318693,114.17141699999995,,,,,,2026-08-07T21:33:17+08:00,2026-08-07T21:44:09+08:00,2026-10-06T21:33:17+08:00,"[""https://i1.28hse.com/2026/08/20260807213315405167_large.jpg"", ""https://i1.28hse.com/2026/08/202608072133157344650_large.jpg"", ""https://i1.28hse.com/2026/08/20260807213316286346_large.jpg"", ""https://i1.28hse.com/2026/08/202608072133162372465_large.jpg"", ""https://i1.28hse.com/2026/08/202608072141192003940_large.jpg"", ""https://i1.28hse.com/2026/08/202608072141202842202_large.jpg"", ""https://i1.28hse.com/2026/08/202608072141215358346_large.jpg"", ""https://i1.28hse.com/2026/08/202608072141225734489_large.jpg"", ""https://i1.28hse.com/2026/08/202608072141232509870_large.jpg"", ""https://i1.28hse.com/2026/08/202608072141244553022_large.jpg"", ""https://i1.28hse.com/2026/08/202608072141304436127_large.jpg"", ""https://i1.28hse.com/2026/08/202608072141314197951_large.jpg"", ""https://i1.28hse.com/2026/08/202608072141335613224_large.jpg"", ""https://i1.28hse.com/estate_data/71/8587/FLOOR/8587_20231121200357129747_thumb.jpg"", ""https://i1.28hse.com/estate_data/71/8587/UNIT/8587_20231121200522739227_thumb.jpg""]",,,24761,3802,28563,2373600,14333,8655760,5078225,-1228020,3343889,-4571909
3723374,銀行估凸 高層向南 買少見少,油麻地,私人屋苑,6880000,400,1,1,高層,開放式廚房,14,世紀21卓建物業,https://i1.28hse.com/2026/07/202607201550184201509_thumb.jpg,https://www.28hse.com/buy/apartment/property-3723374,2026-08-06T17:33:59.496264+00:00,2026-08-06T17:55:32.928992+00:00,御金國峯,510,九龍油麻地御金國峯 友翔道1號,"西九高鐵文化區-- 
御金國峰 仍然低水 銀行估凸
趕快入市 金融地標IGC即將入伙，勢必成為收租皇
可交吉 原則1房1廁
開放式廚房 開揚向南
10'11 高樓底 空間感十足 雙露台光猛
31名校網 創造下一代美好前程
交通絕對優越 位於香港中心地段
毗鄰柯士甸站屯馬線 直達各區 高鐵總站連接內地城市
步行至佐敦站 九龍站 圓方大型商場 東涌線機場怏線直達世界
已完成之中幹線8分鐘內直達啟德,觀塘商業區.
機遇無限 抓住先機
西九文化貴為香港重點發展項目 集合商機文化 投資之盤
屋苑設有大型會所 健身房泳池齊全
一直深受買家租客歡迎 小區旺中帶靜 好評好住!
步行到民生佐敦 餐廰超市街市, 一應俱全",22.310324,114.165863,,,,,,2026-07-19T17:47:35+08:00,2026-07-20T15:53:26+08:00,2026-08-24T17:35:25+08:00,"[""https://i1.28hse.com/2026/07/202607201550087308330_large.jpg"", ""https://i1.28hse.com/2026/07/202607201551348000511_large.jpg"", ""https://i1.28hse.com/2026/07/20260720155217475748_large.jpg"", ""https://i1.28hse.com/2026/07/202607201552266768001_large.jpg"", ""https://i1.28hse.com/2026/07/20260720155205478002_large.jpg"", ""https://i1.28hse.com/2026/07/202607201552482322918_large.jpg"", ""https://i1.28hse.com/2026/07/202607201552441226430_large.jpg"", ""https://i1.28hse.com/estate_data/72/6768/FLOOR/6768_20231117004407844879_thumb.jpg"", ""https://i1.28hse.com/estate_data/72/6768/UNIT/6768_20231117004941618824_thumb.jpg""]",,,24761,3807,28567,2373600,14333,8657355,5078225,-1231111,3343889,-4575000
3928717,【張小姐 [REDACTED]】【實盤】【歡迎查詢】,荃灣,私人屋苑/長實,6880000,482,2,,中層,,11,美聯物業代理有限公司,https://i1.28hse.com/2026/07/202607112316285753770_thumb.jpg,https://www.28hse.com/buy/apartment/property-3928717,2026-08-06T17:33:59.496264+00:00,2026-08-06T18:34:58.269772+00:00,環宇海灣,,新界荃灣環宇海灣 永順街48號,"♛歡迎業主委托放盤♛
②④小時on duty
歡迎致電直接約睇樓
✰Joey✰張小姐✰[REDACTED]
️～用心聆聽您所需
️待客已誠態度♡
️專注為您配對適合理想家居
️協助您尋覓優質安樂窩
▛一條龍服務▟
# 快 速 回 覆
# 銀 行 估 價
# 全 程 跟 進
# 按 揭 查 詢
️# 專 業 分 析
# 律 師 轉 介",22.364647000000005,114.11433400000001,,,,,,2026-07-11T23:16:30+08:00,2026-08-02T17:47:14+08:00,2026-09-09T23:16:30+08:00,"[""https://i1.28hse.com/2026/07/202607112316297379723_large.jpg"", ""https://i1.28hse.com/2026/07/202607112316296621193_large.jpg"", ""https://i1.28hse.com/2026/07/202607112316298455582_large.jpg"", ""https://i1.28hse.com/2026/07/202607112316308184094_large.jpg"", ""https://i1.28hse.com/estate_data/113/8385/FLOOR/8385_20231122024357498686_thumb.jpg"", ""https://i1.28hse.com/estate_data/113/8385/UNIT/8385_20231122024737498988_thumb.jpg""]",,,24761,4176,28936,2373600,14333,8788089,5078225,-1484558,3343889,-4828447
3929157,中層企理景觀開陽實盤介紹,荃灣,私人屋苑,6880000,435,2,,中層,,21,美聯物業,https://i1.28hse.com/2026/07/202607121457114446248_thumb.jpg,https://www.28hse.com/buy/apartment/property-3929157,2026-08-06T17:33:59.496264+00:00,2026-08-06T18:34:54.663606+00:00,樂悠居,608,新界荃灣樂悠居 楊屋道138號,歡迎約睇樓及查詢,22.366301,114.11817900000001,,,,,,2026-07-12T14:59:03+08:00,2026-07-12T14:59:57+08:00,2026-08-11T14:59:03+08:00,"[""https://i1.28hse.com/2026/07/20260712145709743862_large.jpg"", ""https://i1.28hse.com/2026/07/202607121457097265616_large.jpg"", ""https://i1.28hse.com/2026/07/202607121457106464436_large.jpg"", ""https://i1.28hse.com/2026/07/202607121457102678152_large.jpg""]",,,24761,3964,28725,2373600,14333,8713156,5078225,-1339289,3343889,-4683179
3931504,[日訊物業推介] 必走二房 超值之選 唔好錯過,荃灣,私人屋苑/長實,6880000,482,2,1,中層,,9,日訊物業代理有限公司,https://i1.28hse.com/2026/07/202607141414404379308_thumb.jpg,https://www.28hse.com/buy/apartment/property-3931504,2026-08-06T17:33:59.496264+00:00,2026-08-06T18:34:42.426326+00:00,環宇海灣,,新界荃灣環宇海灣 永順街48號,"荃灣西筍住新樓
室內泳池荃西獨有
多元間格 超值價錢
全部梗廚 經典靚則",22.364647,114.114334,,,,,,2026-07-14T14:14:43+08:00,2026-07-14T14:14:43+08:00,2026-08-13T14:14:43+08:00,"[""https://i1.28hse.com/2026/07/202607141414406710139_large.jpg"", ""https://i1.28hse.com/2026/07/20260714141440792333_large.jpg"", ""https://i1.28hse.com/2026/07/202607141414413863343_large.jpg"", ""https://i1.28hse.com/2026/07/20260714141441830306_large.jpg"", ""https://i1.28hse.com/2026/07/202607141414426104704_large.jpg"", ""https://i1.28hse.com/2026/07/202607141414427939590_large.jpg"", ""https://i1.28hse.com/2026/07/202607141414437781372_large.jpg""]",,,24761,4176,28936,2373600,14333,8788089,5078225,-1484558,3343889,-4828447
3940128,快閃價！企理 2房 環境舒適 還價即成 睇樓Call我,荃灣,私人屋苑,6880000,435,2,1,中層,,21,中原地產,https://i1.28hse.com/2026/07/202607202219386277953_thumb.jpg,https://www.28hse.com/buy/apartment/property-3940128,2026-08-06T17:33:59.496264+00:00,2026-08-06T18:33:20.389211+00:00,樂悠居,608,新界荃灣樂悠居 楊屋道138號,"罕有放盤, 清雅裝修, 間隔四正, 廳大房大, 環境清幽",22.366301,114.11817900000001,,,明火煮食,,,2026-07-20T22:20:55+08:00,2026-07-25T14:11:16+08:00,2026-09-18T22:20:55+08:00,"[""https://i1.28hse.com/2026/07/202607202219394577552_large.jpg"", ""https://i1.28hse.com/2026/07/202607202219406926099_large.jpg"", ""https://i1.28hse.com/2026/07/202607202219404116983_large.jpg"", ""https://i1.28hse.com/2026/07/202607202219412269664_large.jpg"", ""https://i1.28hse.com/2026/07/202607202219424784129_large.jpg"", ""https://i1.28hse.com/2026/07/202607202219434714204_large.jpg"", ""https://i1.28hse.com/2026/07/202607202219434104025_large.jpg"", ""https://i1.28hse.com/2026/07/202607202219433408655_large.jpg"", ""https://i1.28hse.com/2026/07/202607202220275210031_large.jpg"", ""https://i1.28hse.com/2026/07/202607202220298294468_large.jpg"", ""https://i1.28hse.com/2026/07/202607202220323653065_large.jpg"", ""https://i1.28hse.com/2026/07/202607202220342552429_large.jpg"", ""https://i1.28hse.com/2026/07/202607202220377409421_large.jpg"", ""https://i1.28hse.com/2026/07/202607202219444997855_large.jpg""]",,,24761,3964,28725,2373600,14333,8713156,5078225,-1339289,3343889,-4683179
3961197,業主割肉蝕讓 入場收租必選 全屋苑最筍,荃灣,私人屋苑/長實,6880000,482,2,1,中層,,11,美聯物業,https://i1.28hse.com/2026/08/202608051739023078529_thumb.jpg,https://www.28hse.com/buy/apartment/property-3961197,2026-08-06T17:33:59.496264+00:00,2026-08-06T18:30:24.845840+00:00,環宇海灣,,新界荃灣環宇海灣 永順街48號,"單位屬南北，對流戶型
收租必選",22.364647,114.114334,,,,,,2026-08-05T17:39:12+08:00,2026-08-05T17:39:12+08:00,2026-09-04T17:39:12+08:00,"[""https://i1.28hse.com/2026/08/202608051739024638529_large.jpg"", ""https://i1.28hse.com/2026/08/202608051739025834554_large.jpg"", ""https://i1.28hse.com/2026/08/20260805173902603203_large.jpg"", ""https://i1.28hse.com/2026/08/202608051739033715655_large.jpg"", ""https://i1.28hse.com/2026/08/202608051739031113451_large.jpg"", ""https://i1.28hse.com/estate_data/113/8385/FLOOR/8385_20231122024357498686_thumb.jpg"", ""https://i1.28hse.com/estate_data/113/8385/UNIT/8385_20231122024737498988_thumb.jpg""]",,,24761,4176,28936,2373600,14333,8788089,5078225,-1484558,3343889,-4828447
3930949,近鐵高層開揚優質【有票有得傾】,長沙灣,私人屋苑/萬科香港,6880000,386,1,,高層,,5,中原地產-美孚3期B組,https://i1.28hse.com/2026/07/202607132003074843011_thumb.jpg,https://www.28hse.com/buy/apartment/property-3930949,2026-08-06T17:33:59.496264+00:00,2026-08-06T18:07:56.644785+00:00,The Campton 1B期,,九龍長沙灣The Campton 1B期 福榮街201號,"歡迎24小時致電或what's app查詢
️提供專業 親切 誠懇一條龍服務
不Hard Sell！
格盡市場筍盤！真盤！假盤！節省客人時間！
客觀分析長短，助買家找出精明合適你的選擇
屋苑最新成交資訊
二手筍盤推介
買賣/租賃流程及所有開支講解
銀行估價，按揭壓力測試，首期和供款細節, 免費按揭轉介
律師行介紹及免費法律諮詢
全港一手新盤資訊免費專車接送睇樓
售後服務包括：水,電,煤,差餉,地租轉名, ...
️專營西九龍各大屋苑/半新樓二手租賃/買賣️
️全港新盤新樓新房優點缺點專業分析講解️
️至幫你！歡迎Wts、Vx 或致電查詢大量筍盤️",22.333639,114.160416,,,,,,2026-07-13T20:03:17+08:00,2026-07-13T20:03:17+08:00,2026-08-12T20:03:17+08:00,"[""https://i1.28hse.com/2026/07/202607132003075559766_large.jpg"", ""https://i1.28hse.com/2026/07/202607132003084955111_large.jpg"", ""https://i1.28hse.com/2026/07/202607132003084880978_large.jpg"", ""https://i1.28hse.com/2026/07/202607132003093771226_large.jpg"", ""https://i1.28hse.com/2026/07/202607132003074843011_large.jpg"", ""https://i1.28hse.com/estate_data/63/23359/FLOOR/23359_20231201153011354563_thumb.jpg"", ""https://i1.28hse.com/estate_data/63/23359/UNIT/23359_20231201153033879747_thumb.jpg""]",,,24761,3744,28504,2373600,14333,8635034,5078225,-1187839,3343889,-4531729
3942285,《明廚明廁改兩房》高層開揚景!3分鐘至長沙灣地鐵站!歡迎來電約睇!,長沙灣,私人屋苑/萬科香港,6880000,386,1,1,高層,開放式廚房,5,中原地產代理有限公司,https://i1.28hse.com/2026/07/202607221726101773223_thumb.jpg,https://www.28hse.com/buy/apartment/property-3942285,2026-08-06T17:33:59.496264+00:00,2026-08-06T18:07:22.935922+00:00,The Campton 1B期,,九龍長沙灣The Campton 1B期 福榮街201號,"歡迎查詢 全港九新界
一手二手物業 買賣 租賃
緊貼跟進 不用貴客煩惱
銀行估價 按揭 律師轉介
為 您 你 妳 尋找理想的家同區大量筍盤 一手二手物業
物業買賣/租賃
壓力測試 首期及供款計算
律師轉介服務
銀行按揭轉介
水電申請/轉名
全港地盤/示範單位專車接送
大量筍盤 未能盡錄
歡迎查詢全港一手或二手物業買賣或租賃
業主委托放售或出租物業
銀行按揭轉介
律師樓轉介
物業實時估價
歡迎查詢，大量筍盤為你提供",22.333639,114.160416,,,,,,2026-07-22T17:26:49+08:00,2026-07-22T17:26:49+08:00,2026-08-21T17:26:49+08:00,"[""https://i1.28hse.com/2026/07/202607221726093957566_large.jpg"", ""https://i1.28hse.com/2026/07/202607221726091106055_large.jpg"", ""https://i1.28hse.com/2026/07/202607221726086361070_large.jpg"", ""https://i1.28hse.com/2026/07/202607221726092744536_large.jpg"", ""https://i1.28hse.com/2026/07/202607221726105424852_large.jpg"", ""https://i1.28hse.com/estate_data/63/23359/FLOOR/23359_20231201153011354563_thumb.jpg"", ""https://i1.28hse.com/estate_data/63/23359/UNIT/23359_20231201153033879747_thumb.jpg""]",,,24761,3744,28504,2373600,14333,8635034,5078225,-1187839,3343889,-4531729
3947581,有匙即睇，一口價，正東南，靚景，豪宅之中最筍的一間，有買快手！馬上約睇，勿走寶！,何文田,私人屋苑/永泰,6900000,381,1,1,中層,開放式廚房,10,世紀21領先置業代理,https://i1.28hse.com/2026/07/202607261847075747875_thumb.jpg,https://www.28hse.com/buy/apartment/property-3947581,2026-08-06T17:33:59.496264+00:00,2026-08-06T18:15:17.740085+00:00,何文田山畔,,九龍何文田何文田山畔 薈然徑8號,有匙即睇，一口價，正東南，靚景，豪宅之中最筍的一間，有買快手！馬上約睇，勿走寶！,22.31259,114.185471,,,明火煮食,,,2026-07-26T18:47:49+08:00,2026-07-26T18:51:09+08:00,2026-09-24T18:47:49+08:00,"[""https://i1.28hse.com/2026/07/202607261847096671535_large.jpg"", ""https://i1.28hse.com/2026/07/202607261847121305409_large.jpg"", ""https://i1.28hse.com/2026/07/202607261847143549418_large.jpg"", ""https://i1.28hse.com/2026/07/202607261847168375016_large.jpg"", ""https://i1.28hse.com/estate_data/60/8468/FLOOR/8468_20231117020115369474_thumb.jpg"", ""https://i1.28hse.com/estate_data/60/8468/UNIT/8468_20231117020258147332_thumb.jpg""]",,,24833,3727,28560,2380500,14375,8650375,5092987,-1182091,3343889,-4525980
3928480,《價筍》《實用》《靠牆位多》《少走廊位》《市區大廳大房》《近地鐵屋苑》34校網,啟德,私人屋苑/中國海外,6900000,375,1,1,中層,,9,香港置業,https://i1.28hse.com/2026/07/202607111848297919504_thumb.jpg,https://www.28hse.com/buy/apartment/property-3928480,2026-08-06T17:33:59.496264+00:00,2026-08-06T18:17:50.848816+00:00,啟德1號(II),,九龍啟德啟德1號(II) 沐寧街8號,"【九龍區置業專家】一站式尊貴服務｜筍盤精選·按揭·法律·租管全包
** 您是否厭倦了盲目比較樓盤？ **
身為九龍區資深地產顧問，我深知每一分鍬的價值。我們擁有**獨家筍盤資料庫**，涵蓋舊樓、半新樓、新樓資源，免去您逐一致電的麻煩。只需一個電話或WhatsApp，我們立即為您篩選配對房源，節省90%時間！
** 為何選擇我們？ **
 **「一條龍」高端服務**
從委託放盤、精準估價、到房貸規劃、法律諮詢，甚至售後放租，我們全程跟進，確保買賣無縫銜接。
 **科技賦能置業**
圖文資料，即使您身處海外或大灣區，也能清晰睇樓，決策快人一步。
 **九龍區深部專營**
專註九龍市場十多年，掌握學區、基建、潛力地段第一手情報，助您投資、移民或換樓時精準捕捉機會。
** 服務全覆蓋**
▸ **業主服務**：免費估價+快速放盤策略
▸ **買家服務**：抵押利率比較+律師推薦，避坑指引
** 專精領域**
 移民急售 大灣區安家 學區房優選 收租投資組合 自住退休推介
** 立即行動！ **
**「筍盤不等人！」** 只要留言需求，團隊立即為您鎖定目標！
** 聯絡方式**：WhatsApp/電話 
（專業諮詢絕不硬銷，隱私嚴格保密）",22.328983,114.20043199999998,,,,,,2026-07-11T18:49:33+08:00,2026-07-11T18:53:45+08:00,2026-09-09T18:49:33+08:00,"[""https://i1.28hse.com/2026/07/202607111848318609508_large.jpg"", ""https://i1.28hse.com/2026/07/202607111848323488959_large.jpg"", ""https://i1.28hse.com/2026/07/202607111848328738963_large.jpg"", ""https://i1.28hse.com/2026/07/202607111848371024802_large.jpg"", ""https://i1.28hse.com/2026/07/202607111848382790025_large.jpg"", ""https://i1.28hse.com/estate_data/82/22421/FLOOR/22421_20231205113000226911_thumb.jpg"", ""https://i1.28hse.com/estate_data/82/22421/UNIT/22421_20231205113142674497_thumb.jpg""]",,,24833,3700,28533,2380500,14375,8640809,5092987,-1163546,3343889,-4507435
3934284,機會!!巨型一房！3分鐘到地鐵站！西南河景！,啟德,私人屋苑/中國海外,6900000,375,1,,中層,,9,香港置業,https://i1.28hse.com/2026/07/202607161606172515164_thumb.jpg,https://www.28hse.com/buy/apartment/property-3934284,2026-08-06T17:33:59.496264+00:00,2026-08-06T18:17:45.614300+00:00,啟德1號(II),,九龍啟德啟德1號(II) 沐寧街8號,"想搵置業租樓好幫手？
上車？搵樓？投資？
一手二手市場都幫到您！
在市場一定要搵個盡心盡力專業既好幫手！
只要您有心我就用心 幫你解決疑難雜症！
盤源最實最齊！可以一次過睇哂！歡迎比較！
主營（啟德 土瓜灣 鑽石山 九龍灣 藍田 油塘 觀塘 黃大仙 九龍城 新蒲崗 ）
掌握市場最新動向 唔會令您錯過任何筍盤！
助你輕鬆置業
保證真實盤源 最貼價最齊盤
盡量滿足客人要求
！！您搵我幫您傾 分分鐘有驚喜！！
24小時歡迎致電查詢：
－Frank Siu
歡迎業主放盤",22.328983,114.200432,,,,,,2026-07-16T16:07:14+08:00,2026-07-16T16:07:14+08:00,2026-09-14T16:07:14+08:00,"[""https://i1.28hse.com/2026/07/202607161606175678784_large.jpg"", ""https://i1.28hse.com/2026/07/202607161606187949257_large.jpg"", ""https://i1.28hse.com/2026/07/202607161606181487062_large.jpg"", ""https://i1.28hse.com/2026/07/202607161606193024951_large.jpg"", ""https://i1.28hse.com/2026/07/202607161606191973614_large.jpg"", ""https://i1.28hse.com/estate_data/82/22421/FLOOR/22421_20231205113000226911_thumb.jpg"", ""https://i1.28hse.com/estate_data/82/22421/UNIT/22421_20231205113142674497_thumb.jpg""]",,,24833,3700,28533,2380500,14375,8640809,5092987,-1163546,3343889,-4507435
3949745,優質上車盤！大1房！近啟德站！,啟德,私人屋苑/中國海外,6900000,375,1,1,高層,,9,世紀21啟豐物業代理,https://i1.28hse.com/2026/07/202607281619551869440_thumb.jpg,https://www.28hse.com/buy/apartment/property-3949745,2026-08-06T17:33:59.496264+00:00,2026-08-06T18:17:29.086883+00:00,啟德1號(II),,九龍啟德啟德1號(II) 沐寧街8號,"@@@@@@@@@@@@@@
另有大量盤源未能盡錄
歡迎來電一次過引領你睇曬所有靚盤
即時約睇 唔使周圍問周圍搵",22.328983,114.200432,,,,,,2026-07-28T16:20:09+08:00,2026-07-28T16:20:09+08:00,2026-09-26T16:20:09+08:00,"[""https://i1.28hse.com/2026/07/20260728161955552578_large.jpg"", ""https://i1.28hse.com/2026/07/202607281619563963666_large.jpg""]",,,24833,3700,28533,2380500,14375,8640809,5092987,-1163546,3343889,-4507435
3937238,ღ獨家委託ღ翔龍灣高層兩房ღ開揚遠景ღ歡迎查詢ღ,土瓜灣,私人屋苑/恒基,6900000,361,2,1,,,19,裕豐物業代理,https://i1.28hse.com/2026/07/202607181547108910737_thumb.jpg,https://www.28hse.com/buy/apartment/property-3937238,2026-08-06T17:33:59.496264+00:00,2026-08-06T18:22:57.058610+00:00,翔龍灣,501,九龍土瓜灣翔龍灣 新碼頭街38號,"地址: 土瓜灣新碼頭街38號
入伙日期: 2006年11月
總座數:5
每層伙數: 8
層數:51
所屬校網:九龍區34號校網
物業設施: 美容顧問室、蒸氣浴室、桑拿浴室、指甲美容室、按摩浴池、果汁吧、足部按摩室、按摩室/水療室、水療按摩室、健身室、健康舞室/舞蹈室、娛樂廳、宴會廳、廚藝練習室、豪華影院、音樂中心、卡拉OK室、螢光保齡球場、日光曬台、游泳池、足底按摩地帶、恆溫按摩池",22.31918,114.193336,,,,,,2026-07-18T15:47:38+08:00,2026-07-18T15:47:38+08:00,2026-09-16T15:47:38+08:00,"[""https://i1.28hse.com/2026/07/202607181547271653557_large.jpg"", ""https://i1.28hse.com/2026/07/202607181547275523769_large.jpg"", ""https://i1.28hse.com/2026/07/202607181547278026650_large.jpg"", ""https://i1.28hse.com/estate_data/77/2548/FLOOR/2548_20250718164024372877_thumb.jpg"", ""https://i1.28hse.com/estate_data/77/2548/UNIT/2548_20250718164140291374_thumb.jpg""]",,,24833,3637,28470,2380500,14375,8618489,5092987,-1120274,3343889,-4464164
3961888,罕有A單位出售近旺角地鐵站，單邊開揚,旺角,單幢式大廈/洋樓,6900000,424,2,1,高層,,23,龍鳳地產公司,https://i1.28hse.com/2026/08/202608061110036402879_thumb.jpg,https://www.28hse.com/buy/apartment/property-3961888,2026-08-06T17:33:59.496264+00:00,2026-08-06T17:57:24.047035+00:00,長旺雅苑,629,九龍旺角長旺雅苑 長旺道9號,約睇,22.319815,114.16657300000001,,,,,,2026-08-06T11:10:04+08:00,2026-08-06T11:10:04+08:00,2026-10-05T11:10:04+08:00,[],,,24833,3920,28753,2380500,14375,8718931,5092987,-1314996,3343889,-4658885
3940036,尊貴會所配套 一房盡享豪宅級待遇,油麻地,私人屋苑,6900000,400,1,1,高層,開放式廚房,14,金國置業,https://i1.28hse.com/2026/07/202607202010088129005_thumb.jpg,https://www.28hse.com/buy/apartment/property-3940036,2026-08-06T17:33:59.496264+00:00,2026-08-06T17:55:31.551907+00:00,御金國峯,510,九龍油麻地御金國峯 友翔道1號,"坐落九龍站附近豪宅屋苑御金國峯，盡享核心地段尊貴生活。一房間隔實用靚則，廳房分明，採光充足，感受開揚市區景致，遠眺獅子山綠意，鬧市中仍保留一份寧靜舒適。
屋苑設有豪華住客會所，提供泳池、健身室、多功能活動室等完善配套，休閒娛樂一應俱全，假日足不出戶都可享受高質生活。物業下方連接大型商場及寫字樓群，食肆、商店、生活所需近在咫尺，衣食住行極為方便。",22.310324,114.165863,,,,,,2026-07-20T20:10:18+08:00,2026-07-20T20:10:18+08:00,2026-09-18T20:10:18+08:00,"[""https://i1.28hse.com/estate_data/72/6768/FLOOR/6768_20231117004407844879_thumb.jpg"", ""https://i1.28hse.com/estate_data/72/6768/UNIT/6768_20231117004941618824_thumb.jpg""]",,,24833,3812,28645,2380500,14375,8680668,5092987,-1240816,3343889,-4584706
3886013,價錢超筍 景觀超靚 實盤約睇,荃灣,私人屋苑/新世界,6900000,470,2,,高層,,29,中原地產代理有限公司,https://i1.28hse.com/2026/06/202606111352573701587_thumb.jpg,https://www.28hse.com/buy/apartment/property-3886013,2026-08-06T17:33:59.496264+00:00,2026-08-06T18:38:27.599575+00:00,愉景新城,593,新界荃灣愉景新城 青山公路荃灣段398號,"一站式服務
 大量筍盤， 歡迎比較
.壓力測試、首期及供款
.投資樓盤資訊 代新樓入飛
.房屋租賃放盤 放售處理
.室內設計建議，新樓驗收轉介
.日常單位維護專人服務轉介
.水電煤代辦轉名服務",22.376377,114.11125200000001,,,,,,2026-06-11T13:53:33+08:00,2026-06-24T19:30:59+08:00,2026-08-10T13:53:33+08:00,"[""https://i1.28hse.com/2026/06/20260611135258937093_large.jpg"", ""https://i1.28hse.com/2026/06/202606111352597193942_large.jpg"", ""https://i1.28hse.com/2026/06/202606111353014371596_large.jpg"", ""https://i1.28hse.com/2026/06/202606111353022368845_large.jpg"", ""https://i1.28hse.com/2026/06/202606111353037265828_large.jpg"", ""https://i1.28hse.com/2026/06/202606111353046450551_large.jpg"", ""https://i1.28hse.com/2026/06/202606111353057982439_large.jpg"", ""https://i1.28hse.com/estate_data/113/4573/FLOOR/4573_20231121014251943735_thumb.jpg"", ""https://i1.28hse.com/estate_data/113/4573/UNIT/4573_20231121014451414556_thumb.jpg""]",,,24833,4128,28960,2380500,14375,8792270,5092987,-1457173,3343889,-4801063
3897215,蔚景花園三房 開揚山景大房,荃灣,私人屋苑,6900000,558,3,,高層,,28,美聯物業(麗城分行),https://i1.28hse.com/2026/06/202606191149247619731_thumb.jpg,https://www.28hse.com/buy/apartment/property-3897215,2026-08-06T17:33:59.496264+00:00,2026-08-06T18:37:41.637977+00:00,蔚景花園,742,新界荃灣蔚景花園 青山公路荃灣段520號,蔚景花園三房 開揚山景大房,22.373442,114.102989,,,,,,2026-06-19T11:50:36+08:00,2026-07-19T19:28:45+08:00,2026-08-18T11:50:36+08:00,"[""https://i1.28hse.com/2026/06/202606191150167564916_large.jpg"", ""https://i1.28hse.com/2026/06/202606191150187044494_large.jpg"", ""https://i1.28hse.com/2026/06/202606191150204563178_large.jpg"", ""https://i1.28hse.com/2026/06/20260619115023116366_large.jpg"", ""https://i1.28hse.com/2026/06/202606191150251418445_large.jpg"", ""https://i1.28hse.com/2026/06/202606191150093859771_large.jpg"", ""https://i1.28hse.com/2026/06/202606191150103375306_large.jpg""]",,,24833,4524,29356,2380500,14375,8932571,5092987,-1729165,3343889,-5073055
3903137,●東南海景●大2房● 價錢可以盡傾♡歡迎約睇,荃灣,私人屋苑/南豐,6900000,481,2,,中層,,23,中原地產代理有限公司,https://i1.28hse.com/2026/06/20260623175200912091_thumb.jpg,https://www.28hse.com/buy/apartment/property-3903137,2026-08-06T17:33:59.496264+00:00,2026-08-06T18:37:08.955138+00:00,翠豐臺,659,新界荃灣翠豐臺 安育路2號,"●東南海景
●大2房
● 價錢可以盡傾
♡歡迎約睇
大量筍盤 歡迎WhatsApp查詢
大量筍盤 歡迎WhatsApp查詢
大量筍盤 歡迎WhatsApp查詢",22.375858,114.10611,,,,,,2026-06-23T17:53:30+08:00,2026-06-23T17:53:30+08:00,2026-08-22T17:53:30+08:00,"[""https://i1.28hse.com/2026/06/20260623175205746621_large.jpg"", ""https://i1.28hse.com/2026/06/202606231752056755505_large.jpg"", ""https://i1.28hse.com/2026/06/202606231752032608818_large.jpg"", ""https://i1.28hse.com/2026/06/202606231752047362807_large.jpg"", ""https://i1.28hse.com/2026/06/202606231752022840218_large.jpg"", ""https://i1.28hse.com/2026/06/202606231752037427246_large.jpg"", ""https://i1.28hse.com/2026/06/202606231752017331164_large.jpg""]",,,24833,4177,29010,2380500,14375,8809808,5092987,-1491172,3343889,-4835062
3956696,罕有近地鐵 大屋苑,荃灣,私人屋苑/新世界,6900000,495,2,,,,29,中原地產代理有限公司,https://i1.28hse.com/2026/08/202608021613283238089_thumb.jpg,https://www.28hse.com/buy/apartment/property-3956696,2026-08-06T17:33:59.496264+00:00,2026-08-06T18:30:58.613844+00:00,愉景新城,610,新界荃灣愉景新城 青山公路荃灣段398號,2房 雙會所開揚景觀新淨企理,22.376377,114.111252,,,,,,2026-08-02T16:14:01+08:00,2026-08-02T16:14:01+08:00,2026-10-01T16:14:01+08:00,"[""https://i1.28hse.com/2026/08/202608021613291088102_large.jpg"", ""https://i1.28hse.com/2026/08/20260802161330915428_large.jpg"", ""https://i1.28hse.com/2026/08/202608021613318618885_large.jpg"", ""https://i1.28hse.com/2026/08/202608021613337208402_large.jpg"", ""https://i1.28hse.com/2026/08/202608021613347897027_large.jpg"", ""https://i1.28hse.com/2026/08/202608021613351868104_large.jpg"", ""https://i1.28hse.com/2026/08/202608021613364264916_large.jpg"", ""https://i1.28hse.com/estate_data/113/4573/FLOOR/4573_20231121014230375299_thumb.jpg"", ""https://i1.28hse.com/estate_data/113/4573/UNIT/4573_20231121014359384698_thumb.jpg""]",,,24833,4240,29073,2380500,14375,8832129,5092987,-1534444,3343889,-4878333
3918602,"極高層不低於2x樓,,旺角最方便,型格天際會所,5分鐘朗豪坊",旺角,私人屋苑/新世界,6920000,404,1,1,高層,開放式廚房,9,富榮地產代理,https://i1.28hse.com/2026/07/202607171949267938727_thumb.jpg,https://www.28hse.com/buy/apartment/property-3918602,2026-08-06T17:33:59.496264+00:00,2026-08-06T17:57:33.871721+00:00,SKYPARK,,九龍旺角SKYPARK 旺角奶路臣街17號,"[REDACTED]
A單位球場景,720萬",22.318693,114.171417,,,,,,2026-08-04T15:35:45+08:00,2026-08-04T15:36:19+08:00,2026-09-03T15:35:45+08:00,"[""https://i1.28hse.com/2026/07/202607171949258580258_large.jpg"", ""https://i1.28hse.com/2026/07/202607171949266236500_large.jpg"", ""https://i1.28hse.com/2026/07/202607171949263453611_large.jpg"", ""https://i1.28hse.com/2026/07/202607171949254442865_large.jpg"", ""https://i1.28hse.com/2026/07/202607171949261520521_large.jpg"", ""https://i1.28hse.com/2026/07/202607171949265273790_large.jpg"", ""https://i1.28hse.com/2026/07/202607171950012398838_large.jpg"", ""https://i1.28hse.com/2026/07/202607171950036534849_large.jpg"", ""https://i1.28hse.com/2026/07/202607171950056260642_large.jpg"", ""https://i1.28hse.com/2026/07/202607171950065641607_large.jpg"", ""https://i1.28hse.com/2026/07/20260717195009717881_large.jpg"", ""https://i1.28hse.com/2026/07/202607171950148177352_large.jpg"", ""https://i1.28hse.com/estate_data/71/8587/FLOOR/8587_20231121200402231237_thumb.jpg"", ""https://i1.28hse.com/estate_data/71/8587/UNIT/8587_20231121200535411934_thumb.jpg""]",,,24905,3836,28741,2387400,14417,8710358,5107749,-1262885,3343889,-4606774
3900923,青衣明翹匯超高層2房超靚山景靚裝靚傢俬,青衣,私人屋苑/佳明,6920000,421,2,1,高層,開放式廚房,4,利嘉閣地產有限公司,https://i1.28hse.com/2026/06/20260621233019858605_thumb.jpg,https://www.28hse.com/buy/apartment/property-3900923,2026-08-06T17:33:59.496264+00:00,2026-08-06T18:26:58.604308+00:00,明翹匯,,新界青衣明翹匯 細山路18號,青衣明翹匯超高層2房超靚山景靚裝靚傢俬,22.34346,114.106308,,,,,,2026-06-21T23:30:31+08:00,2026-07-18T15:47:57+08:00,2026-08-20T23:30:31+08:00,"[""https://i1.28hse.com/2026/06/202606212330193982176_large.jpg"", ""https://i1.28hse.com/2026/06/202606212330208719568_large.jpg"", ""https://i1.28hse.com/2026/06/202606212330202295094_large.jpg"", ""https://i1.28hse.com/2026/06/202606212330204736162_large.jpg"", ""https://i1.28hse.com/2026/06/202606212330218794674_large.jpg"", ""https://i1.28hse.com/2026/06/202606212330215731638_large.jpg"", ""https://i1.28hse.com/2026/06/202606212330218900294_large.jpg"", ""https://i1.28hse.com/2026/06/202606212330226720251_large.jpg"", ""https://i1.28hse.com/2026/06/202606212330221096558_large.jpg"", ""https://i1.28hse.com/2026/06/202606212330235667743_large.jpg"", ""https://i1.28hse.com/2026/06/202606212330231822886_large.jpg"", ""https://i1.28hse.com/2026/06/202606212330236038282_large.jpg"", ""https://i1.28hse.com/2026/06/202606212330246667671_large.jpg"", ""https://i1.28hse.com/2026/06/202606212330244437997_large.jpg"", ""https://i1.28hse.com/2026/06/202606212330256807926_large.jpg"", ""https://i1.28hse.com/2026/06/202606212330258432353_large.jpg"", ""https://i1.28hse.com/2026/06/202606212330253382243_large.jpg"", ""https://i1.28hse.com/2026/06/202606212330262998491_large.jpg"", ""https://i1.28hse.com/2026/06/202606212330261290994_large.jpg"", ""https://i1.28hse.com/2026/06/202606212330267854334_large.jpg"", ""https://i1.28hse.com/2026/06/202606212330271156272_large.jpg"", ""https://i1.28hse.com/2026/06/202606212330274834392_large.jpg"", ""https://i1.28hse.com/2026/06/20260621233027815105_large.jpg"", ""https://i1.28hse.com/2026/06/202606212330276990741_large.jpg"", ""https://i1.28hse.com/2026/06/202606212330286020536_large.jpg"", ""https://i1.28hse.com/2026/06/20260621233028524628_large.jpg"", ""https://i1.28hse.com/2026/06/202606212330282585569_large.jpg"", ""https://i1.28hse.com/2026/06/202606212330297961446_large.jpg"", ""https://i1.28hse.com/2026/06/202606212330297888204_large.jpg"", ""https://i1.28hse.com/2026/06/202606212330301066889_large.jpg"", ""https://i1.28hse.com/2026/06/202606212330305482779_large.jpg"", ""https://i1.28hse.com/2026/06/202606212330303024725_large.jpg"", ""https://i1.28hse.com/estate_data/123/23182/FLOOR/23182_20250702165752578285_thumb.jpg"", ""https://i1.28hse.com/estate_data/123/23182/UNIT/23182_20250702170233733662_thumb.jpg""]",,,24905,3913,28817,2387400,14417,8737461,5107749,-1315429,3343889,-4659318
3944832,間格實用 鄰近啟德站,啟德,私人屋苑/中國海外/低水,6950000,367,1,1,高層,,9,中原地產代理有限公司,https://i1.28hse.com/2026/07/202607241508418899474_thumb.jpg,https://www.28hse.com/buy/apartment/property-3944832,2026-08-06T17:33:59.496264+00:00,2026-08-06T18:17:32.669649+00:00,啟德1號(I),,九龍啟德啟德1號(I) 沐寧街2號,廳大房大,22.329336,114.200851,,,,,,2026-07-24T15:11:10+08:00,2026-07-24T17:48:06+08:00,2026-09-22T15:11:10+08:00,"[""https://i1.28hse.com/2026/07/202607241508411867294_large.jpg"", ""https://i1.28hse.com/2026/07/202607241508467507570_large.jpg"", ""https://i1.28hse.com/2026/07/202607241508462551104_large.jpg"", ""https://i1.28hse.com/2026/07/202607241508534371517_large.jpg"", ""https://i1.28hse.com/2026/07/202607241508582334462_large.jpg"", ""https://i1.28hse.com/2026/07/202607241508418899474_large.jpg"", ""https://i1.28hse.com/estate_data/82/8908/FLOOR/8908_20231205110535515259_thumb.jpg"", ""https://i1.28hse.com/estate_data/82/8908/UNIT/8908_20231205110737465932_thumb.jpg""]",,,25012,3679,28691,2397750,14479,8686337,5129893,-1163083,3343889,-4506972
3945081,業主減價求賣，有匙即看。,大角咀,私人屋苑/香港小輪,6950000,386,2,,高層,,23,香港置業,https://i1.28hse.com/2026/07/2026072416342199421_thumb.jpg,https://www.28hse.com/buy/apartment/property-3945081,2026-08-06T17:33:59.496264+00:00,2026-08-06T18:02:54.820288+00:00,港灣豪庭,566,九龍大角咀港灣豪庭 福利街8號,"西九龍大型新盤叡璟，
即將開售，歡迎索取最新資料",22.324369,114.15979,,,,,,2026-07-24T16:37:35+08:00,2026-07-24T16:37:35+08:00,2026-09-22T16:37:35+08:00,"[""https://i1.28hse.com/2026/07/202607241634227748478_large.jpg"", ""https://i1.28hse.com/2026/07/202607241634226300207_large.jpg"", ""https://i1.28hse.com/2026/07/202607241634225273150_large.jpg"", ""https://i1.28hse.com/2026/07/202607241634236695720_large.jpg"", ""https://i1.28hse.com/2026/07/202607241634231969537_large.jpg"", ""https://i1.28hse.com/estate_data/67/2564/FLOOR/2564_20231121185730969453_thumb.jpg"", ""https://i1.28hse.com/estate_data/67/2564/UNIT/2564_20231121185930346194_thumb.jpg""]",,,25012,3764,28777,2397750,14479,8716629,5129893,-1221808,3343889,-4565698
3921821,《 海景· 3房單位·可遇不可求· 》榮輝大廈,紅磡,私人屋苑/洋樓/單幢式大廈,6950000,517,3,1,中層,,27,天晋物業有限公司,https://i1.28hse.com/2026/07/202607071423587772864_thumb.jpg,https://www.28hse.com/buy/apartment/property-3921821,2026-08-06T17:33:59.496264+00:00,2026-08-06T17:50:09.688510+00:00,榮輝大廈,690,九龍紅磡榮輝大廈 榮光街52號,"《 海景· 3房單位·可遇不可求· 》榮輝大廈
地址:	榮光街52號
入伙日期:	05/1994
單位數目:	102
層數:	17
每層伙數:	6
所屬校網:	九龍區35號校網",22.313452,114.189468,,,明火煮食,,,2026-07-07T14:24:33+08:00,2026-07-30T14:43:00+08:00,2026-09-05T14:24:33+08:00,"[""https://i1.28hse.com/2026/07/20260707142432657909_large.jpg"", ""https://i1.28hse.com/2026/07/202607071424338475860_large.jpg"", ""https://i1.28hse.com/2026/07/202607071423578725207_large.jpg"", ""https://i1.28hse.com/estate_data/75/7262/FLOOR/7262_20240110132621767784_thumb.jpg"", ""https://i1.28hse.com/estate_data/75/7262/UNIT/7262_20240110132627223424_thumb.jpg""]",,,25012,4354,29366,2397750,14479,8925486,5129893,-1626705,3343889,-4970595
3788594,●●官方荀盤認證✓✓➼●●大1房 廳大房大 靚則,啟德,私人屋苑/中國海外,6960000,375,1,1,中層,開放式廚房,9,世紀21啟豐物業代理,https://i1.28hse.com/2026/03/202603280132428132735_thumb.jpg,https://www.28hse.com/buy/apartment/property-3788594,2026-08-06T17:33:59.496264+00:00,2026-08-06T18:17:52.278400+00:00,啟德1號(II),,九龍啟德啟德1號(II) 沐寧街8號,●●官方荀盤認證✓✓➼●●大1房 廳大房大 靚則,22.328983,114.200432,,,,,,2026-07-11T09:59:22+08:00,2026-08-06T12:15:16+08:00,2026-09-09T09:59:22+08:00,"[""https://i1.28hse.com/2026/03/20260328013243352775_large.jpg"", ""https://i1.28hse.com/2026/03/202603280132441727845_large.jpg"", ""https://i1.28hse.com/2026/03/20260328013244906390_large.jpg""]",,,25048,3718,28766,2401200,14500,8710748,5137274,-1192662,3343889,-4536552
3950888,《美嘉大廈》兩房雅裝(可三房) 豪宅地段 33年樓約睇,土瓜灣,單幢式大廈,6980000,487,3,1,,,,天晋物業有限公司,https://i1.28hse.com/2026/07/202607291506158648150_thumb.jpg,https://www.28hse.com/buy/apartment/property-3950888,2026-08-06T17:33:59.496264+00:00,2026-08-06T18:19:29.386066+00:00,美嘉大廈,646,九龍土瓜灣美嘉大廈 美善同道1號,"位於馬頭圍美善同道1號。
入伙日期由11/1993開始。
美嘉大廈提供72個單位。
美嘉大廈的實用面積由360呎至487呎。
小學校網為34。
中學校網為九龍城區。",22.319349,114.18708,,,,,,2026-07-29T15:04:11+08:00,2026-07-29T15:07:03+08:00,2026-09-27T15:04:11+08:00,"[""https://i1.28hse.com/2026/07/202607291506166104368_large.jpg"", ""https://i1.28hse.com/2026/07/202607291506168739234_large.jpg"", ""https://i1.28hse.com/2026/07/202607291506174780625_large.jpg"", ""https://i1.28hse.com/2026/07/202607291506186342295_large.jpg"", ""https://i1.28hse.com/2026/07/20260729150618577811_large.jpg""]",,,25120,4227,29348,2408100,14542,8912625,5152036,-1548539,3343889,-4892428
3874279,【實盤可睇】最新～可約睇！可改兩房！保養極佳！太子地鐵上蓋！50萬品味靚裝修,太子,私人屋苑/泛海,6980000,418,2,1,高層,,23,富榮地產代理,https://i1.28hse.com/2026/07/202607101608204166116_thumb.jpg,https://www.28hse.com/buy/apartment/property-3874279,2026-08-06T17:33:59.496264+00:00,2026-08-06T18:01:25.382169+00:00,別樹華軒,590,九龍太子別樹華軒 太子道西157號,"歡迎WHATSAPP預約及致電:9O148558蔡先生~
罕有放盤, 簡單裝修, 高實用率, 近港鐵站, 獨家盤, 罕有放盤, 開揚, 包電器, 中心旺地, 罕有放盤, 交通便利, 開揚清爽, 間隔四正, 新樓會所, 管理完善, 豪宅氣派",22.323862,114.16876199999999,,,,,,2026-07-08T21:22:27+08:00,2026-07-31T21:00:30+08:00,2026-08-07T21:22:27+08:00,"[""https://i1.28hse.com/2026/07/202607101608253048508_large.jpg"", ""https://i1.28hse.com/2026/07/20260710160824828691_large.jpg"", ""https://i1.28hse.com/2026/07/202607101608216020466_large.jpg"", ""https://i1.28hse.com/2026/07/2026071016082069247_large.jpg"", ""https://i1.28hse.com/2026/07/202607101608245152151_large.jpg"", ""https://i1.28hse.com/2026/07/202607101608224419375_large.jpg"", ""https://i1.28hse.com/2026/07/20260710160822887868_large.jpg"", ""https://i1.28hse.com/2026/07/202607101608257472645_large.jpg"", ""https://i1.28hse.com/2026/07/202607101608234570397_large.jpg"", ""https://i1.28hse.com/2026/07/202607101608221057611_large.jpg"", ""https://i1.28hse.com/2026/07/202607101608252513933_large.jpg"", ""https://i1.28hse.com/2026/07/202607101608246722035_large.jpg"", ""https://i1.28hse.com/2026/07/20260710160823604953_large.jpg"", ""https://i1.28hse.com/2026/07/202607101608213592447_large.jpg"", ""https://i1.28hse.com/2026/07/202607101609246767827_large.jpg"", ""https://i1.28hse.com/2026/07/202607312100191740502_large.jpg"", ""https://i1.28hse.com/2026/07/202607101609112949234_large.jpg"", ""https://i1.28hse.com/2026/07/202607101609127715084_large.jpg""]",,,25120,3917,29037,2408100,14542,8802617,5152036,-1335273,3343889,-4679162
3949898,太子地鐵上蓋 高層開揚 靚裝 少有放盤,太子,洋樓/泛海,6980000,418,2,1,高層,,23,喜居物業(旺角舖),https://i1.28hse.com/2026/07/202607281715108096085_thumb.jpg,https://www.28hse.com/buy/apartment/property-3949898,2026-08-06T17:33:59.496264+00:00,2026-08-06T18:00:51.005399+00:00,別樹華軒,590,九龍太子別樹華軒 太子道西157號,"小型會所,桑拿浴室、電腦室、健康舞室、健身室、平台花園",22.323862,114.168762,,,,,,2026-07-31T18:04:33+08:00,2026-08-05T17:08:47+08:00,2026-08-30T18:04:33+08:00,"[""https://i1.28hse.com/2026/07/202607281715115376262_large.jpg"", ""https://i1.28hse.com/2026/07/202607281715118003492_large.jpg"", ""https://i1.28hse.com/2026/07/202607281715121417578_large.jpg"", ""https://i1.28hse.com/2026/07/202607281715124333671_large.jpg"", ""https://i1.28hse.com/2026/07/202607281715124241559_large.jpg"", ""https://i1.28hse.com/2026/07/202607281715135660263_large.jpg"", ""https://i1.28hse.com/2026/07/202607281715133130845_large.jpg"", ""https://i1.28hse.com/estate_data/70/2608/FLOOR/2608_20240216113040269371_thumb.jpg"", ""https://i1.28hse.com/estate_data/70/2608/UNIT/2608_20240216113054746691_thumb.jpg""]",,,25120,3917,29037,2408100,14542,8802617,5152036,-1335273,3343889,-4679162
3920660,《單身一房｜清幽無噪音 開揚景觀 穩收租 回報優秀｜尖沙咀｜西九高鐵》,尖沙咀,私人屋苑,6980000,363,1,1,中層,開放式廚房,,香港置業,https://i1.28hse.com/2026/07/202607061629181989676_thumb.jpg,https://www.28hse.com/buy/apartment/property-3920660,2026-08-06T17:33:59.496264+00:00,2026-08-06T17:52:36.934398+00:00,凱譽,484,九龍尖沙咀凱譽 棉登徑8號,《單身一房｜清幽無噪音 開揚景觀 穩收租 回報優秀｜尖沙咀｜西九高鐵》,22.296717,114.174133,,,,,,2026-07-06T16:29:48+08:00,2026-08-01T19:34:35+08:00,2026-09-04T16:29:48+08:00,"[""https://i1.28hse.com/2026/07/202607061629188179339_large.jpg"", ""https://i1.28hse.com/2026/07/20260706162919112145_large.jpg"", ""https://i1.28hse.com/2026/07/202607061629201982641_large.jpg""]",,,25120,3669,28790,2408100,14542,8714929,5152036,-1165278,3343889,-4509167
3892854,極高層一房 有會所，連租約,旺角,洋樓,6980000,398,1,1,高層,開放式廚房,13,鉅泰地產,https://i1.28hse.com/2026/07/202607071534465343388_thumb.jpg,https://www.28hse.com/buy/apartment/property-3892854,2026-08-06T17:33:59.496264+00:00,2026-08-06T18:00:16.148074+00:00,麥花臣匯,,九龍旺角麥花臣匯 奶路臣街38號,兩鐵匯聚,22.318846,114.172836,,,,,,2026-06-15T19:37:00+08:00,2026-07-09T19:26:50+08:00,2026-08-14T19:37:00+08:00,"[""https://i1.28hse.com/2026/07/202607071534478391107_large.jpg"", ""https://i1.28hse.com/2026/07/202607071534483255931_large.jpg"", ""https://i1.28hse.com/2026/07/202607071534492966663_large.jpg"", ""https://i1.28hse.com/2026/07/202607071534518756852_large.jpg"", ""https://i1.28hse.com/2026/07/202607071534525024000_large.jpg"", ""https://i1.28hse.com/2026/07/202607071534544044086_large.jpg"", ""https://i1.28hse.com/2026/07/202607071534557543698_large.jpg"", ""https://i1.28hse.com/2026/07/202607071534568814070_large.jpg"", ""https://i1.28hse.com/estate_data/71/8377/FLOOR/8377_20231121195520644338_thumb.jpg"", ""https://i1.28hse.com/estate_data/71/8377/UNIT/8377_20231117015555975796_thumb.jpg""]",,,25120,3827,28947,2408100,14542,8770730,5152036,-1273456,3343889,-4617346
3961004,超靚海景一房，房大廳大,油麻地,私人屋苑,6980000,400,1,1,高層,,13,世紀21卓建物業,https://i1.28hse.com/2026/08/20260805162723990996_thumb.jpg,https://www.28hse.com/buy/apartment/property-3961004,2026-08-06T17:33:59.496264+00:00,2026-08-06T17:54:47.678723+00:00,御金國峯,510,九龍油麻地御金國峯 友翔道1號,"筍價出售, 海景, 中心旺地, 全屋有海景, 旺中帶靜, 交通便利, 管理完善, 廳大房大",22.310324,114.16586300000003,,,,,,2026-08-05T16:27:25+08:00,2026-08-05T16:27:25+08:00,2026-09-04T16:27:25+08:00,"[""https://i1.28hse.com/2026/08/202608051627233637045_large.jpg"", ""https://i1.28hse.com/2026/08/20260805162724507898_large.jpg"", ""https://i1.28hse.com/2026/08/202608051627248645223_large.jpg"", ""https://i1.28hse.com/2026/08/202608051627244735702_large.jpg"", ""https://i1.28hse.com/2026/08/202608051627255626439_large.jpg"", ""https://i1.28hse.com/2026/08/202608051627258989261_large.jpg"", ""https://i1.28hse.com/estate_data/72/6768/FLOOR/6768_20231117004407844879_thumb.jpg"", ""https://i1.28hse.com/estate_data/72/6768/UNIT/6768_20231117004941618824_thumb.jpg""]",,,25120,3836,28956,2408100,14542,8773919,5152036,-1279638,3343889,-4623527
3731645,【上車首選兩房 性價比極高 】間隔實用 生活便利 同業主相熟 可約看!,紅磡,私人屋苑/長實,6980000,430,2,1,中層,開放式廚房,10,世紀21領先置業代理,https://i1.28hse.com/2026/04/202604091533121130824_thumb.jpg,https://www.28hse.com/buy/apartment/property-3731645,2026-08-06T17:33:59.496264+00:00,2026-08-06T17:51:40.055202+00:00,悅目,1294,九龍紅磡悅目 利工街9號,"有興趣，請致電：李小姐
微信 Wechat：[REDACTED]
無論買樓自住，投資升值，區內換樓，放盤收租
一手樓盤 住宅 私人屋苑 工商舖位 工廈 寫字樓 銀主盤
●為你提供一條龍、買賣及售後完善服務
首次置業
售前壓測,首期,供款計算
銀行按揭上會
法律咨詢
律師轉介
裝修轉介
水電煤,差餉地租轉名
收樓驗樓→免費專車接送→歡迎致電查詢
一條龍貼心服務 信心保證做到最全面最好
搬屋 室內設計 家居保
均有專人提供專業意見",22.309418,114.186371,,,明火煮食,,,2026-06-10T14:24:37+08:00,2026-06-30T16:24:16+08:00,2026-08-09T14:24:37+08:00,"[""https://i1.28hse.com/2026/04/202604091533506148653_large.jpg"", ""https://i1.28hse.com/2026/04/202604091534272735800_large.jpg"", ""https://i1.28hse.com/2026/04/202604091534347703574_large.jpg"", ""https://i1.28hse.com/2026/04/202604091534427207383_large.jpg"", ""https://i1.28hse.com/2026/04/202604091534535058542_large.jpg""]",,,25120,3971,29091,2408100,14542,8821749,5152036,-1372362,3343889,-4716252
3916672,《 * 靚裝 2房 * 新入伙 》 景觀開揚,長沙灣,私人屋苑/萬科香港,6980000,365,2,1,中層,,,香港置業,https://i1.28hse.com/2026/07/202607032019162913290_thumb.jpg,https://www.28hse.com/buy/apartment/property-3916672,2026-08-06T17:33:59.496264+00:00,2026-08-06T18:08:31.974249+00:00,連方 連方 II,,九龍長沙灣連方連方 II 醫局街233號,"歡迎查詢 24小時即時回覆
提供買賣及售後服務
免費壓力測試,首期支出及供款計算
各大銀行按揭介紹
專業法律咨詢，律師介紹
裝修設計
專車接送
大量一手，二手樓盤介紹",22.329311,114.158195,,,,,,2026-07-03T20:19:17+08:00,2026-07-03T20:19:17+08:00,2026-09-01T20:19:17+08:00,"[""https://i1.28hse.com/2026/07/202607032019166092404_large.jpg"", ""https://i1.28hse.com/2026/07/202607032019166960702_large.jpg"", ""https://i1.28hse.com/2026/07/202607032019178342908_large.jpg"", ""https://i1.28hse.com/estate_data/63/25455/FLOOR/25455_20240325132725884492_thumb.jpg"", ""https://i1.28hse.com/estate_data/63/25455/UNIT/25455_20240325132745826835_thumb.jpg""]",,,25120,3678,28799,2408100,14542,8718118,5152036,-1171459,3343889,-4515349
3950293,"超大一房, 市場罕有",長沙灣,私人屋苑/香港房協,6980000,408,1,,,,9,中原地產-泓景臺分行,https://i1.28hse.com/2026/07/202607282046085743143_thumb.jpg,https://www.28hse.com/buy/apartment/property-3950293,2026-08-06T17:33:59.496264+00:00,2026-08-06T18:06:59.146085+00:00,喜漾,,九龍長沙灣喜漾 元州街393至399號,"有更多優質單位可以推介, 歡迎隨時查詢",22.338854,114.154633,,,,,,2026-07-28T20:46:33+08:00,2026-07-28T20:46:33+08:00,2026-08-27T20:46:33+08:00,"[""https://i1.28hse.com/2026/07/202607282046131019200_large.jpg"", ""https://i1.28hse.com/2026/07/202607282046154027009_large.jpg"", ""https://i1.28hse.com/2026/07/202607282046187585955_large.jpg"", ""https://i1.28hse.com/2026/07/202607282046201923547_large.jpg"", ""https://i1.28hse.com/estate_data/63/8625/FLOOR/8625_20231123171002146673_thumb.jpg"", ""https://i1.28hse.com/estate_data/63/8625/UNIT/8625_20231123171044385522_thumb.jpg""]",,,25120,3872,28992,2408100,14542,8786674,5152036,-1304365,3343889,-4648254
3964778,旺中帶靜 抵買市區兩房 開揚山景,長沙灣,私人屋苑/香港房協,6980000,408,1,,高層,,9,香港置業,https://i1.28hse.com/2026/08/202608072346248147789_thumb.jpg,https://www.28hse.com/buy/apartment/property-3964778,2026-08-07T16:19:46.780897+00:00,2026-08-07T16:21:22.850186+00:00,喜漾,,九龍長沙灣喜漾 元州街393至399號,"簡單裝修, 中心旺地, 旺中帶靜, 交通便利, 清雅裝修, 設施齊備, 開揚清爽, 間隔四正, 管理完善",22.338854,114.154633,,,,,,2026-08-07T23:46:51+08:00,2026-08-07T23:46:51+08:00,2026-10-06T23:46:51+08:00,"[""https://i1.28hse.com/2026/08/202608072346265241652_large.jpg"", ""https://i1.28hse.com/estate_data/63/8625/FLOOR/8625_20231123171002146673_thumb.jpg"", ""https://i1.28hse.com/estate_data/63/8625/UNIT/8625_20231123171044385522_thumb.jpg""]",,,25120,3872,28992,2408100,14542,8786674,5152036,-1304365,3343889,-4648254
3897390,"筍!筍!筍!高層開揚,靚裝2房",黃大仙,私人屋苑,6980000,439,2,1,高層,,18,金匯地產總行,https://i1.28hse.com/2026/06/20260620115437984360_thumb.jpg,https://www.28hse.com/buy/apartment/property-3897390,2026-08-06T17:33:59.496264+00:00,2026-08-06T18:17:07.104660+00:00,匯豪山,627,九龍黃大仙匯豪山 蒲崗村道99號,"筍!筍!筍!高層開揚,靚裝2房",22.345629,114.199059,,,,,,2026-06-19T13:31:34+08:00,2026-07-11T11:38:38+08:00,2026-08-18T13:31:34+08:00,"[""https://i1.28hse.com/2026/06/202606201154434717066_large.jpg"", ""https://i1.28hse.com/2026/06/202606201154516666292_large.jpg"", ""https://i1.28hse.com/2026/06/202606201154548826702_large.jpg"", ""https://i1.28hse.com/2026/06/202606201155013356579_large.jpg"", ""https://i1.28hse.com/2026/06/20260620115505822192_large.jpg""]",,,25120,4011,29132,2408100,14542,8836098,5152036,-1400180,3343889,-4744069
3954681,有匙即睇 舒適輕裝 開揚景觀,黃大仙,單幢式大廈/私人屋苑,6980000,439,2,,高層,,18,世紀21富山(香港),https://i1.28hse.com/2026/08/202608011203576671035_thumb.jpg,https://www.28hse.com/buy/apartment/property-3954681,2026-08-06T17:33:59.496264+00:00,2026-08-06T18:16:15.530061+00:00,匯豪山,627,九龍黃大仙匯豪山 蒲崗村道99號,有匙即睇 舒適輕裝 開揚景觀,22.345629,114.199059,,,明火煮食,,,2026-08-01T12:03:59+08:00,2026-08-01T12:03:59+08:00,2026-09-30T12:03:59+08:00,"[""https://i1.28hse.com/2026/08/202608011203573538364_large.jpg"", ""https://i1.28hse.com/2026/08/202608011203572073262_large.jpg"", ""https://i1.28hse.com/2026/08/202608011203584910561_large.jpg"", ""https://i1.28hse.com/2026/08/202608011203581652503_large.jpg"", ""https://i1.28hse.com/2026/08/202608011203591250873_large.jpg"", ""https://i1.28hse.com/2026/08/202608011203596462245_large.jpg""]",,,25120,4011,29132,2408100,14542,8836098,5152036,-1400180,3343889,-4744069
3948692,"[實盤] [交吉盤]原則2房,改1房,高層,核心地段,歡迎查詢",太子,私人屋苑/泛海,6990000,418,2,1,高層,開放式廚房,23,喜居物業(欽州街舖),https://i1.28hse.com/2026/07/20260728200245832594_thumb.jpg,https://www.28hse.com/buy/apartment/property-3948692,2026-08-06T17:33:59.496264+00:00,2026-08-06T18:00:57.513326+00:00,別樹華軒,590,九龍太子別樹華軒 太子道西157號,"誠徵業主放盤 招聘地產代理
提供多個同類荀盤
24小時查詢:
專營西九龍區樓宇買賣及租賃
售前壓測 , 預算首期 , 每月供款計算
銀行估價, 法律咨詢轉介
水電煤 , 差餉地租轉名
專車接送各區睇樓參觀
物業資料: 平面圖, 物業土地查册,資訊聆
如未能及時回覆，請麻煩致電/WhatsApp/WeChat ：
（852） 
24小時歡迎查詢",22.323862,114.168762,,,,,,2026-07-27T17:39:23+08:00,2026-07-28T20:04:17+08:00,2026-09-25T17:39:23+08:00,"[""https://i1.28hse.com/2026/07/202607282002468530692_large.jpg"", ""https://i1.28hse.com/2026/07/202607282002476909430_large.jpg"", ""https://i1.28hse.com/2026/07/202607282002462718275_large.jpg"", ""https://i1.28hse.com/2026/07/202607282002478212815_large.jpg"", ""https://i1.28hse.com/2026/07/202607282002478475876_large.jpg"", ""https://i1.28hse.com/estate_data/70/2608/FLOOR/2608_20240216113040269371_thumb.jpg"", ""https://i1.28hse.com/estate_data/70/2608/UNIT/2608_20240216113054746691_thumb.jpg""]",,,25156,3920,29076,2411550,14562,8814273,5159417,-1340125,3343889,-4684015
3909901,"超級筍盤,最靚2房則,1年樓齡,高層正南",黃大仙,私人屋苑/宏安,6990000,375,2,1,高層,,1,金滙地產  總行,https://i1.28hse.com/2026/07/202607191153082152195_thumb.jpg,https://www.28hse.com/buy/apartment/property-3909901,2026-08-06T17:33:59.496264+00:00,2026-08-06T18:16:59.788614+00:00,薈鳴,411,九龍黃大仙薈鳴 鳴鳳街28號,"超級筍盤,最靚2房則,1年樓齡,高層正南",22.344315,114.196785,,,,,,2026-06-29T11:45:11+08:00,2026-07-19T11:55:41+08:00,2026-08-28T11:45:11+08:00,"[""https://i1.28hse.com/2026/07/202607191153183649304_large.jpg"", ""https://i1.28hse.com/2026/07/202607191153308792337_large.jpg"", ""https://i1.28hse.com/2026/07/202607191153391699319_large.jpg"", ""https://i1.28hse.com/2026/07/202607191153438779755_large.jpg"", ""https://i1.28hse.com/2026/07/202607191153497671495_large.jpg"", ""https://i1.28hse.com/2026/07/202607191153531205097_large.jpg"", ""https://i1.28hse.com/2026/07/202607191153565036137_large.jpg"", ""https://i1.28hse.com/estate_data/57/26594/FLOOR/26594_20240119174939991692_thumb.jpg"", ""https://i1.28hse.com/estate_data/57/26594/UNIT/26594_20240119174953751463_thumb.jpg""]",,,25156,3726,28883,2411550,14562,8745717,5159417,-1207220,3343889,-4551110
3557257,【100%真實盤何文田站 全屋苑最高質一房 上車筍盤】年輕人首選 投資自住!!,何文田,私人屋苑/永泰,7000000,369,1,1,中層,開放式廚房,10,世紀21領先置業代理,https://i1.28hse.com/2026/02/202602251618445923603_thumb.jpg,https://www.28hse.com/buy/apartment/property-3557257,2026-08-06T17:33:59.496264+00:00,2026-08-06T18:15:08.702838+00:00,何文田山畔,,九龍何文田何文田山畔 薈然徑8號,"有興趣，請致電：李小姐
微信 Wechat：[REDACTED]
無論買樓自住，投資升值，區內換樓，放盤收租
一手樓盤 住宅 私人屋苑 工商舖位 工廈 寫字樓 銀主盤
●為你提供一條龍、買賣及售後完善服務
首次置業
售前壓測,首期,供款計算
銀行按揭上會
法律咨詢
律師轉介
裝修轉介
水電煤,差餉地租轉名
收樓驗樓→免費專車接送→歡迎致電查詢
一條龍貼心服務 信心保證做到最全面最好
搬屋 室內設計 家居保
均有專人提供專業意見",22.31259,114.185471,,,,,,2026-08-02T15:45:35+08:00,2026-08-02T15:45:35+08:00,2026-10-01T15:45:35+08:00,"[""https://i1.28hse.com/2026/02/2026022516185153784_large.jpg"", ""https://i1.28hse.com/2026/02/202602251618564016656_large.jpg"", ""https://i1.28hse.com/2026/02/202602251619014875382_large.jpg"", ""https://i1.28hse.com/2026/02/202602251619043177991_large.jpg""]",,,25192,3702,28895,2415000,14583,8747808,5166798,-1193528,3343889,-4537418
3963720,✦有匙即睇✦ 銀行估凸價 蝕讓放售 尊貴一房 優質管理 5分鐘何文田站 ~,何文田,私人屋苑/單幢式大廈/永泰,7000000,381,1,1,中層,開放式廚房,10,匯誠物業有限公司,https://i1.28hse.com/2026/08/202608071421357227212_thumb.jpg,https://www.28hse.com/buy/apartment/property-3963720,2026-08-07T16:19:46.780897+00:00,2026-08-07T16:21:45.959023+00:00,何文田山畔,,九龍何文田何文田山畔 薈然徑8號,"✿匯誠物業○精英團隊○優質服務○以客為本✿
【全港一手•二手樓盤•租賃買賣•筍盤推介】
24小時on call搵盤•即時報料上架•歡迎查詢約睇
whatsapp (24hrs) /✆ CHRIS",22.31259,114.185471,,,,,,2026-08-07T14:30:09+08:00,2026-08-07T14:32:23+08:00,2026-10-06T14:30:09+08:00,"[""https://i1.28hse.com/2026/08/202608071421391075049_large.jpg"", ""https://i1.28hse.com/2026/08/202608071421378253108_large.jpg"", ""https://i1.28hse.com/2026/08/202608071421368085792_large.jpg"", ""https://i1.28hse.com/2026/08/202608071421384736976_large.jpg"", ""https://i1.28hse.com/2026/08/202608071421384484006_large.jpg"", ""https://i1.28hse.com/2026/08/202608071421582840012_large.jpg"", ""https://i1.28hse.com/2026/08/202608071421586865974_large.jpg"", ""https://i1.28hse.com/2026/08/202608071421591679290_large.jpg"", ""https://i1.28hse.com/2026/08/202608071422013760019_large.jpg"", ""https://i1.28hse.com/2026/08/202608071422027847135_large.jpg"", ""https://i1.28hse.com/2026/08/202608071422036072600_large.jpg"", ""https://i1.28hse.com/2026/08/202608071422034978572_large.jpg"", ""https://i1.28hse.com/2026/08/202608071422042091899_large.jpg"", ""https://i1.28hse.com/estate_data/60/8468/FLOOR/8468_20231117020115369474_thumb.jpg"", ""https://i1.28hse.com/estate_data/60/8468/UNIT/8468_20231117020258147332_thumb.jpg""]",,,25192,3756,28949,2415000,14583,8766940,5166798,-1230618,3343889,-4574507
3954128,［真盤源］城中心高層大一房！3分鐘到地鐵站！有匙引看！,啟德,私人屋苑/中國海外,7000000,375,1,,高層,,9,利嘉閣地產有限公司,https://i1.28hse.com/2026/07/202607311912138933760_thumb.jpg,https://www.28hse.com/buy/apartment/property-3954128,2026-08-06T17:33:59.496264+00:00,2026-08-06T18:17:24.205104+00:00,啟德1號(II),,九龍啟德啟德1號(II) 沐寧街8號,"啟德的整體特色與優勢
1.嶄新物業與完善規劃：
區內樓宇大多為樓齡10年內的全新住宅，設計現代化，會所設施齊全（如泳池、健身房、兒童遊樂場等）。
整個社區經過精心規劃，街道寬敞整潔，綠化空間多，居住環境舒適。
2.交通便利，四通八達：
港鐵：屯馬線貫穿整個區域，設有啟德站和宋皇臺站，往返九龍城、鑽石山、何文田、尖東及新界東都非常方便。
未來發展：沙中線全面通車後，交通網絡將更完善。
巴士及小巴：有多條巴士及專線小巴路線連接港鐵站與區內各屋苑，以及往返觀塘、九龍灣、旺角等地。
3.豐富的社區及休閒配套：
啟德體育園：大型世界級體育設施，未來將舉辦多項國際賽事和演唱會。
啟德郵輪碼頭：提供海濱長廊和公園，是假日休憩的好去處。
跑道公園：位於舊跑道末端，擁有無敵維港海景，極受歡迎。
購物商場：區內已有AIRSIDE（南豐發展的大型綜合項目，集商場、寫字樓於一身）及啟德坊零售區等，滿足日常購物餐飲需求。
4.開揚景觀：
不少屋苑單位享有維多利亞港海景、啟德體育園景或市景，視野廣闊。",22.328983,114.200432,,,,,,2026-07-31T19:12:42+08:00,2026-07-31T19:14:13+08:00,2026-08-30T19:12:42+08:00,"[""https://i1.28hse.com/2026/07/202607311912126561164_large.jpg"", ""https://i1.28hse.com/2026/07/202607311912117755752_large.jpg"", ""https://i1.28hse.com/2026/07/202607311912103753066_large.jpg"", ""https://i1.28hse.com/2026/07/202607311912105083205_large.jpg"", ""https://i1.28hse.com/2026/07/20260731191209606729_large.jpg"", ""https://i1.28hse.com/estate_data/82/22421/UNIT/22421_20231205113055863228_thumb.jpg""]",,,25192,3729,28922,2415000,14583,8757374,5166798,-1212073,3343889,-4555963
3954343,啟德最平最筍一房，交通方便，配套齊全，地方企理，景觀開揚！R,啟德,私人屋苑/中國海外,7000000,375,1,1,,開放式廚房,9,利嘉閣地產有限公司,https://i1.28hse.com/2026/07/202607312143114449501_thumb.jpg,https://www.28hse.com/buy/apartment/property-3954343,2026-08-06T17:33:59.496264+00:00,2026-08-06T18:17:22.717560+00:00,啟德1號(II),,九龍啟德啟德1號(II) 沐寧街8號,"團隊-尊營 東九龍 啟團隊-尊營 東九龍 啟德
一二手買賣租賃
分行位置：尚珒溋地下3號鋪
多年地產經驗，經驗豐富，
從來沒有客戶蝕錢或撻訂，專業可靠
談價錢是我強項。
能給你最多的優惠，最好的待遇
不妨試下找我，多個幫手
德
一二手買賣租賃
分行位置：尚珒溋地下3號鋪
多年地產經驗，經驗豐富，
從來沒有客戶蝕錢或撻訂，專業可靠
談價錢是我強項。
能給你最多的優惠，最好的待遇
不妨試下找我，多個幫手
絕不強迫推銷，大家輕鬆愉快睇樓
各區的一手，二手均可，歡迎查
免費咨詢熱線：
 嚴生 ALAN
參觀示位，入飛，抽籤，揀樓買樓，律師按揭，收樓驗樓，放租放賣，全程跟足，多年來信心保證",22.328983,114.200432,,,,,,2026-07-31T21:44:04+08:00,2026-07-31T21:44:04+08:00,2026-08-30T21:44:04+08:00,"[""https://i1.28hse.com/2026/07/202607312143071763239_large.jpg"", ""https://i1.28hse.com/2026/07/202607312143101211689_large.jpg"", ""https://i1.28hse.com/2026/07/202607312143121118736_large.jpg"", ""https://i1.28hse.com/2026/07/20260731214304885500_large.jpg"", ""https://i1.28hse.com/2026/07/202607312143052363730_large.jpg"", ""https://i1.28hse.com/2026/07/202607312143068019009_large.jpg"", ""https://i1.28hse.com/2026/07/20260731214313808279_large.jpg"", ""https://i1.28hse.com/2026/07/20260731214303896717_large.jpg"", ""https://i1.28hse.com/2026/07/202607312143143797582_large.jpg"", ""https://i1.28hse.com/2026/07/202607312143148338290_large.jpg"", ""https://i1.28hse.com/estate_data/82/22421/UNIT/22421_20231205113055863228_thumb.jpg""]",,,25192,3729,28922,2415000,14583,8757374,5166798,-1212073,3343889,-4555963
3510382,市區新鴻基樓2房，34名校網近土瓜灣地鐵站，極少放盤又開揚。,土瓜灣,私人屋苑/洋樓/單幢式大廈/新鴻基,7000000,377,2,1,中層,開放式廚房,6,聯通物業代理有限公司,https://i1.28hse.com/2026/06/202606271540167291523_thumb.jpg,https://www.28hse.com/buy/apartment/property-3510382,2026-08-06T17:33:59.496264+00:00,2026-08-06T18:19:47.067823+00:00,Downtown 38,,九龍土瓜灣Downtown 38 北帝街38號,"近土瓜灣站 交通方便 多條巴士小巴線行走
附近有超市,街市,銀行,便利店,酒樓,餐廳,連鎖快餐店
鄰近港鐵屯馬線
34小學校網 多間名校臨立 有20間小學選擇
包括:協恩中學附屬小學,馬頭涌官立小學,農圃道官立小學,陳瑞祺(喇沙)小學,聖羅撒小學,保良局何壽南小學等等聯通物業代理-於土瓜灣區經營超過25年
**專營區內二手樓盤",22.320969,114.188469,,,,,,2026-07-26T13:58:38+08:00,2026-08-05T15:56:35+08:00,2026-09-24T13:58:38+08:00,"[""https://i1.28hse.com/2026/06/202606271540168163114_large.jpg"", ""https://i1.28hse.com/2026/06/202606271540177322166_large.jpg"", ""https://i1.28hse.com/2026/06/20260627154018203142_large.jpg"", ""https://i1.28hse.com/2026/06/202606271540184793975_large.jpg"", ""https://i1.28hse.com/estate_data/77/22881/FLOOR/22881_20231117031209852524_thumb.jpg"", ""https://i1.28hse.com/estate_data/77/22881/UNIT/22881_20231117031223399976_thumb.jpg""]",,,25192,3738,28931,2415000,14583,8760562,5166798,-1218255,3343889,-4562144
3881822,九龍區旺中帶靜開陽2房單位出售,大角咀,單幢式大廈/華人置業,7000000,457,2,1,中層,,17,鴻亮地產代理公司,https://i1.28hse.com/2026/06/202606081332011009078_thumb.jpg,https://www.28hse.com/buy/apartment/property-3881822,2026-08-06T17:33:59.496264+00:00,2026-08-06T18:04:33.779846+00:00,i-home,620,九龍大角咀i-home 洋松街38號,"鄰近奧運站大角咀
鄰近大型購物商場朗豪坊
步行距離奧運站及旺角站只需數分鐘
四通八達交通極之方便
附近超市食肆林立應有盡有",22.321892,114.164673,,,,,,2026-06-08T13:32:23+08:00,2026-06-23T12:51:07+08:00,2026-08-07T13:32:23+08:00,"[""https://i1.28hse.com/2026/06/202606081332028179275_large.jpg"", ""https://i1.28hse.com/2026/06/202606081332025338763_large.jpg"", ""https://i1.28hse.com/2026/06/202606081332032885639_large.jpg"", ""https://i1.28hse.com/2026/06/20260608133203798259_large.jpg"", ""https://i1.28hse.com/2026/06/20260608133203458616_large.jpg"", ""https://i1.28hse.com/2026/06/202606081332046794060_large.jpg"", ""https://i1.28hse.com/2026/06/202606081332043105035_large.jpg""]",,,25192,4098,29291,2415000,14583,8888109,5166798,-1465520,3343889,-4809409
3919043,高私隱度，即約即睇,大角咀,私人屋苑,7000000,353,2,,,,1,中原地產,https://i1.28hse.com/2026/07/202607221941072359548_thumb.jpg,https://www.28hse.com/buy/apartment/property-3919043,2026-08-06T17:33:59.496264+00:00,2026-08-06T18:03:38.846283+00:00,利奧坊．首隅 1 Ka Shin Street,,九龍大角咀利奧坊．首隅 嘉善街1號,"價錢可議, 連露台, 有匙即約即睇, 中心旺地, 交通便利, 間隔四正, 新樓會所, 管理完善",,,,,,,,2026-07-05T14:52:01+08:00,2026-07-22T19:42:04+08:00,2026-09-03T14:52:01+08:00,"[""https://i1.28hse.com/2026/07/202607221941085834815_large.jpg"", ""https://i1.28hse.com/2026/07/202607221941072359548_large.jpg""]",,,25192,3630,28823,2415000,14583,8722299,5166798,-1144075,3343889,-4487965
3923756,特高樓底！5分鐘達奧運站！還價即成，預約睇樓️,大角咀,私人屋苑,7000000,353,2,,,,1,中原地產,https://i1.28hse.com/2026/07/202607081729402754199_thumb.jpg,https://www.28hse.com/buy/apartment/property-3923756,2026-08-06T17:33:59.496264+00:00,2026-08-06T18:03:33.997570+00:00,利奧坊．首隅 1 Ka Shin Street,,九龍大角咀利奧坊．首隅 嘉善街1號,"筍價出售, 連露台",,,,,,,,2026-07-08T17:30:17+08:00,2026-07-08T17:30:17+08:00,2026-08-07T17:30:17+08:00,"[""https://i1.28hse.com/2026/07/202607081729405673943_large.jpg"", ""https://i1.28hse.com/2026/07/202607081729405946014_large.jpg"", ""https://i1.28hse.com/2026/07/202607081729414072947_large.jpg"", ""https://i1.28hse.com/2026/07/202607081729417970377_large.jpg"", ""https://i1.28hse.com/2026/07/202607081729427901808_large.jpg"", ""https://i1.28hse.com/2026/07/202607081729421301254_large.jpg""]",,,25192,3630,28823,2415000,14583,8722299,5166798,-1144075,3343889,-4487965
3945433,【大積兩房】【市場罕有】,大角咀,私人屋苑/香港小輪,7000000,436,2,,中層,,23,美聯物業代理有限公司,https://i1.28hse.com/2026/07/202607241909578418803_thumb.jpg,https://www.28hse.com/buy/apartment/property-3945433,2026-08-06T17:33:59.496264+00:00,2026-08-06T18:02:52.096656+00:00,港灣豪庭,611,九龍大角咀港灣豪庭 福利街8號,【大積兩房】【市場罕有】,22.324369,114.15979,,,,,,2026-07-24T19:10:30+08:00,2026-07-24T19:10:30+08:00,2026-08-23T19:10:30+08:00,"[""https://i1.28hse.com/2026/07/202607241909564408251_large.jpg"", ""https://i1.28hse.com/2026/07/202607241909561275353_large.jpg"", ""https://i1.28hse.com/2026/07/202607241909563737113_large.jpg"", ""https://i1.28hse.com/2026/07/202607241909578130650_large.jpg"", ""https://i1.28hse.com/estate_data/67/2564/FLOOR/2564_20231121185724243824_thumb.jpg"", ""https://i1.28hse.com/estate_data/67/2564/UNIT/2564_20231121185909526763_thumb.jpg""]",,,25192,4004,29196,2415000,14583,8854628,5166798,-1400613,3343889,-4744502
3952796,【700萬2房】【罕有放盤】【還價即成】,大角咀,私人屋苑/新鴻基,7000000,453,2,,高層,,18,美聯物業代理有限公司,https://i1.28hse.com/2026/07/20260730192203125595_thumb.jpg,https://www.28hse.com/buy/apartment/property-3952796,2026-08-06T17:33:59.496264+00:00,2026-08-06T18:02:35.882838+00:00,柏豐28,604,九龍大角咀柏豐28 必发道28号,"歡迎24小時致電或what’s app查詢
️ 提供專業 親切 誠懇一條龍服務
屋苑最新成交紀錄
二手筍盤推介
買賣/租賃流程及所有開支講解
銀行估價，按揭壓力測試，首期和供款細節, 免費按揭轉介
律師行介紹及免費法律諮詢
全港一手新盤資訊免費專車接送睇樓
售後服務包括：水,電,煤,差餉,地租轉名, 驗樓等...
盤源充足
承諾跟貼底價 您的置業好幫手
多個查詢，多個筍盤機會",22.322407,114.164879,,,,,,2026-07-30T19:22:05+08:00,2026-07-30T19:22:05+08:00,2026-08-29T19:22:05+08:00,"[""https://i1.28hse.com/2026/07/202607301922041228559_large.jpg"", ""https://i1.28hse.com/2026/07/202607301922041666271_large.jpg"", ""https://i1.28hse.com/2026/07/202607301922047867993_large.jpg"", ""https://i1.28hse.com/2026/07/202607301922041390045_large.jpg"", ""https://i1.28hse.com/2026/07/202607301922041419519_large.jpg""]",,,25192,4080,29273,2415000,14583,8881731,5166798,-1453157,3343889,-4797046
3832938,【罕有兩房】別樹華軒/樓下太子港鐵站 可約睇,太子,單幢式大廈/洋樓/泛海,7000000,418,2,1,中層,,21,鴻利物業代理有限公司,https://i1.28hse.com/2026/05/20260503165302361281_thumb.jpg,https://www.28hse.com/buy/apartment/property-3832938,2026-08-06T17:33:59.496264+00:00,2026-08-06T18:01:18.717911+00:00,別樹華軒,590,九龍太子別樹華軒 太子道西157號,"太子道西
別樹華軒
罕有兩房一廳",22.323862,114.16876199999999,,,,,,2026-07-12T18:32:59+08:00,2026-07-24T19:24:13+08:00,2026-09-10T18:32:59+08:00,"[""https://i1.28hse.com/estate_data/70/2608/FLOOR/2608_20240216113040269371_thumb.jpg"", ""https://i1.28hse.com/estate_data/70/2608/UNIT/2608_20240216113054746691_thumb.jpg""]",,,25192,3923,29115,2415000,14583,8825930,5166798,-1344978,3343889,-4688868
3954707,探索尖沙咀核心隱世奢居，凱譽中層D室現正震撼放盤！,尖沙咀,私人屋苑,7000000,363,1,1,中層,開放式廚房,,利嘉閣地產有限公司,https://i1.28hse.com/2026/08/202608011215304947158_thumb.jpg,https://www.28hse.com/buy/apartment/property-3954707,2026-08-06T17:33:59.496264+00:00,2026-08-06T17:51:56.602230+00:00,凱譽,484,九龍尖沙咀凱譽 棉登徑8號,"單位坐落於棉登徑，完美演繹繁華轉角、遇見寧靜的「靜中帶旺」優雅生活，下樓步行僅1分鐘即直達尖東港鐵站。這款九龍核心地段的優雅精緻1房物業，絕對是追求極致便利與都市私隱人士的市區首選！
-
#HarbourPinnacle #MindenAvenue #TSThousing #KowloonProperty #HongKongRealEstate #凱譽放盤 #尖東優質上車盤 #棉登徑豪宅 #九龍核心一房 #靜中帶旺",22.296717,114.174133,,,,,,2026-08-01T12:16:50+08:00,2026-08-01T12:16:50+08:00,2026-09-30T12:16:50+08:00,"[""https://i1.28hse.com/2026/08/20260801121534669883_large.jpg"", ""https://i1.28hse.com/2026/08/202608011215388121907_large.jpg"", ""https://i1.28hse.com/2026/08/202608011215426031863_large.jpg"", ""https://i1.28hse.com/2026/08/202608011215467545937_large.jpg"", ""https://i1.28hse.com/2026/08/202608011215507841056_large.jpg"", ""https://i1.28hse.com/2026/08/20260801121553857957_large.jpg"", ""https://i1.28hse.com/2026/08/202608011215573435346_large.jpg"", ""https://i1.28hse.com/2026/08/202608011216024250290_large.jpg"", ""https://i1.28hse.com/2026/08/202608011216077150187_large.jpg"", ""https://i1.28hse.com/2026/08/202608011216123128613_large.jpg"", ""https://i1.28hse.com/2026/08/202608011216161014741_large.jpg"", ""https://i1.28hse.com/estate_data/74/8376/FLOOR/8376_20231117015228435857_thumb.jpg"", ""https://i1.28hse.com/estate_data/74/8376/UNIT/8376_20231117015331969674_thumb.jpg""]",,,25192,3675,28868,2415000,14583,8738242,5166798,-1174983,3343889,-4518873
3905158,旺角市中心/专优才必选 /收租回报高/快约Ivy 9I439959,旺角,私人屋苑/新世界,7000000,395,1,1,中層,開放式廚房,9,香港置業,https://i1.28hse.com/2026/06/202606251338298967344_thumb.jpg,https://www.28hse.com/buy/apartment/property-3905158,2026-08-06T17:33:59.496264+00:00,2026-08-06T17:59:46.447503+00:00,SKYPARK,,九龍旺角SKYPARK 旺角奶路臣街17号,"旺角市中心/专优才必选 /收租回报高/快约Ivy 9I439959
笋价出售, 罕有放盘, 蚀让, 价钱可议, 连露台, 高实用率",22.318693,114.171417,,,,,,2026-06-25T13:39:02+08:00,2026-06-25T13:39:02+08:00,2026-08-24T13:39:02+08:00,"[""https://i1.28hse.com/2026/06/20260625133900824407_large.jpg"", ""https://i1.28hse.com/2026/06/202606251339007612725_large.jpg"", ""https://i1.28hse.com/2026/06/202606251339013099519_large.jpg"", ""https://i1.28hse.com/2026/06/202606251339017651595_large.jpg"", ""https://i1.28hse.com/2026/06/20260625133901449911_large.jpg"", ""https://i1.28hse.com/2026/06/202606251339021704605_large.jpg"", ""https://i1.28hse.com/estate_data/71/8587/FLOOR/8587_20231121200339328522_thumb.jpg"", ""https://i1.28hse.com/estate_data/71/8587/UNIT/8587_20231121200604498583_thumb.jpg""]",,,25192,3819,29012,2415000,14583,8789260,5166798,-1273889,3343889,-4617779
3901704,"即睇高層開揚海景一覽無遺,交通便利",深水埗,私人屋苑/洋樓/單幢式大廈/恒基,7000000,366,2,1,高層,開放式廚房,7,九龍地產代理有限公司,https://i1.28hse.com/2026/07/202607241319464100337_thumb.jpg,https://www.28hse.com/buy/apartment/property-3901704,2026-08-06T17:33:59.496264+00:00,2026-08-06T18:14:18.710689+00:00,南昌一號,,九龍深水埗南昌一號 南昌街1號,"南昌一號 屋苑資料
南昌一號位於深水埗南昌街1及3號。入伙日期由4/2019開始。南昌一號提供129個單位。南昌一號的實用面積由327呎至783呎。小學校網為40。中學校網為深水埗區。
2019年4月
入伙日期
1 座
物業座數
129
單位總數
7分鐘
步行到深水埗站
屋苑類型
私人住宅
地址/地段
南昌街1 & 3號
所屬校網
小學: 40
・
中學: 深水埗區
管理公司
尊家管業有限公司
發展商
恒基兆業",22.326567,114.16066,,,明火煮食,,,2026-06-22T16:55:08+08:00,2026-07-26T08:23:49+08:00,2026-08-21T16:55:08+08:00,"[""https://i1.28hse.com/2026/07/202607241319491474259_large.jpg"", ""https://i1.28hse.com/2026/07/202607241319508252495_large.jpg"", ""https://i1.28hse.com/2026/07/202607241319491574596_large.jpg"", ""https://i1.28hse.com/2026/07/202607241319493951755_large.jpg"", ""https://i1.28hse.com/2026/07/20260724131950429254_large.jpg"", ""https://i1.28hse.com/2026/07/202607241319481143314_large.jpg"", ""https://i1.28hse.com/2026/07/202607241319527198836_large.jpg"", ""https://i1.28hse.com/2026/07/202607241319526566949_large.jpg"", ""https://i1.28hse.com/2026/07/202607241319514697279_large.jpg"", ""https://i1.28hse.com/2026/07/202607241319475469892_large.jpg"", ""https://i1.28hse.com/2026/07/202607241319484161169_large.jpg"", ""https://i1.28hse.com/2026/07/202607260823453873129_large.jpg"", ""https://i1.28hse.com/2026/07/202607260823458828855_large.jpg"", ""https://i1.28hse.com/estate_data/62/8944/FLOOR/8944_20231117024424138826_thumb.jpg""]",,,25192,3689,28881,2415000,14583,8743025,5166798,-1184256,3343889,-4528145
3929024,業主急售！678萬！5分鐘地鐵站！,深水埗,私人屋苑/九龍建業,7000000,485,2,,中層,,13,美聯物業代理有限公司,https://i1.28hse.com/2026/07/20260712170039985104_thumb.jpg,https://www.28hse.com/buy/apartment/property-3929024,2026-08-06T17:33:59.496264+00:00,2026-08-06T18:13:23.503783+00:00,景怡峰,666,九龍深水埗景怡峰 西洋菜北街468號,"筍價出售, 罕有放盤, 價錢可議
歡迎24小時 致電/Whatsapp/WeChat 查詢
致電/Whatsapp: [REDACTED] ERIC CHU (24小時回覆)
微信號: EHC889 (24小時回覆)
️ 提供專業 親切 誠懇一條龍服務
屋苑最新成交紀錄
一二手筍盤推介
買賣/租賃流程及所有開支講解
銀行估價，按揭壓力測試，首期和供款細節, 免費按揭轉介
律師行介紹及免費法律諮詢
全港一手新盤資訊免費專車接送睇樓
售後服務包括：水,電,煤,差餉,地租轉名, 驗樓等...
盤源充足
承諾跟貼底價 您的置業好幫手
多個查詢，多個筍盤機會",22.330408,114.166786,,,,,,2026-07-12T13:40:29+08:00,2026-07-12T17:01:56+08:00,2026-08-11T13:40:29+08:00,"[""https://i1.28hse.com/2026/07/202607121700381908929_large.jpg"", ""https://i1.28hse.com/2026/07/20260712170039870281_large.jpg"", ""https://i1.28hse.com/2026/07/202607121700387774409_large.jpg"", ""https://i1.28hse.com/2026/07/202607121700387732509_large.jpg""]",,,25192,4224,29417,2415000,14583,8932750,5166798,-1552063,3343889,-4895952
3939028,【$670萬收票】【開揚兩房】【有票盡試】,深水埗,私人屋苑/九龍建業,7000000,403,2,,高層,,13,美聯物業代理有限公司,https://i1.28hse.com/2026/07/202607192120422303558_thumb.jpg,https://www.28hse.com/buy/apartment/property-3939028,2026-08-06T17:33:59.496264+00:00,2026-08-06T18:12:45.398269+00:00,景怡峰,598,九龍深水埗景怡峰 西洋菜北街468號,"本人均可為貴客提供一條龍，買賣及售後服務
24小時在線查詢
專車接送
首次置業 免費查詢資料
售前壓測，首期，供款計算
銀行按揭上會
售前壓測，首期，供款計算
免費法律咨詢
律師轉介
水電煤，差餉，地租轉名
專業貼心一站式服務
無論買樓自住，投資升值，區內換樓，放盤收租",22.330408,114.166786,,,,,,2026-07-19T21:20:44+08:00,2026-07-27T12:33:34+08:00,2026-08-18T21:20:44+08:00,"[""https://i1.28hse.com/2026/07/202607192120421622765_large.jpg"", ""https://i1.28hse.com/2026/07/20260719212042182874_large.jpg"", ""https://i1.28hse.com/2026/07/202607192120436051893_large.jpg"", ""https://i1.28hse.com/2026/07/202607192120433427129_large.jpg"", ""https://i1.28hse.com/2026/07/202607192120436356386_large.jpg"", ""https://i1.28hse.com/estate_data/62/7342/FLOOR/7342_20240216121126581983_thumb.jpg"", ""https://i1.28hse.com/estate_data/62/7342/UNIT/7342_20240216121138723264_thumb.jpg""]",,,25192,3855,29048,2415000,14583,8802015,5166798,-1298616,3343889,-4642505
3941399,業主急售！668萬！5分鐘地鐵站！,深水埗,私人屋苑/九龍建業,7000000,485,2,,中層,,13,美聯物業代理有限公司,https://i1.28hse.com/2026/07/202607212224468150763_thumb.jpg,https://www.28hse.com/buy/apartment/property-3941399,2026-08-06T17:33:59.496264+00:00,2026-08-06T18:12:31.957346+00:00,景怡峰,666,九龍深水埗景怡峰 西洋菜北街468號,"筍價出售, 罕有放盤, 價錢可議
歡迎24小時 致電/Whatsapp/WeChat 查詢
致電/Whatsapp: [REDACTED] ERIC CHU (24小時回覆)
微信號: EHC889 (24小時回覆)
️ 提供專業 親切 誠懇一條龍服務
屋苑最新成交紀錄
一二手筍盤推介
買賣/租賃流程及所有開支講解
銀行估價，按揭壓力測試，首期和供款細節, 免費按揭轉介
律師行介紹及免費法律諮詢
全港一手新盤資訊免費專車接送睇樓
售後服務包括：水,電,煤,差餉,地租轉名, 驗樓等...
盤源充足
承諾跟貼底價 您的置業好幫手
多個查詢，多個筍盤機會",22.330408,114.166786,,,,,,2026-07-21T22:24:47+08:00,2026-07-25T22:08:12+08:00,2026-08-20T22:24:47+08:00,"[""https://i1.28hse.com/2026/07/20260721222446800001_large.jpg"", ""https://i1.28hse.com/2026/07/202607212224468919030_large.jpg"", ""https://i1.28hse.com/2026/07/202607212224472319172_large.jpg"", ""https://i1.28hse.com/2026/07/202607212224476792398_large.jpg""]",,,25192,4224,29417,2415000,14583,8932750,5166798,-1552063,3343889,-4895952
3946834,業主急售！668萬！5分鐘地鐵站！,深水埗,私人屋苑/九龍建業,7000000,485,2,,中層,,13,美聯物業代理有限公司,https://i1.28hse.com/2026/07/202607252206303265041_thumb.jpg,https://www.28hse.com/buy/apartment/property-3946834,2026-08-06T17:33:59.496264+00:00,2026-08-06T18:12:15.238420+00:00,景怡峰,666,九龍深水埗景怡峰 西洋菜北街468號,"筍價出售, 罕有放盤, 價錢可議
歡迎24小時 致電/Whatsapp/WeChat 查詢
致電/Whatsapp: [REDACTED] ERIC CHU (24小時回覆)
微信號: EHC889 (24小時回覆)
️ 提供專業 親切 誠懇一條龍服務
屋苑最新成交紀錄
一二手筍盤推介
買賣/租賃流程及所有開支講解
銀行估價，按揭壓力測試，首期和供款細節, 免費按揭轉介
律師行介紹及免費法律諮詢
全港一手新盤資訊免費專車接送睇樓
售後服務包括：水,電,煤,差餉,地租轉名, 驗樓等...
盤源充足
承諾跟貼底價 您的置業好幫手
多個查詢，多個筍盤機會",22.330408,114.166786,,,,,,2026-07-25T22:06:31+08:00,2026-08-04T13:52:04+08:00,2026-08-24T22:06:31+08:00,"[""https://i1.28hse.com/2026/07/20260725220630844621_large.jpg"", ""https://i1.28hse.com/2026/07/202607252206304302358_large.jpg"", ""https://i1.28hse.com/2026/07/202607252206301574083_large.jpg"", ""https://i1.28hse.com/2026/07/202607252206311984129_large.jpg""]",,,25192,4224,29417,2415000,14583,8932750,5166798,-1552063,3343889,-4895952
3947642,【700萬再傾】兩房 實用 約睇只此一間,深水埗,私人屋苑/恒基,7000000,365,2,,中層,,7,美聯物業代理有限公司,https://i1.28hse.com/2026/07/20260726192253108122_thumb.jpg,https://www.28hse.com/buy/apartment/property-3947642,2026-08-06T17:33:59.496264+00:00,2026-08-06T18:12:13.237807+00:00,南昌一號,,九龍深水埗南昌一號 南昌街1號,"️ 提供專業 親切 誠懇一條龍服務
屋苑最新成交紀錄
一二手筍盤推介
買賣/租賃流程及所有開支講解
銀行估價，按揭壓力測試，首期和供款細節, 免費按揭轉介
律師行介紹及免費法律諮詢
全港一手新盤資訊免費專車接送睇樓
售後服務包括：水,電,煤,差餉,地租轉名, 驗樓等...
盤源充足
承諾跟貼底價 您的置業好幫手
多個查詢，多個筍盤機會",22.326567,114.16066,,,,,,2026-07-26T19:23:03+08:00,2026-07-26T19:23:03+08:00,2026-08-25T19:23:03+08:00,"[""https://i1.28hse.com/2026/07/202607261922536051363_large.jpg"", ""https://i1.28hse.com/2026/07/202607261922547816729_large.jpg"", ""https://i1.28hse.com/2026/07/202607261922555425019_large.jpg"", ""https://i1.28hse.com/2026/07/202607261922552481289_large.jpg""]",,,25192,3684,28877,2415000,14583,8741430,5166798,-1181165,3343889,-4525054
3949952,【$680萬收票】【開揚兩房】【有票盡試】,深水埗,私人屋苑/九龍建業,7000000,403,2,,高層,,13,美聯物業代理有限公司,https://i1.28hse.com/2026/07/202607281738392609440_thumb.jpg,https://www.28hse.com/buy/apartment/property-3949952,2026-08-06T17:33:59.496264+00:00,2026-08-06T18:12:00.261737+00:00,景怡峰,598,九龍深水埗景怡峰 西洋菜北街468號,"本人均可為貴客提供一條龍，買賣及售後服務
24小時在線查詢
專車接送
首次置業 免費查詢資料
售前壓測，首期，供款計算
銀行按揭上會
售前壓測，首期，供款計算
免費法律咨詢
律師轉介
水電煤，差餉，地租轉名
專業貼心一站式服務
無論買樓自住，投資升值，區內換樓，放盤收租",22.330408,114.166786,,,,,,2026-07-28T17:38:41+08:00,2026-07-29T17:14:02+08:00,2026-08-27T17:38:41+08:00,"[""https://i1.28hse.com/2026/07/202607281738398788605_large.jpg"", ""https://i1.28hse.com/2026/07/202607281738404951556_large.jpg"", ""https://i1.28hse.com/2026/07/202607281738407412587_large.jpg"", ""https://i1.28hse.com/2026/07/202607281738417936997_large.jpg"", ""https://i1.28hse.com/2026/07/202607281738414201113_large.jpg"", ""https://i1.28hse.com/estate_data/62/7342/FLOOR/7342_20240216121126581983_thumb.jpg"", ""https://i1.28hse.com/estate_data/62/7342/UNIT/7342_20240216121138723264_thumb.jpg""]",,,25192,3855,29048,2415000,14583,8802015,5166798,-1298616,3343889,-4642505
3951178,【$680萬收票】【開揚兩房】【有票盡試】,深水埗,私人屋苑/九龍建業,7000000,403,2,,高層,,13,美聯物業代理有限公司,https://i1.28hse.com/2026/07/202607291713038480768_thumb.jpg,https://www.28hse.com/buy/apartment/property-3951178,2026-08-06T17:33:59.496264+00:00,2026-08-06T18:11:54.633201+00:00,景怡峰,598,九龍深水埗景怡峰 西洋菜北街468號,"本人均可為貴客提供一條龍，買賣及售後服務
24小時在線查詢
專車接送
首次置業 免費查詢資料
售前壓測，首期，供款計算
銀行按揭上會
售前壓測，首期，供款計算
免費法律咨詢
律師轉介
水電煤，差餉，地租轉名
專業貼心一站式服務
無論買樓自住，投資升值，區內換樓，放盤收租",22.330408,114.166786,,,,,,2026-07-29T17:13:05+08:00,2026-07-29T17:13:05+08:00,2026-08-28T17:13:05+08:00,"[""https://i1.28hse.com/2026/07/202607291713032924626_large.jpg"", ""https://i1.28hse.com/2026/07/202607291713033907204_large.jpg"", ""https://i1.28hse.com/2026/07/202607291713043988826_large.jpg"", ""https://i1.28hse.com/2026/07/202607291713042414552_large.jpg"", ""https://i1.28hse.com/2026/07/202607291713043539922_large.jpg"", ""https://i1.28hse.com/estate_data/62/7342/FLOOR/7342_20240216121126581983_thumb.jpg"", ""https://i1.28hse.com/estate_data/62/7342/UNIT/7342_20240216121138723264_thumb.jpg""]",,,25192,3855,29048,2415000,14583,8802015,5166798,-1298616,3343889,-4642505
3959280,業主急售！668萬！5分鐘地鐵站！,深水埗,私人屋苑/九龍建業,7000000,485,2,,中層,,13,美聯物業代理有限公司,https://i1.28hse.com/2026/08/20260804135147962451_thumb.jpg,https://www.28hse.com/buy/apartment/property-3959280,2026-08-06T17:33:59.496264+00:00,2026-08-06T18:11:31.571444+00:00,景怡峰,666,九龍深水埗景怡峰 西洋菜北街468號,"筍價出售, 罕有放盤, 價錢可議
歡迎24小時 致電/Whatsapp/WeChat 查詢
致電/Whatsapp: [REDACTED] ERIC CHU (24小時回覆)
微信號: EHC889 (24小時回覆)
️ 提供專業 親切 誠懇一條龍服務
屋苑最新成交紀錄
一二手筍盤推介
買賣/租賃流程及所有開支講解
銀行估價，按揭壓力測試，首期和供款細節, 免費按揭轉介
律師行介紹及免費法律諮詢
全港一手新盤資訊免費專車接送睇樓
售後服務包括：水,電,煤,差餉,地租轉名, 驗樓等...
盤源充足
承諾跟貼底價 您的置業好幫手
多個查詢，多個筍盤機會",22.330408,114.166786,,,,,,2026-08-04T13:51:48+08:00,2026-08-04T13:51:48+08:00,2026-09-03T13:51:48+08:00,"[""https://i1.28hse.com/2026/08/202608041351475070582_large.jpg"", ""https://i1.28hse.com/2026/08/20260804135147359466_large.jpg"", ""https://i1.28hse.com/2026/08/202608041351485195700_large.jpg"", ""https://i1.28hse.com/2026/08/202608041351486865103_large.jpg""]",,,25192,4224,29417,2415000,14583,8932750,5166798,-1552063,3343889,-4895952
3882645,靚裝2房,荃灣,私人屋苑/新世界,7000000,474,2,,中層,,29,中原地產代理有限公司,https://i1.28hse.com/2026/06/20260608190057510919_thumb.jpg,https://www.28hse.com/buy/apartment/property-3882645,2026-08-06T17:33:59.496264+00:00,2026-08-06T18:38:41.117997+00:00,愉景新城,593,新界荃灣愉景新城 青山公路荃灣段398號,內園池景,22.376377,114.111252,,,,,,2026-06-08T19:01:07+08:00,2026-06-08T19:01:07+08:00,2026-08-07T19:01:07+08:00,"[""https://i1.28hse.com/2026/06/202606081900575810537_large.jpg"", ""https://i1.28hse.com/2026/06/202606081900583081582_large.jpg"", ""https://i1.28hse.com/2026/06/202606081900584371451_large.jpg"", ""https://i1.28hse.com/2026/06/202606081900596318202_large.jpg"", ""https://i1.28hse.com/2026/06/202606081900596547617_large.jpg"", ""https://i1.28hse.com/estate_data/113/4573/FLOOR/4573_20231121014224457787_thumb.jpg"", ""https://i1.28hse.com/estate_data/113/4573/UNIT/4573_20231121014324311769_thumb.jpg""]",,,25192,4175,29367,2415000,14583,8915212,5166798,-1518064,3343889,-4861953
3908001,開揚景觀筍價， 打過嚟幫你傾,荃灣,私人屋苑/嘉里建設,7000000,521,2,,,,16,中原地產代理有限公司,https://i1.28hse.com/2026/06/202606271523018745070_thumb.jpg,https://www.28hse.com/buy/apartment/property-3908001,2026-08-06T17:33:59.496264+00:00,2026-08-06T18:36:39.431339+00:00,縉庭山,692,新界荃灣縉庭山 國瑞路152-160號,"一站式服務
 大量筍盤， 歡迎比較
.壓力測試、首期及供款
.投資樓盤資訊 代新樓入飛
.房屋租賃放盤 放售處理
.室內設計建議，新樓驗收轉介
.日常單位維護專人服務轉介
.水電煤代辦轉名服務",22.372267,114.129936,,,,,,2026-06-27T15:24:05+08:00,2026-07-16T13:58:11+08:00,2026-08-26T15:24:05+08:00,"[""https://i1.28hse.com/2026/06/202606271523018687994_large.jpg"", ""https://i1.28hse.com/2026/06/202606271523023302472_large.jpg"", ""https://i1.28hse.com/2026/06/202606271523028358935_large.jpg"", ""https://i1.28hse.com/estate_data/113/5120/FLOOR/5120_20231121032324511168_thumb.jpg"", ""https://i1.28hse.com/estate_data/113/5120/UNIT/5120_20231121032347523543_thumb.jpg""]",,,25192,4386,29579,2415000,14583,8990145,5166798,-1663332,3343889,-5007222
3950827,業主血虧250萬！罕有東南曼克頓景觀兩房，接近全新，日內必走,長沙灣,私人屋苑/中國恒大,7000000,408,2,,中層,,5,美聯物業,https://i1.28hse.com/2026/07/20260729142758988122_thumb.jpg,https://www.28hse.com/buy/apartment/property-3950827,2026-08-06T17:33:59.496264+00:00,2026-08-06T18:06:55.735749+00:00,睿峰,,九龍長沙灣睿峰 東京街29 號,"筍價出售, 罕有放盤, 蝕讓",22.336008,114.158035,,,,,,2026-07-29T14:28:00+08:00,2026-07-29T14:28:00+08:00,2026-08-28T14:28:00+08:00,"[""https://i1.28hse.com/2026/07/202607291427591002177_large.jpg"", ""https://i1.28hse.com/2026/07/202607291427597172771_large.jpg"", ""https://i1.28hse.com/2026/07/202607291428008809590_large.jpg"", ""https://i1.28hse.com/2026/07/202607291428007195274_large.jpg"", ""https://i1.28hse.com/estate_data/63/23218/FLOOR/23218_20231221163520112958_thumb.jpg"", ""https://i1.28hse.com/estate_data/63/23218/UNIT/23218_20231221163549254366_thumb.jpg""]",,,25192,3878,29070,2415000,14583,8809987,5166798,-1314070,3343889,-4657959
3957672,► 靚景實用2房◄，☞有票再勁減,長沙灣,私人屋苑/中國恒大,7000000,408,2,1,中層,,5,美聯物業代理有限公司,https://i1.28hse.com/2026/08/202608031312012285639_thumb.jpg,https://www.28hse.com/buy/apartment/property-3957672,2026-08-06T17:33:59.496264+00:00,2026-08-06T18:06:36.480550+00:00,睿峰,,九龍長沙灣睿峰 東京街29 號,"盤源充足
承諾跟貼底價 您的置業好幫手
多個查詢，多個筍盤機會
歡迎24小時致電/ whatsapp/ Wechat查詢
Chris Cheung
Wechat ID: jj2398
本人均可為貴客提供全套買賣及售後服務
首次置業
售前壓測,首期,供款計算
銀行按揭上會
法律咨詢
律師轉介
裝修轉介
水電煤,差餉地租轉名
收樓驗樓
售後租務管理",22.336008,114.158035,,,,,,2026-08-03T13:12:19+08:00,2026-08-03T13:12:19+08:00,2026-09-02T13:12:19+08:00,"[""https://i1.28hse.com/2026/08/202608031312015645540_large.jpg"", ""https://i1.28hse.com/2026/08/20260803131201514087_large.jpg"", ""https://i1.28hse.com/2026/08/202608031312018157207_large.jpg"", ""https://i1.28hse.com/estate_data/63/23218/FLOOR/23218_20231221163520112958_thumb.jpg"", ""https://i1.28hse.com/estate_data/63/23218/UNIT/23218_20231221163549254366_thumb.jpg""]",,,25192,3878,29070,2415000,14583,8809987,5166798,-1314070,3343889,-4657959
3907933,大型屋苑 間格四正 步行到西鐵,荃灣,私人屋苑/長實,7008000,482,2,1,,,11,美聯物業,https://i1.28hse.com/2026/06/202606271449134959691_thumb.jpg,https://www.28hse.com/buy/apartment/property-3907933,2026-08-06T17:33:59.496264+00:00,2026-08-06T18:36:40.109156+00:00,環宇海灣,,新界荃灣環宇海灣 永順街48號,※專營荃灣區及各區新盤※,22.364647,114.114334,,,,,,2026-06-27T14:49:28+08:00,2026-06-27T14:49:28+08:00,2026-08-26T14:49:28+08:00,"[""https://i1.28hse.com/2026/06/202606271449127340910_large.jpg"", ""https://i1.28hse.com/2026/06/202606271449123245137_large.jpg"", ""https://i1.28hse.com/2026/06/202606271449122286955_large.jpg"", ""https://i1.28hse.com/2026/06/202606271449124175404_large.jpg"", ""https://i1.28hse.com/2026/06/202606271449131168737_large.jpg"", ""https://i1.28hse.com/2026/06/202606271449132901176_large.jpg"", ""https://i1.28hse.com/2026/06/202606271449136771548_large.jpg"", ""https://i1.28hse.com/estate_data/113/8385/FLOOR/8385_20231122024357498686_thumb.jpg"", ""https://i1.28hse.com/estate_data/113/8385/UNIT/8385_20231122024737498988_thumb.jpg""]",,,25221,4213,29434,2417760,14600,8937292,5172703,-1546672,3343889,-4890562
3949162,开扬向南1房，上車首選，豪华会所(可試690),油麻地,私人屋苑,7020000,400,1,1,中層,開放式廚房,13,世紀21卓建物業,https://i1.28hse.com/2026/07/202607281019491881377_thumb.jpg,https://www.28hse.com/buy/apartment/property-3949162,2026-08-06T17:33:59.496264+00:00,2026-08-06T17:55:11.143627+00:00,御金國峯,510,九龍油麻地御金國峯 友翔道1号,"信和欧陆式名厦，10’11”极高楼底，免费穿梭巴士到九龙站、高铁站、圆方。附近有小巴、巴士直达旺角、太子、奥海城、中上环及铜锣湾，交通方便，旺中带静。
星级会所 - 设有儿童游乐设施、羽毛球场、兵兵球场、室内外游池 、健身室、图书馆等应有尽有。
邻近西九文化艺术公园，圆方、海港城，文化消闲购物娱乐应有尽有，高端优质生活圈。
高铁站上盖新鸿基甲级写字楼IGC年底落成，国际、国企高端人才陆续进驻，租住需求大增，定必带动区内楼价及租务上升，极具投资价值。",22.310324,114.16586300000003,,,,,,2026-07-28T10:19:54+08:00,2026-08-05T21:08:08+08:00,2026-08-27T10:19:54+08:00,"[""https://i1.28hse.com/2026/07/20260728101949860747_large.jpg"", ""https://i1.28hse.com/2026/07/202607281019495362297_large.jpg"", ""https://i1.28hse.com/2026/07/202607281019501387086_large.jpg"", ""https://i1.28hse.com/2026/07/202607281019505192389_large.jpg"", ""https://i1.28hse.com/2026/07/202607281019511912426_large.jpg"", ""https://i1.28hse.com/2026/07/202607281019518331400_large.jpg"", ""https://i1.28hse.com/2026/07/202607281019516921148_large.jpg"", ""https://i1.28hse.com/2026/07/202607281019525442413_large.jpg"", ""https://i1.28hse.com/2026/07/202607281019526430425_large.jpg"", ""https://i1.28hse.com/2026/07/202607281019524966396_large.jpg"", ""https://i1.28hse.com/2026/07/202607281019522266780_large.jpg"", ""https://i1.28hse.com/2026/07/202607281019535010113_large.jpg"", ""https://i1.28hse.com/2026/07/202607281019534722961_large.jpg"", ""https://i1.28hse.com/2026/07/202607281019532415189_large.jpg"", ""https://i1.28hse.com/2026/07/202607281019546277294_large.jpg"", ""https://i1.28hse.com/estate_data/72/6768/FLOOR/6768_20231117004455699131_thumb.jpg"", ""https://i1.28hse.com/estate_data/72/6768/UNIT/6768_20231117005219585124_thumb.jpg""]",,,25264,3848,29112,2421900,14625,8820545,5181561,-1299049,3343889,-4642938
3932959,"最平兩房,廳大房大,歡迎預約",大角咀,私人屋苑/香港小輪,7030000,386,2,,高層,,23,美聯物業,https://i1.28hse.com/2026/07/202607151529546604369_thumb.jpg,https://www.28hse.com/buy/apartment/property-3932959,2026-08-06T17:33:59.496264+00:00,2026-08-06T18:03:19.633197+00:00,港灣豪庭,566,九龍大角咀港灣豪庭 福利街8號,"最平兩房,廳大房大,歡迎預約",22.324369,114.15979,,,,,,2026-07-15T15:30:19+08:00,2026-07-17T14:10:26+08:00,2026-09-13T15:30:19+08:00,"[""https://i1.28hse.com/2026/07/202607151529567486853_large.jpg"", ""https://i1.28hse.com/2026/07/202607151529535800838_large.jpg"", ""https://i1.28hse.com/2026/07/202607151529548025302_large.jpg"", ""https://i1.28hse.com/2026/07/202607151529554866878_large.jpg"", ""https://i1.28hse.com/2026/07/202607151529565597649_large.jpg"", ""https://i1.28hse.com/estate_data/67/2564/FLOOR/2564_20231121185730969453_thumb.jpg"", ""https://i1.28hse.com/estate_data/67/2564/UNIT/2564_20231121185930346194_thumb.jpg""]",,,25300,3787,29088,2425350,14646,8809881,5188942,-1260630,3343889,-4604520
3939807,【荃灣核心 470呎2房山景戶 可6XX萬】立即搶購！,荃灣,私人屋苑/新世界,7050000,470,2,1,高層,,29,美聯物業,https://i1.28hse.com/2026/07/202607201719173449017_thumb.jpg,https://www.28hse.com/buy/apartment/property-3939807,2026-08-06T17:33:59.496264+00:00,2026-08-06T18:33:24.553280+00:00,愉景新城,593,新界荃灣愉景新城 青山公路荃灣段398號,"地址：愉景新城2期 08座高層C室
 實用面積：470呎
 售價可6XX萬（平均呎價約$15,000）
️ 間隔：2房2廳1廁，適合小家庭或投資客
 景觀：開揚山景，視野無阻
️ 樓齡：28.6年（1997年入伙）
 校網：62校網（小學），荃灣中學校網
 屋苑設施：會所、泳池、兒童及運動設施、基座商場
 交通：荃灣站步行8分鐘，愉景新城商場1分鐘
 周邊：中國染廠大廈、荃景圍體育館、荃灣政府合署牙科診所均3-7分鐘內
 適合：剛購房首置族、小家庭或長線投資者
 即約樓看！機會難逢！",22.376377,114.11125200000001,,,,,,2026-07-20T17:20:54+08:00,2026-08-03T22:06:42+08:00,2026-09-18T17:20:54+08:00,"[""https://i1.28hse.com/2026/07/202607201719173041517_large.jpg"", ""https://i1.28hse.com/2026/07/202607201719182088160_large.jpg"", ""https://i1.28hse.com/2026/07/2026072017191932189_large.jpg"", ""https://i1.28hse.com/2026/07/202607201719198827265_large.jpg"", ""https://i1.28hse.com/2026/07/202607201719203759934_large.jpg"", ""https://i1.28hse.com/2026/07/202607201719218917264_large.jpg"", ""https://i1.28hse.com/estate_data/113/4573/FLOOR/4573_20231121014251943735_thumb.jpg"", ""https://i1.28hse.com/estate_data/113/4573/UNIT/4573_20231121014451414556_thumb.jpg""]",,,25372,4171,29544,2432250,14688,8967117,5203704,-1529964,3343889,-4873854
3954518,執筍貨 記得帶票 何文田星級會所屋苑 特大一房一廳 銀行估凸價 有匙即睇,何文田,私人屋苑/永泰,7080000,381,1,1,中層,開放式廚房,10,新港地產代理有限公司,https://i1.28hse.com/2026/08/202608010818248332644_thumb.jpg,https://www.28hse.com/buy/apartment/property-3954518,2026-08-06T17:33:59.496264+00:00,2026-08-06T18:15:11.551918+00:00,何文田山畔,,九龍何文田何文田山畔 薈然徑8號,"何文田豪宅級屋苑， 星級會所， 特大一房一廳。
銀行估凸價，即call即睇",22.31259,114.185471,,,,,,2026-08-01T08:18:33+08:00,2026-08-01T08:18:33+08:00,2026-08-31T08:18:33+08:00,"[""https://i1.28hse.com/2026/08/202608010818243853009_large.jpg"", ""https://i1.28hse.com/2026/08/202608010818256225488_large.jpg"", ""https://i1.28hse.com/2026/08/20260801081825124550_large.jpg"", ""https://i1.28hse.com/2026/08/202608010818266521952_large.jpg"", ""https://i1.28hse.com/2026/08/202608010818261296303_large.jpg"", ""https://i1.28hse.com/2026/08/202608010818265030052_large.jpg"", ""https://i1.28hse.com/2026/08/20260801081827951412_large.jpg"", ""https://i1.28hse.com/2026/08/202608010818272209024_large.jpg"", ""https://i1.28hse.com/2026/08/202608010818286127045_large.jpg"", ""https://i1.28hse.com/2026/08/202608010818285350460_large.jpg"", ""https://i1.28hse.com/2026/08/202608010818296898438_large.jpg"", ""https://i1.28hse.com/2026/08/202608010818298452106_large.jpg"", ""https://i1.28hse.com/2026/08/202608010818296292286_large.jpg"", ""https://i1.28hse.com/2026/08/202608010818301422368_large.jpg"", ""https://i1.28hse.com/2026/08/20260801081830770614_large.jpg"", ""https://i1.28hse.com/2026/08/202608010818308520987_large.jpg"", ""https://i1.28hse.com/2026/08/202608010818315845705_large.jpg"", ""https://i1.28hse.com/2026/08/202608010818311554981_large.jpg"", ""https://i1.28hse.com/2026/08/20260801081831455194_large.jpg"", ""https://i1.28hse.com/2026/08/202608010818325784900_large.jpg"", ""https://i1.28hse.com/2026/08/202608010818326437537_large.jpg"", ""https://i1.28hse.com/2026/08/202608010818326372186_large.jpg"", ""https://i1.28hse.com/2026/08/202608010818324895466_large.jpg"", ""https://i1.28hse.com/2026/08/202608010818328176276_large.jpg""]",,,25480,3780,29260,2442600,14750,8860191,5225847,-1269440,3343889,-4613329
3964378,龍譽1房 明廁 ，房大廳大,啟德,私人屋苑/保利,7080000,356,1,,中層,,7,美聯物業代理有限公司,https://i1.28hse.com/2026/08/202608071824441619411_thumb.jpg,https://www.28hse.com/buy/apartment/property-3964378,2026-08-07T16:19:46.780897+00:00,2026-08-07T16:21:46.623835+00:00,龍譽,,九龍啟德龍譽 沐寧街9號,龍譽1房 明廁 ，房大廳大,22.327929,114.200729,,,,,,2026-08-07T18:25:17+08:00,2026-08-07T18:25:17+08:00,2026-09-06T18:25:17+08:00,"[""https://i1.28hse.com/2026/08/202608071824433679832_large.jpg"", ""https://i1.28hse.com/2026/08/202608071824445761641_large.jpg"", ""https://i1.28hse.com/2026/08/202608071824441070071_large.jpg"", ""https://i1.28hse.com/2026/08/202608071824457593784_large.jpg""]",,,25480,3667,29147,2442600,14750,8820333,5225847,-1192169,3343889,-4536059
3905604,【新鴻基樓靚樓落街咩都有、幾分鐘到地鐵站！】間隔、管理、位置贏曬幾條街嘅同類！,土瓜灣,私人屋苑/洋樓/單幢式大廈/新鴻基,7080000,377,2,1,中層,開放式廚房,5,捷昇置業有限公司,https://i1.28hse.com/2026/06/202606251717558285742_thumb.jpg,https://www.28hse.com/buy/apartment/property-3905604,2026-08-06T17:33:59.496264+00:00,2026-08-06T18:23:51.852863+00:00,Downtown 38,,九龍土瓜灣Downtown 38 北帝街38號,"歡迎預約睇樓
歡迎查詢
入伙日期: 07/2019
單位數目: 228
每層伙數: 11
所屬校網: 九龍區34號校網",22.320968999999998,114.18846900000001,,,,,,2026-06-25T17:18:10+08:00,2026-07-14T17:48:15+08:00,2026-08-24T17:18:10+08:00,"[""https://i1.28hse.com/2026/06/202606251717547624363_large.jpg"", ""https://i1.28hse.com/2026/06/20260625171755958303_large.jpg"", ""https://i1.28hse.com/2026/06/20260625171757896392_large.jpg"", ""https://i1.28hse.com/2026/06/202606251717535916393_large.jpg"", ""https://i1.28hse.com/2026/06/202606251717536666348_large.jpg"", ""https://i1.28hse.com/2026/06/202606251717531868251_large.jpg"", ""https://i1.28hse.com/2026/06/202606251718086805045_large.jpg"", ""https://i1.28hse.com/2026/06/202606251718085192831_large.jpg"", ""https://i1.28hse.com/2026/06/202606251718085500995_large.jpg"", ""https://i1.28hse.com/2026/06/202606251717566792004_large.jpg"", ""https://i1.28hse.com/estate_data/77/22881/FLOOR/22881_20231117031209852524_thumb.jpg"", ""https://i1.28hse.com/estate_data/77/22881/UNIT/22881_20231117031223399976_thumb.jpg""]",,,25480,3762,29242,2442600,14750,8853814,5225847,-1257076,3343889,-4600966
3760129,"真實盤源，西南大兩房,池海雙輝,價錢可傾",大角咀,私人屋苑/香港小輪,7080000,383,2,1,中層,,23,港灣豪庭分行,https://i1.28hse.com/2026/03/20260305155151918161_thumb.jpg,https://www.28hse.com/buy/apartment/property-3760129,2026-08-06T17:33:59.496264+00:00,2026-08-06T18:03:42.314700+00:00,港灣豪庭,566,九龍大角咀港灣豪庭 福利街8號,"價錢可傾,業主想賣",22.324368999999997,114.15979,,,,,,2026-07-04T16:04:38+08:00,2026-07-19T15:36:16+08:00,2026-09-03T16:45:51+08:00,"[""https://i1.28hse.com/2026/03/20260305155151182854_large.jpg"", ""https://i1.28hse.com/2026/03/202603051551523696649_large.jpg"", ""https://i1.28hse.com/2026/03/202603051551534218990_large.jpg"", ""https://i1.28hse.com/2026/03/202603051551535098236_large.jpg"", ""https://i1.28hse.com/2026/03/202603051551548394315_large.jpg"", ""https://i1.28hse.com/2026/03/202603051551557748618_large.jpg"", ""https://i1.28hse.com/2026/03/20260305155155563702_large.jpg"", ""https://i1.28hse.com/2026/03/202603051551568800889_large.jpg""]",,,25480,3788,29269,2442600,14750,8863380,5225847,-1275621,3343889,-4619511
3147449,中層1房 向東南 開揚球場景 光猛開揚 投資/自住首選,旺角,洋樓/單幢式大廈/新世界,7080000,407,1,1,中層,開放式廚房,9,富榮地產代理,https://i1.28hse.com/2026/07/202607231313168719052_thumb.jpg,https://www.28hse.com/buy/apartment/property-3147449,2026-08-06T17:33:59.496264+00:00,2026-08-06T17:58:22.130226+00:00,SKYPARK,,九龍旺角SKYPARK 旺角奶路臣街17號,"本公司就在Skypark對面,盤源多,還有多間開放式,1房和2房放盤,歡迎查詢或約睇：
黃生(Albert Wong)：[REDACTED]
微信號：WKK32168
**可以用本人的手機號碼加我微信查詢**
旺角樓皇 投資自住首選
酒店式管理保安 區內週邊設施衣食住行一應俱全
近火車站及港鐵 交通四通八達 旺中帶靜
豪華會所 空中花園 唯我獨有
*旺中帶靜 5分鐘到朗豪坊,MOKO 鄰近波鞋街 衣食住行 樣樣俱備",22.318693,114.171417,,,,,,2026-07-23T13:08:21+08:00,2026-07-23T13:16:06+08:00,2026-09-21T13:08:21+08:00,"[""https://i1.28hse.com/2026/07/202607231314004769728_large.jpg"", ""https://i1.28hse.com/2026/07/202607231313252255136_large.jpg"", ""https://i1.28hse.com/2026/07/202607231313561701224_large.jpg"", ""https://i1.28hse.com/2026/07/20260723131329169233_large.jpg"", ""https://i1.28hse.com/2026/07/20260723131332360960_large.jpg"", ""https://i1.28hse.com/2026/07/202607231313421818088_large.jpg"", ""https://i1.28hse.com/2026/07/202607231313505207391_large.jpg"", ""https://i1.28hse.com/2026/07/202607231313355117601_large.jpg"", ""https://i1.28hse.com/2026/07/202607231313386578495_large.jpg"", ""https://i1.28hse.com/2026/01/202601171207234346909_large.jpg"", ""https://i1.28hse.com/2026/01/202601171207271227302_large.jpg"", ""https://i1.28hse.com/2026/01/202601171208438822800_large.jpg"", ""https://i1.28hse.com/2026/01/202601171208488272818_large.jpg"", ""https://i1.28hse.com/2026/01/202601171209012662612_large.jpg"", ""https://i1.28hse.com/2026/01/202601171209047795384_large.jpg"", ""https://i1.28hse.com/2026/01/20260117120909100277_large.jpg"", ""https://i1.28hse.com/2026/01/202601171209125616304_large.jpg"", ""https://i1.28hse.com/2026/01/202601171209155609888_large.jpg"", ""https://i1.28hse.com/2026/01/20260117120918614839_large.jpg"", ""https://i1.28hse.com/2026/01/202601171209223772595_large.jpg"", ""https://i1.28hse.com/2026/01/202601171209251267765_large.jpg"", ""https://i1.28hse.com/estate_data/71/8587/FLOOR/8587_20231121200334649581_thumb.jpg"", ""https://i1.28hse.com/estate_data/71/8587/UNIT/8587_20231121200431766453_thumb.jpg""]",,,25480,3896,29377,2442600,14750,8901644,5225847,-1349801,3343889,-4693690
3917676,《寶御》 1房靚景 高層開揚 獨立廚房 戶戶雙露台 東南全海景,紅磡,單幢式大廈/遠東,7080000,410,1,1,高層,,12,天晋物業有限公司,https://i1.28hse.com/2026/07/202607171649531134197_thumb.jpg,https://www.28hse.com/buy/apartment/property-3917676,2026-08-06T17:33:59.496264+00:00,2026-08-06T17:50:23.155897+00:00,寶御,592,九龍紅磡寶御 新圍街1號,"地址: 新圍街1號
入伙日期: 05/2014
單位數目: 124
層數: 22
每層伙數: 6
所屬校網: 九龍區35號校網
發展商:
管理公司: 康業服務有限公司
物業設施: 健身室、室內恆溫泳池、按摩浴池",22.311607,114.186829,,,,,,2026-07-04T15:26:19+08:00,2026-07-17T16:53:22+08:00,2026-09-02T15:26:19+08:00,"[""https://i1.28hse.com/2026/07/202607171640174429085_large.jpg"", ""https://i1.28hse.com/2026/07/202607171640192394347_large.jpg"", ""https://i1.28hse.com/2026/07/202607171640215159223_large.jpg"", ""https://i1.28hse.com/2026/07/202607171649396596356_large.jpg"", ""https://i1.28hse.com/2026/07/202607171649432107873_large.jpg"", ""https://i1.28hse.com/2026/07/202607171649467420867_large.jpg"", ""https://i1.28hse.com/2026/07/202607171649378671313_large.jpg"", ""https://i1.28hse.com/estate_data/75/6705/FLOOR/6705_20231117004245219445_thumb.jpg"", ""https://i1.28hse.com/estate_data/75/6705/UNIT/6705_20231117004259337164_thumb.jpg""]",,,25480,3910,29390,2442600,14750,8906427,5225847,-1359073,3343889,-4702963
3943697,上車首選｜荀爆廳大房大 置業必睇,啟德,私人屋苑/嘉華,7100000,372,1,,中層,開放式廚房,7,中原地產代理有限公司,https://i1.28hse.com/2026/07/20260723172100291373_thumb.jpg,https://www.28hse.com/buy/apartment/property-3943697,2026-08-06T17:33:59.496264+00:00,2026-08-06T18:17:37.650318+00:00,嘉匯,,九龍啟德嘉匯 沐寧街7號,"筍價出售, 高實用率, 包電器, 露台, 大型商場, 中心旺地, 中央園景, 廳大房大,34校網",22.329559,114.20443,,,,,,2026-07-23T17:21:38+08:00,2026-07-23T17:23:40+08:00,2026-08-22T17:21:38+08:00,"[""https://i1.28hse.com/2026/07/202607231719117566912_large.jpg"", ""https://i1.28hse.com/2026/07/202607231719117949793_large.jpg"", ""https://i1.28hse.com/2026/07/202607231719117036739_large.jpg"", ""https://i1.28hse.com/2026/07/20260723171911318937_large.jpg"", ""https://i1.28hse.com/2026/07/20260723171911223726_large.jpg"", ""https://i1.28hse.com/2026/07/20260723172100291373_large.jpg"", ""https://i1.28hse.com/estate_data/82/22114/FLOOR/22114_20240220150726577414_thumb.jpg"", ""https://i1.28hse.com/estate_data/82/22114/UNIT/22114_20240220150951966417_thumb.jpg""]",,,25552,3745,29297,2449500,14792,8869155,5240610,-1251328,3343889,-4595217
3698021,向南高層最筍海景1房，上車優質首選，豪華會所,油麻地,私人屋苑,7100000,400,1,1,高層,,14,世紀21卓建物業,https://i1.28hse.com/2026/02/202602011947144395486_thumb.jpg,https://www.28hse.com/buy/apartment/property-3698021,2026-08-06T17:33:59.496264+00:00,2026-08-06T17:55:43.629415+00:00,御金國峯,510,九龍油麻地御金國峯 友翔道1號,"信和歐陸式名廈，10’11”極高樓底，免費穿梭巴士到九龍站、高鐵站、圓方。附近有小巴直達旺角、太子、奧海城、尖沙咀; 914隧巴經西隧去中環只需10分鐘，直達中上環、金鐘、灣仔、銅鑼灣、天后等核心地區，交通十分便利，旺中帶靜。步行至高鐵站、柯士甸站、佐敦地鐵站只需5-10分鐘。
星級會所 - 設有兒童遊樂設施、羽毛球場、兵兵球場、室內外游池 、健身室、圖書館等多元化大型會所。
樓下香港墨爾文國際幼稚園，鄰近西九文化藝術公園、圓方、海港城，奧海城，文化消閒購物娛樂應有盡有，高端優質生活圈。",22.310324,114.16586300000003,,,,,,2026-07-14T23:11:42+08:00,2026-08-05T20:59:26+08:00,2026-08-15T19:54:01+08:00,"[""https://i1.28hse.com/2026/02/202602011949093739552_large.jpg"", ""https://i1.28hse.com/2026/02/202602011946055255694_large.jpg"", ""https://i1.28hse.com/2026/02/20260201194516287377_large.jpg"", ""https://i1.28hse.com/2026/02/202602011944578512939_large.jpg"", ""https://i1.28hse.com/2026/02/202602011949006999208_large.jpg"", ""https://i1.28hse.com/2026/02/202602011945221453462_large.jpg"", ""https://i1.28hse.com/2026/01/202601052336457609949_large.jpg"", ""https://i1.28hse.com/2026/01/202601052336114478335_large.jpg"", ""https://i1.28hse.com/2026/01/202601052336422754804_large.jpg"", ""https://i1.28hse.com/2026/01/202601052336097653583_large.jpg"", ""https://i1.28hse.com/2026/01/202601052336251194380_large.jpg"", ""https://i1.28hse.com/2026/01/202601052336216396806_large.jpg"", ""https://i1.28hse.com/2026/01/202601052336067842522_large.jpg"", ""https://i1.28hse.com/2026/01/202601052336367648264_large.jpg"", ""https://i1.28hse.com/estate_data/72/6768/FLOOR/6768_20231117004407844879_thumb.jpg"", ""https://i1.28hse.com/estate_data/72/6768/UNIT/6768_20231117004941618824_thumb.jpg""]",,,25552,3871,29423,2449500,14792,8913796,5240610,-1337871,3343889,-4681760
3915112,【海景】【高層開揚】【有露台】【優質半新兩房】,深水埗,私人屋苑/恒基,7100000,365,2,1,中層,開放式廚房,7,香港置業,https://i1.28hse.com/2026/07/202607030526024424571_thumb.jpg,https://www.28hse.com/buy/apartment/property-3915112,2026-08-06T17:33:59.496264+00:00,2026-08-06T18:13:52.243590+00:00,南昌一號,,九龍深水埗南昌一號 南昌街1號,"歡迎查詢 24小時即時回覆
提供買賣及售後服務 
免費壓力測試,首期支出及供款計算
各大銀行按揭介紹
專業法律咨詢，律師介紹
裝修設計
專車接送
大量一手，二手樓盤介紹",22.326567,114.16066,,,明火煮食,,,2026-07-03T05:26:05+08:00,2026-07-03T05:26:05+08:00,2026-09-01T05:26:05+08:00,"[""https://i1.28hse.com/2026/07/202607030526033325153_large.jpg"", ""https://i1.28hse.com/2026/07/202607030526034321759_large.jpg"", ""https://i1.28hse.com/2026/07/202607030526036593160_large.jpg"", ""https://i1.28hse.com/2026/07/202607030526033858151_large.jpg"", ""https://i1.28hse.com/2026/07/202607030526043069927_large.jpg"", ""https://i1.28hse.com/2026/07/202607030526045862436_large.jpg"", ""https://i1.28hse.com/estate_data/62/8944/FLOOR/8944_20231117024433735191_thumb.jpg""]",,,25552,3713,29266,2449500,14792,8857995,5240610,-1229692,3343889,-4573582
3899216,正南中層實用兩房 開放廚 可約睇,紅磡,單幢式大廈/長實,7100000,430,2,1,中層,開放式廚房,10,富恒地產,https://i1.28hse.com/2026/07/202607161403277447515_thumb.jpg,https://www.28hse.com/buy/apartment/property-3899216,2026-08-06T17:33:59.496264+00:00,2026-08-06T17:51:09.865904+00:00,悅目,,九龍紅磡悅目 利工街9號,"旺中帶靜
間隔四正",22.309417999999997,114.18637100000001,,,,,,2026-06-20T16:49:06+08:00,2026-08-05T15:28:28+08:00,2026-08-19T16:49:06+08:00,"[""https://i1.28hse.com/2026/07/202607161403277699420_large.jpg"", ""https://i1.28hse.com/2026/07/20260716140328449991_large.jpg"", ""https://i1.28hse.com/estate_data/75/8567/FLOOR/8567_20231121195933588769_thumb.jpg"", ""https://i1.28hse.com/estate_data/75/8567/UNIT/8567_20231121195959871892_thumb.jpg""]",,,25552,4006,29558,2449500,14792,8961626,5240610,-1430595,3343889,-4774485
3923878,【即時交吉!】保守又怕後悔?最後機會筍價買全紅磡性價比最高兩房!,紅磡,私人屋苑/單幢式大廈/長實,7100000,430,2,1,中層,開放式廚房,10,捷昇置業有限公司,https://i1.28hse.com/2026/07/202607161247341598847_thumb.jpg,https://www.28hse.com/buy/apartment/property-3923878,2026-08-06T17:33:59.496264+00:00,2026-08-06T17:49:59.192425+00:00,悅目,,九龍紅磡悅目 利工街9號,"鄰近何文田站！
物業地址 紅磡利工街9號悅目
物業座數:1座
單位總數:216伙
車位數目:住客車位:37個
物業樓層:15/29
住宅樓層高度:9呎9吋
管理公司:高衛物業管理
發展商:長實
校網小學:35
中學:九龍城",22.309418,114.186371,,,,,,2026-07-08T18:10:31+08:00,2026-07-31T15:21:43+08:00,2026-08-07T18:10:31+08:00,"[""https://i1.28hse.com/2026/07/202607161247341216618_large.jpg"", ""https://i1.28hse.com/2026/07/202607161247314354966_large.jpg"", ""https://i1.28hse.com/2026/07/202607161247323115520_large.jpg"", ""https://i1.28hse.com/2026/07/202607161247314844562_large.jpg"", ""https://i1.28hse.com/2026/07/202607161247315050135_large.jpg"", ""https://i1.28hse.com/2026/07/202607161247325528229_large.jpg"", ""https://i1.28hse.com/2026/07/202607161247324725994_large.jpg"", ""https://i1.28hse.com/2026/07/202607161247328073447_large.jpg"", ""https://i1.28hse.com/2026/07/20260716124733634808_large.jpg"", ""https://i1.28hse.com/2026/07/202607161247337348597_large.jpg"", ""https://i1.28hse.com/2026/07/202607161247335992628_large.jpg"", ""https://i1.28hse.com/2026/07/202607161247335115590_large.jpg"", ""https://i1.28hse.com/2026/07/202607161247315154933_large.jpg"", ""https://i1.28hse.com/estate_data/75/8567/FLOOR/8567_20231121195933588769_thumb.jpg"", ""https://i1.28hse.com/estate_data/75/8567/UNIT/8567_20231121195959871892_thumb.jpg""]",,,25552,4006,29558,2449500,14792,8961626,5240610,-1430595,3343889,-4774485
3934090,正南中層實用兩房 開放廚 可約睇,紅磡,單幢式大廈/長實,7100000,430,2,1,中層,開放式廚房,10,富恒地產,https://i1.28hse.com/2026/07/202607161404194308224_thumb.jpg,https://www.28hse.com/buy/apartment/property-3934090,2026-08-06T17:33:59.496264+00:00,2026-08-06T17:49:44.784009+00:00,悅目,,九龍紅磡悅目 利工街9號,"旺中帶靜
間隔四正",22.309417999999997,114.18637100000001,,,,,,2026-07-16T14:04:20+08:00,2026-08-05T15:28:58+08:00,2026-09-14T14:04:20+08:00,"[""https://i1.28hse.com/2026/07/202607161404193856637_large.jpg"", ""https://i1.28hse.com/2026/07/202607291348155711400_large.jpg"", ""https://i1.28hse.com/2026/07/202607291348151336722_large.jpg"", ""https://i1.28hse.com/2026/07/202607291348168344019_large.jpg"", ""https://i1.28hse.com/2026/07/20260729134817268699_large.jpg"", ""https://i1.28hse.com/2026/07/202607291348172159269_large.jpg"", ""https://i1.28hse.com/2026/07/202607291348173853589_large.jpg"", ""https://i1.28hse.com/estate_data/75/8567/FLOOR/8567_20231121195933588769_thumb.jpg"", ""https://i1.28hse.com/estate_data/75/8567/UNIT/8567_20231121195959871892_thumb.jpg""]",,,25552,4006,29558,2449500,14792,8961626,5240610,-1430595,3343889,-4774485
3943648,"(致滙地產-致真實盤)必走筍盤 ! 高層, 市場最筍最平, 先到先得",美孚,私人屋苑/長實,7100000,452,2,,高層,,24,致滙地產,https://i1.28hse.com/2026/07/202607231725358096699_thumb.jpg,https://www.28hse.com/buy/apartment/property-3943648,2026-08-06T17:33:59.496264+00:00,2026-08-06T18:04:52.928078+00:00,盈暉臺,626,九龍美孚盈暉臺 盈暉路,貼近美孚地鐵站，附近有大游泳池 ，大公園，圖書館，體育館，街市等等，巴士總站，各類食肆，交通配套完善。,22.341682,114.13752,,,,,,2026-07-23T17:04:36+08:00,2026-07-23T17:26:08+08:00,2026-08-22T17:04:36+08:00,"[""https://i1.28hse.com/2026/07/202607231725374989517_large.jpg"", ""https://i1.28hse.com/2026/07/202607231725381233939_large.jpg"", ""https://i1.28hse.com/2026/07/202607231725398853354_large.jpg"", ""https://i1.28hse.com/2026/07/202607231725406747625_large.jpg"", ""https://i1.28hse.com/2026/07/202607231725416944718_large.jpg"", ""https://i1.28hse.com/2026/07/20260723172543464135_large.jpg""]",,,25552,4105,29657,2449500,14792,8996701,5240610,-1498593,3343889,-4842483
3779291,高層開揚 靚盤難求,大角咀,私人屋苑/新鴻基,7110000,453,2,1,高層,,18,龍鳳地產-洋松街分行,https://i1.28hse.com/2026/03/20260320104239176904_thumb.jpg,https://www.28hse.com/buy/apartment/property-3779291,2026-08-06T17:33:59.496264+00:00,2026-08-06T18:03:11.216122+00:00,柏豐28,604,九龍大角咀柏豐28 必發道28號,少有高層放盤， 大型發展商管理，會所游泳池、Gym room住戶免費使用，尤合愛運動的您， 歡迎約看,22.322407,114.164879,,,,,,2026-07-18T14:27:34+08:00,2026-07-18T14:27:34+08:00,2026-09-16T14:27:34+08:00,"[""https://i1.28hse.com/2026/03/202603201042477693323_large.jpg"", ""https://i1.28hse.com/2026/03/202603201042477714946_large.jpg"", ""https://i1.28hse.com/2026/03/202603201042473085780_large.jpg"", ""https://i1.28hse.com/2026/03/202603241403055272109_large.jpg"", ""https://i1.28hse.com/2026/03/202603241403202274615_large.jpg""]",,,25588,4112,29701,2452950,14812,9009952,5247991,-1506537,3343889,-4850426
3917781,（真盤源)筍！高層大房1房，有匙歡迎約睇。,啟德,私人屋苑/中國海外,7130000,372,1,1,,,9,啟盛物業代理,https://i1.28hse.com/2026/07/202607241138272315675_thumb.jpg,https://www.28hse.com/buy/apartment/property-3917781,2026-08-06T17:33:59.496264+00:00,2026-08-06T18:17:59.228965+00:00,啟德1號(I),,九龍啟德啟德1號(I) 沐寧街2號,生活交通方便。,22.329336,114.200851,,,,,,2026-07-04T16:15:31+08:00,2026-07-24T11:47:29+08:00,2026-09-02T16:15:31+08:00,"[""https://i1.28hse.com/2026/07/202607241138283900546_large.jpg"", ""https://i1.28hse.com/2026/07/202607241138302971851_large.jpg"", ""https://i1.28hse.com/2026/07/202607241138336850764_large.jpg"", ""https://i1.28hse.com/estate_data/82/8908/FLOOR/8908_20231205110525596471_thumb.jpg"", ""https://i1.28hse.com/estate_data/82/8908/UNIT/8908_20231205110717487845_thumb.jpg""]",,,25660,3754,29414,2459850,14854,8904124,5262753,-1265886,3343889,-4609776
3925691,***市場難求［貴族高級屋苑］實用395呎 可交吉 相熟業主 ***還價即賣,旺角,私人屋苑/洋樓/新世界,7150000,395,1,1,高層,,9,駿輝地產置業有限公司,https://i1.28hse.com/2026/07/202607092200545705734_thumb.jpg,https://www.28hse.com/buy/apartment/property-3925691,2026-08-06T17:33:59.496264+00:00,2026-08-06T17:59:16.416685+00:00,SKYPARK,,九龍旺角SKYPARK 旺角奶路臣街17號,"***保證實盤
***相熟業主",22.318693,114.171417,,,,,,2026-07-09T22:01:32+08:00,2026-07-31T11:24:41+08:00,2026-09-07T22:01:32+08:00,"[""https://i1.28hse.com/2026/07/202607092200528023991_large.jpg"", ""https://i1.28hse.com/2026/07/202607092200538579886_large.jpg"", ""https://i1.28hse.com/2026/07/202607092200538459706_large.jpg""]",,,25732,3863,29595,2466750,14896,8964107,5277515,-1346680,3343889,-4690570
3889750,✧✧實盤 急！急！急！✧✧,長沙灣,私人屋苑/洋樓/香港房協,7150000,458,2,,中層,,,千億物業 長沙灣分行,https://i1.28hse.com/2026/06/202606131623206971920_thumb.jpg,https://www.28hse.com/buy/apartment/property-3889750,2026-08-06T17:33:59.496264+00:00,2026-08-06T18:09:10.847820+00:00,喜雅,568,九龍長沙灣喜雅 保安道18號,"市區屋苑 放血價！實盤 還價即成
千億物業
張小姐 Kelly Cheung 
溫家明 Andy Wan",22.336959999999998,114.160393,,,,,,2026-06-13T16:23:22+08:00,2026-08-04T17:13:42+08:00,2026-08-12T16:23:22+08:00,"[""https://i1.28hse.com/2026/06/202606131623217978728_large.jpg"", ""https://i1.28hse.com/2026/06/20260613162321389513_large.jpg"", ""https://i1.28hse.com/2026/06/202606131623224492870_large.jpg"", ""https://i1.28hse.com/2026/06/202606131623225468274_large.jpg"", ""https://i1.28hse.com/estate_data/63/6798/FLOOR/6798_20231117010230126656_thumb.jpg"", ""https://i1.28hse.com/estate_data/63/6798/UNIT/6798_20231117010535269896_thumb.jpg""]",,,25732,4146,29879,2466750,14896,9064549,5277515,-1541402,3343889,-4885291
3930364,"罕有放盤,實用大一房,外形獨特,名牌發展商,5分鐘到何文田站",何文田,私人屋苑/永泰,7180000,381,1,,中層,,10,太陽物業,https://i1.28hse.com/2026/07/202607131515134980746_thumb.jpg,https://www.28hse.com/buy/apartment/property-3930364,2026-08-06T17:33:59.496264+00:00,2026-08-06T18:15:24.704480+00:00,何文田山畔,,九龍何文田何文田山畔 薈然徑8號,新樓會所，間隔四正，本週推介，管理完善，只此一間，置業首選，,22.31259,114.185471,,,,,,2026-07-13T15:15:20+08:00,2026-07-14T14:15:07+08:00,2026-09-11T15:15:20+08:00,"[""https://i1.28hse.com/2026/07/202607131515148660101_large.jpg"", ""https://i1.28hse.com/2026/07/202607131515142983112_large.jpg"", ""https://i1.28hse.com/2026/07/20260713151514638148_large.jpg"", ""https://i1.28hse.com/2026/07/202607131515142976802_large.jpg"", ""https://i1.28hse.com/2026/07/202607131515158055609_large.jpg"", ""https://i1.28hse.com/2026/07/202607131515152596972_large.jpg"", ""https://i1.28hse.com/2026/07/202607131515153504035_large.jpg"", ""https://i1.28hse.com/2026/07/202607131515157610011_large.jpg"", ""https://i1.28hse.com/2026/07/202607131515163950643_large.jpg"", ""https://i1.28hse.com/2026/07/202607131515164995710_large.jpg"", ""https://i1.28hse.com/2026/07/20260713151516669550_large.jpg"", ""https://i1.28hse.com/2026/07/202607131515167808206_large.jpg""]",,,25840,3809,29649,2477100,14958,8976755,5299659,-1317967,3343889,-4661856
3726555,啟德1號 超實用1房 距離地鐵站1分鐘 開陽靚景,啟德,私人屋苑/中國海外,7180000,376,1,,中層,,8,世紀21啟豐物業代理,https://i1.28hse.com/2026/01/202601310031432122592_thumb.jpg,https://www.28hse.com/buy/apartment/property-3726555,2026-08-06T17:33:59.496264+00:00,2026-08-06T18:17:54.362743+00:00,啟德1號(I),,九龍啟德啟德1號(I) 沐寧街2號,"24小時熱線
Lok Wong 
微信請加：lokwong911",22.329336000000005,114.20085100000001,,,,,,2026-07-09T17:28:58+08:00,2026-07-09T17:28:58+08:00,2026-09-07T17:28:58+08:00,"[""https://i1.28hse.com/2026/01/202601310031193840261_large.jpg"", ""https://i1.28hse.com/2026/01/202601310031203230202_large.jpg"", ""https://i1.28hse.com/2026/01/202601310031225831295_large.jpg"", ""https://i1.28hse.com/2026/01/202601310031237219613_large.jpg"", ""https://i1.28hse.com/estate_data/82/8908/FLOOR/8908_20231205110532419932_thumb.jpg"", ""https://i1.28hse.com/estate_data/82/8908/UNIT/8908_20231205110733732673_thumb.jpg""]",,,25840,3786,29626,2477100,14958,8968784,5299659,-1302513,3343889,-4646402
3945287,左右廳 大兩房 間隔實用 地板換過 可以約睇樓,大角咀,私人屋苑/香港小輪,7180000,436,2,,中層,,23,中原地產,https://i1.28hse.com/2026/07/202607241808201682605_thumb.jpg,https://www.28hse.com/buy/apartment/property-3945287,2026-08-06T17:33:59.496264+00:00,2026-08-06T18:02:53.440187+00:00,港灣豪庭,611,九龍大角咀港灣豪庭 福利街8號,有興趣可以約睇樓,22.324369,114.15979,,,,,,2026-07-24T18:08:57+08:00,2026-07-24T18:08:57+08:00,2026-08-23T18:08:57+08:00,"[""https://i1.28hse.com/2026/07/202607241808217384987_large.jpg"", ""https://i1.28hse.com/2026/07/202607241808223088970_large.jpg"", ""https://i1.28hse.com/2026/07/202607241808221532597_large.jpg"", ""https://i1.28hse.com/2026/07/202607241808235519850_large.jpg"", ""https://i1.28hse.com/2026/07/202607241808245674426_large.jpg"", ""https://i1.28hse.com/2026/07/202607241808241545431_large.jpg"", ""https://i1.28hse.com/2026/07/202607241808248305640_large.jpg"", ""https://i1.28hse.com/estate_data/67/2564/FLOOR/2564_20231121185748444473_thumb.jpg"", ""https://i1.28hse.com/estate_data/67/2564/UNIT/2564_20231121185955539684_thumb.jpg""]",,,25840,4056,29896,2477100,14958,9064443,5299659,-1487962,3343889,-4831851
3883510,SKYPARK真實盤 A7室正南1房套404呎鳳凰樓層望到煙花自住預約,旺角,私人屋苑/新世界,7180000,404,1,1,高層,開放式廚房,9,富榮地產代理,https://i1.28hse.com/2026/06/20260609154321643145_thumb.jpg,https://www.28hse.com/buy/apartment/property-3883510,2026-08-06T17:33:59.496264+00:00,2026-08-06T18:00:35.566796+00:00,SKYPARK,,九龍旺角SKYPARK 旺角奶路臣街17號,"富榮地產 SKYPARK 專區專組 專家地舖就喺樓下 真盤在售 
本公司舖位正 (位於在旺角SKYPARK旗艦店)你可以加我 whatsapp 微信WECHAT 帳號
專區專組。 資深市場經豐富 經驗
紮根旺角18年 市場， 專區 提拱 專業服務，信譽良好 深受買家信任
SKYPARK.本公司市場佔有率達80% 旗艦店 位於SKYPARK 斜對面
最新成交記錄
6/2026 C3室309""中層$500萬@16200
6/2026 A5室407""高層""$680萬@16181
5/2026 C7室316""高層$520萬@16455
5/2026 A7室404""低層$625萬@15470
5/2026 A7室404""高層$650萬@16089
2/2026 C7室315""高層$485萬@15397
3/2026 D1室315""高層$520萬@16507
3/2026 B1室463""低層$670萬@14470
4/2026 A1室593""中層$980萬@16526
2/2026 A1室593""低層$928萬@15649
1/2026 A6室407""中層$650萬@15970
1/2026 B3室404""中層$628萬@15544
1/2026 A1室593""低層$850萬@14334
10/2025 A6室407""中層$668萬@16412
12/2025 C1室395""低層$625萬@15822
10/2025 D5室315""高層$498萬@15809
10/2025 A7室404""中層$615萬@15222
9/2025 A5室407""中層$624萬@15331
9/2025 C5室310""高層473.8萬@15283
8/2025 D2室309""低層$450萬@14563",22.318693,114.171417,,,,,,2026-06-09T15:43:29+08:00,2026-07-25T16:27:41+08:00,2026-08-08T15:43:29+08:00,"[""https://i1.28hse.com/2026/06/202606091543221303112_large.jpg"", ""https://i1.28hse.com/2026/06/202606091543228791327_large.jpg"", ""https://i1.28hse.com/2026/06/202606091543234580780_large.jpg"", ""https://i1.28hse.com/2026/06/202606091543237212153_large.jpg"", ""https://i1.28hse.com/2026/06/202606091543235184765_large.jpg"", ""https://i1.28hse.com/2026/06/202606091543248762442_large.jpg"", ""https://i1.28hse.com/2026/06/202606091543247674648_large.jpg"", ""https://i1.28hse.com/2026/06/202606091543254457507_large.jpg"", ""https://i1.28hse.com/2026/06/20260609154325332890_large.jpg"", ""https://i1.28hse.com/2026/06/202606091543258407156_large.jpg"", ""https://i1.28hse.com/2026/06/202606091543267534485_large.jpg"", ""https://i1.28hse.com/2026/06/202606091543267773507_large.jpg"", ""https://i1.28hse.com/2026/06/202606091543277267238_large.jpg"", ""https://i1.28hse.com/2026/06/202606091543277401406_large.jpg"", ""https://i1.28hse.com/2026/06/202606091543277210672_large.jpg"", ""https://i1.28hse.com/2026/06/202606091543286880479_large.jpg"", ""https://i1.28hse.com/2026/06/202606091543285781038_large.jpg"", ""https://i1.28hse.com/estate_data/71/8587/FLOOR/8587_20231121200345561469_thumb.jpg"", ""https://i1.28hse.com/estate_data/71/8587/UNIT/8587_20231121200507648317_thumb.jpg""]",,,25840,3912,29752,2477100,14958,9013425,5299659,-1389056,3343889,-4732945
3912701,【新樓價太癲、舊樓要大裝修?】紅磡區性價比最高!何文田站10年樓向南拎包入住!,紅磡,單幢式大廈/長實,7180000,430,2,1,中層,開放式廚房,8,捷昇置業有限公司,https://i1.28hse.com/2026/07/202607011426597709487_thumb.jpg,https://www.28hse.com/buy/apartment/property-3912701,2026-08-06T17:33:59.496264+00:00,2026-08-06T17:50:30.157866+00:00,悅目,,九龍紅磡悅目 利工街9號,"鄰近何文田站！
物業地址 紅磡利工街9號悅目
物業座數:1座
單位總數:216伙
車位數目:住客車位:37個
物業樓層:15/29
住宅樓層高度:9呎9吋
管理公司:高衛物業管理
發展商:長實
校網小學:35
中學:九龍城",22.309418,114.186371,,,,,,2026-07-01T14:27:02+08:00,2026-07-14T11:02:15+08:00,2026-08-30T14:27:02+08:00,"[""https://i1.28hse.com/2026/07/20260701142700932676_large.jpg"", ""https://i1.28hse.com/2026/07/202607011426286244715_large.jpg"", ""https://i1.28hse.com/2026/07/20260701142630316311_large.jpg"", ""https://i1.28hse.com/2026/07/202607011427005306236_large.jpg"", ""https://i1.28hse.com/2026/07/202607011427018996425_large.jpg"", ""https://i1.28hse.com/2026/07/202607011427018742377_large.jpg"", ""https://i1.28hse.com/2026/07/202607011427012091346_large.jpg"", ""https://i1.28hse.com/2026/07/202607011427025522782_large.jpg"", ""https://i1.28hse.com/2026/07/202607011426327684300_large.jpg"", ""https://i1.28hse.com/estate_data/75/8567/FLOOR/8567_20231121195933588769_thumb.jpg"", ""https://i1.28hse.com/estate_data/75/8567/UNIT/8567_20231121195959871892_thumb.jpg""]",,,25840,4029,29869,2477100,14958,9054877,5299659,-1469417,3343889,-4813306
3927698,《 半新樓呢度最啱· 3房2廁·高品質·低價錢 》碧麗花園,紅磡,洋樓/單幢式大廈/私人屋苑/會德豐,7180000,467,3,1,中層,,26,天晋物業有限公司,https://i1.28hse.com/2026/07/20260711130421122033_thumb.jpg,https://www.28hse.com/buy/apartment/property-3927698,2026-08-06T17:33:59.496264+00:00,2026-08-06T17:49:52.934865+00:00,碧麗花園,600,九龍紅磡碧麗花園 庇利街23號,"《 新樓太貴·半新樓呢度最啱· 3房2厠·高品質·低價錢 》碧麗花園 泳池停車場配套，改為1個廁所
地址:	庇利街23號
入伙日期:	03/1995
單位數目:	216
層數:	27
每層伙數:	8
所屬校網:	九龍區35號校網",22.312612999999992,114.18872800000001,,,,,,2026-07-11T13:04:26+08:00,2026-08-03T16:45:54+08:00,2026-09-09T13:04:26+08:00,"[""https://i1.28hse.com/2026/07/202607111304227125998_large.jpg"", ""https://i1.28hse.com/2026/07/202607111304224841983_large.jpg"", ""https://i1.28hse.com/2026/07/202607111304238885533_large.jpg"", ""https://i1.28hse.com/2026/07/202607111304231544738_large.jpg"", ""https://i1.28hse.com/2026/07/202607111304244837759_large.jpg"", ""https://i1.28hse.com/2026/07/202607111304247448180_large.jpg"", ""https://i1.28hse.com/2026/07/202607111304243862534_large.jpg"", ""https://i1.28hse.com/2026/07/202607111304254771378_large.jpg"", ""https://i1.28hse.com/2026/07/20260711130425744650_large.jpg""]",,,25840,4196,30036,2477100,14958,9113868,5299659,-1583777,3343889,-4927667
3939295,【柏傲湾稀有放盤】一房至尊户型｜公园全景・静享私密｜港铁5分钟直达,荃灣,私人屋苑/新世界,7180000,388,1,,中層,,8,中原地產代理有限公司,https://i1.28hse.com/2026/07/202607201202014035646_thumb.jpg,https://www.28hse.com/buy/apartment/property-3939295,2026-08-06T17:33:59.496264+00:00,2026-08-06T18:33:28.677894+00:00,柏傲灣,,新界荃灣柏傲灣 永顺街51号,业主诚卖，位置优越，步行3分钟直达海之恋商场，Donki超市，环绕三大公园：荃湾公园/海滨长廊/荃湾广场休息区,22.366022,114.112686,,,,,,2026-07-20T12:02:20+08:00,2026-07-20T12:02:20+08:00,2026-08-19T12:02:20+08:00,"[""https://i1.28hse.com/2026/07/202607201202011916198_large.jpg"", ""https://i1.28hse.com/2026/07/2026072012020234161_large.jpg"", ""https://i1.28hse.com/2026/07/202607201202023815954_large.jpg"", ""https://i1.28hse.com/2026/07/202607201202038980729_large.jpg"", ""https://i1.28hse.com/2026/07/202607201202033910823_large.jpg"", ""https://i1.28hse.com/2026/07/202607201202046353156_large.jpg"", ""https://i1.28hse.com/2026/07/202607201202057427098_large.jpg"", ""https://i1.28hse.com/2026/07/202607201202056346194_large.jpg"", ""https://i1.28hse.com/estate_data/113/22100/FLOOR/22100_20240208104550263982_thumb.jpg"", ""https://i1.28hse.com/estate_data/113/22100/UNIT/22100_20240208104719989682_thumb.jpg""]",,,25840,3840,29680,2477100,14958,8987916,5299659,-1339603,3343889,-4683492
3959288,[日訊物業推介] 靚裝二房 商場上蓋 交通便利,荃灣,私人屋苑/新世界,7180000,485,2,1,高層,,29,日訊物業代理有限公司,https://i1.28hse.com/2026/08/202608041427112686753_thumb.jpg,https://www.28hse.com/buy/apartment/property-3959288,2026-08-06T17:33:59.496264+00:00,2026-08-06T18:30:44.240776+00:00,愉景新城,610,新界荃灣愉景新城 青山公路荃灣段398號,"荃灣區內規模龐大的私人屋苑，主打家庭客源，配套齊全且社區成熟，自設商場及會所，生活需求一站式滿足
住客會所面積約20萬平方呎
室內外泳池、健身室、網球場、兒童遊樂場等
連接天橋直達荃灣地鐵站，步行約10-15分鐘",22.376377,114.111252,,,,,,2026-08-04T13:55:17+08:00,2026-08-04T14:27:19+08:00,2026-10-03T13:55:17+08:00,"[""https://i1.28hse.com/2026/08/202608041427112422745_large.jpg"", ""https://i1.28hse.com/estate_data/113/4573/FLOOR/4573_20231121014245887539_thumb.jpg"", ""https://i1.28hse.com/estate_data/113/4573/UNIT/4573_20231121014435422857_thumb.jpg""]",,,25840,4277,30117,2477100,14958,9142565,5299659,-1639412,3343889,-4983301
3892346,何文田山畔1房,何文田,私人屋苑/永泰,7200000,381,1,,中層,,10,美聯物業代理有限公司,https://i1.28hse.com/2026/06/202606151612116547824_thumb.jpg,https://www.28hse.com/buy/apartment/property-3892346,2026-08-06T17:33:59.496264+00:00,2026-08-06T18:15:51.384723+00:00,何文田山畔,,九龍何文田何文田山畔 薈然徑8號,歡迎預約參觀,22.31259,114.185471,,,,,,2026-06-15T16:13:00+08:00,2026-06-24T12:22:58+08:00,2026-08-14T16:13:00+08:00,"[""https://i1.28hse.com/2026/06/202606151612134131304_large.jpg"", ""https://i1.28hse.com/2026/06/202606151612152749985_large.jpg"", ""https://i1.28hse.com/2026/06/202606151612174021842_large.jpg"", ""https://i1.28hse.com/2026/06/202606151612201230430_large.jpg"", ""https://i1.28hse.com/2026/06/202606151612228387177_large.jpg"", ""https://i1.28hse.com/2026/06/202606151612247484644_large.jpg"", ""https://i1.28hse.com/estate_data/60/8468/FLOOR/8468_20231117020115369474_thumb.jpg"", ""https://i1.28hse.com/estate_data/60/8468/UNIT/8468_20231117020258147332_thumb.jpg""]",,,25912,3814,29727,2484000,15000,9000068,5314421,-1327672,3343889,-4671562
3920772,靜中帶旺 露台,何文田,私人屋苑/永泰,7200000,369,1,3,中層,開放式廚房,10,美聯物業代理有限公司,https://i1.28hse.com/2026/07/202607061708166360019_thumb.jpg,https://www.28hse.com/buy/apartment/property-3920772,2026-08-06T17:33:59.496264+00:00,2026-08-06T18:15:33.512575+00:00,何文田山畔,,九龍何文田何文田山畔 薈然徑8號,四通八達 生活住行放便 幾分鐘何文田站,22.31259,114.185471,,,,,,2026-07-06T17:08:19+08:00,2026-07-06T17:08:19+08:00,2026-09-04T17:08:19+08:00,"[""https://i1.28hse.com/2026/07/202607061708177649919_large.jpg"", ""https://i1.28hse.com/2026/07/202607061708177051794_large.jpg"", ""https://i1.28hse.com/2026/07/202607061708177832038_large.jpg"", ""https://i1.28hse.com/2026/07/20260706170818931575_large.jpg"", ""https://i1.28hse.com/2026/07/202607061708183604880_large.jpg"", ""https://i1.28hse.com/2026/07/202607061708182343359_large.jpg"", ""https://i1.28hse.com/2026/07/202607061708197964079_large.jpg"", ""https://i1.28hse.com/estate_data/60/8468/FLOOR/8468_20231117020027882258_thumb.jpg"", ""https://i1.28hse.com/estate_data/60/8468/UNIT/8468_20231117020211763617_thumb.jpg""]",,,25912,3760,29673,2484000,15000,8980936,5314421,-1290583,3343889,-4634472
3943220,鄰近地鐵 豪華會所,何文田,私人屋苑/永泰,7200000,381,1,,中層,,10,美聯物業,https://i1.28hse.com/2026/07/202607231424565204793_thumb.jpg,https://www.28hse.com/buy/apartment/property-3943220,2026-08-06T17:33:59.496264+00:00,2026-08-06T18:15:19.756008+00:00,何文田山畔,,九龍何文田何文田山畔 薈然徑8號,寬敞實用 位置方便,22.31259,114.185471,,,,,,2026-07-23T14:20:08+08:00,2026-07-24T10:57:02+08:00,2026-09-21T14:20:08+08:00,"[""https://i1.28hse.com/2026/07/202607231425051661943_large.jpg"", ""https://i1.28hse.com/2026/07/202607231425137817320_large.jpg"", ""https://i1.28hse.com/2026/07/202607231425205168598_large.jpg"", ""https://i1.28hse.com/2026/07/202607231425308604699_large.jpg"", ""https://i1.28hse.com/2026/07/202607231425373035396_large.jpg"", ""https://i1.28hse.com/estate_data/60/8468/FLOOR/8468_20231117020115369474_thumb.jpg"", ""https://i1.28hse.com/estate_data/60/8468/UNIT/8468_20231117020258147332_thumb.jpg""]",,,25912,3814,29727,2484000,15000,9000068,5314421,-1327672,3343889,-4671562
3919544,大一房 筍價售,啟德,私人屋苑/保利,7200000,356,1,1,高層,開放式廚房,7,利嘉閣香港有限公司,https://i1.28hse.com/2026/07/202607161757215330302_thumb.jpg,https://www.28hse.com/buy/apartment/property-3919544,2026-08-06T17:33:59.496264+00:00,2026-08-06T18:17:57.118948+00:00,龍譽,,九龍啟德龍譽 沐宁街9号,"价钱可议, 内园景, 清雅装修,
可連租約，區內設施逐漸完善．消閒購物，環境舒適，交通極之方便",22.327929,114.200729,,,,,,2026-07-05T18:24:36+08:00,2026-07-16T17:57:44+08:00,2026-09-03T18:24:36+08:00,"[""https://i1.28hse.com/2026/07/2026071617572225342_large.jpg"", ""https://i1.28hse.com/2026/07/202607161757237312140_large.jpg"", ""https://i1.28hse.com/2026/07/202607161757233472982_large.jpg"", ""https://i1.28hse.com/2026/07/20260716175724677300_large.jpg"", ""https://i1.28hse.com/2026/07/202607161757251467638_large.jpg"", ""https://i1.28hse.com/2026/07/20260716175725652480_large.jpg"", ""https://i1.28hse.com/2026/07/20260716175726877788_large.jpg"", ""https://i1.28hse.com/estate_data/82/22198/FLOOR/22198_20231220111944627947_thumb.jpg"", ""https://i1.28hse.com/estate_data/82/22198/UNIT/22198_20231220112246215859_thumb.jpg""]",,,25912,3702,29614,2484000,15000,8960210,5314421,-1250402,3343889,-4594292
3920459,"[實盤堅價]明廁一房,連約/交吉都得",啟德,私人屋苑/嘉華,7200000,372,1,,中層,,7,香港置業,https://i1.28hse.com/2026/07/202607061514321555188_thumb.jpg,https://www.28hse.com/buy/apartment/property-3920459,2026-08-06T17:33:59.496264+00:00,2026-08-06T18:17:56.379047+00:00,嘉匯,,九龍啟德嘉匯 沐寧街7號,"罕有明廁大一房
絕對實盤",22.329559,114.20443,,,,,,2026-07-06T15:14:34+08:00,2026-08-04T17:03:31+08:00,2026-09-04T15:14:34+08:00,"[""https://i1.28hse.com/2026/07/202607061514335728380_large.jpg"", ""https://i1.28hse.com/2026/07/202607061514333752483_large.jpg"", ""https://i1.28hse.com/2026/07/202607061514335058141_large.jpg"", ""https://i1.28hse.com/2026/07/202607061514332470445_large.jpg"", ""https://i1.28hse.com/2026/07/202607061514342835055_large.jpg"", ""https://i1.28hse.com/estate_data/82/22114/FLOOR/22114_20240220150726577414_thumb.jpg"", ""https://i1.28hse.com/estate_data/82/22114/UNIT/22114_20240220150951966417_thumb.jpg""]",,,25912,3774,29686,2484000,15000,8985719,5314421,-1299855,3343889,-4643745
3939020,《實價實盤，實用兩房，開揚光猛，可約睇樓》,深水埗,私人屋苑/九龍建業,7200000,423,2,1,高層,,13,中原地產-碧海藍天分行,https://i1.28hse.com/2026/07/202607192105552578326_thumb.jpg,https://www.28hse.com/buy/apartment/property-3939020,2026-08-06T17:33:59.496264+00:00,2026-08-06T18:12:46.221384+00:00,景怡峰,598,九龍深水埗景怡峰 西洋菜北街468號,"歡迎查詢 全港九新界
一手二手物業 買賣 租賃
緊貼跟進 不用貴客煩惱
銀行估價 按揭 律師轉介
為 您 你 妳 尋找理想的家同區大量筍盤 一手二手物業
物業買賣/租賃
壓力測試 首期及供款計算
律師轉介服務
銀行按揭轉介
水電申請/轉名
全港地盤/示範單位專車接送
大量筍盤 未能盡錄
歡迎查詢全港一手或二手物業買賣或租賃
業主委托放售或出租物業
銀行按揭轉介
律師樓轉介
物業實時估價
歡迎查詢，大量筍盤為你提供
️免費售後服務
️銀行按揭轉介
️律師轉介
️水電煤轉名
️差餉轉名",22.330408,114.166786,,,,,,2026-07-19T21:06:07+08:00,2026-07-19T21:06:07+08:00,2026-08-18T21:06:07+08:00,"[""https://i1.28hse.com/2026/07/202607192105556646988_large.jpg"", ""https://i1.28hse.com/2026/07/202607192105561138070_large.jpg"", ""https://i1.28hse.com/2026/07/202607192105562429260_large.jpg"", ""https://i1.28hse.com/2026/07/202607192105567719337_large.jpg"", ""https://i1.28hse.com/2026/07/202607192105578941405_large.jpg"", ""https://i1.28hse.com/2026/07/202607192105573299001_large.jpg"", ""https://i1.28hse.com/2026/07/202607192105581532398_large.jpg"", ""https://i1.28hse.com/estate_data/62/7342/FLOOR/7342_20240216121126581983_thumb.jpg"", ""https://i1.28hse.com/estate_data/62/7342/UNIT/7342_20240216121138723264_thumb.jpg""]",,,25912,4004,29916,2484000,15000,9067030,5314421,-1457487,3343889,-4801376
3941380,【7分鐘石硤尾站1站九龍塘】【可試$698萬有票儘傾】【來電即睇】【高層大露台】,深水埗,私人屋苑/九龍建業,7200000,423,2,,高層,,13,中原地產-長沙灣映築分行,https://i1.28hse.com/2026/07/202607212202204231701_thumb.jpg,https://www.28hse.com/buy/apartment/property-3941380,2026-08-06T17:33:59.496264+00:00,2026-08-06T18:12:33.327134+00:00,景怡峰,598,九龍深水埗景怡峰 西洋菜北街468號,"微信号：ivanyiphk
专营西九龙一二手买卖及租务
欢迎致电 / Whatsapp / WeChat 查询
买卖流程、按揭资讯、律师支援24小时服务
●最新最快最贴市场价钱
●立即查询尽快回覆
●大量优质笋盘提供
●免费物业转按查询
●免费物业按揭服务
●免费律师转介
●免费装修转介
●免费水电煤差饷地租转名",22.330408,114.166786,,,,,,2026-07-21T22:03:38+08:00,2026-07-21T22:03:38+08:00,2026-08-20T22:03:38+08:00,"[""https://i1.28hse.com/2026/07/202607212202201734213_large.jpg"", ""https://i1.28hse.com/2026/07/202607212202201851761_large.jpg"", ""https://i1.28hse.com/2026/07/202607212202215223096_large.jpg"", ""https://i1.28hse.com/2026/07/202607212202218122288_large.jpg"", ""https://i1.28hse.com/2026/07/202607212202213828052_large.jpg"", ""https://i1.28hse.com/2026/07/20260721220221158547_large.jpg"", ""https://i1.28hse.com/2026/07/20260721220222895219_large.jpg"", ""https://i1.28hse.com/2026/07/202607212202223169113_large.jpg"", ""https://i1.28hse.com/2026/07/202607212202224547749_large.jpg"", ""https://i1.28hse.com/estate_data/62/7342/FLOOR/7342_20240216121126581983_thumb.jpg"", ""https://i1.28hse.com/estate_data/62/7342/UNIT/7342_20240216121138723264_thumb.jpg""]",,,25912,4004,29916,2484000,15000,9067030,5314421,-1457487,3343889,-4801376
3949023,"〖 廳大房大 〗〖梗廚,有露台〗。東南方向又開陽。。",深水埗,私人屋苑/九龍建業,7200000,423,2,,高層,,13,中原地產代理有限公司,https://i1.28hse.com/2026/07/202607272210421928787_thumb.jpg,https://www.28hse.com/buy/apartment/property-3949023,2026-08-06T17:33:59.496264+00:00,2026-08-06T18:12:05.749522+00:00,景怡峰,598,九龍深水埗景怡峰 西洋菜北街468號,筍價出售,22.330408,114.166786,,,,,,2026-07-27T22:12:22+08:00,2026-07-27T22:12:22+08:00,2026-09-25T22:12:22+08:00,"[""https://i1.28hse.com/2026/07/202607272210565481247_large.jpg"", ""https://i1.28hse.com/2026/07/20260727221041437675_large.jpg"", ""https://i1.28hse.com/2026/07/202607272210431316269_large.jpg"", ""https://i1.28hse.com/2026/07/202607272210478793926_large.jpg"", ""https://i1.28hse.com/2026/07/202607272210495789691_large.jpg"", ""https://i1.28hse.com/2026/07/202607272210511687221_large.jpg"", ""https://i1.28hse.com/2026/07/202607272210528151933_large.jpg"", ""https://i1.28hse.com/2026/07/202607272210535491133_large.jpg"", ""https://i1.28hse.com/2026/07/202607272210556293479_large.jpg"", ""https://i1.28hse.com/estate_data/62/7342/FLOOR/7342_20240216121126581983_thumb.jpg"", ""https://i1.28hse.com/estate_data/62/7342/UNIT/7342_20240216121138723264_thumb.jpg""]",,,25912,4004,29916,2484000,15000,9067030,5314421,-1457487,3343889,-4801376
3950601,【7分鐘石硤尾站1站九龍塘】【可試$698萬有票儘傾】【來電即睇】【高層大露台】,深水埗,私人屋苑/九龍建業,7200000,423,2,,高層,,13,中原地產-長沙灣映築分行,https://i1.28hse.com/2026/07/202607291154598801830_thumb.jpg,https://www.28hse.com/buy/apartment/property-3950601,2026-08-06T17:33:59.496264+00:00,2026-08-06T18:11:57.586020+00:00,景怡峰,598,九龍深水埗景怡峰 西洋菜北街468號,"微信号：ivanyiphk
专营西九龙一二手买卖及租务
欢迎致电 / Whatsapp / WeChat 查询
买卖流程、按揭资讯、律师支援24小时服务
●最新最快最贴市场价钱
●立即查询尽快回覆
●大量优质笋盘提供
●免费物业转按查询
●免费物业按揭服务
●免费律师转介
●免费装修转介
●免费水电煤差饷地租转名",22.330408,114.166786,,,,,,2026-07-29T11:55:01+08:00,2026-07-29T11:55:01+08:00,2026-08-28T11:55:01+08:00,"[""https://i1.28hse.com/2026/07/202607291154596078932_large.jpg"", ""https://i1.28hse.com/2026/07/202607291154597863525_large.jpg"", ""https://i1.28hse.com/2026/07/202607291155008701937_large.jpg"", ""https://i1.28hse.com/2026/07/202607291155007165021_large.jpg"", ""https://i1.28hse.com/2026/07/202607291155008413732_large.jpg"", ""https://i1.28hse.com/2026/07/202607291155005117954_large.jpg"", ""https://i1.28hse.com/2026/07/202607291155017426756_large.jpg"", ""https://i1.28hse.com/2026/07/202607291155018848444_large.jpg"", ""https://i1.28hse.com/2026/07/202607291155014361583_large.jpg"", ""https://i1.28hse.com/estate_data/62/7342/FLOOR/7342_20240216121126581983_thumb.jpg"", ""https://i1.28hse.com/estate_data/62/7342/UNIT/7342_20240216121138723264_thumb.jpg""]",,,25912,4004,29916,2484000,15000,9067030,5314421,-1457487,3343889,-4801376
3909627,企理內園兩房 大型屋苑 有匙即看,荃灣,私人屋苑/新世界,7200000,493,2,1,,,29,美聯物業,https://i1.28hse.com/2026/06/202606282053017256423_thumb.jpg,https://www.28hse.com/buy/apartment/property-3909627,2026-08-06T17:33:59.496264+00:00,2026-08-06T18:36:27.831966+00:00,愉景新城,610,新界荃灣愉景新城 青山公路荃灣段398號,歡迎約睇,22.376377,114.111252,,,,,,2026-06-28T20:53:57+08:00,2026-06-28T20:53:57+08:00,2026-08-27T20:53:57+08:00,"[""https://i1.28hse.com/2026/06/202606282052592986167_large.jpg"", ""https://i1.28hse.com/2026/06/202606282052591351048_large.jpg"", ""https://i1.28hse.com/2026/06/202606282052592432576_large.jpg"", ""https://i1.28hse.com/2026/06/202606282052592420436_large.jpg"", ""https://i1.28hse.com/2026/06/202606282053008141736_large.jpg"", ""https://i1.28hse.com/2026/06/202606282053003076601_large.jpg"", ""https://i1.28hse.com/2026/06/202606282053004315263_large.jpg"", ""https://i1.28hse.com/2026/06/202606282053005241070_large.jpg"", ""https://i1.28hse.com/2026/06/202606282053013961435_large.jpg"", ""https://i1.28hse.com/2026/06/202606282053023911108_large.jpg"", ""https://i1.28hse.com/estate_data/113/4573/FLOOR/4573_20231121014256948225_thumb.jpg"", ""https://i1.28hse.com/estate_data/113/4573/UNIT/4573_20231121014508539566_thumb.jpg""]",,,25912,4318,30231,2484000,15000,9178633,5314421,-1673844,3343889,-5017733
3926689,●靚裝即住2房 ●高層內園 ●把握機會 ● ♡歡迎約睇,荃灣,私人屋苑/新世界,7200000,474,2,,高層,,29,中原地產代理有限公司,https://i1.28hse.com/2026/07/202607101731058963514_thumb.jpg,https://www.28hse.com/buy/apartment/property-3926689,2026-08-06T17:33:59.496264+00:00,2026-08-06T18:35:12.979935+00:00,愉景新城,593,新界荃灣愉景新城 青山公路荃灣段398號,"●靚裝即住2房
●高層內園
●把握機會
♡歡迎約睇
大量筍盤 歡迎WhatsApp查詢
大量筍盤 歡迎WhatsApp查詢
大量筍盤 歡迎WhatsApp查詢",22.376377,114.111252,,,,,,2026-07-10T17:31:53+08:00,2026-08-03T19:28:55+08:00,2026-09-08T17:31:53+08:00,"[""https://i1.28hse.com/2026/07/202607101731078754266_large.jpg"", ""https://i1.28hse.com/2026/07/202607101731112992163_large.jpg"", ""https://i1.28hse.com/2026/07/202607101731195133685_large.jpg"", ""https://i1.28hse.com/2026/07/202607101731175444987_large.jpg"", ""https://i1.28hse.com/2026/07/202607101731132837606_large.jpg"", ""https://i1.28hse.com/2026/07/202607101731153814124_large.jpg"", ""https://i1.28hse.com/2026/07/202607101731098775312_large.jpg"", ""https://i1.28hse.com/estate_data/113/4573/FLOOR/4573_20231121014239627575_thumb.jpg"", ""https://i1.28hse.com/estate_data/113/4573/UNIT/4573_20231121014413322312_thumb.jpg""]",,,25912,4233,30145,2484000,15000,9148341,5314421,-1615118,3343889,-4959008
3922599,"理想居所, 歡迎約睇",長沙灣,私人屋苑/香港房協,7200000,408,1,,,,9,中原地產-泓景臺分行,https://i1.28hse.com/2026/07/202607072052351376131_thumb.jpg,https://www.28hse.com/buy/apartment/property-3922599,2026-08-06T17:33:59.496264+00:00,2026-08-06T18:08:23.180108+00:00,喜漾,,九龍長沙灣喜漾 元州街393至399號,"有更多優質單位可以推介, 歡迎隨時查詢",22.338854,114.154633,,,,,,2026-07-07T20:54:22+08:00,2026-07-07T20:54:22+08:00,2026-08-06T20:54:22+08:00,"[""https://i1.28hse.com/2026/07/202607072052363766896_large.jpg"", ""https://i1.28hse.com/2026/07/202607072052366849309_large.jpg"", ""https://i1.28hse.com/2026/07/202607072052375530188_large.jpg"", ""https://i1.28hse.com/2026/07/202607072052385962067_large.jpg"", ""https://i1.28hse.com/estate_data/63/8625/FLOOR/8625_20231123171002146673_thumb.jpg"", ""https://i1.28hse.com/estate_data/63/8625/UNIT/8625_20231123171044385522_thumb.jpg""]",,,25912,3936,29848,2484000,15000,9043115,5314421,-1411124,3343889,-4755014
3825730,實盤 單邊開揚 又靚裝修 拎包可以入住 西九大型屋苑上車盤,大角咀,私人屋苑/香港小輪,7250000,436,2,1,中層,,23,港灣豪庭分行,https://i1.28hse.com/2026/04/202604271742233764584_thumb.jpg,https://www.28hse.com/buy/apartment/property-3825730,2026-08-06T17:33:59.496264+00:00,2026-08-06T18:03:10.535007+00:00,港灣豪庭,611,九龍大角咀港灣豪庭 福利街8號,永久景觀 單位靚裝 慳回成本 步行旺角太子10分鐘 大型商場 食肆林立,22.324368999999997,114.15979,,,,,,2026-07-18T15:10:53+08:00,2026-07-22T16:36:30+08:00,2026-09-16T15:10:53+08:00,"[""https://i1.28hse.com/2026/04/20260427174221955624_large.jpg"", ""https://i1.28hse.com/2026/04/202604271742212319321_large.jpg"", ""https://i1.28hse.com/2026/04/202604271742224738761_large.jpg"", ""https://i1.28hse.com/2026/04/202604271742237210319_large.jpg"", ""https://i1.28hse.com/2026/04/20260427174223421833_large.jpg"", ""https://i1.28hse.com/2026/04/202604271742246094951_large.jpg"", ""https://i1.28hse.com/2026/04/202604271742248484161_large.jpg"", ""https://i1.28hse.com/2026/04/202604271742254638205_large.jpg""]",,,26092,4077,30169,2501250,15104,9146038,5351327,-1521931,3343889,-4865820
3964061,高層開揚2房，可約睇樓,深水埗,單幢式大廈/遠東,7250000,427,2,,高層,,12,美聯物業,https://i1.28hse.com/2026/08/202608071639227841056_thumb.jpg,https://www.28hse.com/buy/apartment/property-3964061,2026-08-07T16:19:46.780897+00:00,2026-08-07T16:21:43.869546+00:00,晉嶺,632,九龍深水埗晉嶺 西洋菜北街289號,單位企理，市區交通方便，開揚景觀,22.330162,114.166588,,,,,,2026-08-07T16:39:42+08:00,2026-08-07T16:39:42+08:00,2026-10-06T16:39:42+08:00,"[""https://i1.28hse.com/2026/08/20260807163922171420_large.jpg"", ""https://i1.28hse.com/2026/08/202608071639228126345_large.jpg"", ""https://i1.28hse.com/2026/08/202608071639231493022_large.jpg"", ""https://i1.28hse.com/2026/08/202608071639231304673_large.jpg"", ""https://i1.28hse.com/2026/08/202608071639235622985_large.jpg"", ""https://i1.28hse.com/estate_data/62/7943/FLOOR/7943_20231117012129155318_thumb.jpg"", ""https://i1.28hse.com/estate_data/62/7943/UNIT/7943_20231117012148821357_thumb.jpg""]",,,26092,4036,30128,2501250,15104,9131689,5351327,-1494114,3343889,-4838003
3921501,保證實盤未賣！真實單位相片！獨家約睇！有票再幫你傾！,紅磡,私人屋苑/單幢式大廈/長實,7250000,430,2,1,中層,開放式廚房,10,昇譽物業代理,https://i1.28hse.com/2026/07/202607091240363535051_thumb.jpg,https://www.28hse.com/buy/apartment/property-3921501,2026-08-06T17:33:59.496264+00:00,2026-08-06T17:50:10.349374+00:00,悅目,,九龍紅磡悅目 利工街9號,"悅目採每層九夥設計，共提供216夥實用面積423方尺及430方尺的2房單位，包括2戶連平台及9戶連天台特色單位，悉數單位不設窗台，工作平台及窗台。悅目周邊的生活配套成熟，民生商舖，食肆一應俱全，加上附近有很多巴士路線行經，又可步行至約
介紹的單位內櫳新淨企理，裝潢簡約實用，廳區深長，裝潢簡約實用。客飯兩廳佈局分明，客廳佈置一道近落地大窗，採光度高，加上以淺色牆配光面地磚佈置，以及特高樓底，廳區份外光猛明亮，且空間感十足
房間開則四正，方便放置寢室具。兩房均設有大窗，可約會充裕的天然光。廚房已備齊全爐具及家電，可應付日常煮食及收納需要。配備大鏡，有助延伸空間感內。",22.309418,114.186371,,,,,,2026-07-07T10:54:35+08:00,2026-07-15T10:36:41+08:00,2026-09-05T10:54:35+08:00,"[""https://i1.28hse.com/2026/07/202607091240362191435_large.jpg"", ""https://i1.28hse.com/2026/07/202607091240353964034_large.jpg"", ""https://i1.28hse.com/2026/07/20260709124036863648_large.jpg"", ""https://i1.28hse.com/2026/07/202607091240365656376_large.jpg"", ""https://i1.28hse.com/2026/07/202607091240354143484_large.jpg"", ""https://i1.28hse.com/2026/07/202607091240408671603_large.jpg"", ""https://i1.28hse.com/2026/07/202607091240396116083_large.jpg"", ""https://i1.28hse.com/2026/07/202607091240407522148_large.jpg"", ""https://i1.28hse.com/2026/07/202607091240414530977_large.jpg"", ""https://i1.28hse.com/2026/07/202607091240423639264_large.jpg"", ""https://i1.28hse.com/2026/07/202607091240401054007_large.jpg"", ""https://i1.28hse.com/2026/07/202607091240401119564_large.jpg"", ""https://i1.28hse.com/2026/07/202607091240407071238_large.jpg"", ""https://i1.28hse.com/2026/07/202607091240391951044_large.jpg"", ""https://i1.28hse.com/estate_data/75/8567/FLOOR/8567_20231121195933588769_thumb.jpg"", ""https://i1.28hse.com/estate_data/75/8567/UNIT/8567_20231121200002852532_thumb.jpg""]",,,26092,4050,30142,2501250,15104,9136472,5351327,-1503386,3343889,-4847275
3957868,城人核心 投資自用 鄰近西鐵 開楊景觀,荃灣,私人屋苑/新世界,7250000,389,1,1,中層,開放式廚房,8,中原地產代理限公司,https://i1.28hse.com/2026/08/202608031505175374603_thumb.jpg,https://www.28hse.com/buy/apartment/property-3957868,2026-08-06T17:33:59.496264+00:00,2026-08-06T18:30:55.555217+00:00,柏傲灣,,新界荃灣柏傲灣 永順街51號,城人核心 投資自用 鄰近西鐵 開楊景觀,22.366022,114.112686,,,,,,2026-08-03T15:05:18+08:00,2026-08-03T15:05:18+08:00,2026-09-02T15:05:18+08:00,"[""https://i1.28hse.com/2026/08/20260803150517962653_large.jpg"", ""https://i1.28hse.com/2026/08/202608031505172831428_large.jpg"", ""https://i1.28hse.com/2026/08/202608031505176148563_large.jpg"", ""https://i1.28hse.com/2026/08/202608031505182100573_large.jpg"", ""https://i1.28hse.com/2026/08/202608031505186729507_large.jpg"", ""https://i1.28hse.com/estate_data/113/22100/FLOOR/22100_20240208104550263982_thumb.jpg"", ""https://i1.28hse.com/estate_data/113/22100/UNIT/22100_20240208104719989682_thumb.jpg""]",,,26092,3865,29957,2501250,15104,9071105,5351327,-1376663,3343889,-4720552
3932119,樓新 有會所 旺中有靜,紅磡,私人屋苑/長實,7260000,429,2,,中層,,10,太陽物業,https://i1.28hse.com/2026/07/202607141815201144663_thumb.jpg,https://www.28hse.com/buy/apartment/property-3932119,2026-08-06T17:33:59.496264+00:00,2026-08-06T17:49:48.217534+00:00,悅目,,九龍紅磡悅目 利工街9號,樓新 有會所 旺中有靜,22.309418,114.186371,,,,,,2026-07-14T18:15:23+08:00,2026-07-14T18:15:23+08:00,2026-09-12T18:15:23+08:00,"[""https://i1.28hse.com/2026/07/202607141815217147437_large.jpg"", ""https://i1.28hse.com/2026/07/202607141815218128114_large.jpg"", ""https://i1.28hse.com/2026/07/202607141815213430455_large.jpg""]",,,26128,4048,30176,2504700,15125,9146535,5358708,-1505148,3343889,-4849037
3899234,"[2房精選}[筍] 全新時尚靚裝, 約睇, 還價即成",荃灣,私人屋苑/新世界,7270000,493,2,1,中層,,29,美聯物業,https://i1.28hse.com/2026/06/202606201654394647552_thumb.jpg,https://www.28hse.com/buy/apartment/property-3899234,2026-08-06T17:33:59.496264+00:00,2026-08-06T18:37:26.195895+00:00,愉景新城,610,新界荃灣愉景新城 青山公路荃灣段398號,"[2房精選}[筍] 全新時尚靚裝, 約睇, 還價即成",22.376377,114.111252,,,,,,2026-06-20T16:55:37+08:00,2026-06-20T16:55:37+08:00,2026-08-19T16:55:37+08:00,"[""https://i1.28hse.com/2026/06/202606201654396148101_large.jpg"", ""https://i1.28hse.com/2026/06/202606201654406872112_large.jpg"", ""https://i1.28hse.com/2026/06/202606201654402977949_large.jpg"", ""https://i1.28hse.com/2026/06/202606201654405781949_large.jpg"", ""https://i1.28hse.com/2026/06/202606201654417995974_large.jpg"", ""https://i1.28hse.com/estate_data/113/4573/FLOOR/4573_20231121014256948225_thumb.jpg"", ""https://i1.28hse.com/estate_data/113/4573/UNIT/4573_20231121014507784278_thumb.jpg""]",,,26164,4339,30503,2508150,15146,9260228,5366089,-1707813,3343889,-5051702
3943943,旺中帶靜，望绿色山景，拎包入住,何文田,私人屋苑/永泰,7280000,369,1,,中層,,10,美聯物業,https://i1.28hse.com/2026/07/202607231854533433111_thumb.jpg,https://www.28hse.com/buy/apartment/property-3943943,2026-08-06T17:33:59.496264+00:00,2026-08-06T18:15:19.079054+00:00,何文田山畔,,九龍何文田何文田山畔 薈然徑8號,"罕有放盤, 簡單裝修, 開揚山景、高實用率",22.31259,114.185471,,,,,,2026-07-23T18:55:09+08:00,2026-07-23T18:55:09+08:00,2026-08-22T18:55:09+08:00,"[""https://i1.28hse.com/2026/07/202607231854556194117_large.jpg"", ""https://i1.28hse.com/2026/07/202607231854568824117_large.jpg"", ""https://i1.28hse.com/2026/07/202607231854571528064_large.jpg"", ""https://i1.28hse.com/estate_data/60/8468/FLOOR/8468_20231117020115369474_thumb.jpg"", ""https://i1.28hse.com/estate_data/60/8468/UNIT/8468_20231117020253854592_thumb.jpg""]",,,26200,3784,29984,2511600,15167,9074188,5373470,-1329404,3343889,-4673294
3963181,【業主放血蝕讓】翠綠山景！5星級會所！5分鐘到地鐵站！,何文田,私人屋苑/洋樓/永泰,7280000,369,1,1,中層,,6,新港地產代理有限公司,https://i1.28hse.com/2026/08/202608070029457801808_thumb.jpg,https://www.28hse.com/buy/apartment/property-3963181,2026-08-06T17:33:59.496264+00:00,2026-08-06T18:15:00.714256+00:00,何文田山畔,,九龍何文田何文田山畔 薈然徑8號,"歡迎查詢！
地址：紅磡薈然徑8號
入伙日期：06/2016
座數：2座
單位數目：173個單位
校網：小學校網 35 ；中學校網九龍城區",22.31259,114.185471,,,,,,2026-08-07T00:29:47+08:00,2026-08-07T00:29:47+08:00,2026-10-06T00:29:47+08:00,"[""https://i1.28hse.com/2026/08/20260807002945628949_large.jpg"", ""https://i1.28hse.com/2026/08/202608070029463553748_large.jpg"", ""https://i1.28hse.com/2026/08/20260807002946818734_large.jpg"", ""https://i1.28hse.com/2026/08/202608070029461411188_large.jpg"", ""https://i1.28hse.com/2026/08/202608070029473874382_large.jpg""]",,,26200,3784,29984,2511600,15167,9074188,5373470,-1329404,3343889,-4673294
3949557,"高層2房, 開揚景觀",深水埗,私人屋苑/洋樓/單幢式大廈/新鴻基,7280000,425,2,1,中層,開放式廚房,12,喜居物業(欽州街舖),https://i1.28hse.com/2026/07/20260728145813566380_thumb.jpg,https://www.28hse.com/buy/apartment/property-3949557,2026-08-06T17:33:59.496264+00:00,2026-08-06T18:12:02.313906+00:00,曉尚,597,九龍深水埗曉尚 大埔道186-188號,"喜居物業提供一站式物業租售服務
24小時查詢 
支援 WHATSAPP微訊24小時查詢
--------------------------------------------------
● 誠徵業主放盤 
---------------------------------------------------
提供多個同類荀盤
售前壓測,首期,供款計算查詢
銀行按揭上會
法律咨詢轉介
水電煤,差餉地租轉名
貼心服務-物業資料
平面圖,物業土地查册,資訊聆
銀行估價
代理樓宇範圍：西九龍區二手買賣及租賃
南昌站•深水埗• 長沙灣• 太子• 大角咀",22.33181,114.165031,,,,,,2026-07-28T14:59:06+08:00,2026-07-28T14:59:06+08:00,2026-08-27T14:59:06+08:00,"[""https://i1.28hse.com/2026/07/202607281458145142639_large.jpg"", ""https://i1.28hse.com/2026/07/20260728145812648094_large.jpg"", ""https://i1.28hse.com/2026/07/202607281458137861975_large.jpg"", ""https://i1.28hse.com/2026/07/202607281458175583473_large.jpg"", ""https://i1.28hse.com/2026/07/202607281458134440114_large.jpg"", ""https://i1.28hse.com/2026/07/202607281458156411654_large.jpg"", ""https://i1.28hse.com/2026/07/202607281458152075690_large.jpg"", ""https://i1.28hse.com/2026/07/202607281458143393413_large.jpg"", ""https://i1.28hse.com/estate_data/62/7737/FLOOR/7737_20231117011439966774_thumb.jpg"", ""https://i1.28hse.com/estate_data/62/7737/UNIT/7737_20231117011515556718_thumb.jpg""]",,,26200,4036,30236,2511600,15167,9163470,5373470,-1502490,3343889,-4846380
3884220,【張小姐 [REDACTED]】【實盤】【歡迎查詢】,荃灣,私人屋苑/長實,7280000,482,2,,中層,,11,美聯物業代理有限公司,https://i1.28hse.com/2026/06/20260609224431600732_thumb.jpg,https://www.28hse.com/buy/apartment/property-3884220,2026-08-06T17:33:59.496264+00:00,2026-08-06T18:38:34.500639+00:00,環宇海灣,,新界荃灣環宇海灣 永順街48號,"♛歡迎業主委托放盤♛
②④小時on duty
歡迎致電直接約睇樓
✰Joey✰張小姐✰[REDACTED]
️～用心聆聽您所需
️待客已誠態度♡
️專注為您配對適合理想家居
️協助您尋覓優質安樂窩
▛一條龍服務▟
# 快 速 回 覆
# 銀 行 估 價
# 全 程 跟 進
# 按 揭 查 詢
️# 專 業 分 析
# 律 師 轉 介",22.364647,114.114334,,,,,,2026-06-09T22:44:50+08:00,2026-07-04T11:51:36+08:00,2026-08-08T22:44:50+08:00,"[""https://i1.28hse.com/2026/06/202606092244341593880_large.jpg"", ""https://i1.28hse.com/2026/06/202606092244352857628_large.jpg"", ""https://i1.28hse.com/2026/06/202606092244362544059_large.jpg"", ""https://i1.28hse.com/2026/06/202606092244384279559_large.jpg"", ""https://i1.28hse.com/estate_data/113/8385/FLOOR/8385_20231122024400381488_thumb.jpg"", ""https://i1.28hse.com/estate_data/113/8385/UNIT/8385_20231122024744663921_thumb.jpg""]",,,26200,4292,30492,2511600,15167,9254347,5373470,-1678667,3343889,-5022556
3884905,高層靚裝,荃灣,私人屋苑/新世界,7280000,493,2,,中層,,29,中原地產代理有限公司,https://i1.28hse.com/2026/06/202606101548501268095_thumb.jpg,https://www.28hse.com/buy/apartment/property-3884905,2026-08-06T17:33:59.496264+00:00,2026-08-06T18:38:33.103933+00:00,愉景新城,610,新界荃灣愉景新城 青山公路荃灣段398號,開揚山景,22.376377,114.111252,,,,,,2026-06-10T15:49:09+08:00,2026-06-10T15:49:09+08:00,2026-08-09T15:49:09+08:00,"[""https://i1.28hse.com/2026/06/202606101548516973576_large.jpg"", ""https://i1.28hse.com/2026/06/202606101548527451125_large.jpg"", ""https://i1.28hse.com/2026/06/202606101548521060909_large.jpg"", ""https://i1.28hse.com/2026/06/202606101548535078271_large.jpg"", ""https://i1.28hse.com/2026/06/202606101548534468154_large.jpg"", ""https://i1.28hse.com/estate_data/113/4573/FLOOR/4573_20231121014256948225_thumb.jpg"", ""https://i1.28hse.com/estate_data/113/4573/UNIT/4573_20231121014507784278_thumb.jpg""]",,,26200,4342,30542,2511600,15167,9271884,5373470,-1712666,3343889,-5056555
3905055,估突價,荃灣,私人屋苑/新世界,7280000,493,2,,,,29,中原地產代理有限公司,https://i1.28hse.com/2026/06/202606251218277944149_thumb.jpg,https://www.28hse.com/buy/apartment/property-3905055,2026-08-06T17:33:59.496264+00:00,2026-08-06T18:36:55.508535+00:00,愉景新城,610,新界荃灣愉景新城 青山公路荃灣段398號,"一站式服務
 大量筍盤， 歡迎比較
.壓力測試、首期及供款
.投資樓盤資訊 代新樓入飛
.房屋租賃放盤 放售處理
.室內設計建議，新樓驗收轉介
.日常單位維護專人服務轉介
.水電煤代辦轉名服務",22.376377,114.111252,,,,,,2026-06-25T12:20:20+08:00,2026-07-16T13:58:18+08:00,2026-08-24T12:20:20+08:00,"[""https://i1.28hse.com/2026/06/202606251218278680293_large.jpg"", ""https://i1.28hse.com/2026/06/202606251218283646943_large.jpg"", ""https://i1.28hse.com/2026/06/202606251218281008335_large.jpg"", ""https://i1.28hse.com/2026/06/202606251218291772330_large.jpg"", ""https://i1.28hse.com/2026/06/202606251218292671557_large.jpg"", ""https://i1.28hse.com/estate_data/113/4573/FLOOR/4573_20231121014256948225_thumb.jpg"", ""https://i1.28hse.com/estate_data/113/4573/UNIT/4573_20231121014507784278_thumb.jpg""]",,,26200,4342,30542,2511600,15167,9271884,5373470,-1712666,3343889,-5056555
3956220,荃灣地鐵站！三期靚裝兩房! 高層東南向!隨時引睇! 還價可成!,荃灣,私人屋苑/新世界,7280000,493,2,,中層,,29,美聯物業,https://i1.28hse.com/2026/08/202608021259038341626_thumb.jpg,https://www.28hse.com/buy/apartment/property-3956220,2026-08-06T17:33:59.496264+00:00,2026-08-06T18:31:04.112065+00:00,愉景新城,610,新界荃灣愉景新城 青山公路荃灣段398號,"荃灣地鐵站！
三期靚裝兩房!
高層東南向!
隨時引睇!
還價可成!",22.376377,114.11125200000001,,,,,,2026-08-02T12:59:05+08:00,2026-08-02T12:59:05+08:00,2026-10-01T12:59:05+08:00,"[""https://i1.28hse.com/2026/08/20260802125903528801_large.jpg"", ""https://i1.28hse.com/2026/08/202608021259038613064_large.jpg"", ""https://i1.28hse.com/2026/08/202608021259044995490_large.jpg"", ""https://i1.28hse.com/2026/08/202608021259041597289_large.jpg"", ""https://i1.28hse.com/2026/08/202608021259047728429_large.jpg"", ""https://i1.28hse.com/2026/08/202608021259057410059_large.jpg"", ""https://i1.28hse.com/2026/08/202608021259053324518_large.jpg"", ""https://i1.28hse.com/estate_data/113/4573/FLOOR/4573_20231121014256948225_thumb.jpg"", ""https://i1.28hse.com/estate_data/113/4573/UNIT/4573_20231121014507784278_thumb.jpg""]",,,26200,4342,30542,2511600,15167,9271884,5373470,-1712666,3343889,-5056555
3958996,連天台特色單位！罕有放賣! 企理兩房! 隨時引睇!還價可成!,荃灣,私人屋苑/長實,7280000,515,2,,高層,,11,美聯物業,https://i1.28hse.com/2026/08/202608041051463304435_thumb.jpg,https://www.28hse.com/buy/apartment/property-3958996,2026-08-06T17:33:59.496264+00:00,2026-08-06T18:30:46.389209+00:00,昇柏山,,新界荃灣昇柏山 油麻磡路63號,"連天台特色單位！
罕有放賣!
企理兩房!
隨時引睇!
還價可成!",1.0,1.0,,,,,,2026-08-04T10:53:54+08:00,2026-08-04T10:53:54+08:00,2026-10-03T10:53:54+08:00,"[""https://i1.28hse.com/2026/08/202608041051475843400_large.jpg"", ""https://i1.28hse.com/2026/08/20260804105147918768_large.jpg"", ""https://i1.28hse.com/2026/08/202608041051488200219_large.jpg"", ""https://i1.28hse.com/2026/08/202608041051497935428_large.jpg"", ""https://i1.28hse.com/2026/08/202608041051507223957_large.jpg"", ""https://i1.28hse.com/2026/08/202608041051516909373_large.jpg"", ""https://i1.28hse.com/2026/08/202608041051513359122_large.jpg"", ""https://i1.28hse.com/estate_data/113/7959/FLOOR/7959_20231121091557755519_thumb.jpg"", ""https://i1.28hse.com/estate_data/113/7959/FLOOR/7959_20231121091607212922_thumb.jpg"", ""https://i1.28hse.com/estate_data/113/7959/UNIT/7959_20231121091650456839_thumb.jpg"", ""https://i1.28hse.com/estate_data/113/7959/UNIT/7959_20231121091658379189_thumb.jpg""]",,,26200,4441,30641,2511600,15167,9306959,5373470,-1780663,3343889,-5124553
3957977,【728萬】【兩房】【約睇】【只此一間】,長沙灣,私人屋苑/萬科香港,7280000,377,2,1,中層,,,美聯物業代理有限公司,https://i1.28hse.com/2026/08/202608061910401749003_thumb.jpg,https://www.28hse.com/buy/apartment/property-3957977,2026-08-06T17:33:59.496264+00:00,2026-08-06T18:06:35.764110+00:00,連方 連方 II,,九龍長沙灣連方連方 II 海壇街 268號,"歡迎24小時致電或what's app查詢
️ 提供專業 親切 誠懇一條龍服務
屋苑最新成交紀錄
二手筍盤推介
買賣/租賃流程及所有開支講解
銀行估價，按揭壓力測試，首期和供款細節, 免費按揭轉介
律師行介紹及免費法律諮詢
全港一手新盤資訊免費專車接送睇樓
售後服務包括：水,電,煤,差餉,地租轉名, 驗樓等...
盤源充足
承諾跟貼底價 您的置業好幫手
多個查詢，多個筍盤機會",22.329311,114.158195,,,,,,2026-08-03T15:39:37+08:00,2026-08-06T19:11:04+08:00,2026-09-02T15:39:37+08:00,"[""https://i1.28hse.com/2026/08/20260806191040250113_large.jpg"", ""https://i1.28hse.com/2026/08/202608061910386004716_large.jpg"", ""https://i1.28hse.com/2026/08/202608061910384318792_large.jpg"", ""https://i1.28hse.com/2026/08/202608061910392456901_large.jpg"", ""https://i1.28hse.com/2026/08/202608061910423424645_large.jpg"", ""https://i1.28hse.com/2026/08/202608061910434201826_large.jpg"", ""https://i1.28hse.com/2026/08/202608061910372434936_large.jpg"", ""https://i1.28hse.com/estate_data/63/25455/FLOOR/25455_20240325132725884492_thumb.jpg"", ""https://i1.28hse.com/estate_data/63/25455/UNIT/25455_20240325132746855367_thumb.jpg""]",,,26200,3820,30020,2511600,15167,9086942,5373470,-1354131,3343889,-4698020
3961455,【可試698萬】【兩房梗廚】【超值抵住】,長沙灣,私人屋苑/香港房協,7280000,458,2,1,中層,,12,香港置業,https://i1.28hse.com/2026/08/202608051927207352132_thumb.jpg,https://www.28hse.com/buy/apartment/property-3961455,2026-08-06T17:33:59.496264+00:00,2026-08-06T18:06:23.815577+00:00,喜雅,568,九龍長沙灣喜雅 保安道18號,"【旺中帶靜，四正實用】
　 【嚴重低水，把握機會】
【交通方便，配套齊備】
　 【必走筍盤，歡迎約睇】",22.33696,114.160393,,,,,,2026-08-05T19:28:17+08:00,2026-08-05T19:28:17+08:00,2026-09-04T19:28:17+08:00,"[""https://i1.28hse.com/2026/08/202608051927215206561_large.jpg"", ""https://i1.28hse.com/2026/08/202608051927278676844_large.jpg"", ""https://i1.28hse.com/2026/08/202608051927283898672_large.jpg"", ""https://i1.28hse.com/2026/08/202608051927281515602_large.jpg"", ""https://i1.28hse.com/2026/08/202608051927282427054_large.jpg"", ""https://i1.28hse.com/estate_data/63/6798/FLOOR/6798_20231117010230126656_thumb.jpg"", ""https://i1.28hse.com/estate_data/63/6798/UNIT/6798_20231117010535269896_thumb.jpg""]",,,26200,4184,30384,2511600,15167,9216083,5373470,-1604487,3343889,-4948376
3957746,歡迎約睇 34校網 樓齡新 可以做足九成按揭 收租自住皆宜,何文田,私人屋苑,7300000,482,2,,中層,,23,中原地產代理有限公司,https://i1.28hse.com/2026/08/202608031400037142180_thumb.jpg,https://www.28hse.com/buy/apartment/property-3957746,2026-08-06T17:33:59.496264+00:00,2026-08-06T18:15:08.019578+00:00,君逸山,656,九龍何文田君逸山 迦密村街9號,"一手樓盤資訊
二手筍盤介紹
按揭轉介服務
資金靈活整合",22.313786,114.179276,,,明火煮食,,,2026-08-03T14:00:15+08:00,2026-08-03T14:00:15+08:00,2026-10-02T14:00:15+08:00,"[""https://i1.28hse.com/2026/08/202608031400047474504_large.jpg"", ""https://i1.28hse.com/2026/08/202608031400048973748_large.jpg"", ""https://i1.28hse.com/2026/08/202608031400053361758_large.jpg"", ""https://i1.28hse.com/2026/08/202608031400067918679_large.jpg"", ""https://i1.28hse.com/2026/08/202608031400064416793_large.jpg"", ""https://i1.28hse.com/2026/08/202608031400037142180_large.jpg"", ""https://i1.28hse.com/estate_data/60/2244/FLOOR/2244_20240118125127232474_thumb.jpg"", ""https://i1.28hse.com/estate_data/60/2244/UNIT/2244_20240118125150755114_thumb.jpg""]",,,26272,4298,30570,2518500,15208,9277660,5388233,-1688372,3343889,-5032262
3929053,南昌站 性價比屋苑 估凸價,大角咀,私人屋苑/香港小輪,7300000,440,2,,高層,,23,美聯物業,https://i1.28hse.com/2026/07/202607121404015451553_thumb.jpg,https://www.28hse.com/buy/apartment/property-3929053,2026-08-06T17:33:59.496264+00:00,2026-08-06T18:03:29.314760+00:00,港灣豪庭,617,九龍大角咀港灣豪庭 福利街8號,"仲搵低水樓盤？呢度有！
大型屋苑？雙鐵，商場？呢度有！
梗廚，光廁，日字廳，都滿足你嘅要求！",22.324369,114.15979,,,,,,2026-07-12T14:04:32+08:00,2026-07-12T14:04:32+08:00,2026-08-11T14:04:32+08:00,"[""https://i1.28hse.com/2026/07/20260712140411397691_large.jpg"", ""https://i1.28hse.com/2026/07/202607121404124008634_large.jpg"", ""https://i1.28hse.com/2026/07/202607121404131558695_large.jpg"", ""https://i1.28hse.com/2026/07/202607121404191124368_large.jpg"", ""https://i1.28hse.com/2026/07/202607121404135743296_large.jpg"", ""https://i1.28hse.com/2026/07/202607121404144821082_large.jpg"", ""https://i1.28hse.com/2026/07/202607121404158113553_large.jpg"", ""https://i1.28hse.com/estate_data/67/2564/FLOOR/2564_20231121185748444473_thumb.jpg"", ""https://i1.28hse.com/estate_data/67/2564/UNIT/2564_20231121190002799918_thumb.jpg""]",,,26272,4109,30381,2518500,15208,9210698,5388233,-1558558,3343889,-4902447
3884904,"獨家向南,只此一家",紅磡,私人屋苑/長實,7300000,430,2,1,中層,,9,世紀21領先置業代理,https://i1.28hse.com/2026/06/202606101548161662616_thumb.jpg,https://www.28hse.com/buy/apartment/property-3884904,2026-08-06T17:33:59.496264+00:00,2026-08-06T17:49:32.926879+00:00,悅目,,九龍紅磡悅目 利工街9號,"間隔四正,５分鐘何文田站",22.309418,114.186371,,,,,,2026-07-19T10:17:07+08:00,2026-07-19T10:17:07+08:00,2026-09-17T10:17:07+08:00,"[""https://i1.28hse.com/2026/06/202606101548162657350_large.jpg"", ""https://i1.28hse.com/2026/06/202606101548176655653_large.jpg"", ""https://i1.28hse.com/2026/06/202606101548177507364_large.jpg"", ""https://i1.28hse.com/estate_data/75/8567/FLOOR/8567_20231121195933588769_thumb.jpg"", ""https://i1.28hse.com/estate_data/75/8567/UNIT/8567_20231121200002852532_thumb.jpg""]",,,26272,4064,30336,2518500,15208,9194755,5388233,-1527650,3343889,-4871539
3899948,《真正係筍盤．趁平上車好時機·》悅目,紅磡,洋樓/單幢式大廈/私人屋苑/長實,7300000,430,2,1,中層,,5,天晋物業有限公司,https://i1.28hse.com/2026/06/202606211149551944900_thumb.jpg,https://www.28hse.com/buy/apartment/property-3899948,2026-08-06T17:33:59.496264+00:00,2026-08-06T17:51:04.365728+00:00,悅目,,九龍紅磡悅目 利工街9號,"《真正係筍盤．趁平上車好時機·》悅目
地址:	利工街9號
入伙日期:	06/2016
單位數目:	216
層數:	24
每層伙數:	9
所屬校網:	九龍區35號校網
發展商:	長實
管理公司:	高衛物業管理有限公司",22.309417999999997,114.18637100000001,,,明火煮食,,,2026-06-21T11:49:58+08:00,2026-07-08T16:17:36+08:00,2026-08-20T11:49:58+08:00,"[""https://i1.28hse.com/2026/06/202606211149567455439_large.jpg"", ""https://i1.28hse.com/2026/06/202606211149563818675_large.jpg"", ""https://i1.28hse.com/2026/06/202606211149573429427_large.jpg"", ""https://i1.28hse.com/2026/06/202606211149574273510_large.jpg"", ""https://i1.28hse.com/2026/06/202606211149584060488_large.jpg"", ""https://i1.28hse.com/2026/06/202606211149581460110_large.jpg""]",,,26272,4064,30336,2518500,15208,9194755,5388233,-1527650,3343889,-4871539
3907124,【二人世界盃】兩房無露台無窗台、向南兼球場開揚園景,紅磡,私人屋苑/單幢式大廈/長實,7300000,430,2,1,中層,,9,捷昇置業有限公司,https://i1.28hse.com/2026/06/202606261859197905752_thumb.jpg,https://www.28hse.com/buy/apartment/property-3907124,2026-08-06T17:33:59.496264+00:00,2026-08-06T17:50:48.021075+00:00,悅目,,九龍紅磡悅目 利工街9號,"歡迎約看
鄰近何文田站！
物業地址 紅磡利工街9號悅目
物業座數:1座
單位總數:216伙
車位數目:住客車位:37個
住宅樓層高度:9呎9吋
管理公司:高衛物業管理
發展商:長實
校網小學:35
中學:九龍城",22.309417999999997,114.18637100000001,,,,,,2026-06-26T18:59:36+08:00,2026-07-10T16:29:07+08:00,2026-08-25T18:59:36+08:00,"[""https://i1.28hse.com/2026/06/20260626185830430799_large.jpg"", ""https://i1.28hse.com/2026/06/202606261858337521334_large.jpg"", ""https://i1.28hse.com/2026/06/202606261858385658354_large.jpg"", ""https://i1.28hse.com/2026/06/202606261858411007168_large.jpg"", ""https://i1.28hse.com/2026/06/202606261858464126434_large.jpg"", ""https://i1.28hse.com/2026/06/202606261858504263516_large.jpg"", ""https://i1.28hse.com/2026/06/202606261859165582973_large.jpg"", ""https://i1.28hse.com/estate_data/75/8567/FLOOR/8567_20231121195933588769_thumb.jpg"", ""https://i1.28hse.com/estate_data/75/8567/UNIT/8567_20231121200002852532_thumb.jpg""]",,,26272,4064,30336,2518500,15208,9194755,5388233,-1527650,3343889,-4871539
3912460,「依然半新樓、連靚裝出售！」悅目 430呎 1.5/2房,紅磡,私人屋苑/洋樓/長實,7300000,430,2,1,中層,開放式廚房,10,捷昇置業有限公司,https://i1.28hse.com/2026/07/202607011230105801055_thumb.jpg,https://www.28hse.com/buy/apartment/property-3912460,2026-08-06T17:33:59.496264+00:00,2026-08-06T17:50:31.614087+00:00,悅目,,九龍紅磡悅目 利工街9號,"大廈	地址	層數
悅目	利工街9號	29
平均呎價	維修	管理費
185~215
入伙	樓齡	發展商
2016	10	長江實業
地區	小學	中學
紅磡	35	九龍城",22.309418,114.186371,,,,,,2026-07-01T12:30:20+08:00,2026-07-01T12:30:20+08:00,2026-08-30T12:30:20+08:00,"[""https://i1.28hse.com/2026/07/202607011230081938285_large.jpg"", ""https://i1.28hse.com/2026/07/202607011230095149555_large.jpg"", ""https://i1.28hse.com/2026/07/202607011230094930461_large.jpg"", ""https://i1.28hse.com/2026/07/202607011230108937837_large.jpg"", ""https://i1.28hse.com/2026/07/20260701123010874551_large.jpg"", ""https://i1.28hse.com/estate_data/75/8567/FLOOR/8567_20231121195933588769_thumb.jpg"", ""https://i1.28hse.com/estate_data/75/8567/UNIT/8567_20231121200002852532_thumb.jpg""]",,,26272,4064,30336,2518500,15208,9194755,5388233,-1527650,3343889,-4871539
3934536,꧁ 區內最實用兩房半新樓꧂「悅目」正南向採光極好✧紅磡熱門屋苑之一✧,紅磡,私人屋苑/單幢式大廈/長實,7300000,430,2,1,中層,,10,新港地產代理有限公司,https://i1.28hse.com/2026/07/202607161742337609702_thumb.jpg,https://www.28hse.com/buy/apartment/property-3934536,2026-08-06T17:33:59.496264+00:00,2026-08-06T17:49:44.093057+00:00,悅目,,九龍紅磡悅目 利工街9號,"꧁ 至強團隊 星級代理 流利國粵英語꧂
一樣的盤源 不一樣的 貼心服務✓✓✓
實事求事 絕不花巧 信心保證✓✓✓
【李生 KEN 】24小時 On Call ↑↑↑↑↑↑
電話 / WhatsApp ： [REDACTED]
WeChat 微信 ： [REDACTED]
專營各區新盤 歡迎查詢 最新樓盤資訊
貼心服務 用心跟進 做到最好 最全面
24小時熱線 歡迎致電查詢/hold貨！
●無論買樓自住，投資升值，區內換樓，放盤收租
→本人均會為貴客提供一條龍，買賣及售後服務！
首次置業
銀行按揭上會
壓測,首期,供款計算
租務管理
搬屋/家居保險
水電煤,差餉地租轉名
法律咨詢/律師轉介
裝修/室內設計轉介
睇樓收樓驗樓→免費專車接送
→均有專人提供專業意見！
【免費提供】
投資移民按揭計劃法律諮詢預約參觀
專車接送收樓驗樓租管服務裝修推薦",22.309418,114.186371,,,,,,2026-07-16T17:42:35+08:00,2026-07-16T17:42:35+08:00,2026-08-15T17:42:35+08:00,"[""https://i1.28hse.com/2026/07/202607161742334325392_large.jpg"", ""https://i1.28hse.com/2026/07/202607161742348908877_large.jpg"", ""https://i1.28hse.com/2026/07/202607161742345829709_large.jpg"", ""https://i1.28hse.com/2026/07/202607161742346000138_large.jpg"", ""https://i1.28hse.com/2026/07/202607161742352689447_large.jpg""]",,,26272,4064,30336,2518500,15208,9194755,5388233,-1527650,3343889,-4871539
3905766,●開揚1房 ●超值抵住●上車首選♡歡迎約睇,荃灣,私人屋苑/新世界,7300000,392,1,,中層,,8,中原地產代理有限公司,https://i1.28hse.com/2026/06/202606251826225046880_thumb.jpg,https://www.28hse.com/buy/apartment/property-3905766,2026-08-06T17:33:59.496264+00:00,2026-08-06T18:36:47.828006+00:00,柏傲灣,,新界荃灣柏傲灣 永順街51號,"●開揚1房
●超值抵住
●上車首選
♡歡迎約睇
大量筍盤 歡迎WhatsApp查詢
大量筍盤 歡迎WhatsApp查詢
大量筍盤 歡迎WhatsApp查詢",22.366022,114.112686,,,,,,2026-06-25T18:26:48+08:00,2026-07-24T12:55:31+08:00,2026-08-24T18:26:48+08:00,"[""https://i1.28hse.com/2026/06/202606251826232841429_large.jpg"", ""https://i1.28hse.com/2026/06/202606251826247729042_large.jpg"", ""https://i1.28hse.com/2026/06/202606251826248984191_large.jpg"", ""https://i1.28hse.com/2026/06/202606251826258534378_large.jpg"", ""https://i1.28hse.com/2026/06/202606251826262389829_large.jpg"", ""https://i1.28hse.com/estate_data/113/22100/FLOOR/22100_20240208104614725911_thumb.jpg"", ""https://i1.28hse.com/estate_data/113/22100/UNIT/22100_20240208104747736464_thumb.jpg""]",,,26272,3893,30165,2518500,15208,9134170,5388233,-1410199,3343889,-4754088
3913824,●獨家 ●高層開揚山景 ●3房改2房 ♡歡迎約睇,荃灣,私人屋苑,7300000,545,2,,,,26,中原地產代理有限公司,https://i1.28hse.com/2026/07/202607021153263831109_thumb.jpg,https://www.28hse.com/buy/apartment/property-3913824,2026-08-06T17:33:59.496264+00:00,2026-08-06T18:36:11.749294+00:00,韻濤居,732,新界荃灣韻濤居 青山公路623號,●獨家●歡迎高層開揚山景●3房改2房♡歡迎約睇大量筍盤歡迎WhatsApp查詢大量筍盤歡迎WhatsApp查詢大量筍盤WhatsApp查詢,22.372368,114.103111,,,,,,2026-07-02T11:53:52+08:00,2026-07-24T12:49:57+08:00,2026-08-31T11:53:52+08:00,"[""https://i1.28hse.com/2026/07/202607021153268860343_large.jpg"", ""https://i1.28hse.com/2026/07/20260702115328346293_large.jpg"", ""https://i1.28hse.com/2026/07/202607021153304434338_large.jpg"", ""https://i1.28hse.com/2026/07/202607021153277238364_large.jpg"", ""https://i1.28hse.com/2026/07/202607021153291615046_large.jpg""]",,,26272,4582,30854,2518500,15208,9378102,5388233,-1883093,3343889,-5226983
3933095,靚裝企理兩房 可約睇,荃灣,私人屋苑/長實,7300000,482,2,,中層,,11,美聯物業,https://i1.28hse.com/2026/07/202607151624323601327_thumb.jpg,https://www.28hse.com/buy/apartment/property-3933095,2026-08-06T17:33:59.496264+00:00,2026-08-06T18:34:31.890466+00:00,環宇海灣,,新界荃灣環宇海灣 永順街48號,歡迎WhatsApp查詢,22.364647,114.114334,,,,,,2026-07-15T16:25:02+08:00,2026-07-15T16:25:02+08:00,2026-08-14T16:25:02+08:00,"[""https://i1.28hse.com/2026/07/202607151624332713378_large.jpg"", ""https://i1.28hse.com/2026/07/202607151624336188778_large.jpg"", ""https://i1.28hse.com/2026/07/202607151624347621735_large.jpg"", ""https://i1.28hse.com/2026/07/202607151624341779629_large.jpg"", ""https://i1.28hse.com/2026/07/202607151624357928334_large.jpg"", ""https://i1.28hse.com/estate_data/113/8385/FLOOR/8385_20231122024357498686_thumb.jpg"", ""https://i1.28hse.com/estate_data/113/8385/UNIT/8385_20231122024737498988_thumb.jpg""]",,,26272,4298,30570,2518500,15208,9277660,5388233,-1688372,3343889,-5032262
3935519,"[2房] 三寶之一, 新鴻基發展, 必走貨, 有匙約睇",荃灣,私人屋苑/新鴻基,7300000,464,1,1,中層,,20,美聯物業,https://i1.28hse.com/2026/07/202607171440124580515_thumb.jpg,https://www.28hse.com/buy/apartment/property-3935519,2026-08-06T17:33:59.496264+00:00,2026-08-06T18:34:12.568361+00:00,爵悅庭,647,新界荃灣爵悅庭 楊屋道90-114號,"[2房] 三寶之一, 新鴻基發展, 必走貨, 有匙約睇",22.366886,114.117111,,,,,,2026-07-17T14:40:15+08:00,2026-07-17T14:40:15+08:00,2026-09-15T14:40:15+08:00,"[""https://i1.28hse.com/2026/07/202607171440126782504_large.jpg"", ""https://i1.28hse.com/2026/07/202607171440131987890_large.jpg"", ""https://i1.28hse.com/2026/07/202607171440133401010_large.jpg"", ""https://i1.28hse.com/2026/07/202607171440137765487_large.jpg"", ""https://i1.28hse.com/2026/07/20260717144014154754_large.jpg"", ""https://i1.28hse.com/2026/07/202607171440141386774_large.jpg"", ""https://i1.28hse.com/2026/07/202607171440145123723_large.jpg"", ""https://i1.28hse.com/estate_data/113/4570/FLOOR/4570_20231121013850527454_thumb.jpg"", ""https://i1.28hse.com/estate_data/113/4570/UNIT/4570_20231121014050321658_thumb.jpg""]",,,26272,4217,30489,2518500,15208,9248962,5388233,-1632737,3343889,-4976627
3938636,韻濤居 3房開揚,荃灣,私人屋苑,7300000,545,3,1,中層,,26,美聯物業(麗城分行),https://i1.28hse.com/2026/07/202607191645201545397_thumb.jpg,https://www.28hse.com/buy/apartment/property-3938636,2026-08-06T17:33:59.496264+00:00,2026-08-06T18:33:38.528238+00:00,韻濤居,732,新界荃灣韻濤居 青山公路623號,"會所設施: 25米室內恆溫泳池, 網球埸,健身室,卓球室,舞蹈室,乒乓球室,室內兒童遊樂場,桑拿室,溫習室....
*屋苑村巴接駁荃灣地鐵站.",22.372368,114.103111,,,,,,2026-07-19T16:45:24+08:00,2026-07-19T16:45:24+08:00,2026-09-17T16:45:24+08:00,"[""https://i1.28hse.com/2026/07/202607191645218313891_large.jpg"", ""https://i1.28hse.com/2026/07/202607191645211299220_large.jpg"", ""https://i1.28hse.com/2026/07/202607191645223145593_large.jpg"", ""https://i1.28hse.com/2026/07/202607191645224604803_large.jpg"", ""https://i1.28hse.com/2026/07/202607191645225510086_large.jpg"", ""https://i1.28hse.com/2026/07/202607191645226188755_large.jpg"", ""https://i1.28hse.com/2026/07/202607191645231550530_large.jpg"", ""https://i1.28hse.com/2026/07/202607191645237026912_large.jpg"", ""https://i1.28hse.com/2026/07/202607191645233405151_large.jpg""]",,,26272,4582,30854,2518500,15208,9378102,5388233,-1883093,3343889,-5226983
3938982,柏傲灣+1房中層+有匙看+近荃灣西站+VR+上車/收租首選,荃灣,私人屋苑/新世界,7300000,392,1,1,中層,,8,中原地產代理有限公司,https://i1.28hse.com/2026/07/20260719201005882065_thumb.jpg,https://www.28hse.com/buy/apartment/property-3938982,2026-08-06T17:33:59.496264+00:00,2026-08-06T18:33:33.701888+00:00,柏傲灣,,新界荃灣柏傲灣 永順街51號,柏傲灣+1房中層+有匙看+近荃灣西站+VR+上車/收租首選,22.366022,114.112686,,,,,,2026-07-19T20:11:12+08:00,2026-07-19T20:14:18+08:00,2026-09-17T20:11:12+08:00,"[""https://i1.28hse.com/2026/07/20260719201006160202_large.jpg"", ""https://i1.28hse.com/2026/07/202607192010068054891_large.jpg"", ""https://i1.28hse.com/2026/07/202607192010054681942_large.jpg"", ""https://i1.28hse.com/2026/07/202607192010048835795_large.jpg"", ""https://i1.28hse.com/2026/07/20260719201007720638_large.jpg"", ""https://i1.28hse.com/2026/07/202607192010075538722_large.jpg"", ""https://i1.28hse.com/2026/07/202607192010041167749_large.jpg"", ""https://i1.28hse.com/2026/07/202607192010066798866_large.jpg"", ""https://i1.28hse.com/2026/07/202607192010067471028_large.jpg"", ""https://i1.28hse.com/2026/07/20260719201005882065_large.jpg"", ""https://i1.28hse.com/estate_data/113/22100/FLOOR/22100_20240208104614725911_thumb.jpg"", ""https://i1.28hse.com/estate_data/113/22100/UNIT/22100_20240208104747736464_thumb.jpg""]",,,26272,3893,30165,2518500,15208,9134170,5388233,-1410199,3343889,-4754088
3939825,【荃灣西極罕海景筍盤】2房全海景 可傾719萬入手樂悠居高層！,荃灣,私人屋苑,7300000,420,2,,高層,,21,美聯物業,https://i1.28hse.com/2026/07/202607201729203881503_thumb.jpg,https://www.28hse.com/buy/apartment/property-3939825,2026-08-06T17:33:59.496264+00:00,2026-08-06T18:33:23.879419+00:00,樂悠居,586,新界荃灣樂悠居 楊屋道138號,"地址:樂悠居 高層 8室（楊屋道138號）
 實用面積:420呎
 售價可傾：$719萬（呎價約$17,381）
️ 間隔:2房2廳，格局方正
 景觀:壯闊海景＋煙花景，開揚無遮擋
️ 樓齡:21年（2005年落成）
 學校網:小62區，中荃灣區，譽滿全港
 屋苑設施:4萬呎會所（34米泳池、網球場、健身室、桑拿、兒童遊戲室、宴會廳等）
 港鐵距離:步行約14分鐘至荃灣西站
️ 鄰近商場/景點:百悅坊（10分鐘）、荃灣石壁遷置村遊樂場（7分鐘）、Tesla充電站、達力貨櫃中心停車場（4分鐘）
 適合人群:年輕夫婦、小家庭、首次置業人士，追求海景與完善社區配套！
 **限時放售，即刻預約睇樓！**",22.366301,114.118179,,,,,,2026-07-20T17:29:33+08:00,2026-07-20T17:29:33+08:00,2026-09-18T17:29:33+08:00,"[""https://i1.28hse.com/2026/07/202607201729203643104_large.jpg"", ""https://i1.28hse.com/2026/07/202607201729206980464_large.jpg"", ""https://i1.28hse.com/2026/07/202607201729202401321_large.jpg"", ""https://i1.28hse.com/2026/07/202607201729211032544_large.jpg"", ""https://i1.28hse.com/2026/07/202607201729218943985_large.jpg""]",,,26272,4019,30291,2518500,15208,9178811,5388233,-1496741,3343889,-4840631
3942673,《中原最齊盤》●●海景兩房｜有層數有質素歡迎查詢,荃灣,私人屋苑/新鴻基,7300000,450,2,1,中層,,21,中原地產,https://i1.28hse.com/2026/07/202607222116191447080_thumb.jpg,https://www.28hse.com/buy/apartment/property-3942673,2026-08-06T17:33:59.496264+00:00,2026-08-06T18:33:04.251787+00:00,爵悅庭,608,新界荃灣爵悅庭 楊屋道90-114號,"荃灣西站 配套完善 一應俱全
天橋網絡18區獨有 家庭客自住客投資客首選
●●●●●●●●●●
搵低水荀盤 一定幫到你
緊貼業主 盤齊價準
專業代理*陳小姐 Fanny chan
24小時查詢熱線：
可WHATSAPP 即時回覆
無論買樓自住，投資升值，區內換樓，放盤收租
*本人均為貴客提供一條龍服務,買賣及售後服務
首次置業
售前壓測，首期，供款計算
銀行按揭上會
法律咨詢
律師轉介
裝修轉介
水電煤，差餉地租轉名
收樓驗樓
售後放租務管理",22.366886,114.117111,,,,,,2026-07-22T21:16:47+08:00,2026-07-31T13:23:02+08:00,2026-08-21T21:16:47+08:00,"[""https://i1.28hse.com/2026/07/202607222116117433081_large.jpg"", ""https://i1.28hse.com/2026/07/202607222116135567672_large.jpg"", ""https://i1.28hse.com/2026/07/202607222116128763574_large.jpg"", ""https://i1.28hse.com/2026/07/202607222116144003860_large.jpg"", ""https://i1.28hse.com/2026/07/202607222116174316371_large.jpg"", ""https://i1.28hse.com/2026/07/202607222116182502322_large.jpg"", ""https://i1.28hse.com/2026/07/202607222116157496899_large.jpg"", ""https://i1.28hse.com/estate_data/113/4570/FLOOR/4570_20231121013749319432_thumb.jpg"", ""https://i1.28hse.com/estate_data/113/4570/UNIT/4570_20231121014154146683_thumb.jpg""]",,,26272,4154,30426,2518500,15208,9226641,5388233,-1589466,3343889,-4933355
3773120,●●官方荀盤認證✓✓➼●全區最寛景觀嘅1房 超大睡房,啟德,私人屋苑/中國海外,7310000,368,1,1,中層,開放式廚房,8,世紀21啟豐物業代理,https://i1.28hse.com/2026/08/202608061229206443131_thumb.jpg,https://www.28hse.com/buy/apartment/property-3773120,2026-08-06T17:33:59.496264+00:00,2026-08-06T18:18:11.609579+00:00,啟德1號(I),,九龍啟德啟德1號(I) 沐寧街2號,●●官方荀盤認證✓✓➼●全區最寛景觀嘅1房 超大睡房,22.329336,114.200851,,,,,,2026-06-21T22:49:35+08:00,2026-08-06T12:31:16+08:00,2026-08-20T22:49:35+08:00,"[""https://i1.28hse.com/2026/07/202607102307443317414_large.jpg"", ""https://i1.28hse.com/2026/03/202603150050272116098_large.jpg"", ""https://i1.28hse.com/2026/03/202603150050265520932_large.jpg"", ""https://i1.28hse.com/2026/03/202603150050274430955_large.jpg"", ""https://i1.28hse.com/2026/03/202603150050273222116_large.jpg"", ""https://i1.28hse.com/2026/03/202603150050286411101_large.jpg""]",,,26308,3788,30096,2521950,15229,9107563,5395614,-1340872,3343889,-4684761
3881622,近地鐵站、高層開揚、清靜即住,啟德,私人屋苑/中國海外,7310000,367,1,,高層,,8,美聯物業代理有限公司,https://i1.28hse.com/2026/07/202607311822116900131_thumb.jpg,https://www.28hse.com/buy/apartment/property-3881622,2026-08-06T17:33:59.496264+00:00,2026-08-06T18:18:22.434584+00:00,啟德1號(I),,九龍啟德啟德1號(I) 沐寧街2號,高層開揚、大一房 試$690,22.329336000000005,114.20085100000001,,,,,,2026-06-08T10:34:31+08:00,2026-07-31T18:22:39+08:00,2026-08-07T10:34:31+08:00,"[""https://i1.28hse.com/2026/07/202607311822126748275_large.jpg"", ""https://i1.28hse.com/2026/07/20260731182213714478_large.jpg"", ""https://i1.28hse.com/2026/07/202607311822148026000_large.jpg"", ""https://i1.28hse.com/2026/07/202607311822153676233_large.jpg"", ""https://i1.28hse.com/2026/07/202607311822165838545_large.jpg"", ""https://i1.28hse.com/estate_data/82/8908/FLOOR/8908_20231205110535515259_thumb.jpg"", ""https://i1.28hse.com/estate_data/82/8908/UNIT/8908_20231205110737465932_thumb.jpg""]",,,26308,3784,30092,2521950,15229,9105968,5395614,-1337781,3343889,-4681670
3935520,690萬仍有空間 業主見票笑呵呵,啟德,私人屋苑/中國海外,7310000,367,1,,高層,,9,香港置業,https://i1.28hse.com/2026/07/202607171439355736125_thumb.jpg,https://www.28hse.com/buy/apartment/property-3935520,2026-08-06T17:33:59.496264+00:00,2026-08-06T18:17:43.438546+00:00,啟德1號(I),,九龍啟德啟德1號(I) 沐寧街2號,"筍價出售, 高實率, 開揚園景, 中心旺地, 巴士站, 地鐵站 旺中帶靜, 交通便利, 清雅裝修, 開揚清爽, 間隔四正, 管理完善, 廳大房大, 環境清幽單位原裝 即睇 價格可議",22.329336,114.200851,,,,,,2026-07-17T14:40:21+08:00,2026-07-26T20:21:44+08:00,2026-09-15T14:40:21+08:00,"[""https://i1.28hse.com/2026/07/202607171439352494474_large.jpg"", ""https://i1.28hse.com/2026/07/202607171439354447383_large.jpg"", ""https://i1.28hse.com/2026/07/202607171439354620111_large.jpg"", ""https://i1.28hse.com/2026/07/202607171439353958434_large.jpg"", ""https://i1.28hse.com/2026/07/202607171439358734929_large.jpg"", ""https://i1.28hse.com/estate_data/82/8908/FLOOR/8908_20231205110535515259_thumb.jpg"", ""https://i1.28hse.com/estate_data/82/8908/UNIT/8908_20231205110737465932_thumb.jpg""]",,,26308,3784,30092,2521950,15229,9105968,5395614,-1337781,3343889,-4681670
3947407,啟德城最筍大一房，底價6XX快者得，有匙即睇,啟德,私人屋苑/中國海外,7310000,367,1,,,,9,啟盛物業代理,https://i1.28hse.com/2026/07/202607261731213754059_thumb.jpg,https://www.28hse.com/buy/apartment/property-3947407,2026-08-06T17:33:59.496264+00:00,2026-08-06T18:17:31.136361+00:00,啟德1號(I),,九龍啟德啟德1號(I) 沐寧街2號,"筍價出售, 高實用率",22.329336,114.200851,,,,,,2026-07-26T17:34:18+08:00,2026-07-28T18:32:28+08:00,2026-08-25T17:34:18+08:00,"[""https://i1.28hse.com/2026/07/20260726173125243810_large.jpg"", ""https://i1.28hse.com/2026/07/20260726173129600589_large.jpg"", ""https://i1.28hse.com/2026/07/20260726173132790583_large.jpg"", ""https://i1.28hse.com/2026/07/202607261731366684425_large.jpg"", ""https://i1.28hse.com/2026/07/202607261732446098892_large.jpg"", ""https://i1.28hse.com/2026/07/202607261732475329409_large.jpg"", ""https://i1.28hse.com/2026/07/20260726173248577608_large.jpg"", ""https://i1.28hse.com/estate_data/82/8908/FLOOR/8908_20231205110535515259_thumb.jpg"", ""https://i1.28hse.com/estate_data/82/8908/UNIT/8908_20231205110737465932_thumb.jpg""]",,,26308,3784,30092,2521950,15229,9105968,5395614,-1337781,3343889,-4681670
3888049,大型地標商場｜購物娛樂飲食完善・鐵路沿線＋啟德河畔景致,啟德,私人屋苑/保利,7350000,356,1,,中層,,7,利嘉閣地產,https://i1.28hse.com/2026/06/202606121622157447158_thumb.jpg,https://www.28hse.com/buy/apartment/property-3888049,2026-08-06T17:33:59.496264+00:00,2026-08-06T18:18:15.985760+00:00,龍譽,,九龍啟德龍譽 沐寧街9號,"大型地標商場 – 區內焦點地標，行街打卡一站搞掂
️ 購物娛樂飲食配套完善 – 超市、戲院、潮流品牌、環球美食，應有盡有
 鐵路沿線 – 出入方便，返工出行話咁易
 啟德河畔景致 – 悠閒河景相伴，寧靜開揚心曠神怡
 間隔方正 – 實用見使，零走廊冇嘥位，傢俬易擺空間用到盡
 地標商場＋河景＋鐵路＋方正＝生活便利與景緻兼得
 啟德河畔焦點・約睇從速！",22.327929,114.200729,,,,,,2026-06-12T16:29:18+08:00,2026-07-29T21:04:44+08:00,2026-08-11T16:29:18+08:00,"[""https://i1.28hse.com/2026/06/202606121622166700860_large.jpg"", ""https://i1.28hse.com/2026/06/202606121622161047595_large.jpg"", ""https://i1.28hse.com/2026/06/20260612162217645277_large.jpg"", ""https://i1.28hse.com/2026/06/202606121622178585970_large.jpg"", ""https://i1.28hse.com/2026/06/20260612162218664476_large.jpg"", ""https://i1.28hse.com/2026/06/202606121622183325745_large.jpg"", ""https://i1.28hse.com/2026/06/202606121622183771879_large.jpg"", ""https://i1.28hse.com/estate_data/82/22198/FLOOR/22198_20231220111947222848_thumb.jpg"", ""https://i1.28hse.com/estate_data/82/22198/UNIT/22198_20231220112256875717_thumb.jpg""]",,,26452,3746,30198,2535750,15312,9135057,5425138,-1323193,3343889,-4667082
3925256,震撼價【晉嶺】極高層靚裝兩房 還價即成,深水埗,單幢式大廈/遠東,7350000,427,2,1,高層,,12,駿輝地產建榮有限公司,https://i1.28hse.com/2026/08/202608051922156013750_thumb.jpg,https://www.28hse.com/buy/apartment/property-3925256,2026-08-06T17:33:59.496264+00:00,2026-08-06T18:13:32.508514+00:00,晉嶺,632,九龍深水埗晉嶺 西洋菜北街289號,"高層靚景 性價比高
半新樓豪華裝修2房 歡迎約睇",22.330162,114.166588,,,,,,2026-07-09T17:49:03+08:00,2026-08-05T19:22:53+08:00,2026-09-07T17:49:03+08:00,"[""https://i1.28hse.com/2026/08/202608051922074736131_large.jpg"", ""https://i1.28hse.com/2026/08/202608051922068976265_large.jpg"", ""https://i1.28hse.com/2026/08/202608051922074313549_large.jpg"", ""https://i1.28hse.com/2026/08/20260805192208648146_large.jpg"", ""https://i1.28hse.com/2026/08/20260805192208632899_large.jpg"", ""https://i1.28hse.com/2026/08/202608051922091630132_large.jpg"", ""https://i1.28hse.com/2026/08/202608051922113264897_large.jpg"", ""https://i1.28hse.com/2026/08/202608051922107923187_large.jpg"", ""https://i1.28hse.com/2026/08/202608051922117493426_large.jpg"", ""https://i1.28hse.com/2026/08/202608051922127381154_large.jpg"", ""https://i1.28hse.com/2026/08/202608051922136565427_large.jpg"", ""https://i1.28hse.com/2026/08/202608051922144236198_large.jpg"", ""https://i1.28hse.com/estate_data/62/7943/FLOOR/7943_20231117012129155318_thumb.jpg"", ""https://i1.28hse.com/estate_data/62/7943/UNIT/7943_20231117012148821357_thumb.jpg""]",,,26452,4065,30517,2535750,15312,9248254,5425138,-1542641,3343889,-4886530
3855455,嘉匯一房，有露台，有鎖匙,啟德,私人屋苑/洋樓/嘉華,7380000,372,1,1,中層,,7,達成地產,https://i1.28hse.com/2026/05/202605200402046302110_thumb.jpg,https://www.28hse.com/buy/apartment/property-3855455,2026-08-06T17:33:59.496264+00:00,2026-08-06T18:17:21.972887+00:00,嘉匯,,九龍啟德嘉匯 沐寧街7號,"七年樓，一房，向南，共八座， 900個單位
發展商：嘉華
小學： 34
中學：九龍城區",22.329559,114.20443,,,,,,2026-08-02T01:15:56+08:00,2026-08-02T01:15:56+08:00,2026-10-01T01:15:56+08:00,"[""https://i1.28hse.com/2026/05/202605200402048665853_large.jpg"", ""https://i1.28hse.com/2026/05/202605200402042850596_large.jpg"", ""https://i1.28hse.com/2026/05/202605200402054905014_large.jpg"", ""https://i1.28hse.com/2026/05/202605200402052577706_large.jpg"", ""https://i1.28hse.com/2026/05/202605200402052049489_large.jpg"", ""https://i1.28hse.com/2026/05/202605200402058420119_large.jpg"", ""https://i1.28hse.com/2026/05/202605200402054532145_large.jpg"", ""https://i1.28hse.com/2026/05/202605200402063102250_large.jpg"", ""https://i1.28hse.com/estate_data/82/22114/FLOOR/22114_20240220150555227967_thumb.jpg"", ""https://i1.28hse.com/estate_data/82/22114/UNIT/22114_20240220150809589656_thumb.jpg""]",,,26560,3826,30387,2546100,15375,9195535,5447282,-1387204,3343889,-4731094
3892571,買家免佣 【銀主盤】 真盤真價｜銀主盤專家｜有匙引看,啟德,私人屋苑/洋樓/嘉華,7380000,372,1,1,中層,開放式廚房,7,銀置地產有限公司,https://i1.28hse.com/2026/06/202606252107241406938_thumb.jpg,https://www.28hse.com/buy/apartment/property-3892571,2026-08-06T17:33:59.496264+00:00,2026-08-06T18:18:15.279794+00:00,嘉匯,,九龍啟德嘉匯 沐寧街7號,"銀置地產 — 香港首屈一指的財務公司銀主盤專業代理
銀置地產是香港第一個專門服務財務公司銀主盤的代理品牌，買家全程免佣。我們提供一站式增值服務，包括：物業估價、免費物業查冊、免費法律諮詢及售後專業驗樓師免費驗樓。資深律師團隊全程合作，確保買賣雙方權益得到最大保障。
瀏覽更多銀主盤放盤及相關資訊：
  網頁：
right-move.com.hk
  Facebook：
facebook.com/profile.php?id= 
 Instagram：
[REDACTED]/rightmove2014",22.329559,114.20443,,,,,,2026-06-15T17:30:03+08:00,2026-07-21T23:58:01+08:00,2026-08-14T17:30:03+08:00,"[""https://i1.28hse.com/2026/06/202606252107214836628_large.jpg"", ""https://i1.28hse.com/2026/06/202606252107123364692_large.jpg"", ""https://i1.28hse.com/2026/06/20260625210709965070_large.jpg"", ""https://i1.28hse.com/2026/06/202606252106457230974_large.jpg"", ""https://i1.28hse.com/2026/06/202606252106471151889_large.jpg"", ""https://i1.28hse.com/2026/06/202606252106484893580_large.jpg"", ""https://i1.28hse.com/2026/06/202606252106494636272_large.jpg"", ""https://i1.28hse.com/2026/06/202606252107066166154_large.jpg"", ""https://i1.28hse.com/2026/06/202606252107086495521_large.jpg"", ""https://i1.28hse.com/2026/06/202606252106505510934_large.jpg"", ""https://i1.28hse.com/2026/06/202606252106522446583_large.jpg"", ""https://i1.28hse.com/2026/06/202606252107362790779_large.jpg"", ""https://i1.28hse.com/2026/06/202606252107387068405_large.jpg"", ""https://i1.28hse.com/2026/06/202606252107395949324_large.jpg"", ""https://i1.28hse.com/2026/06/202606252107541413030_large.jpg"", ""https://i1.28hse.com/2026/06/20260625210800427218_large.jpg"", ""https://i1.28hse.com/estate_data/82/22114/FLOOR/22114_20240220150555227967_thumb.jpg"", ""https://i1.28hse.com/estate_data/82/22114/UNIT/22114_20240220150809589656_thumb.jpg""]",,,26560,3826,30387,2546100,15375,9195535,5447282,-1387204,3343889,-4731094
3915757,"啟德一房, 有匙即睇",啟德,私人屋苑/嘉華,7380000,372,1,,高層,開放式廚房,7,利嘉閣地產有限公司,https://i1.28hse.com/2026/07/202607031518598709598_thumb.jpg,https://www.28hse.com/buy/apartment/property-3915757,2026-08-06T17:33:59.496264+00:00,2026-08-06T18:18:02.011288+00:00,嘉匯,,九龍啟德嘉匯 沐寧街7號,"啟德一房, 有匙即睇",22.329559,114.20443,,,,,,2026-07-03T15:20:29+08:00,2026-07-03T15:20:29+08:00,2026-09-01T15:20:29+08:00,"[""https://i1.28hse.com/2026/07/202607031518591483630_large.jpg"", ""https://i1.28hse.com/2026/07/202607031518592468688_large.jpg"", ""https://i1.28hse.com/2026/07/202607031519001832182_large.jpg"", ""https://i1.28hse.com/2026/07/202607031519016535406_large.jpg"", ""https://i1.28hse.com/2026/07/202607031519015316628_large.jpg"", ""https://i1.28hse.com/2026/07/202607031519025182237_large.jpg"", ""https://i1.28hse.com/2026/07/202607031519025667450_large.jpg"", ""https://i1.28hse.com/2026/07/202607031519026639252_large.jpg"", ""https://i1.28hse.com/2026/07/202607031519033427164_large.jpg"", ""https://i1.28hse.com/2026/07/202607031518598709598_large.jpg"", ""https://i1.28hse.com/estate_data/82/22114/FLOOR/22114_20240220150555227967_thumb.jpg"", ""https://i1.28hse.com/estate_data/82/22114/UNIT/22114_20240220150809589656_thumb.jpg""]",,,26560,3826,30387,2546100,15375,9195535,5447282,-1387204,3343889,-4731094
3921787,近地鐵、高層開揚大1房,啟德,私人屋苑/保利,7380000,358,1,,中層,,7,美聯物業代理有限公司,https://i1.28hse.com/2026/07/202607071411518301348_thumb.jpg,https://www.28hse.com/buy/apartment/property-3921787,2026-08-06T17:33:59.496264+00:00,2026-08-06T18:17:55.667027+00:00,龍譽,,九龍啟德龍譽 沐寧街9號,高層開揚大1房,22.327929,114.200729,,,,,,2026-07-07T14:12:14+08:00,2026-07-07T14:12:14+08:00,2026-09-05T14:12:14+08:00,"[""https://i1.28hse.com/2026/07/202607071411515473771_large.jpg"", ""https://i1.28hse.com/2026/07/202607071411528733787_large.jpg"", ""https://i1.28hse.com/2026/07/202607071411527571176_large.jpg"", ""https://i1.28hse.com/estate_data/82/22198/FLOOR/22198_20231220111947222848_thumb.jpg"", ""https://i1.28hse.com/estate_data/82/22198/UNIT/22198_20231220112253767262_thumb.jpg""]",,,26560,3764,30324,2546100,15375,9173215,5447282,-1343933,3343889,-4687822
3943836,"銀主盤, 筍盤有匙, 平過估價, 正南大一房",啟德,私人屋苑/嘉華,7380000,372,1,,高層,開放式廚房,7,利嘉閣地產有限公司,https://i1.28hse.com/2026/07/202607231814017030324_thumb.jpg,https://www.28hse.com/buy/apartment/property-3943836,2026-08-06T17:33:59.496264+00:00,2026-08-06T18:17:36.156734+00:00,嘉匯,,九龍啟德嘉匯 沐寧街7號,"銀主盤, 筍盤有匙, 平過估價, 正南大一房",22.329559,114.20443,,,,,,2026-07-23T18:14:33+08:00,2026-07-23T18:14:33+08:00,2026-08-22T18:14:33+08:00,"[""https://i1.28hse.com/2026/07/202607231814004436481_large.jpg"", ""https://i1.28hse.com/2026/07/202607231814014358572_large.jpg"", ""https://i1.28hse.com/2026/07/202607231814022244884_large.jpg"", ""https://i1.28hse.com/2026/07/202607231814025102494_large.jpg"", ""https://i1.28hse.com/2026/07/202607231814031659005_large.jpg"", ""https://i1.28hse.com/2026/07/202607231814038323881_large.jpg"", ""https://i1.28hse.com/2026/07/202607231814037619133_large.jpg"", ""https://i1.28hse.com/2026/07/202607231814045252443_large.jpg"", ""https://i1.28hse.com/2026/07/202607231814057347413_large.jpg"", ""https://i1.28hse.com/2026/07/202607231814017030324_large.jpg"", ""https://i1.28hse.com/estate_data/82/22114/FLOOR/22114_20240220150555227967_thumb.jpg"", ""https://i1.28hse.com/estate_data/82/22114/UNIT/22114_20240220150809589656_thumb.jpg""]",,,26560,3826,30387,2546100,15375,9195535,5447282,-1387204,3343889,-4731094
3954023,高層開陽，向南單位,啟德,私人屋苑/嘉華,7380000,372,1,,中層,,7,美聯物業,https://i1.28hse.com/2026/07/202607311822014995215_thumb.jpg,https://www.28hse.com/buy/apartment/property-3954023,2026-08-06T17:33:59.496264+00:00,2026-08-06T18:17:24.904836+00:00,嘉匯,,九龍啟德嘉匯 沐寧街7號,"歡迎查詢睇樓, 可大膽還價",22.329559,114.20443,,,,,,2026-07-31T18:22:02+08:00,2026-07-31T18:22:02+08:00,2026-08-30T18:22:02+08:00,"[""https://i1.28hse.com/2026/07/202607311822015948976_large.jpg"", ""https://i1.28hse.com/2026/07/202607311822021744881_large.jpg"", ""https://i1.28hse.com/2026/07/202607311822023110248_large.jpg"", ""https://i1.28hse.com/estate_data/82/22114/FLOOR/22114_20240220150555227967_thumb.jpg"", ""https://i1.28hse.com/estate_data/82/22114/UNIT/22114_20240220150809589656_thumb.jpg""]",,,26560,3826,30387,2546100,15375,9195535,5447282,-1387204,3343889,-4731094
3950216,三房 极開揚 投資首選 收租回報高,深水埗,單幢式大廈/恒基,7380000,418,3,1,中層,開放式廚房,7,嘉威地產,https://i1.28hse.com/2026/07/202607281938582282209_thumb.jpg,https://www.28hse.com/buy/apartment/property-3950216,2026-08-06T17:33:59.496264+00:00,2026-08-06T18:11:58.272534+00:00,南昌一號,,九龍深水埗南昌一號 南昌街1號,雙露台 會所 智能卡出口 鄰近地鐵,22.326567,114.16066,,,明火煮食,,,2026-07-28T19:39:54+08:00,2026-07-28T19:39:54+08:00,2026-09-26T19:39:54+08:00,"[""https://i1.28hse.com/2026/07/202607281939196708396_large.jpg"", ""https://i1.28hse.com/2026/07/202607281939205265367_large.jpg"", ""https://i1.28hse.com/2026/07/202607281939397132118_large.jpg"", ""https://i1.28hse.com/2026/07/202607281939392834483_large.jpg"", ""https://i1.28hse.com/estate_data/62/8944/FLOOR/8944_20231117024424138826_thumb.jpg""]",,,26560,4034,30594,2546100,15375,9268874,5447282,-1529382,3343889,-4873271
3885329,特大天台特色戶,荃灣,私人屋苑/南豐,7380000,437,2,,高層,,23,中原地產代理有限公司,https://i1.28hse.com/2026/06/202606101846333729327_thumb.jpg,https://www.28hse.com/buy/apartment/property-3885329,2026-08-06T17:33:59.496264+00:00,2026-08-06T18:38:30.296573+00:00,翠豐臺,598,新界荃灣翠豐臺 安育路2號,"一站式服務
 大量筍盤， 歡迎比較
.壓力測試、首期及供款
.投資樓盤資訊 代新樓入飛
.房屋租賃放盤 放售處理
.室內設計建議，新樓驗收轉介
.日常單位維護專人服務轉介
.水電煤代辦轉名服務",22.375858,114.10611,,,,,,2026-06-10T18:47:10+08:00,2026-06-24T19:31:07+08:00,2026-08-09T18:47:10+08:00,"[""https://i1.28hse.com/2026/06/20260610184634763094_large.jpg"", ""https://i1.28hse.com/2026/06/202606101846358744800_large.jpg"", ""https://i1.28hse.com/2026/06/202606101846564468346_large.jpg"", ""https://i1.28hse.com/2026/06/202606101846577825223_large.jpg"", ""https://i1.28hse.com/2026/06/202606101846583066251_large.jpg""]",,,26560,4119,30679,2546100,15375,9299166,5447282,-1588107,3343889,-4931997
3889235,樂悠居+2房高層+海景向南+有匙看+近荃灣西站+有票再傾,荃灣,私人屋苑,7380000,424,2,1,高層,,21,中原地產代理有限公司,https://i1.28hse.com/2026/06/202606131255511797221_thumb.jpg,https://www.28hse.com/buy/apartment/property-3889235,2026-08-06T17:33:59.496264+00:00,2026-08-06T18:38:18.334567+00:00,樂悠居,591,新界荃灣樂悠居 楊屋道138號,樂悠居+2房高層+海景向南+有匙看+近荃灣西站+有票再傾,22.366301,114.118179,,,,,,2026-06-13T12:57:51+08:00,2026-06-13T14:41:22+08:00,2026-08-12T12:57:51+08:00,"[""https://i1.28hse.com/2026/06/202606131256071372048_large.jpg"", ""https://i1.28hse.com/2026/06/202606131255526745128_large.jpg"", ""https://i1.28hse.com/2026/06/202606131255541188786_large.jpg"", ""https://i1.28hse.com/2026/06/202606131255496801803_large.jpg"", ""https://i1.28hse.com/2026/06/202606131255564621604_large.jpg"", ""https://i1.28hse.com/2026/06/202606131255572308104_large.jpg"", ""https://i1.28hse.com/2026/06/202606131255593872106_large.jpg"", ""https://i1.28hse.com/2026/06/202606131256013470291_large.jpg"", ""https://i1.28hse.com/2026/06/202606131256028582875_large.jpg"", ""https://i1.28hse.com/2026/06/202606131256044823110_large.jpg"", ""https://i1.28hse.com/2026/06/202606131255511797221_large.jpg""]",,,26560,4060,30621,2546100,15375,9278440,5447282,-1547927,3343889,-4891816
3905369,【張小姐 [REDACTED]】【實盤】【歡迎查詢】,荃灣,私人屋苑/嘉里建設,7380000,522,2,,中層,,16,美聯物業代理有限公司,https://i1.28hse.com/2026/06/202606251531455576272_thumb.jpg,https://www.28hse.com/buy/apartment/property-3905369,2026-08-06T17:33:59.496264+00:00,2026-08-06T18:36:52.024585+00:00,縉庭山,693,新界荃灣縉庭山 國瑞路152-160號,"②④小時on duty
歡迎致電直接約睇樓
✰Joey✰張小姐✰[REDACTED]
️～用心聆聽您所需
️待客已誠態度
️專注為您配對適合理想家居
️協助您尋覓優質安樂窩
✦ ✦歡迎業主委托放盤✦ ✦
▛一條龍服務▟
# 快 速 回 覆
# 銀 行 估 價
# 全 程 跟 進
# 按 揭 查 詢
️# 專 業 分 析
# 律 師 轉 介",22.372267,114.129936,,,,,,2026-06-25T15:31:59+08:00,2026-07-16T12:25:41+08:00,2026-08-24T15:31:59+08:00,"[""https://i1.28hse.com/2026/06/202606251531458577330_large.jpg"", ""https://i1.28hse.com/2026/06/202606251531457373687_large.jpg"", ""https://i1.28hse.com/2026/06/202606251531461443817_large.jpg"", ""https://i1.28hse.com/estate_data/113/5120/FLOOR/5120_20231121032324511168_thumb.jpg"", ""https://i1.28hse.com/estate_data/113/5120/UNIT/5120_20231121032348818352_thumb.jpg""]",,,26560,4502,31062,2546100,15375,9434684,5447282,-1850826,3343889,-5194716
3932869,荃灣西＜獨家代理＞新鴻基［實盤實價］最靚西爵軒 2房,荃灣,私人屋苑/新鴻基,7380000,452,2,1,高層,開放式廚房,21,環宇物業,https://i1.28hse.com/2026/07/202607151448502124487_thumb.jpg,https://www.28hse.com/buy/apartment/property-3932869,2026-08-06T17:33:59.496264+00:00,2026-08-06T18:34:34.018087+00:00,爵悅庭,613,新界荃灣爵悅庭 楊屋道90-114號,www.upa88.com,22.366886,114.117111,,,,,,2026-07-15T14:48:59+08:00,2026-08-06T14:55:10+08:00,2026-09-13T14:48:59+08:00,"[""https://i1.28hse.com/2026/07/202607151448501073171_large.jpg"", ""https://i1.28hse.com/2026/07/202607151448507909466_large.jpg"", ""https://i1.28hse.com/2026/07/202607151448515161775_large.jpg"", ""https://i1.28hse.com/2026/07/202607151448518365008_large.jpg"", ""https://i1.28hse.com/2026/07/202607151448511637966_large.jpg"", ""https://i1.28hse.com/estate_data/113/4570/FLOOR/4570_20231121013830165816_thumb.jpg"", ""https://i1.28hse.com/estate_data/113/4570/UNIT/4570_20231121014114352952_thumb.jpg""]",,,26560,4186,30747,2546100,15375,9323081,5447282,-1634469,3343889,-4978359
3958844,南昌東次新房 業主急賣 誠意來看,長沙灣,私人屋苑/萬科香港,7380000,365,2,1,中層,開放式廚房,,美聯物業,https://i1.28hse.com/2026/08/202608032346567827509_thumb.jpg,https://www.28hse.com/buy/apartment/property-3958844,2026-08-06T17:33:59.496264+00:00,2026-08-06T18:06:33.088957+00:00,連方 連方 II,,九龍長沙灣連方連方 II 海壇街 268號,"- 另有大量盘源未能尽录
- 欢迎来电一次过引领你睇晒所有靓盘
- 即时约睇 唔使周围问周围搵
———————————————————
专营全香港一手新盘、九龙、新界区热门屋苑
二手资深区域西九龙 ：奥运 四小龙 汇玺
所有盘源全行最齐, 人有我有
欢迎来电或WhatsApp查询
蔡小姐（Monica）6828 46361
微信ID：monica-ha",22.329311,114.158195,,,明火煮食,,,2026-08-03T23:50:29+08:00,2026-08-03T23:50:29+08:00,2026-10-02T23:50:29+08:00,"[""https://i1.28hse.com/2026/08/20260803234656574918_large.jpg"", ""https://i1.28hse.com/2026/08/20260803234656616097_large.jpg"", ""https://i1.28hse.com/2026/08/20260803234656783117_large.jpg"", ""https://i1.28hse.com/2026/08/202608032346575647413_large.jpg"", ""https://i1.28hse.com/estate_data/63/25455/FLOOR/25455_20240325132725884492_thumb.jpg"", ""https://i1.28hse.com/estate_data/63/25455/UNIT/25455_20240325132745826835_thumb.jpg""]",,,26560,3795,30355,2546100,15375,9184375,5447282,-1365568,3343889,-4709458
3936547,必走一房海景高層靚裝修快,紅磡,私人屋苑/新鴻基,7400000,442,2,,中層,,26,太陽物業,https://i1.28hse.com/2026/07/202607172215035301000_thumb.jpg,https://www.28hse.com/buy/apartment/property-3936547,2026-08-06T17:33:59.496264+00:00,2026-08-06T17:49:37.890913+00:00,半島豪庭,,九龍紅磡半島豪庭 紅荔道8號,勿失良機，絕無取巧，間隔四正，本週推介，全新未住，,22.304276,114.184418,,,,,,2026-07-17T22:15:09+08:00,2026-07-17T22:15:09+08:00,2026-09-15T22:15:09+08:00,"[""https://i1.28hse.com/2026/07/202607172215032910356_large.jpg"", ""https://i1.28hse.com/2026/07/202607172215047249882_large.jpg"", ""https://i1.28hse.com/2026/07/202607172215047209422_large.jpg"", ""https://i1.28hse.com/2026/07/202607172215041827867_large.jpg"", ""https://i1.28hse.com/2026/07/202607172215046255084_large.jpg"", ""https://i1.28hse.com/2026/07/20260717221506345541_large.jpg""]",,,26632,4147,30779,2553000,15417,9330451,5462044,-1613267,3343889,-4957156
3951912,「一千零一間、唔通等下間?」碧麗花園 476呎 3房1,紅磡,私人屋苑/洋樓/單幢式大廈/會德豐,7400000,476,3,2,中層,,29,捷昇置業有限公司,https://i1.28hse.com/2026/07/202607301222367315479_thumb.jpg,https://www.28hse.com/buy/apartment/property-3951912,2026-08-06T17:33:59.496264+00:00,2026-08-06T17:49:13.891072+00:00,碧麗花園,611,九龍紅磡碧麗花園 庇利街23號,"大廈	地址	層數
碧麗花園	庇利街23號	33
平均呎價	維修	管理費
137~174	
入伙	樓齡	發展商
1995	31	會德豐
地區	小學	中學
土瓜灣	35	九龍城",22.312613,114.188728,,,明火煮食,,,2026-07-30T12:23:31+08:00,2026-07-30T20:07:41+08:00,2026-09-28T12:23:31+08:00,"[""https://i1.28hse.com/2026/07/202607301222396069613_large.jpg"", ""https://i1.28hse.com/2026/07/202607301222446520999_large.jpg"", ""https://i1.28hse.com/2026/07/202607301223084915596_large.jpg"", ""https://i1.28hse.com/2026/07/202607301223001782799_large.jpg"", ""https://i1.28hse.com/2026/07/202607301223058410883_large.jpg"", ""https://i1.28hse.com/2026/07/202607301222472681710_large.jpg"", ""https://i1.28hse.com/2026/07/202607301222423707930_large.jpg"", ""https://i1.28hse.com/2026/07/20260730122249327963_large.jpg"", ""https://i1.28hse.com/2026/07/202607301222521256245_large.jpg"", ""https://i1.28hse.com/2026/07/202607301222553752913_large.jpg"", ""https://i1.28hse.com/2026/07/202607301222571559051_large.jpg"", ""https://i1.28hse.com/estate_data/75/3055/FLOOR/3055_20240110154349627673_thumb.jpg"", ""https://i1.28hse.com/estate_data/75/3055/UNIT/3055_20240110154400443782_thumb.jpg""]",,,26632,4300,30932,2553000,15417,9384658,5462044,-1718354,3343889,-5062244
3955048,必走一房海景高層靚裝修快,紅磡,私人屋苑/新鴻基,7400000,442,2,,中層,,26,太陽物業,https://i1.28hse.com/2026/08/202608011515094742511_thumb.jpg,https://www.28hse.com/buy/apartment/property-3955048,2026-08-06T17:33:59.496264+00:00,2026-08-06T17:49:03.534749+00:00,半島豪庭,,九龍紅磡半島豪庭 紅荔道8號,勿失良機，絕無取巧，間隔四正，本週推介，全新未住，,22.304276,114.184418,,,,,,2026-08-01T15:15:14+08:00,2026-08-01T15:15:14+08:00,2026-09-30T15:15:14+08:00,"[""https://i1.28hse.com/2026/08/20260801151509150897_large.jpg"", ""https://i1.28hse.com/2026/08/202608011515103001014_large.jpg"", ""https://i1.28hse.com/2026/08/202608011515108191646_large.jpg"", ""https://i1.28hse.com/2026/08/202608011515108737061_large.jpg"", ""https://i1.28hse.com/2026/08/202608011515108214395_large.jpg"", ""https://i1.28hse.com/2026/08/202608011515117101156_large.jpg""]",,,26632,4147,30779,2553000,15417,9330451,5462044,-1613267,3343889,-4957156
3957021,必走一房海景高層靚裝修快,紅磡,私人屋苑/新鴻基,7400000,442,2,,中層,,26,太陽物業,https://i1.28hse.com/2026/08/202608021815236215639_thumb.jpg,https://www.28hse.com/buy/apartment/property-3957021,2026-08-06T17:33:59.496264+00:00,2026-08-06T17:48:57.746929+00:00,半島豪庭,,九龍紅磡半島豪庭 紅荔道8號,勿失良機，絕無取巧，間隔四正，本週推介，全新未住，,22.304276,114.184418,,,,,,2026-08-02T18:15:28+08:00,2026-08-02T18:15:28+08:00,2026-10-01T18:15:28+08:00,"[""https://i1.28hse.com/2026/08/202608021815236468280_large.jpg"", ""https://i1.28hse.com/2026/08/202608021815241403486_large.jpg"", ""https://i1.28hse.com/2026/08/202608021815244380797_large.jpg"", ""https://i1.28hse.com/2026/08/202608021815243630649_large.jpg"", ""https://i1.28hse.com/2026/08/202608021815257972091_large.jpg""]",,,26632,4147,30779,2553000,15417,9330451,5462044,-1613267,3343889,-4957156
3925396,［真盤源推介］新鴻基大型屋苑，原裝有樓層，方便約睇大膽還價！,荃灣,私人屋苑/新鴻基,7400000,457,2,2,中層,開放式廚房,21,利嘉閣地產有限公司,https://i1.28hse.com/2026/08/202608021840167745678_thumb.jpg,https://www.28hse.com/buy/apartment/property-3925396,2026-08-06T17:33:59.496264+00:00,2026-08-06T18:35:18.312575+00:00,爵悅庭,627,新界荃灣爵悅庭 楊屋道90-114號,"筍價出售, 罕有放盤, 價錢可議, 連露台, 高實用率, 筍價出售, 近港鐵站, 西南, 海景, 開揚, 包電器, 九成實用, 大型屋村, 大型商場, 中心旺地, 旺中帶靜, 首置精選, 罕有放盤, 交通便利, 清雅裝修, 設施齊備, 間隔四正, 實用率高, 新樓會所, 管理完善, 遠望山景, 廳大房大",22.366886,114.117111,,,,,,2026-07-09T18:46:56+08:00,2026-08-02T18:41:03+08:00,2026-08-08T18:46:56+08:00,"[""https://i1.28hse.com/2026/08/202608021840197285014_large.jpg"", ""https://i1.28hse.com/2026/08/202608021840222167665_large.jpg"", ""https://i1.28hse.com/2026/08/202608021840236611861_large.jpg""]",,,26632,4215,30847,2553000,15417,9354366,5462044,-1659629,3343889,-5003518
3959854,真实盘源/激筍盘2房/快約睇 Ivy 9I439959,長沙灣,私人屋苑/中國恒大,7400000,431,2,1,中層,,5,香港置業,https://i1.28hse.com/2026/08/202608041737575228488_thumb.jpg,https://www.28hse.com/buy/apartment/property-3959854,2026-08-06T17:33:59.496264+00:00,2026-08-06T18:06:31.713912+00:00,睿峰,,九龍長沙灣睿峰 东京街29 号,"真实盘源/激筍盘2房/快約睇 Ivy 9I439959
笋价出售, 蚀让, 价钱可议, 连露台, 高实用率",22.336008,114.158035,,,,,,2026-08-04T17:41:28+08:00,2026-08-04T17:41:28+08:00,2026-10-03T17:41:28+08:00,"[""https://i1.28hse.com/2026/08/202608041737557747890_large.jpg"", ""https://i1.28hse.com/2026/08/20260804173752859268_large.jpg"", ""https://i1.28hse.com/2026/08/202608041737536642256_large.jpg"", ""https://i1.28hse.com/2026/08/202608041737523886363_large.jpg"", ""https://i1.28hse.com/estate_data/63/23218/FLOOR/23218_20231221163517616238_thumb.jpg"", ""https://i1.28hse.com/estate_data/63/23218/UNIT/23218_20231221163618611693_thumb.jpg""]",,,26632,4098,30730,2553000,15417,9312913,5462044,-1579268,3343889,-4923157
3963643,真实盘源/激笋盘2房/快约睇 Ivy 9I439959,長沙灣,私人屋苑/中國恒大,7400000,431,2,1,中層,,5,香港置業,https://i1.28hse.com/2026/08/202608071357487316973_thumb.jpg,https://www.28hse.com/buy/apartment/property-3963643,2026-08-07T16:19:46.780897+00:00,2026-08-07T16:21:27.793874+00:00,睿峰,,九龍長沙灣睿峰 东京街29 号,"真实盘源/激笋盘2房/快约睇 Ivy 9I439959
笋价出售, 蚀让, 价钱可议, 连露台, 高实用率",22.336008,114.158035,,,,,,2026-08-07T13:57:49+08:00,2026-08-07T13:57:49+08:00,2026-09-06T13:57:49+08:00,"[""https://i1.28hse.com/2026/08/202608071357481009772_large.jpg"", ""https://i1.28hse.com/2026/08/202608071357498078185_large.jpg"", ""https://i1.28hse.com/2026/08/202608071357491283816_large.jpg"", ""https://i1.28hse.com/2026/08/202608071357496785651_large.jpg"", ""https://i1.28hse.com/estate_data/63/23218/FLOOR/23218_20231221163517616238_thumb.jpg"", ""https://i1.28hse.com/estate_data/63/23218/UNIT/23218_20231221163618611693_thumb.jpg""]",,,26632,4098,30730,2553000,15417,9312913,5462044,-1579268,3343889,-4923157
3883784,真盤！有樓睇 極高層開陽兩房 唔好走寶把握機會！業主急售還價即成！即約即看！,紅磡,私人屋苑/單幢式大廈/恒基,7430000,381,2,1,高層,,5,廣信地產顧問有限公司,https://i1.28hse.com/2026/06/202606091721052264101_thumb.jpg,https://www.28hse.com/buy/apartment/property-3883784,2026-08-06T17:33:59.496264+00:00,2026-08-06T17:51:41.435093+00:00,啟岸,,九龍紅磡啟岸 馬頭圍道63號,"上車必選！可以看樓！實用兩房！
豪華空中會所
五至6分鐘到地鐵站
極開陽城市靚景
即約即看！",22.31212,114.187889,,,,,,2026-06-09T17:21:18+08:00,2026-07-06T15:56:52+08:00,2026-08-08T17:21:18+08:00,"[""https://i1.28hse.com/2026/06/202606091721068786716_large.jpg"", ""https://i1.28hse.com/2026/06/202606091721084725807_large.jpg"", ""https://i1.28hse.com/2026/06/202606091721083855303_large.jpg"", ""https://i1.28hse.com/2026/06/202606091721097245990_large.jpg"", ""https://i1.28hse.com/estate_data/75/22928/FLOOR/22928_20231117032051226667_thumb.jpg"", ""https://i1.28hse.com/estate_data/75/22928/UNIT/22928_20231117032118378974_thumb.jpg""]",,,26740,3882,30622,2563350,15479,9268166,5484187,-1439285,3343889,-4783175
3848220,【會德豐系列】 海景兩房 明廁明火 即約即睇,啟德,私人屋苑/會德豐,7450000,459,2,1,中層,開放式廚房,,天狼星物業,https://i1.28hse.com/2026/05/202605141629114390000_thumb.jpg,https://www.28hse.com/buy/apartment/property-3848220,2026-08-06T17:33:59.496264+00:00,2026-08-06T18:17:47.701116+00:00,Miami Quay Miami Quay I,,九龍啟德Miami QuayMiami Quay I 承豐道23號,"🫶🏻WhatsApp/Weixin: +852 598O OO59
🫶🏻全港一二手樓盤都有
🫶🏻按揭 兌換 律師 驗樓 裝修 設計一條龍服務
🫶🏻專車接送睇樓
🫶🏻WhatsApp/Weixin: +852 598O OO59",22.312925,114.20674899999999,,,明火煮食,,,2026-07-14T11:54:53+08:00,2026-08-04T15:48:25+08:00,2026-09-12T11:54:53+08:00,"[""https://i1.28hse.com/2026/05/202605141624073010071_large.jpg"", ""https://i1.28hse.com/2026/05/20260514162909985466_large.jpg"", ""https://i1.28hse.com/2026/05/202605141624098487314_large.jpg"", ""https://i1.28hse.com/estate_data/82/24907/FLOOR/24907_20231117041840113248_thumb.jpg"", ""https://i1.28hse.com/estate_data/82/24907/UNIT/24907_20231117041924382443_thumb.jpg""]",,,26812,4238,31050,2570250,15521,9415837,5498950,-1690074,3343889,-5033964
3881631,《還價即成，開揚山景，兩房連露台，歡迎約睇》,長沙灣,私人屋苑/中國恒大,7450000,438,2,1,高層,開放式廚房,5,香港置業,https://i1.28hse.com/2026/06/202606081050121210601_thumb.jpg,https://www.28hse.com/buy/apartment/property-3881631,2026-08-06T17:33:59.496264+00:00,2026-08-06T18:09:26.511959+00:00,睿峰,,九龍長沙灣睿峰 東京街29 號,廣告日期：2026年6月8日,22.336008,114.158035,,,,,,2026-06-08T10:51:24+08:00,2026-07-03T14:28:29+08:00,2026-08-07T10:51:24+08:00,"[""https://i1.28hse.com/2026/06/202606081050122534227_large.jpg"", ""https://i1.28hse.com/2026/06/202606081050136799619_large.jpg"", ""https://i1.28hse.com/2026/06/202606081050135557238_large.jpg"", ""https://i1.28hse.com/2026/06/20260608105014329894_large.jpg"", ""https://i1.28hse.com/2026/06/202606081050158451343_large.jpg"", ""https://i1.28hse.com/2026/06/2026060810501524553_large.jpg"", ""https://i1.28hse.com/2026/06/20260608105016884993_large.jpg"", ""https://i1.28hse.com/2026/06/202606081050168119899_large.jpg"", ""https://i1.28hse.com/2026/06/202606081050176782242_large.jpg"", ""https://i1.28hse.com/2026/06/20260608105018884844_large.jpg"", ""https://i1.28hse.com/2026/06/202606081050187557067_large.jpg"", ""https://i1.28hse.com/2026/06/202606081050191326673_large.jpg"", ""https://i1.28hse.com/2026/06/202606081050198245746_large.jpg"", ""https://i1.28hse.com/2026/06/202606081050202721040_large.jpg"", ""https://i1.28hse.com/2026/06/202606081050208638887_large.jpg"", ""https://i1.28hse.com/2026/06/20260608105022386754_large.jpg"", ""https://i1.28hse.com/2026/06/202606081050213258825_large.jpg"", ""https://i1.28hse.com/2026/06/202606081050212456990_large.jpg"", ""https://i1.28hse.com/estate_data/63/23218/FLOOR/23218_20231221163517616238_thumb.jpg"", ""https://i1.28hse.com/estate_data/63/23218/UNIT/23218_20231221163619657184_thumb.jpg""]",,,26812,4144,30956,2570250,15521,9382356,5498950,-1625167,3343889,-4969056
3955791,【$720萬收票】【開揚兩房梗廚】【有票盡試】,長沙灣,私人屋苑/百利保,7450000,429,2,,中層,,8,美聯物業代理有限公司,https://i1.28hse.com/2026/08/202608012152207776695_thumb.jpg,https://www.28hse.com/buy/apartment/property-3955791,2026-08-06T17:33:59.496264+00:00,2026-08-06T18:06:40.715266+00:00,尚都,,九龍長沙灣尚都 順寧道83號,"本人均可為貴客提供一條龍，買賣及售後服務
24小時在線查詢
專車接送
首次置業 免費查詢資料
售前壓測，首期，供款計算
銀行按揭上會
售前壓測，首期，供款計算
免費法律咨詢
律師轉介
水電煤，差餉，地租轉名
專業貼心一站式服務
無論買樓自住，投資升值，區內換樓，放盤收租",22.336645,114.159599,,,,,,2026-08-01T21:52:40+08:00,2026-08-01T21:52:40+08:00,2026-08-31T21:52:40+08:00,"[""https://i1.28hse.com/2026/08/202608012152207329607_large.jpg"", ""https://i1.28hse.com/2026/08/202608012152213487150_large.jpg"", ""https://i1.28hse.com/2026/08/20260801215222446270_large.jpg"", ""https://i1.28hse.com/estate_data/63/8873/FLOOR/8873_20231117024228948145_thumb.jpg"", ""https://i1.28hse.com/estate_data/63/8873/UNIT/8873_20231227152709352768_thumb.jpg""]",,,26812,4103,30915,2570250,15521,9368007,5498950,-1597350,3343889,-4941239
3811029,[可試700萬] 高層 1房. 恆生估值810,啟德,私人屋苑/中國海外,7470000,367,1,1,高層,開放式廚房,8,啟盛物業代理,https://i1.28hse.com/2026/04/202604151631477522262_thumb.jpg,https://www.28hse.com/buy/apartment/property-3811029,2026-08-06T17:33:59.496264+00:00,2026-08-06T18:18:21.010049+00:00,啟德1號(I),,九龍啟德啟德1號(I) 沐寧街2號,"內園景, 旺中帶靜, 首置精選",22.329336,114.200851,,,,,,2026-06-08T13:29:45+08:00,2026-08-06T15:45:05+08:00,2026-08-13T16:33:00+08:00,"[""https://i1.28hse.com/2026/04/20260415163147892671_large.jpg"", ""https://i1.28hse.com/2026/04/202604151631473890152_large.jpg"", ""https://i1.28hse.com/2026/04/202604151631472315352_large.jpg"", ""https://i1.28hse.com/2026/04/202604151631471700210_large.jpg"", ""https://i1.28hse.com/2026/04/202604151631471566373_large.jpg"", ""https://i1.28hse.com/estate_data/82/8908/FLOOR/8908_20231205110535515259_thumb.jpg"", ""https://i1.28hse.com/estate_data/82/8908/UNIT/8908_20231205110737465932_thumb.jpg""]",,,26884,3830,30714,2577150,15562,9292471,5513712,-1415425,3343889,-4759314
3956371,✿❀【Miami Quay】✿❀優質2房～急走！,啟德,私人屋苑/會德豐,7480000,459,2,1,中層,開放式廚房,,中原地產代理有限公司,https://i1.28hse.com/2026/08/202608021403141153089_thumb.jpg,https://www.28hse.com/buy/apartment/property-3956371,2026-08-06T17:33:59.496264+00:00,2026-08-06T18:17:21.275317+00:00,Miami Quay Miami Quay I,,九龍啟德Miami QuayMiami Quay I 承豐道23號,筍價出售,22.312925,114.206749,,,,,,2026-08-02T14:03:22+08:00,2026-08-02T14:03:22+08:00,2026-10-01T14:03:22+08:00,"[""https://i1.28hse.com/2026/08/202608021403154155376_large.jpg"", ""https://i1.28hse.com/2026/08/202608021403155582482_large.jpg"", ""https://i1.28hse.com/2026/08/202608021403155830352_large.jpg"", ""https://i1.28hse.com/2026/08/202608021403164382991_large.jpg"", ""https://i1.28hse.com/estate_data/82/24907/FLOOR/24907_20231117041840113248_thumb.jpg"", ""https://i1.28hse.com/estate_data/82/24907/UNIT/24907_20231117041924382443_thumb.jpg""]",,,26920,4247,31167,2580600,15583,9450806,5521093,-1704632,3343889,-5048522
3936826,～獨家兩房荀盤*＜位置方便＾投資精選＞,旺角,私人屋苑/信和,7480000,374,2,1,中層,開放式廚房,2,中原地產,https://i1.28hse.com/2026/07/202607181200543825054_thumb.jpg,https://www.28hse.com/buy/apartment/property-3936826,2026-08-06T17:33:59.496264+00:00,2026-08-06T17:58:38.167647+00:00,One Soho,,九龍旺角One Soho 山東街32B號,"只登真盤源️
只報真價錢️
誠心推介️
盡心傾價️
歡迎來電查詢",22.317207,114.168045,,,,,,2026-07-18T12:00:57+08:00,2026-07-18T12:04:24+08:00,2026-08-17T12:00:57+08:00,"[""https://i1.28hse.com/2026/07/202607181200558235332_large.jpg"", ""https://i1.28hse.com/2026/07/20260718120056666175_large.jpg"", ""https://i1.28hse.com/2026/07/202607181200563514851_large.jpg"", ""https://i1.28hse.com/2026/07/202607181200558563066_large.jpg"", ""https://i1.28hse.com/2026/07/202607181200558394060_large.jpg"", ""https://i1.28hse.com/2026/07/202607181200551596335_large.jpg"", ""https://i1.28hse.com/2026/07/202607181200566511142_large.jpg"", ""https://i1.28hse.com/2026/07/202607181200561757843_large.jpg"", ""https://i1.28hse.com/2026/07/202607181200543825054_large.jpg"", ""https://i1.28hse.com/estate_data/71/23681/FLOOR/23681_20231117034846495458_thumb.jpg"", ""https://i1.28hse.com/estate_data/71/23681/UNIT/23681_20231117034915727841_thumb.jpg""]",,,26920,3865,30785,2580600,15583,9315288,5521093,-1441913,3343889,-4785802
3899085,南昌站新樓，唔駛等，唔駛抽，仲有得睇現樓,深水埗,私人屋苑/德祥,7480000,474,2,,中層,,6,香港置業,https://i1.28hse.com/2026/07/202607241618088153518_thumb.jpg,https://www.28hse.com/buy/apartment/property-3899085,2026-08-06T17:33:59.496264+00:00,2026-08-06T18:14:23.400534+00:00,海珀,,九龍深水埗海珀 海壇街205號,海景兩房，可租可賣,22.328287000000007,114.15855400000001,,,,,,2026-06-20T15:58:35+08:00,2026-07-24T16:21:34+08:00,2026-08-19T15:58:35+08:00,"[""https://i1.28hse.com/2026/07/202607241618084387373_large.jpg"", ""https://i1.28hse.com/2026/07/202607241618082137047_large.jpg"", ""https://i1.28hse.com/2026/07/20260724161808960818_large.jpg"", ""https://i1.28hse.com/estate_data/62/23497/FLOOR/23497_20231117034321646649_thumb.jpg"", ""https://i1.28hse.com/estate_data/62/23497/UNIT/23497_20231117034332527813_thumb.jpg""]",,,26920,4315,31235,2580600,15583,9474721,5521093,-1750995,3343889,-5094884
3911297,７１８兩房＂向南海景＂靚裝，實用，即睇,深水埗,私人屋苑/德祥,7480000,474,2,1,中層,,6,香港置業,https://i1.28hse.com/2026/06/202606301356426403003_thumb.jpg,https://www.28hse.com/buy/apartment/property-3911297,2026-08-06T17:33:59.496264+00:00,2026-08-06T18:14:01.061372+00:00,海珀,,九龍深水埗海珀 海壇街205號,ＳＵＮＮＩＥ　[REDACTED],22.328287,114.158554,,,,,,2026-06-30T13:57:35+08:00,2026-07-13T17:01:14+08:00,2026-08-29T13:57:35+08:00,"[""https://i1.28hse.com/2026/06/202606301356421540116_large.jpg"", ""https://i1.28hse.com/2026/06/202606301356425171820_large.jpg"", ""https://i1.28hse.com/2026/06/202606301356418916964_large.jpg"", ""https://i1.28hse.com/2026/06/202606301356426494911_large.jpg"", ""https://i1.28hse.com/2026/06/202606301356414536065_large.jpg"", ""https://i1.28hse.com/2026/06/202606301356416791191_large.jpg"", ""https://i1.28hse.com/estate_data/62/23497/FLOOR/23497_20231117034321646649_thumb.jpg"", ""https://i1.28hse.com/estate_data/62/23497/UNIT/23497_20231117034332527813_thumb.jpg""]",,,26920,4315,31235,2580600,15583,9474721,5521093,-1750995,3343889,-5094884
3906249,靚景,長沙灣,私人屋苑/中國恒大,7480000,438,2,1,高層,開放式廚房,5,香港置業西九龍,https://i1.28hse.com/2026/06/202606261122295460954_thumb.jpg,https://www.28hse.com/buy/apartment/property-3906249,2026-08-06T17:33:59.496264+00:00,2026-08-06T18:08:45.389712+00:00,睿峰,,九龍長沙灣睿峰 東京街29 號,"蝕讓, 吉售, 開揚, 遠景, 清雅裝修",22.336008,114.158035,,,,,,2026-06-26T11:22:58+08:00,2026-06-26T11:22:58+08:00,2026-08-25T11:22:58+08:00,"[""https://i1.28hse.com/2026/06/202606261122294223905_large.jpg"", ""https://i1.28hse.com/2026/06/202606261122293842394_large.jpg"", ""https://i1.28hse.com/2026/06/202606261122302310529_large.jpg"", ""https://i1.28hse.com/2026/06/202606261122303520589_large.jpg"", ""https://i1.28hse.com/2026/06/2026062611223140676_large.jpg"", ""https://i1.28hse.com/estate_data/63/23218/FLOOR/23218_20231221163517616238_thumb.jpg"", ""https://i1.28hse.com/estate_data/63/23218/UNIT/23218_20231221163619657184_thumb.jpg""]",,,26920,4153,31073,2580600,15583,9417325,5521093,-1639725,3343889,-4983615
3962967,【終極一劈】【高層開揚山景】【把握機會】,長沙灣,私人屋苑/香港房協,7480000,509,2,1,高層,,9,香港置業,https://i1.28hse.com/2026/08/202608062010542992248_thumb.jpg,https://www.28hse.com/buy/apartment/property-3962967,2026-08-06T17:33:59.496264+00:00,2026-08-06T18:06:17.604786+00:00,喜薈,,九龍長沙灣喜薈 青山道399號,"【終極一劈，把握機會】
　 【嚴重低水，把握機會】
【交通方便，配套齊備】
　 【必走筍盤，歡迎約睇】",22.339191,114.15535,,,,,,2026-08-06T20:15:15+08:00,2026-08-06T20:15:15+08:00,2026-10-05T20:15:15+08:00,"[""https://i1.28hse.com/2026/08/202608062010594023328_large.jpg"", ""https://i1.28hse.com/2026/08/20260806201058954897_large.jpg"", ""https://i1.28hse.com/2026/08/202608062010532676220_large.jpg"", ""https://i1.28hse.com/2026/08/20260806201055544164_large.jpg"", ""https://i1.28hse.com/2026/08/202608062010564638762_large.jpg"", ""https://i1.28hse.com/2026/08/202608062010573211891_large.jpg"", ""https://i1.28hse.com/estate_data/63/8616/FLOOR/8616_20231205130851598113_thumb.jpg"", ""https://i1.28hse.com/estate_data/63/8616/UNIT/8616_20231205130904542517_thumb.jpg""]",,,26920,4472,31392,2580600,15583,9530522,5521093,-1859173,3343889,-5203063
3916859,【中原May•Dixon推介】 有票可傾/東南海景/實盤有匙可睇/交通便利,青衣,私人屋苑,7480000,471,2,,高層,,26,中原地產,https://i1.28hse.com/2026/07/202607310134221093469_thumb.jpg,https://www.28hse.com/buy/apartment/property-3916859,2026-08-06T17:33:59.496264+00:00,2026-08-06T18:26:51.694097+00:00,海欣花園,616,新界青衣海欣花園 展環街11號,"【♡搵樓搵光頭·筍盤一定有 】
《 ♡中原葵青-專業代理 》
歡迎親身到鋪查詢更多筍盤!
◆筍盤查詢Facebook專頁:中原地產青衣城·筍盤◆
◆筍盤查詢Facebook專頁:真房網 Real
Property◆
無論買樓自住，投資升值，區內換樓，放盤收租
本人均可為貴客提供一條龍,買賣及售後服務
●24小時在線查詢
●首次置業免費查詢資料
●售前壓測,首期,供款計算
●銀行按揭上會
●免費法律咨詢
●一手買賣經紀佣金全免
●免費專車接送
#️CENTALINE中原",22.352618999999997,114.109581,,,,,,2026-07-03T23:55:36+08:00,2026-07-31T01:34:33+08:00,2026-09-01T23:55:36+08:00,"[""https://i1.28hse.com/2026/07/202607032355322830521_large.jpg"", ""https://i1.28hse.com/2026/07/20260703235532818545_large.jpg"", ""https://i1.28hse.com/2026/07/202607032355337514313_large.jpg"", ""https://i1.28hse.com/2026/07/202607032355337831407_large.jpg"", ""https://i1.28hse.com/2026/07/202607032355333454377_large.jpg"", ""https://i1.28hse.com/2026/07/202607032355345941238_large.jpg"", ""https://i1.28hse.com/2026/07/202607032355346983165_large.jpg"", ""https://i1.28hse.com/2026/07/202607032355344093888_large.jpg"", ""https://i1.28hse.com/2026/07/202607032355357858497_large.jpg"", ""https://i1.28hse.com/2026/07/202607032355352486197_large.jpg"", ""https://i1.28hse.com/2026/07/202607032355356813783_large.jpg"", ""https://i1.28hse.com/2026/07/202607310134221093469_large.jpg"", ""https://i1.28hse.com/estate_data/123/4653/FLOOR/4653_20231121021108387468_thumb.jpg"", ""https://i1.28hse.com/estate_data/123/4653/UNIT/4653_20240104111143586294_thumb.jpg""]",,,26920,4301,31221,2580600,15583,9469938,5521093,-1741722,3343889,-5085612
3880590,[筍]啟德城中心高層超筍大一房買賣，低於估價!!!快來,啟德,私人屋苑/中國海外,7500000,367,1,,高層,,8,利嘉閣地產有限公司,https://i1.28hse.com/2026/06/202606071409468808769_thumb.jpg,https://www.28hse.com/buy/apartment/property-3880590,2026-08-06T17:33:59.496264+00:00,2026-08-06T18:18:23.130039+00:00,啟德1號(I),,九龍啟德啟德1號(I) 沐寧街2號,"＊物業小資訊＊
樓盤：啟德一號
發展商：中國海外
實用面積：367呎
戶型：一房開厨
有匙即睇
✓罕有高層大一房放盤
✓性價比高，低於銀行估價
✓景觀開陽舒適，遠眺獅子山
✓臨近啟德地鐵站，交通方便
✓臨近啟德多個商城，例如AIRSIDE，零售舘，啟晴商城等，周邊配套十分完善",22.329336,114.200851,,,,,,2026-06-07T14:10:01+08:00,2026-06-07T14:10:01+08:00,2026-08-06T14:10:01+08:00,"[""https://i1.28hse.com/2026/06/202606071409041457508_large.jpg"", ""https://i1.28hse.com/2026/06/202606071409074489628_large.jpg"", ""https://i1.28hse.com/2026/06/202606071409096518280_large.jpg"", ""https://i1.28hse.com/2026/06/202606071409112004057_large.jpg"", ""https://i1.28hse.com/2026/06/202606071409138185552_large.jpg"", ""https://i1.28hse.com/2026/06/202606071409468808769_large.jpg"", ""https://i1.28hse.com/estate_data/82/8908/FLOOR/8908_20231205110535515259_thumb.jpg"", ""https://i1.28hse.com/estate_data/82/8908/UNIT/8908_20231205110737465932_thumb.jpg""]",,,26992,3839,30831,2587500,15625,9327441,5535855,-1429983,3343889,-4773872
3923356,啟德方正一房｜近港鐵鄰商場 清幽靜居,啟德,私人屋苑/保利,7500000,358,1,,高層,開放式廚房,7,利嘉閣地產有限公司,https://i1.28hse.com/2026/07/20260708151520687771_thumb.jpg,https://www.28hse.com/buy/apartment/property-3923356,2026-08-06T17:33:59.496264+00:00,2026-08-06T18:17:55.025882+00:00,龍譽,,九龍啟德龍譽 沐寧街9號,筍租！啟德實用一房 步行到地鐵 配套齊全環境安靜,22.327929,114.200729,,,明火煮食,,,2026-07-08T15:18:43+08:00,2026-07-08T15:18:43+08:00,2026-08-07T15:18:43+08:00,"[""https://i1.28hse.com/2026/07/202607081515225555942_large.jpg"", ""https://i1.28hse.com/2026/07/202607081515246083195_large.jpg"", ""https://i1.28hse.com/2026/07/202607081515274430988_large.jpg"", ""https://i1.28hse.com/2026/07/202607081515296832175_large.jpg"", ""https://i1.28hse.com/2026/07/20260708151531927771_large.jpg"", ""https://i1.28hse.com/2026/07/202607081515327703974_large.jpg"", ""https://i1.28hse.com/2026/07/202607081515344686777_large.jpg"", ""https://i1.28hse.com/2026/07/20260708151520687771_large.jpg"", ""https://i1.28hse.com/estate_data/82/22198/FLOOR/22198_20231220111944627947_thumb.jpg"", ""https://i1.28hse.com/estate_data/82/22198/UNIT/22198_20231220112242283694_thumb.jpg""]",,,26992,3798,30790,2587500,15625,9313092,5535855,-1402165,3343889,-4746055
3925526,極高層1房，收租首選,啟德,私人屋苑/保利,7500000,358,1,1,高層,開放式廚房,7,啟盛物業代理,https://i1.28hse.com/2026/07/202607091951397019012_thumb.jpg,https://www.28hse.com/buy/apartment/property-3925526,2026-08-06T17:33:59.496264+00:00,2026-08-06T18:17:53.712114+00:00,龍譽,,九龍啟德龍譽 沐寧街9號,極高層1房，收租首選,22.327929,114.200729,,,,,,2026-07-09T19:52:42+08:00,2026-07-09T19:52:42+08:00,2026-09-07T19:52:42+08:00,"[""https://i1.28hse.com/2026/07/202607091951445574990_large.jpg"", ""https://i1.28hse.com/2026/07/202607091951403123435_large.jpg"", ""https://i1.28hse.com/2026/07/20260709195148355377_large.jpg"", ""https://i1.28hse.com/2026/07/202607091951422052690_large.jpg"", ""https://i1.28hse.com/2026/07/202607091951463820747_large.jpg"", ""https://i1.28hse.com/estate_data/82/22198/FLOOR/22198_20231220111944627947_thumb.jpg"", ""https://i1.28hse.com/estate_data/82/22198/UNIT/22198_20231220112242283694_thumb.jpg""]",,,26992,3798,30790,2587500,15625,9313092,5535855,-1402165,3343889,-4746055
3937786,高層實用一房 無敵景觀 開陽采光 租金回報率高可租19000,啟德,私人屋苑/保利,7500000,358,1,,高層,開放式廚房,7,利嘉閣地產有限公司,https://i1.28hse.com/2026/07/202607181938302153266_thumb.jpg,https://www.28hse.com/buy/apartment/property-3937786,2026-08-06T17:33:59.496264+00:00,2026-08-06T18:17:41.355811+00:00,龍譽,,九龍啟德龍譽 沐寧街9號,自住收租首選,22.327929,114.200729,,,,,,2026-07-18T19:43:02+08:00,2026-08-01T13:50:37+08:00,2026-09-16T19:43:02+08:00,"[""https://i1.28hse.com/2026/07/202607181938247673086_large.jpg"", ""https://i1.28hse.com/2026/07/202607181938268490591_large.jpg"", ""https://i1.28hse.com/2026/07/202607181938281639668_large.jpg"", ""https://i1.28hse.com/2026/07/202607181938324511492_large.jpg"", ""https://i1.28hse.com/2026/07/202607181938221946243_large.jpg"", ""https://i1.28hse.com/estate_data/82/22198/FLOOR/22198_20231220111944627947_thumb.jpg"", ""https://i1.28hse.com/estate_data/82/22198/UNIT/22198_20231220112242283694_thumb.jpg""]",,,26992,3798,30790,2587500,15625,9313092,5535855,-1402165,3343889,-4746055
3950826,開揚大兩房，靚裝即買即住，預約睇樓️,大角咀,私人屋苑/香港小輪,7500000,440,2,,高層,,23,中原地產,https://i1.28hse.com/2026/07/202607291427092546714_thumb.jpg,https://www.28hse.com/buy/apartment/property-3950826,2026-08-06T17:33:59.496264+00:00,2026-08-06T18:02:43.002249+00:00,港灣豪庭,617,九龍大角咀港灣豪庭 福利街8號,"豪華靚裝, 連露台",22.324369,114.15979,,,,,,2026-07-29T14:27:29+08:00,2026-07-29T14:27:29+08:00,2026-08-28T14:27:29+08:00,"[""https://i1.28hse.com/2026/07/20260729142710643434_large.jpg"", ""https://i1.28hse.com/2026/07/202607291427122297657_large.jpg"", ""https://i1.28hse.com/2026/07/20260729142713827041_large.jpg"", ""https://i1.28hse.com/2026/07/202607291427141417564_large.jpg"", ""https://i1.28hse.com/2026/07/202607291427158606073_large.jpg"", ""https://i1.28hse.com/2026/07/202607291427165513074_large.jpg"", ""https://i1.28hse.com/estate_data/67/2564/FLOOR/2564_20231121185724243824_thumb.jpg"", ""https://i1.28hse.com/estate_data/67/2564/UNIT/2564_20231121185915718655_thumb.jpg""]",,,26992,4168,31159,2587500,15625,9443826,5535855,-1655612,3343889,-4999502
3596995,旺角地標 貨如輪轉 投資首選 回報高達6厘【Skypark】致電約睇,旺角,私人屋苑/洋樓/新世界,7500000,399,1,1,中層,開放式廚房,9,駿輝地產世一有限公司,https://i1.28hse.com/2026/07/202607241423224431870_thumb.jpg,https://www.28hse.com/buy/apartment/property-3596995,2026-08-06T17:33:59.496264+00:00,2026-08-06T17:59:58.767357+00:00,SKYPARK,,九龍旺角SKYPARK 旺角奶路臣街17號,"樓盤專員Kelvin Yau: 
最強網絡 14店聯成 盤源極多
【裝修簡潔 北歐風格】
【市場難求 型格裝修】
【交通方便 環境優美】
【電梯洋樓 管理完善】
【鄰近商場 應有盡有】
【歡迎致電/Whatsapp查詢】
* 本司客源廣實客多 *
* 盡心盡力忠誠待客 *
* 專營油尖旺區樓盤 *
* 多行聯營信心保證 *
* 歡迎業主電話放盤 *",22.318693,114.17141699999998,,,,,,2026-06-22T09:00:17+08:00,2026-07-24T14:24:53+08:00,2026-08-21T09:00:17+08:00,"[""https://i1.28hse.com/2026/07/202607241423232944256_large.jpg"", ""https://i1.28hse.com/2026/07/202607241423235332675_large.jpg"", ""https://i1.28hse.com/2026/07/20260724142324587823_large.jpg"", ""https://i1.28hse.com/2026/07/202607241423246673558_large.jpg"", ""https://i1.28hse.com/2026/07/202607241423252378331_large.jpg"", ""https://i1.28hse.com/2026/07/202607241423253696231_large.jpg"", ""https://i1.28hse.com/2026/07/202607241423261300054_large.jpg"", ""https://i1.28hse.com/2026/07/20260724142327384833_large.jpg"", ""https://i1.28hse.com/2026/07/202607241423275378744_large.jpg"", ""https://i1.28hse.com/2026/07/202607241423282285325_large.jpg"", ""https://i1.28hse.com/2026/07/202607241423292794981_large.jpg"", ""https://i1.28hse.com/2026/07/202607241423294820542_large.jpg"", ""https://i1.28hse.com/2026/07/20260724142330860556_large.jpg""]",,,26992,3983,30975,2587500,15625,9378459,5535855,-1528889,3343889,-4872778
3893557,One Soho 都會生活之選 繁華旺角 極致新居,旺角,私人屋苑/信和,7500000,374,2,1,中層,開放式廚房,2,金國置業,https://i1.28hse.com/2026/06/202606161456533231218_thumb.jpg,https://www.28hse.com/buy/apartment/property-3893557,2026-08-06T17:33:59.496264+00:00,2026-08-06T18:00:14.145073+00:00,One Soho,,九龍旺角One Soho 山東街32B號,旺角核心地段One Soho，罕有兩房單位矜貴登場，間隔實用，動靜分明，盡享都會繁華與靜謐空間。鄰近港鐵及大型商場，生活配套完善，投資自住皆宜，把握難得機會，尊尚生活由此啟程。,22.317207,114.168045,,,,,,2026-06-16T14:57:28+08:00,2026-06-16T14:57:28+08:00,2026-08-15T14:57:28+08:00,"[""https://i1.28hse.com/2026/06/202606161456547147473_large.jpg"", ""https://i1.28hse.com/2026/06/202606161456587600787_large.jpg"", ""https://i1.28hse.com/estate_data/71/23681/FLOOR/23681_20231117034841152539_thumb.jpg"", ""https://i1.28hse.com/estate_data/71/23681/UNIT/23681_20231117034915727841_thumb.jpg""]",,,26992,3870,30862,2587500,15625,9338601,5535855,-1451618,3343889,-4795508
3893721,市區新盤上車之選 2023新樓開揚露台1房,旺角,私人屋苑/洋樓/單幢式大廈/信和,7500000,374,1,1,中層,開放式廚房,2,金國置業,https://i1.28hse.com/2026/06/202606161601065012621_thumb.jpg,https://www.28hse.com/buy/apartment/property-3893721,2026-08-06T17:33:59.496264+00:00,2026-08-06T18:00:12.119082+00:00,One Soho,,九龍旺角One Soho 山東街32B號,"大量其他筍盤未能盡錄
專業優質服務️
幫您搵到啱心水
歡迎查詢
黃小姐 
微信 Jenwong1130",22.317207,114.168045,,,明火煮食,,,2026-06-16T16:04:58+08:00,2026-07-13T10:21:25+08:00,2026-08-15T16:04:58+08:00,"[""https://i1.28hse.com/2026/06/202606161601062480965_large.jpg"", ""https://i1.28hse.com/2026/06/202606161601068213729_large.jpg"", ""https://i1.28hse.com/2026/06/202606161601057550744_large.jpg"", ""https://i1.28hse.com/2026/06/202606161601068963066_large.jpg"", ""https://i1.28hse.com/estate_data/71/23681/FLOOR/23681_20231117034841152539_thumb.jpg"", ""https://i1.28hse.com/estate_data/71/23681/UNIT/23681_20231117034915727841_thumb.jpg""]",,,26992,3870,30862,2587500,15625,9338601,5535855,-1451618,3343889,-4795508
3898600,32校網上車首選！靚裝1房2廳即買即住,旺角,私人屋苑/洋樓/單幢式大廈/信和,7500000,374,1,1,中層,開放式廚房,2,金國置業,https://i1.28hse.com/2026/06/202606201214566635636_thumb.jpg,https://www.28hse.com/buy/apartment/property-3898600,2026-08-06T17:33:59.496264+00:00,2026-08-06T18:00:02.280465+00:00,One Soho,,九龍旺角One Soho 山東街32B號,"隨時約睇
專業代理 Contact：Jack Lam (林生)
電話 Tel/Whatsapp：+852 (24小時服務熱線)
微信 Wechat：[REDACTED]
電郵 Email：[REDACTED]
四店聯營
總店 Head Office
九龍佐敦文匯街文華樓18號地下B鋪
佐敦分店 Jordan Branch
九龍佐敦佐敦道47號地下鋪
寶靈街分行 Bowring Branch
九龍佐敦寶靈街 32-38號寶安大廈38A號地下鋪
長沙灣分行 Cheung Sha Wan Branch
深水埗青山道155-181號天悅廣場地下B16B
盤源眾多 客源廣闊
資深經驗 專業誠懇
盡心盡意 服務認真
敬請各界 放盤支持",22.317207,114.168045,,,明火煮食,,,2026-06-20T12:18:47+08:00,2026-08-01T09:25:00+08:00,2026-08-19T12:18:47+08:00,"[""https://i1.28hse.com/2026/06/202606201214557812944_large.jpg"", ""https://i1.28hse.com/2026/06/202606201214561688444_large.jpg"", ""https://i1.28hse.com/2026/06/202606201214568928487_large.jpg"", ""https://i1.28hse.com/2026/06/202606201214552750953_large.jpg"", ""https://i1.28hse.com/estate_data/71/23681/FLOOR/23681_20231117034841152539_thumb.jpg"", ""https://i1.28hse.com/estate_data/71/23681/UNIT/23681_20231117034915727841_thumb.jpg""]",,,26992,3870,30862,2587500,15625,9338601,5535855,-1451618,3343889,-4795508
3914322,[獨家]鬧市兩房新樓連部份傢電有匙,旺角,單幢式大廈/洋樓/私人屋苑/信和,7500000,374,2,1,中層,,,城市房產公平協會,https://i1.28hse.com/2026/07/20260702160711136838_thumb.jpg,https://www.28hse.com/buy/apartment/property-3914322,2026-08-06T17:33:59.496264+00:00,2026-08-06T17:59:36.554095+00:00,One Soho,,九龍旺角One Soho 山東街32B號,"獨家代理歡迎合作
新落成樓宇
開揚兩房
鬧市中層旺中帶靜
有匙約看
立即聯絡Happy Lee",22.317207000000003,114.168045,,,,,,2026-07-02T16:07:15+08:00,2026-07-02T16:07:15+08:00,2026-08-31T16:07:15+08:00,"[""https://i1.28hse.com/2026/07/202607021607112142831_large.jpg"", ""https://i1.28hse.com/2026/07/202607021607122677251_large.jpg"", ""https://i1.28hse.com/2026/07/202607021607128025397_large.jpg"", ""https://i1.28hse.com/2026/07/202607021607124651613_large.jpg"", ""https://i1.28hse.com/2026/07/202607021607136626479_large.jpg"", ""https://i1.28hse.com/2026/07/202607021607131353888_large.jpg"", ""https://i1.28hse.com/2026/07/202607021607137927558_large.jpg"", ""https://i1.28hse.com/2026/07/202607021607138402721_large.jpg"", ""https://i1.28hse.com/2026/07/202607021607147912787_large.jpg"", ""https://i1.28hse.com/2026/07/202607021607142971620_large.jpg"", ""https://i1.28hse.com/2026/07/202607021607147834908_large.jpg"", ""https://i1.28hse.com/2026/07/202607021607152180072_large.jpg"", ""https://i1.28hse.com/estate_data/71/23681/FLOOR/23681_20231117034841152539_thumb.jpg"", ""https://i1.28hse.com/estate_data/71/23681/UNIT/23681_20231117034915727841_thumb.jpg""]",,,26992,3870,30862,2587500,15625,9338601,5535855,-1451618,3343889,-4795508
3929866,旺角中心地段1分鐘直達地鐵站 有會所有泳池 罕有放盤大一房 投資自住一流,旺角,單幢式大廈/新世界,7500000,399,1,1,中層,開放式廚房,9,駿輝地產港一有限公司,https://i1.28hse.com/2026/07/202607130419461450728_thumb.jpg,https://www.28hse.com/buy/apartment/property-3929866,2026-08-06T17:33:59.496264+00:00,2026-08-06T17:58:59.090153+00:00,SKYPARK,,九龍旺角SKYPARK 旺角奶路臣街17號,旺角中心地段高尚住宅 有會所有游泳池 ，罕有大房大廳 有票還價即成 可約看房happy Becky,22.318693,114.171417,,,,,,2026-07-13T04:19:58+08:00,2026-07-13T04:19:58+08:00,2026-09-11T04:19:58+08:00,"[""https://i1.28hse.com/2026/07/202607130419461347238_large.jpg"", ""https://i1.28hse.com/2026/07/202607130419471306805_large.jpg"", ""https://i1.28hse.com/2026/07/202607130419475886285_large.jpg"", ""https://i1.28hse.com/2026/07/20260713041948915450_large.jpg"", ""https://i1.28hse.com/2026/07/202607130419487501641_large.jpg"", ""https://i1.28hse.com/2026/07/202607130419494563665_large.jpg"", ""https://i1.28hse.com/2026/07/202607130419491084428_large.jpg"", ""https://i1.28hse.com/2026/07/202607130419508489811_large.jpg"", ""https://i1.28hse.com/estate_data/71/8587/FLOOR/8587_20231121200357129747_thumb.jpg"", ""https://i1.28hse.com/estate_data/71/8587/UNIT/8587_20231121200522739227_thumb.jpg""]",,,26992,3983,30975,2587500,15625,9378459,5535855,-1528889,3343889,-4872778
3940850,**市場難求 投資自住皆!!【SKYPARK】豪華裝修 企理乾淨 地點方便!!,旺角,單幢式大廈/新世界,7500000,404,1,1,中層,開放式廚房,9,駿輝地產投資有限公司,https://i1.28hse.com/2026/07/202607211623442225004_thumb.jpg,https://www.28hse.com/buy/apartment/property-3940850,2026-08-06T17:33:59.496264+00:00,2026-08-06T17:58:28.944067+00:00,SKYPARK,,九龍旺角SKYPARK 旺角奶路臣街17號,"【歡迎致電/Whatsapp查詢】
☏ Jack 包生 
⚑本司客源廣實客多 盡心盡力忠誠待客
⚐專營油尖旺區樓盤 多行聯營信心保證
⚑歡迎業主電話放盤
駿輝地產分行地址 :
*九龍油麻地眾坊街59A號地鋪",22.318693,114.171417,,,,,,2026-07-21T16:23:46+08:00,2026-07-21T16:23:46+08:00,2026-09-19T16:23:46+08:00,"[""https://i1.28hse.com/2026/07/202607211623445784331_large.jpg"", ""https://i1.28hse.com/2026/07/20260721162345208585_large.jpg"", ""https://i1.28hse.com/2026/07/202607211623451266345_large.jpg"", ""https://i1.28hse.com/2026/07/202607211623451954244_large.jpg"", ""https://i1.28hse.com/estate_data/71/8587/FLOOR/8587_20231121200402231237_thumb.jpg"", ""https://i1.28hse.com/estate_data/71/8587/UNIT/8587_20231121200533755643_thumb.jpg""]",,,26992,4006,30997,2587500,15625,9386431,5535855,-1544343,3343889,-4888232
3948384,一房一厅，有会所＇可养宠物，低价出售，有匙可睇,油麻地,私人屋苑,7500000,400,1,,中層,開放式廚房,14,美聯物業代理有限公司,https://i1.28hse.com/2026/07/202607271536046285732_thumb.jpg,https://www.28hse.com/buy/apartment/property-3948384,2026-08-06T17:33:59.496264+00:00,2026-08-06T17:55:14.775334+00:00,御金國峯,510,九龍油麻地御金國峯 友翔道1号,－房一厅，有会所，可养宠物,22.310324,114.16586300000002,,,,,,2026-07-27T15:36:23+08:00,2026-07-27T15:38:43+08:00,2026-09-25T15:36:23+08:00,"[""https://i1.28hse.com/2026/07/202607271536041961717_large.jpg"", ""https://i1.28hse.com/2026/07/202607271536051830114_large.jpg"", ""https://i1.28hse.com/2026/07/202607271536056139859_large.jpg"", ""https://i1.28hse.com/2026/07/202607271536057241587_large.jpg"", ""https://i1.28hse.com/2026/07/202607271536058755960_large.jpg"", ""https://i1.28hse.com/2026/07/202607271536061034744_large.jpg"", ""https://i1.28hse.com/2026/07/202607271536061918218_large.jpg"", ""https://i1.28hse.com/2026/07/202607271536075329360_large.jpg"", ""https://i1.28hse.com/2026/07/202607271536078778186_large.jpg"", ""https://i1.28hse.com/2026/07/202607271536081365412_large.jpg"", ""https://i1.28hse.com/2026/07/202607271536083927339_large.jpg"", ""https://i1.28hse.com/2026/07/202607271536098280980_large.jpg"", ""https://i1.28hse.com/2026/07/202607271536096143956_large.jpg"", ""https://i1.28hse.com/estate_data/72/6768/FLOOR/6768_20231117004455699131_thumb.jpg"", ""https://i1.28hse.com/estate_data/72/6768/UNIT/6768_20231117005226713469_thumb.jpg""]",,,26992,3988,30979,2587500,15625,9380053,5535855,-1531980,3343889,-4875869
3950470,尊貴時尚 歐陸風情 迷你小鎮 極豪會所 盡顯高貴休閑生活,油麻地,私人屋苑,7500000,400,1,1,中層,,13,景鴻地產,https://i1.28hse.com/2026/07/202607290816095671467_thumb.jpg,https://www.28hse.com/buy/apartment/property-3950470,2026-08-06T17:33:59.496264+00:00,2026-08-06T17:55:07.469546+00:00,御金國峯,510,九龍油麻地御金國峯 友翔道1號,尊貴時尚 歐陸風情 迷你小鎮 極豪會所 盡顯高貴休閑生活,22.310324,114.16586300000003,,,,,,2026-07-29T08:16:17+08:00,2026-07-30T19:12:28+08:00,2026-09-27T08:16:17+08:00,"[""https://i1.28hse.com/2026/07/202607290816095456806_large.jpg"", ""https://i1.28hse.com/2026/07/202607290816098043055_large.jpg"", ""https://i1.28hse.com/2026/07/202607290816102675173_large.jpg"", ""https://i1.28hse.com/2026/07/202607290816107839681_large.jpg"", ""https://i1.28hse.com/2026/07/202607290816104940687_large.jpg"", ""https://i1.28hse.com/2026/07/202607290816112979389_large.jpg"", ""https://i1.28hse.com/2026/07/202607290816116574092_large.jpg"", ""https://i1.28hse.com/2026/07/202607290816111768372_large.jpg"", ""https://i1.28hse.com/2026/07/202607290816124616917_large.jpg"", ""https://i1.28hse.com/2026/07/202607290816122892347_large.jpg"", ""https://i1.28hse.com/2026/07/202607290816127219869_large.jpg"", ""https://i1.28hse.com/2026/07/202607290816126846151_large.jpg"", ""https://i1.28hse.com/2026/07/202607290816138424529_large.jpg"", ""https://i1.28hse.com/2026/07/202607290816138053806_large.jpg"", ""https://i1.28hse.com/2026/07/202607290816138709418_large.jpg"", ""https://i1.28hse.com/2026/07/20260729081614107991_large.jpg"", ""https://i1.28hse.com/2026/07/202607290816146121108_large.jpg"", ""https://i1.28hse.com/2026/07/202607290816148953382_large.jpg"", ""https://i1.28hse.com/2026/07/20260729081615282995_large.jpg"", ""https://i1.28hse.com/2026/07/202607290816157847365_large.jpg"", ""https://i1.28hse.com/2026/07/202607290816158408810_large.jpg"", ""https://i1.28hse.com/2026/07/202607290815387201367_large.jpg"", ""https://i1.28hse.com/2026/07/202607290815395373251_large.jpg"", ""https://i1.28hse.com/2026/07/202607290815396436742_large.jpg"", ""https://i1.28hse.com/2026/07/20260729081539225917_large.jpg"", ""https://i1.28hse.com/2026/07/202607290815406691814_large.jpg"", ""https://i1.28hse.com/2026/07/202607290815407008400_large.jpg"", ""https://i1.28hse.com/estate_data/72/6768/FLOOR/6768_20231117004455699131_thumb.jpg"", ""https://i1.28hse.com/estate_data/72/6768/UNIT/6768_20231117005226713469_thumb.jpg""]",,,26992,3988,30979,2587500,15625,9380053,5535855,-1531980,3343889,-4875869
3905397,全城最平大兩房！ 極小放盤！！,荃灣,私人屋苑,7500000,638,2,,中層,,22,中原地產代理有限公司,https://i1.28hse.com/2026/06/202606251547133760294_thumb.jpg,https://www.28hse.com/buy/apartment/property-3905397,2026-08-06T17:33:59.496264+00:00,2026-08-06T18:36:51.351058+00:00,朗逸峰 第二期,838,新界荃灣朗逸峰第二期 荃錦公路108號,"一站式服務
 大量筍盤， 歡迎比較
.壓力測試、首期及供款
.投資樓盤資訊 代新樓入飛
.房屋租賃放盤 放售處理
.室內設計建議，新樓驗收轉介
.日常單位維護專人服務轉介
.水電煤代辦轉名服務",22.384714,114.110497,,,,,,2026-06-25T15:47:37+08:00,2026-07-16T19:38:44+08:00,2026-08-24T15:47:37+08:00,"[""https://i1.28hse.com/2026/06/202606251547146182727_large.jpg"", ""https://i1.28hse.com/2026/06/202606251547142608185_large.jpg"", ""https://i1.28hse.com/2026/06/202606251547157752976_large.jpg"", ""https://i1.28hse.com/2026/06/202606251547171044165_large.jpg"", ""https://i1.28hse.com/2026/06/202606251547194469811_large.jpg""]",,,26992,5058,32050,2587500,15625,9759503,5535855,-2267594,3343889,-5611483
3938090,近西鐵站 高層靚景觀,荃灣,私人屋苑,7500000,545,3,,中層,,26,中原地產代理有限公司,https://i1.28hse.com/2026/07/202607191130591977424_thumb.jpg,https://www.28hse.com/buy/apartment/property-3938090,2026-08-06T17:33:59.496264+00:00,2026-08-06T18:33:46.491992+00:00,韻濤居,732,新界荃灣韻濤居 青山公路623號,高層3房開揚靚景,22.372368,114.103111,,,,,,2026-07-19T11:31:29+08:00,2026-07-19T11:31:29+08:00,2026-09-17T11:31:29+08:00,"[""https://i1.28hse.com/2026/07/2026071911310063259_large.jpg"", ""https://i1.28hse.com/2026/07/20260719113101344346_large.jpg"", ""https://i1.28hse.com/2026/07/202607191131023031360_large.jpg"", ""https://i1.28hse.com/2026/07/202607191131036120408_large.jpg"", ""https://i1.28hse.com/2026/07/202607191131053173388_large.jpg""]",,,26992,4640,31632,2587500,15625,9611231,5535855,-1980148,3343889,-5324037
3959716,柏傲灣+1房中層露台+有匙看+企理即住+近荃灣西站+上車/收租首選,荃灣,私人屋苑/新世界,7500000,392,1,1,中層,,7,中原地產代理有限公司,https://i1.28hse.com/2026/08/202608041656206266639_thumb.jpg,https://www.28hse.com/buy/apartment/property-3959716,2026-08-06T17:33:59.496264+00:00,2026-08-06T18:30:35.954370+00:00,柏傲灣,,新界荃灣柏傲灣 永順街51號,柏傲灣+1房中層+露台企理+有匙看+即住+近荃灣西站+有票再傾,22.366022,114.112686,,,,,,2026-08-04T16:56:22+08:00,2026-08-04T16:56:25+08:00,2026-10-03T16:56:22+08:00,"[""https://i1.28hse.com/2026/08/2026080416562098018_large.jpg"", ""https://i1.28hse.com/2026/08/202608041656202532680_large.jpg"", ""https://i1.28hse.com/2026/08/20260804165620811029_large.jpg"", ""https://i1.28hse.com/2026/08/202608041656216242680_large.jpg"", ""https://i1.28hse.com/2026/08/202608041656211300242_large.jpg"", ""https://i1.28hse.com/2026/08/202608041656214971184_large.jpg"", ""https://i1.28hse.com/2026/08/202608041656213799044_large.jpg"", ""https://i1.28hse.com/2026/08/202608041656218530507_large.jpg"", ""https://i1.28hse.com/2026/08/202608041656228619760_large.jpg"", ""https://i1.28hse.com/2026/08/202608041656206266639_large.jpg"", ""https://i1.28hse.com/estate_data/113/22100/FLOOR/22100_20240208104614725911_thumb.jpg"", ""https://i1.28hse.com/estate_data/113/22100/UNIT/22100_20240208104747736464_thumb.jpg""]",,,26992,3952,30943,2587500,15625,9367299,5535855,-1507253,3343889,-4851143
3923976,【實用兩房】【另有其他】,荔枝角,私人屋苑/長實,7500000,440,2,1,中層,,23,美聯物業代理有限公司,https://i1.28hse.com/2026/07/202607081859072770729_thumb.jpg,https://www.28hse.com/buy/apartment/property-3923976,2026-08-06T17:33:59.496264+00:00,2026-08-06T18:10:59.657098+00:00,泓景臺,630,九龍荔枝角泓景臺 荔枝角道863號,"歡迎24小時致電或what's app查詢
️ 提供專業 親切 誠懇一條龍服務
屋苑最新成交紀錄
二手筍盤推介
買賣/租賃流程及所有開支講解
銀行估價，按揭壓力測試，首期和供款細節, 免費按揭轉介
律師行介紹及免費法律諮詢
全港一手新盤資訊免費專車接送睇樓
售後服務包括：水,電,煤,差餉,地租轉名, 驗樓等...
盤源充足
承諾跟貼底價 您的置業好幫手
多個查詢，多個筍盤機會",22.334478,114.147598,,,,,,2026-07-08T18:59:26+08:00,2026-07-08T19:43:08+08:00,2026-08-07T18:59:26+08:00,"[""https://i1.28hse.com/2026/07/202607081859063376330_large.jpg"", ""https://i1.28hse.com/2026/07/202607081859055074262_large.jpg"", ""https://i1.28hse.com/2026/07/202607081859056423318_large.jpg"", ""https://i1.28hse.com/2026/07/202607081859042521929_large.jpg"", ""https://i1.28hse.com/estate_data/64/2451/FLOOR/2451_20231116195529418655_thumb.jpg"", ""https://i1.28hse.com/estate_data/64/2451/UNIT/2451_20231116195754973269_thumb.jpg""]",,,26992,4168,31159,2587500,15625,9443826,5535855,-1655612,3343889,-4999502
3926118,【靚裝兩房】【有票盡試】,荔枝角,私人屋苑/長實,7500000,440,2,,中層,,23,美聯物業代理有限公司,https://i1.28hse.com/2026/07/202607101327327417461_thumb.jpg,https://www.28hse.com/buy/apartment/property-3926118,2026-08-06T17:33:59.496264+00:00,2026-08-06T18:10:55.502860+00:00,泓景臺,630,九龍荔枝角泓景臺 荔枝角道863號,【靚裝兩房】【有票盡試】,22.334478,114.147598,,,,,,2026-07-10T13:27:35+08:00,2026-07-10T13:27:35+08:00,2026-08-09T13:27:35+08:00,"[""https://i1.28hse.com/2026/07/202607101327332055050_large.jpg"", ""https://i1.28hse.com/2026/07/202607101327338985349_large.jpg"", ""https://i1.28hse.com/2026/07/20260710132733602356_large.jpg"", ""https://i1.28hse.com/2026/07/202607101327341132099_large.jpg"", ""https://i1.28hse.com/2026/07/202607101327347164925_large.jpg"", ""https://i1.28hse.com/2026/07/202607101327348424641_large.jpg"", ""https://i1.28hse.com/estate_data/64/2451/FLOOR/2451_20231116195529418655_thumb.jpg"", ""https://i1.28hse.com/estate_data/64/2451/UNIT/2451_20231116195754973269_thumb.jpg""]",,,26992,4168,31159,2587500,15625,9443826,5535855,-1655612,3343889,-4999502
3896188,進駐西貢豪宅首選！逸瓏海匯優質2房 擁星級會所 迎向優質生活,西貢,私人屋苑/信和,7500000,598,2,1,高層,,8,美聯物業,https://i1.28hse.com/2026/06/202606181348038819605_thumb.jpg,https://www.28hse.com/buy/apartment/property-3896188,2026-08-06T17:33:59.496264+00:00,2026-08-06T18:39:08.073176+00:00,逸瓏海滙,,新界西貢逸瓏海滙 康村路9號,"筍價出售, 罕有放盤, 有海景",22.378214,114.266258,,,,,,2026-06-18T13:48:20+08:00,2026-06-18T13:48:20+08:00,2026-08-17T13:48:20+08:00,"[""https://i1.28hse.com/2026/06/202606181348043643139_large.jpg"", ""https://i1.28hse.com/2026/06/202606181348045253917_large.jpg"", ""https://i1.28hse.com/2026/06/202606181348052773170_large.jpg"", ""https://i1.28hse.com/2026/06/20260618134806279027_large.jpg"", ""https://i1.28hse.com/2026/06/202606181348073457761_large.jpg"", ""https://i1.28hse.com/2026/06/202606181348073165569_large.jpg"", ""https://i1.28hse.com/2026/06/202606181348086652377_large.jpg"", ""https://i1.28hse.com/estate_data/100/8878/FLOOR/8878_20231122054611823886_thumb.jpg""]",,,26992,4878,31870,2587500,15625,9695730,5535855,-2143961,3343889,-5487851
3886772,阿Sa實盤～明廁梗廚2房，市區上車首選！,長沙灣,單幢式大廈/洋樓/私人屋苑/百利保,7500000,429,2,,中層,,8,美聯物業代理有限公司,https://i1.28hse.com/2026/06/202606111838071988907_thumb.jpg,https://www.28hse.com/buy/apartment/property-3886772,2026-08-06T17:33:59.496264+00:00,2026-08-06T18:09:14.293692+00:00,尚都,,九龍長沙灣尚都 順寧道83號,"歡迎致電/Whatsapp
蘇小姐即時回覆 電話
！！大量盤源！！
24小時預約睇樓及諮詢樓盤資料：
提供一條龍專業買賣及售後服務
-首次置業
-計算首期及供款物業
-物業估價
-按揭轉介、銀行按揭
-租務管理
-法律咨詢、律師轉介
-裝修轉介
-水電煤申請
-差餉地租轉名",22.336645,114.159599,,,,,,2026-06-11T18:38:16+08:00,2026-06-11T18:38:16+08:00,2026-08-10T18:38:16+08:00,"[""https://i1.28hse.com/2026/06/202606111838075314812_large.jpg"", ""https://i1.28hse.com/2026/06/202606111838083272431_large.jpg"", ""https://i1.28hse.com/2026/06/202606111838081710956_large.jpg"", ""https://i1.28hse.com/2026/06/202606111838085046201_large.jpg"", ""https://i1.28hse.com/2026/06/20260611183808306942_large.jpg"", ""https://i1.28hse.com/estate_data/63/8873/FLOOR/8873_20231117024228948145_thumb.jpg"", ""https://i1.28hse.com/estate_data/63/8873/UNIT/8873_20231227152709352768_thumb.jpg""]",,,26992,4118,31110,2587500,15625,9426289,5535855,-1621613,3343889,-4965503
3940623,Call 66O22228 石生,長沙灣,私人屋苑/萬科香港,7500000,462,2,,,,5,中原地產代理有限公司,https://i1.28hse.com/2026/07/202607241524375756805_thumb.jpg,https://www.28hse.com/buy/apartment/property-3940623,2026-08-06T17:33:59.496264+00:00,2026-08-06T18:07:27.829929+00:00,The Campton 1B期,,九龍長沙灣The Campton 1B期 福榮街201號,"註Campton中原地鋪
石生 66O22228",22.333639,114.160416,,,,,,2026-07-21T14:44:53+08:00,2026-07-24T17:50:09+08:00,2026-08-20T14:44:53+08:00,"[""https://i1.28hse.com/2026/07/202607241716312193798_large.jpg"", ""https://i1.28hse.com/2026/07/202607241524385189303_large.jpg"", ""https://i1.28hse.com/2026/07/202607241749562940352_large.jpg"", ""https://i1.28hse.com/2026/07/202607241716301121815_large.jpg"", ""https://i1.28hse.com/estate_data/63/23359/FLOOR/23359_20231201153022479116_thumb.jpg"", ""https://i1.28hse.com/estate_data/63/23359/UNIT/23359_20231201153221621653_thumb.jpg""]",,,26992,4266,31258,2587500,15625,9478902,5535855,-1723610,3343889,-5067500
3810907,"實用383尺, 東南1房 連租約",啟德,私人屋苑/中國海外,7570000,383,1,1,高層,開放式廚房,8,啟盛物業代理,https://i1.28hse.com/2026/04/202604151531544318620_thumb.jpg,https://www.28hse.com/buy/apartment/property-3810907,2026-08-06T17:33:59.496264+00:00,2026-08-06T18:18:21.692408+00:00,啟德1號(I),,九龍啟德啟德1號(I) 沐寧街2號,"連約, 東南",22.329336,114.200851,,,,,,2026-06-08T13:08:49+08:00,2026-06-11T12:56:10+08:00,2026-08-13T15:34:14+08:00,"[""https://i1.28hse.com/2026/04/20260415153153193745_large.jpg"", ""https://i1.28hse.com/2026/04/20260415153153786052_large.jpg"", ""https://i1.28hse.com/2026/04/202604151531534975046_large.jpg"", ""https://i1.28hse.com/2026/04/202604151531535712950_large.jpg"", ""https://i1.28hse.com/2026/04/202604151531546390016_large.jpg"", ""https://i1.28hse.com/2026/04/202604151531543445914_large.jpg"", ""https://i1.28hse.com/estate_data/82/8908/UNIT/8908_20231205110702288378_thumb.jpg"", ""https://i1.28hse.com/estate_data/82/8908/FLOOR/8908_20231205110545873446_thumb.jpg""]",,,27244,3931,31175,2611650,15771,9434545,5587523,-1513405,3343889,-4857294
3963197,大角咀港灣豪庭，2房筍盤，投資或自住首選,大角咀,私人屋苑/香港小輪,7580000,440,2,1,高層,,23,世紀21集團有限公司,https://i1.28hse.com/2026/08/202608070044577820200_thumb.jpg,https://www.28hse.com/buy/apartment/property-3963197,2026-08-06T17:33:59.496264+00:00,2026-08-06T18:02:10.280076+00:00,港灣豪庭,617,九龍大角咀港灣豪庭 福利街8號,2房，高層，開揚景觀，即買即住,22.324369,114.15979,,,,,,2026-08-07T01:01:20+08:00,2026-08-07T01:01:20+08:00,2026-10-06T01:01:20+08:00,"[""https://i1.28hse.com/2026/08/202608070044583544824_large.jpg"", ""https://i1.28hse.com/2026/08/202608070047417797262_large.jpg"", ""https://i1.28hse.com/2026/08/202608070047421374369_large.jpg"", ""https://i1.28hse.com/2026/08/202608070047453165551_large.jpg"", ""https://i1.28hse.com/2026/08/202608070047446051658_large.jpg"", ""https://i1.28hse.com/2026/08/202608070047418957461_large.jpg"", ""https://i1.28hse.com/2026/08/202608070047425452209_large.jpg"", ""https://i1.28hse.com/2026/08/202608070047448295141_large.jpg"", ""https://i1.28hse.com/2026/08/202608070047433893271_large.jpg"", ""https://i1.28hse.com/estate_data/67/2564/FLOOR/2564_20231121185803662759_thumb.jpg"", ""https://i1.28hse.com/estate_data/67/2564/UNIT/2564_20231121190031576585_thumb.jpg""]",,,27280,4191,31471,2615100,15792,9537078,5594904,-1694434,3343889,-5038324
3902020,大型會所，鄰近地鐵站,紅磡,私人屋苑/新鴻基,7580000,481,2,,中層,,24,太陽物業,https://i1.28hse.com/2026/06/202606221915051322993_thumb.jpg,https://www.28hse.com/buy/apartment/property-3902020,2026-08-06T17:33:59.496264+00:00,2026-08-06T17:50:59.321695+00:00,海濱南岸,630,九龍紅磡海濱南岸 愛景街8號,大型會所，鄰近地鐵站，校網好,22.302675,114.186943,,,,,,2026-06-22T19:15:13+08:00,2026-06-27T21:15:03+08:00,2026-08-21T19:15:13+08:00,"[""https://i1.28hse.com/2026/06/202606221915055842745_large.jpg"", ""https://i1.28hse.com/2026/06/202606221915051652736_large.jpg"", ""https://i1.28hse.com/2026/06/202606221915061838757_large.jpg"", ""https://i1.28hse.com/2026/06/202606221915073097104_large.jpg"", ""https://i1.28hse.com/2026/06/202606221915076528418_large.jpg"", ""https://i1.28hse.com/2026/06/202606221915074437000_large.jpg"", ""https://i1.28hse.com/2026/06/20260622191507777518_large.jpg"", ""https://i1.28hse.com/2026/06/202606221915098144798_large.jpg""]",,,27280,4375,31655,2615100,15792,9602445,5594904,-1821157,3343889,-5165047
3955733,"市區物業, 生活方便",長沙灣,私人屋苑/香港房協,7580000,518,2,,中層,,11,中原地產-泓景臺分行,https://i1.28hse.com/2026/08/202608012042502960482_thumb.jpg,https://www.28hse.com/buy/apartment/property-3955733,2026-08-06T17:33:59.496264+00:00,2026-08-06T18:06:41.395576+00:00,喜盈,,九龍長沙灣喜盈 青山道400號,"有更多優質單位可以推介, 歡迎隨時查詢",22.339849,114.15477,,,,,,2026-08-01T20:43:07+08:00,2026-08-01T20:43:07+08:00,2026-08-31T20:43:07+08:00,"[""https://i1.28hse.com/2026/08/202608012042512042051_large.jpg"", ""https://i1.28hse.com/2026/08/202608012042525824381_large.jpg"", ""https://i1.28hse.com/2026/08/202608012042533047530_large.jpg"", ""https://i1.28hse.com/estate_data/63/8540/FLOOR/8540_20231117022225478392_thumb.jpg"", ""https://i1.28hse.com/estate_data/63/8540/UNIT/8540_20231117022306736536_thumb.jpg""]",,,27280,4542,31822,2615100,15792,9661435,5594904,-1935518,3343889,-5279407
3908352,優質盤源1房，2房，3房，景觀開揚，歡迎預約參觀,啟德,私人屋苑/中國海外,7590000,367,1,1,,,9,啟盛物業代理,https://i1.28hse.com/2026/07/202607061720172749303_thumb.jpg,https://www.28hse.com/buy/apartment/property-3908352,2026-08-06T17:33:59.496264+00:00,2026-08-06T18:18:08.376195+00:00,啟德1號(I),,九龍啟德啟德1號(I) 沐寧街2號,"34名校網區
間隔四正 質素極佳
市區核心 5分鐘到啟德港鐵站
連接中九龍幹線，接駁四鐵，交通方便，管理設施完善，升值潛力高，九龍CBD2
AIRSIDE, SOGO, AEON現已開張，
衣食住行樣樣齊備
自設會所 設施齊備
稅務大樓 近在咫尺
-
啟德區各屋苑各戶型均有租盤
開放式 $14500-16000
1房 $17500-22000
2房 $23000-$28000
3房 $32000-$50000
4房/特色戶 $45000-$280000
-
區內資深代理
紥根九龍區多年,
熟識區內發展以及各屋苑樓盤資訊,
用心跟進,誠懇服務,專業知識
致力為你置業
大量啟德站,宋皇臺站,土瓜灣站,以及東九龍各一,二手筍盤，免費專車接送參觀各區一手新盤，
另提供全港各區1手2手樓盤租售，驗樓，區內換樓放盤，物業查詢，銀行按揭轉介，物業估價，托管物業，詳情請查詢歡迎來電，WhatsApp或微信Elsie Liu劉小姐。",22.329336000000005,114.20085100000001,,,,,,2026-06-27T18:24:23+08:00,2026-07-06T17:21:44+08:00,2026-08-26T18:24:23+08:00,"[""https://i1.28hse.com/2026/07/202607061720173352320_large.jpg"", ""https://i1.28hse.com/2026/07/202607061720175786948_large.jpg"", ""https://i1.28hse.com/2026/07/202607061720188476889_large.jpg"", ""https://i1.28hse.com/2026/07/202607061720183945739_large.jpg"", ""https://i1.28hse.com/2026/07/202607061720186600938_large.jpg"", ""https://i1.28hse.com/estate_data/82/8908/FLOOR/8908_20231205110535515259_thumb.jpg"", ""https://i1.28hse.com/estate_data/82/8908/UNIT/8908_20231205110737465932_thumb.jpg""]",,,27316,3865,31181,2618550,15812,9432349,5602286,-1473657,3343889,-4817547
3883432,寵物友善，#34 校網，旺中帶靜，鄰近生活購物商圈，步行8分鐘至何文田港鐵站,何文田,私人屋苑,7600000,482,2,,中層,,23,中原地產,https://i1.28hse.com/2026/06/202606091512282139686_thumb.jpg,https://www.28hse.com/buy/apartment/property-3883432,2026-08-06T17:33:59.496264+00:00,2026-08-06T18:15:59.903612+00:00,君逸山,656,九龍何文田君逸山 迦密村街9號,四正實用，間隔分明，採光充足，管理完善,22.313786,114.17927599999999,,,,,,2026-06-09T15:12:43+08:00,2026-07-29T12:00:40+08:00,2026-08-08T15:12:43+08:00,"[""https://i1.28hse.com/2026/06/202606091512295023800_large.jpg"", ""https://i1.28hse.com/2026/06/202606091512291193509_large.jpg"", ""https://i1.28hse.com/2026/06/20260609151229418753_large.jpg"", ""https://i1.28hse.com/2026/06/202606091512305259668_large.jpg"", ""https://i1.28hse.com/2026/06/202606091512308347799_large.jpg"", ""https://i1.28hse.com/2026/06/202606091512315429692_large.jpg"", ""https://i1.28hse.com/2026/06/202606091512315412207_large.jpg"", ""https://i1.28hse.com/estate_data/60/2244/FLOOR/2244_20240118125127232474_thumb.jpg"", ""https://i1.28hse.com/estate_data/60/2244/UNIT/2244_20240118125150755114_thumb.jpg""]",,,27352,4386,31737,2622000,15833,9627352,5609667,-1833954,3343889,-5177843
3931341,筍盤蝕讓，急急急，蝕300萬。何文田34校網，2房，家長投資至愛,何文田,私人屋苑/恒基,7600000,389,2,1,高層,開放式廚房,8,美聯物業,https://i1.28hse.com/estate_data/60/8928/FLOOR/8928_20231222162323464411_thumb.jpg,https://www.28hse.com/buy/apartment/property-3931341,2026-08-06T17:33:59.496264+00:00,2026-08-06T18:15:23.996993+00:00,加多利軒,,九龍何文田加多利軒 勝利道7號,"筍價出售, 罕有放盤, 蝕讓, 連露台, 筍價出售, 連裝修, 開揚, 有裝修, 露台, 旺中帶靜, 交通便利, 清雅裝修, 設施齊備, 間隔四正, 新樓會所, 管理完善",22.319437,114.174301,,,,,,2026-07-14T12:41:22+08:00,2026-08-03T14:54:28+08:00,2026-09-12T12:41:22+08:00,"[""https://i1.28hse.com/estate_data/60/8928/UNIT/8928_20231222162328821685_thumb.jpg""]",,,27352,3967,31319,2622000,15833,9479080,5609667,-1546508,3343889,-4890397
3961879,"何文田34小學校網, 鄰近商場生活及交通配套完善",何文田,單幢式大廈,7600000,482,2,1,,,23,中原地產,https://i1.28hse.com/2026/08/202608061104274451064_thumb.jpg,https://www.28hse.com/buy/apartment/property-3961879,2026-08-06T17:33:59.496264+00:00,2026-08-06T18:15:04.418254+00:00,君逸山,656,九龍何文田君逸山 迦密村街9號,"何文田34小學校網, 鄰近商場生活及交通配套完善",22.313786,114.179276,,,,,,2026-08-06T11:06:00+08:00,2026-08-06T11:06:00+08:00,2026-09-05T11:06:00+08:00,"[""https://i1.28hse.com/2026/08/202608061104272555194_large.jpg"", ""https://i1.28hse.com/2026/08/202608061104276673758_large.jpg"", ""https://i1.28hse.com/2026/08/202608061104283741235_large.jpg"", ""https://i1.28hse.com/2026/08/202608061104287747303_large.jpg"", ""https://i1.28hse.com/2026/08/202608061104284071078_large.jpg"", ""https://i1.28hse.com/2026/08/202608061104292413007_large.jpg"", ""https://i1.28hse.com/2026/08/202608061104274451064_large.jpg"", ""https://i1.28hse.com/estate_data/60/2244/FLOOR/2244_20240118125127232474_thumb.jpg"", ""https://i1.28hse.com/estate_data/60/2244/UNIT/2244_20240118125150755114_thumb.jpg""]",,,27352,4386,31737,2622000,15833,9627352,5609667,-1833954,3343889,-5177843
3944110,启德一号大一房低價出售［減至698萬],啟德,私人屋苑/中國海外,7600000,367,1,,高層,,9,美聯物業,https://i1.28hse.com/2026/07/202607231710212678328_thumb.jpg,https://www.28hse.com/buy/apartment/property-3944110,2026-08-06T17:33:59.496264+00:00,2026-08-06T18:17:35.461898+00:00,啟德1號(I),,九龍啟德啟德1號(I) 沐宁街2号,启德地铁站对面，大型商场配套，34名校网,22.329336000000005,114.20085100000001,,,,,,2026-07-23T20:36:17+08:00,2026-07-23T20:36:17+08:00,2026-09-21T20:36:17+08:00,"[""https://i1.28hse.com/2026/07/20260723171021976204_large.jpg"", ""https://i1.28hse.com/2026/07/202607231710217975332_large.jpg"", ""https://i1.28hse.com/2026/07/202607231710225271135_large.jpg"", ""https://i1.28hse.com/2026/07/202607231710225159693_large.jpg"", ""https://i1.28hse.com/2026/07/202607231710221137588_large.jpg"", ""https://i1.28hse.com/estate_data/82/8908/FLOOR/8908_20231205110535515259_thumb.jpg"", ""https://i1.28hse.com/estate_data/82/8908/UNIT/8908_20231205110737465932_thumb.jpg""]",,,27352,3868,31220,2622000,15833,9444005,5609667,-1478510,3343889,-4822399
3953251,【2房實景VR】【可試$738萬有票儘傾】【用家精選】【梗廚】【來電儘傾】,大角咀,私人屋苑/恒基,7600000,499,2,,中層,,17,中原地產-長沙灣映築分行,https://i1.28hse.com/2026/07/202607311247266953774_thumb.jpg,https://www.28hse.com/buy/apartment/property-3953251,2026-08-06T17:33:59.496264+00:00,2026-08-06T18:02:33.160499+00:00,亮賢居,710,九龍大角咀亮賢居 詩歌舞街83號,"微信号：ivanyiphk
专营西九龙一二手买卖及租务
欢迎致电 / Whatsapp / WeChat 查询
买卖流程、按揭资讯、律师支援24小时服务
●最新最快最贴市场价钱
●立即查询尽快回覆
●大量优质笋盘提供
●免费物业转按查询
●免费物业按揭服务
●免费律师转介
●免费装修转介
●免费水电煤差饷地租转名",22.325344,114.162483,,,,,,2026-07-31T12:50:04+08:00,2026-08-05T16:04:07+08:00,2026-09-29T12:50:04+08:00,"[""https://i1.28hse.com/2026/07/202607311247278002279_large.jpg"", ""https://i1.28hse.com/2026/07/202607311247283855620_large.jpg"", ""https://i1.28hse.com/2026/07/202607311247294747518_large.jpg"", ""https://i1.28hse.com/2026/07/202607311247302463508_large.jpg"", ""https://i1.28hse.com/2026/07/2026073112473188136_large.jpg"", ""https://i1.28hse.com/2026/07/202607311247334947147_large.jpg"", ""https://i1.28hse.com/2026/07/202607311247352860366_large.jpg"", ""https://i1.28hse.com/2026/07/202607311247366805798_large.jpg"", ""https://i1.28hse.com/2026/07/202607311247388371932_large.jpg"", ""https://i1.28hse.com/2026/07/202607311247407083534_large.jpg"", ""https://i1.28hse.com/2026/07/202607311247403842765_large.jpg"", ""https://i1.28hse.com/2026/07/20260731124741297577_large.jpg"", ""https://i1.28hse.com/2026/07/20260731124741425670_large.jpg"", ""https://i1.28hse.com/2026/07/202607311247422082071_large.jpg"", ""https://i1.28hse.com/2026/07/202607311247266953774_large.jpg"", ""https://i1.28hse.com/estate_data/67/2585/FLOOR/2585_20231116211915756355_thumb.jpg"", ""https://i1.28hse.com/estate_data/67/2585/UNIT/2585_20231116212115775845_thumb.jpg""]",,,27352,4462,31814,2622000,15833,9654456,5609667,-1886498,3343889,-5230387
2671012,【蕙逸居】太子名廈 日夜靚景觀超開揚 平地電梯純住宅,太子,單幢式大廈,7600000,433,1,1,高層,,26,鴻利物業代理有限公司,https://i1.28hse.com/2024/05/20240507235942908904_thumb.jpg,https://www.28hse.com/buy/apartment/property-2671012,2026-08-06T17:33:59.496264+00:00,2026-08-06T18:00:51.693314+00:00,蕙逸居,626,九龍太子蕙逸居 洗衣街193號,"真盤 熟業主 誠意出售 比起旁邊新盤平足@$10000尺
洗衣街193號
1997年入伙
校網小學:32
中學:油尖旺區",22.323719,114.17063900000001,,,,,,2026-07-31T16:47:21+08:00,2026-07-31T16:47:21+08:00,2026-09-29T16:47:21+08:00,"[""https://i1.28hse.com/2024/05/202405072359431860569_large.jpg"", ""https://i1.28hse.com/2024/05/202405072359453320398_large.jpg"", ""https://i1.28hse.com/2024/05/202405072359465809846_large.jpg"", ""https://i1.28hse.com/2024/05/202405072359488357029_large.jpg"", ""https://i1.28hse.com/2023/06/202306011311403038894_large.jpg"", ""https://i1.28hse.com/2023/06/202306011312353437773_large.jpg"", ""https://i1.28hse.com/2025/11/202511021643028435964_large.jpg""]",,,27352,4165,31517,2622000,15833,9549231,5609667,-1682504,3343889,-5026393
3917717,【業主想賣】【有梗廚】【有景觀】【位置又好】【四正實用】【大型會所有泳池】,深水埗,私人屋苑/長實,7600000,485,2,,高層,,5,中原地產代理有限公司,https://i1.28hse.com/2026/07/202607041544484451371_thumb.jpg,https://www.28hse.com/buy/apartment/property-3917717,2026-08-06T17:33:59.496264+00:00,2026-08-06T18:13:47.281414+00:00,愛海頌,,九龍深水埗愛海頌 海壇街201號、203號及218號,筍價出售,22.328236,114.158615,,,,,,2026-07-04T15:47:35+08:00,2026-07-22T20:50:13+08:00,2026-09-02T15:47:35+08:00,"[""https://i1.28hse.com/2026/07/20260704154500481620_large.jpg"", ""https://i1.28hse.com/2026/07/202607041544463583400_large.jpg"", ""https://i1.28hse.com/2026/07/202607041544508763795_large.jpg"", ""https://i1.28hse.com/2026/07/202607041544518184761_large.jpg"", ""https://i1.28hse.com/2026/07/202607041544531441086_large.jpg"", ""https://i1.28hse.com/2026/07/202607041544544839219_large.jpg"", ""https://i1.28hse.com/2026/07/202607041544561149945_large.jpg"", ""https://i1.28hse.com/2026/07/20260704154457643939_large.jpg"", ""https://i1.28hse.com/2026/07/20260704154458679298_large.jpg"", ""https://i1.28hse.com/estate_data/62/23170/FLOOR/23170_20231218130212929316_thumb.jpg"", ""https://i1.28hse.com/estate_data/62/23170/UNIT/23170_20231218130237355451_thumb.jpg""]",,,27352,4399,31751,2622000,15833,9632135,5609667,-1843226,3343889,-5187116
3923066,"(致滙地產-致真實盤)已吉有匙, 東南靚景 即買即住",美孚,私人屋苑/長實,7600000,457,2,,中層,,24,致滙地產,https://i1.28hse.com/2026/07/202607231734011035516_thumb.jpg,https://www.28hse.com/buy/apartment/property-3923066,2026-08-06T17:33:59.496264+00:00,2026-08-06T18:05:37.631434+00:00,盈暉臺,637,九龍美孚盈暉臺 盈暉路,近美孚地鐵站，附近有游泳池 ，街市，各類食肆，交通配套完善。,22.341682,114.13752,,,,,,2026-07-08T13:12:03+08:00,2026-07-23T17:34:32+08:00,2026-08-07T13:12:03+08:00,"[""https://i1.28hse.com/2026/07/202607231734035971494_large.jpg"", ""https://i1.28hse.com/2026/07/202607231734054804193_large.jpg"", ""https://i1.28hse.com/2026/07/202607231734074225629_large.jpg"", ""https://i1.28hse.com/2026/07/202607231734088039943_large.jpg"", ""https://i1.28hse.com/2026/07/202607231734103812114_large.jpg""]",,,27352,4273,31625,2622000,15833,9587494,5609667,-1756683,3343889,-5100573
3929642,全屋精緻靚裝，保養乾淨企理，買入即刻即可入住，無需額外花費裝修！ 開揚無遮擋,美孚,私人屋苑/長實,7600000,457,2,1,中層,,24,美聯物業代理有限公司,https://i1.28hse.com/2026/07/202607121926444495875_thumb.jpg,https://www.28hse.com/buy/apartment/property-3929642,2026-08-06T17:33:59.496264+00:00,2026-08-06T18:05:11.530435+00:00,盈暉臺,637,九龍美孚盈暉臺 盈暉路,"全屋精緻靚裝，保養乾淨企理，買入即刻即可入住，無需額外花費裝修！
 
開揚無遮擋，采光通透全日靚光，屋苑環境清幽寧靜，生活配套齊全，交通出行極之便利。",22.341682,114.13752,,,,,,2026-07-12T19:26:46+08:00,2026-07-27T18:47:49+08:00,2026-09-10T19:26:46+08:00,"[""https://i1.28hse.com/2026/07/202607121926443079201_large.jpg"", ""https://i1.28hse.com/2026/07/202607121926445347061_large.jpg"", ""https://i1.28hse.com/2026/07/202607121926451115989_large.jpg"", ""https://i1.28hse.com/2026/07/202607121926454270419_large.jpg"", ""https://i1.28hse.com/2026/07/202607121926456694011_large.jpg""]",,,27352,4273,31625,2622000,15833,9587494,5609667,-1756683,3343889,-5100573
3883954,《中原最齊盤》●●特色大兩房【樓皇級山景】歡迎查詢約睇,荃灣,私人屋苑/新鴻基,7600000,494,2,1,高層,,20,中原地產,https://i1.28hse.com/2026/06/202606091824483639471_thumb.jpg,https://www.28hse.com/buy/apartment/property-3883954,2026-08-06T17:33:59.496264+00:00,2026-08-06T18:38:39.122361+00:00,爵悅庭,628,新界荃灣爵悅庭 楊屋道90-114號,"荃灣西站 配套完善 一應俱全
天橋網絡18區獨有 家庭客自住客投資客首選
●●●●●●●●●●
搵低水荀盤 一定幫到你
緊貼業主 盤齊價準
專業代理*陳小姐 Fanny chan
24小時查詢熱線：
可WHATSAPP 即時回覆
無論買樓自住，投資升值，區內換樓，放盤收租
*本人均為貴客提供一條龍服務,買賣及售後服務
首次置業
售前壓測，首期，供款計算
銀行按揭上會
法律咨詢
律師轉介
裝修轉介
水電煤，差餉地租轉名
收樓驗樓
售後放租務管理",22.366886,114.117111,,,,,,2026-06-09T18:25:21+08:00,2026-07-16T16:51:34+08:00,2026-08-08T18:25:21+08:00,"[""https://i1.28hse.com/2026/06/202606091824551504745_large.jpg"", ""https://i1.28hse.com/2026/06/20260609182450187212_large.jpg"", ""https://i1.28hse.com/2026/06/202606091824528147180_large.jpg"", ""https://i1.28hse.com/2026/06/202606091824531916413_large.jpg"", ""https://i1.28hse.com/2026/06/202606091824548515499_large.jpg"", ""https://i1.28hse.com/estate_data/113/4570/FLOOR/4570_20231121013840163127_thumb.jpg"", ""https://i1.28hse.com/estate_data/113/4570/UNIT/4570_20231121014105637627_thumb.jpg""]",,,27352,4440,31791,2622000,15833,9646484,5609667,-1871044,3343889,-5214933
3959513,新鴻基優質投資1房,荃灣,私人屋苑/新鴻基,7600000,450,1,1,中層,開放式廚房,21,中原地產代理有限公司,https://i1.28hse.com/2026/08/202608041541221819878_thumb.jpg,https://www.28hse.com/buy/apartment/property-3959513,2026-08-06T17:33:59.496264+00:00,2026-08-06T18:30:39.373743+00:00,爵悅庭,608,新界荃灣爵悅庭 楊屋道90-114號,"有海景, 吉售, 西南, 半海景, 開揚, 遠景, 交通便利, 管理完善",22.366886,114.117111,,,,,,2026-08-04T15:41:52+08:00,2026-08-04T15:41:52+08:00,2026-10-03T15:41:52+08:00,"[""https://i1.28hse.com/2026/08/202608041541236827482_large.jpg"", ""https://i1.28hse.com/2026/08/202608041541243611601_large.jpg"", ""https://i1.28hse.com/2026/08/202608041541254491067_large.jpg"", ""https://i1.28hse.com/2026/08/202608041541268283200_large.jpg"", ""https://i1.28hse.com/2026/08/202608041541264150784_large.jpg"", ""https://i1.28hse.com/2026/08/202608041541272273681_large.jpg"", ""https://i1.28hse.com/2026/08/20260804154128687752_large.jpg"", ""https://i1.28hse.com/estate_data/113/4570/FLOOR/4570_20231121013749319432_thumb.jpg"", ""https://i1.28hse.com/estate_data/113/4570/UNIT/4570_20231121014154146683_thumb.jpg""]",,,27352,4242,31593,2622000,15833,9576334,5609667,-1735048,3343889,-5078937
3642650,*全棟最筍* 最筍兩房！驚喜價！,長沙灣,私人屋苑/洋樓/中國恒大,7600000,447,2,1,高層,,4,港威置業（元州街）,https://i1.28hse.com/2025/11/202511141907556884539_thumb.jpg,https://www.28hse.com/buy/apartment/property-3642650,2026-08-06T17:33:59.496264+00:00,2026-08-06T18:09:21.117121+00:00,睿峰,,九龍長沙灣睿峰 東京街29 號,*全棟最筍* 最筍兩房！驚喜價！,22.336008,114.158035,,,,,,2026-06-09T17:14:22+08:00,2026-06-09T17:14:48+08:00,2026-08-08T17:14:22+08:00,"[""https://i1.28hse.com/2025/11/202511141907543038906_large.jpg"", ""https://i1.28hse.com/2025/11/202511141907546095312_large.jpg"", ""https://i1.28hse.com/2025/11/202511141907556276803_large.jpg"", ""https://i1.28hse.com/2025/11/202511141907554895317_large.jpg"", ""https://i1.28hse.com/2025/11/202511141907561059157_large.jpg"", ""https://i1.28hse.com/2025/11/202511141907568185140_large.jpg"", ""https://i1.28hse.com/estate_data/63/23218/FLOOR/23218_20231221163517616238_thumb.jpg"", ""https://i1.28hse.com/estate_data/63/23218/UNIT/23218_20231221163616919449_thumb.jpg""]",,,27352,4228,31580,2622000,15833,9571551,5609667,-1725775,3343889,-5069665
3908650,睿峰高層向西南兩房出售！ 豪華會所，成熟社區，地鐵站旁！,長沙灣,私人屋苑/中國恒大,7600000,447,2,1,高層,開放式廚房,4,中原地產-南昌分行B組,https://i1.28hse.com/2026/06/202606280130078925069_thumb.jpg,https://www.28hse.com/buy/apartment/property-3908650,2026-08-06T17:33:59.496264+00:00,2026-08-06T18:08:40.610849+00:00,睿峰,,九龍長沙灣睿峰 東京街29 號,"近港鐵站, 新委托, 有匙即約即睇",22.336008,114.158035,,,,,,2026-06-28T01:30:21+08:00,2026-07-06T16:59:28+08:00,2026-08-27T01:30:21+08:00,"[""https://i1.28hse.com/2026/06/202606280130084520439_large.jpg"", ""https://i1.28hse.com/2026/06/202606280130085293617_large.jpg"", ""https://i1.28hse.com/2026/06/202606280130082526458_large.jpg"", ""https://i1.28hse.com/2026/06/202606280130098088294_large.jpg"", ""https://i1.28hse.com/2026/06/202606280130095865589_large.jpg"", ""https://i1.28hse.com/2026/06/202606280130098291042_large.jpg"", ""https://i1.28hse.com/2026/06/202606280130107613425_large.jpg"", ""https://i1.28hse.com/2026/06/202606280130102554520_large.jpg"", ""https://i1.28hse.com/2026/06/202606280130101114690_large.jpg"", ""https://i1.28hse.com/2026/06/202606280130114126366_large.jpg"", ""https://i1.28hse.com/2026/06/202606280130117501465_large.jpg"", ""https://i1.28hse.com/2026/06/202606280130111302065_large.jpg"", ""https://i1.28hse.com/2026/06/202606280130123335238_large.jpg"", ""https://i1.28hse.com/2026/06/202606280130127061875_large.jpg"", ""https://i1.28hse.com/2026/06/202606280130125402803_large.jpg"", ""https://i1.28hse.com/2026/06/20260628013013100724_large.jpg"", ""https://i1.28hse.com/2026/06/202606280130131350241_large.jpg"", ""https://i1.28hse.com/2026/06/202606280130133037312_large.jpg"", ""https://i1.28hse.com/2026/06/202606280130148345156_large.jpg"", ""https://i1.28hse.com/2026/06/202606280130142852831_large.jpg"", ""https://i1.28hse.com/2026/06/202606280130141720439_large.jpg"", ""https://i1.28hse.com/2026/06/202606280130156496963_large.jpg"", ""https://i1.28hse.com/2026/06/202606280130158759305_large.jpg"", ""https://i1.28hse.com/2026/06/202606280130161330232_large.jpg"", ""https://i1.28hse.com/2026/06/202606280130165679246_large.jpg"", ""https://i1.28hse.com/2026/06/202606280130165072056_large.jpg"", ""https://i1.28hse.com/2026/06/202606280130174258568_large.jpg"", ""https://i1.28hse.com/2026/06/202606280130174594533_large.jpg"", ""https://i1.28hse.com/2026/06/202606280130176542395_large.jpg"", ""https://i1.28hse.com/2026/06/202606280130183576856_large.jpg"", ""https://i1.28hse.com/2026/06/202606280130186121892_large.jpg"", ""https://i1.28hse.com/2026/06/202606280130181577968_large.jpg"", ""https://i1.28hse.com/2026/06/202606280130196398690_large.jpg"", ""https://i1.28hse.com/2026/06/202606280130196574026_large.jpg"", ""https://i1.28hse.com/2026/06/202606280130191188055_large.jpg"", ""https://i1.28hse.com/2026/06/202606280130208131505_large.jpg"", ""https://i1.28hse.com/2026/06/202606280130204673629_large.jpg"", ""https://i1.28hse.com/2026/06/202606280130202378360_large.jpg"", ""https://i1.28hse.com/2026/06/202606280130212388464_large.jpg"", ""https://i1.28hse.com/2026/06/202606280130078925069_large.jpg"", ""https://i1.28hse.com/estate_data/63/23218/FLOOR/23218_20231221163517616238_thumb.jpg"", ""https://i1.28hse.com/estate_data/63/23218/UNIT/23218_20231221163616919449_thumb.jpg""]",,,27352,4228,31580,2622000,15833,9571551,5609667,-1725775,3343889,-5069665
3922650,【偷步入市】【華潤2500伙即將出售】【可試738萬有票儘傾】【6分鐘長沙灣站】,長沙灣,私人屋苑/恒基,7600000,501,2,,中層,,17,中原地產-長沙灣映築分行,https://i1.28hse.com/2026/07/20260707220340331895_thumb.jpg,https://www.28hse.com/buy/apartment/property-3922650,2026-08-06T17:33:59.496264+00:00,2026-08-06T18:08:20.334870+00:00,星匯居,665,九龍長沙灣星匯居 通州街500號,"買賣流程、按揭資訊、律師支援24小時服務
●最新最快最貼市場價錢
●立即查詢盡快回覆
●大量優質筍盤提供
●免費物業轉按查詢
●免費物業按揭服務
●免費律師轉介
●免費裝修轉介
●免費水電煤差餉地租轉名",22.333088,114.152283,,,,,,2026-07-07T22:07:19+08:00,2026-07-07T22:07:19+08:00,2026-08-06T22:07:19+08:00,"[""https://i1.28hse.com/2026/07/202607072203413393486_large.jpg"", ""https://i1.28hse.com/2026/07/202607072203427174216_large.jpg"", ""https://i1.28hse.com/2026/07/20260707220344946866_large.jpg"", ""https://i1.28hse.com/2026/07/202607072203453693054_large.jpg"", ""https://i1.28hse.com/2026/07/20260707220346987003_large.jpg"", ""https://i1.28hse.com/2026/07/202607072203473572639_large.jpg"", ""https://i1.28hse.com/2026/07/202607072203486696406_large.jpg"", ""https://i1.28hse.com/2026/07/202607072203494257356_large.jpg"", ""https://i1.28hse.com/2026/07/202607072203503668024_large.jpg"", ""https://i1.28hse.com/2026/07/202607072203517602645_large.jpg"", ""https://i1.28hse.com/2026/07/202607072203524603453_large.jpg"", ""https://i1.28hse.com/2026/07/202607072203537393707_large.jpg"", ""https://i1.28hse.com/2026/07/202607072203546303085_large.jpg"", ""https://i1.28hse.com/2026/07/202607072203557225708_large.jpg"", ""https://i1.28hse.com/2026/07/202607072203561086747_large.jpg"", ""https://i1.28hse.com/2026/07/202607072203576344507_large.jpg"", ""https://i1.28hse.com/2026/07/202607072203594407909_large.jpg"", ""https://i1.28hse.com/estate_data/63/2508/FLOOR/2508_20231116195928793393_thumb.jpg"", ""https://i1.28hse.com/estate_data/63/2508/UNIT/2508_20231116200054925723_thumb.jpg""]",,,27352,4471,31823,2622000,15833,9657645,5609667,-1892679,3343889,-5236569
3948537,實盤!有匙!,荃灣,私人屋苑/新鴻基,7650000,469,1,,中層,,21,美聯物業,https://i1.28hse.com/2026/07/202607271638527544676_thumb.jpg,https://www.28hse.com/buy/apartment/property-3948537,2026-08-06T17:33:59.496264+00:00,2026-08-06T18:32:20.936661+00:00,爵悅庭,647,新界荃灣爵悅庭 楊屋道90-114號,"街景, 大型屋村, 管理完善",22.366886,114.117111,,,,,,2026-07-27T16:39:41+08:00,2026-07-27T16:39:41+08:00,2026-08-26T16:39:41+08:00,"[""https://i1.28hse.com/2026/07/202607271638528382600_large.jpg"", ""https://i1.28hse.com/2026/07/202607271638525887010_large.jpg"", ""https://i1.28hse.com/2026/07/202607271638538901183_large.jpg"", ""https://i1.28hse.com/2026/07/202607271638537099841_large.jpg"", ""https://i1.28hse.com/2026/07/202607271638534535819_large.jpg"", ""https://i1.28hse.com/estate_data/113/4570/FLOOR/4570_20231121013856955311_thumb.jpg"", ""https://i1.28hse.com/estate_data/113/4570/UNIT/4570_20231121014037528937_thumb.jpg""]",,,27532,4342,31873,2639250,15938,9664908,5646572,-1818037,3343889,-5161926
3812411,極高層 罕有海景 約睇,長沙灣,私人屋苑/香港房協,7650000,456,2,1,高層,,12,千億物業 長沙灣分行,https://i1.28hse.com/2026/04/202604161727441786205_thumb.jpg,https://www.28hse.com/buy/apartment/property-3812411,2026-08-06T17:33:59.496264+00:00,2026-08-06T18:07:13.611130+00:00,喜雅,568,九龍長沙灣喜雅 保安道18號,極高層 罕有海景 約睇,22.336959999999998,114.160393,,,明火煮食,,,2026-07-26T15:00:55+08:00,2026-07-26T15:00:55+08:00,2026-09-24T15:00:55+08:00,"[""https://i1.28hse.com/2026/04/20260416172744276199_large.jpg"", ""https://i1.28hse.com/2026/04/202604161727451070373_large.jpg"", ""https://i1.28hse.com/2026/04/202604161727454216314_large.jpg"", ""https://i1.28hse.com/2026/04/202604161727457917621_large.jpg"", ""https://i1.28hse.com/2026/04/202604161727468031333_large.jpg"", ""https://i1.28hse.com/2026/04/202604161727467271600_large.jpg"", ""https://i1.28hse.com/2026/04/202604161727476810271_large.jpg"", ""https://i1.28hse.com/estate_data/63/6798/FLOOR/6798_20231117010230126656_thumb.jpg"", ""https://i1.28hse.com/estate_data/63/6798/UNIT/6798_20231117010535269896_thumb.jpg""]",,,27532,4283,31815,2639250,15938,9644182,5646572,-1777856,3343889,-5121746
3908846,【 極高層維港景緻 • • 巨廰 一大房• 企理裝修 即買即住】,土瓜灣,私人屋苑/信和,7680000,441,1,1,高層,,27,卓天置業代理有限公司,https://i1.28hse.com/2026/06/202606281245208574585_thumb.jpg,https://www.28hse.com/buy/apartment/property-3908846,2026-08-06T17:33:59.496264+00:00,2026-08-06T18:23:46.982968+00:00,帝庭豪園,560,九龍土瓜灣帝庭豪園 農圃道11號,34綱**歡迎約睇** 交通方便,22.321236,114.187187,,,明火煮食,,,2026-06-28T12:46:16+08:00,2026-07-13T02:10:51+08:00,2026-08-27T12:46:16+08:00,"[""https://i1.28hse.com/2026/06/202606281245213728878_large.jpg"", ""https://i1.28hse.com/2026/06/202606281245572709063_large.jpg"", ""https://i1.28hse.com/2026/06/202606281245188154251_large.jpg"", ""https://i1.28hse.com/2026/06/202606281245222207290_large.jpg"", ""https://i1.28hse.com/2026/06/202606281245533158381_large.jpg"", ""https://i1.28hse.com/2026/06/202606281245544809425_large.jpg"", ""https://i1.28hse.com/2026/06/202606281245553158491_large.jpg"", ""https://i1.28hse.com/2026/06/20260628124555317888_large.jpg""]",,,27640,4224,31864,2649600,16000,9655237,5668716,-1746052,3343889,-5089942
3956548,絕無取巧，遠景，,紅磡,私人屋苑/新鴻基,7680000,442,1,,高層,,26,太陽物業,https://i1.28hse.com/2026/08/202608021616042306210_thumb.jpg,https://www.28hse.com/buy/apartment/property-3956548,2026-08-06T17:33:59.496264+00:00,2026-08-06T17:48:59.980989+00:00,半島豪庭,,九龍紅磡半島豪庭 紅荔道8號,管理完善，廰大房大，用家精選，清雅靚裝，,22.304276,114.184418,,,,,,2026-08-02T15:15:26+08:00,2026-08-02T16:16:07+08:00,2026-10-01T15:15:26+08:00,"[""https://i1.28hse.com/2026/08/202608021515155782805_large.jpg"", ""https://i1.28hse.com/2026/08/202608021515158062050_large.jpg"", ""https://i1.28hse.com/2026/08/202608021515154342631_large.jpg"", ""https://i1.28hse.com/2026/08/202608021515168947562_large.jpg"", ""https://i1.28hse.com/2026/08/202608021515166474656_large.jpg"", ""https://i1.28hse.com/2026/08/202608021515167150424_large.jpg"", ""https://i1.28hse.com/2026/08/202608021515161922986_large.jpg"", ""https://i1.28hse.com/2026/08/202608021515174630844_large.jpg"", ""https://i1.28hse.com/2026/08/202608021515174092531_large.jpg"", ""https://i1.28hse.com/2026/08/202608021515175282769_large.jpg"", ""https://i1.28hse.com/2026/08/202608021515184012662_large.jpg"", ""https://i1.28hse.com/2026/08/202608021515185509995_large.jpg"", ""https://i1.28hse.com/2026/08/202608021515185414220_large.jpg"", ""https://i1.28hse.com/2026/08/202608021515193843105_large.jpg"", ""https://i1.28hse.com/2026/08/202608021515194987241_large.jpg"", ""https://i1.28hse.com/2026/08/202608021515201623189_large.jpg"", ""https://i1.28hse.com/2026/08/20260802151521993003_large.jpg""]",,,27640,4229,31869,2649600,16000,9656831,5668716,-1749143,3343889,-5093032
3935333,"獨家代理,有匙隨看.",荃灣,私人屋苑,7680000,608,3,2,中層,,26,利嘉閣地產有限公司,https://i1.28hse.com/2026/08/202608061057176339198_thumb.jpg,https://www.28hse.com/buy/apartment/property-3935333,2026-08-06T17:33:59.496264+00:00,2026-08-06T18:34:14.623254+00:00,韻濤居,806,新界荃灣韻濤居 青山公路623號,"會所恆溫泳池,間隔實用,歡迎約看.",22.372368,114.103111,,,,,,2026-07-17T12:57:22+08:00,2026-08-06T10:57:45+08:00,2026-08-16T12:57:22+08:00,"[""https://i1.28hse.com/2026/08/202608061057186497793_large.jpg"", ""https://i1.28hse.com/2026/08/202608061057196103325_large.jpg"", ""https://i1.28hse.com/2026/08/202608061057216886016_large.jpg"", ""https://i1.28hse.com/2026/08/202608061057224765142_large.jpg"", ""https://i1.28hse.com/2026/08/202608061057235130954_large.jpg"", ""https://i1.28hse.com/2026/08/20260806105724312160_large.jpg""]",,,27640,4976,32616,2649600,16000,9921489,5668716,-2262218,3343889,-5606108
3936692,四小龍｜泓景臺 高層靚景 【同區換樓必睇】《兩房筍盤》《齊盤鎖匙盤即約即睇》,荔枝角,私人屋苑/長實,7680000,469,2,1,中層,,23,榮利地產,https://i1.28hse.com/2026/07/202607211151595793613_thumb.jpg,https://www.28hse.com/buy/apartment/property-3936692,2026-08-06T17:33:59.496264+00:00,2026-08-06T18:10:25.619684+00:00,泓景臺,644,九龍荔枝角泓景臺 荔枝角道863號,"24小時在線查詢 專車接送
首次置業 免費查詢資料
售前壓測 首期供款計算
銀行按揭上會
免費法律咨詢 律師轉介
無論買樓自住，投資升值，區內換樓，放盤收租專業貼心一站式服務！",22.334477999999997,114.14759799999999,,,,,,2026-07-18T03:59:17+08:00,2026-07-21T11:52:50+08:00,2026-09-16T03:59:17+08:00,"[""https://i1.28hse.com/2026/07/202607211152006574254_large.jpg"", ""https://i1.28hse.com/2026/07/202607211152014922285_large.jpg"", ""https://i1.28hse.com/2026/07/202607211152027146796_large.jpg"", ""https://i1.28hse.com/2026/07/202607211152036785713_large.jpg"", ""https://i1.28hse.com/2026/07/202607211152034102129_large.jpg"", ""https://i1.28hse.com/2026/07/202607211152053678681_large.jpg"", ""https://i1.28hse.com/estate_data/64/2451/FLOOR/2451_20231116195542539996_thumb.jpg"", ""https://i1.28hse.com/estate_data/64/2451/UNIT/2451_20231116195822312828_thumb.jpg""]",,,27640,4350,31990,2649600,16000,9699878,5668716,-1832595,3343889,-5176484
3922666,【738萬】大大間兩房 可以睇樓,長沙灣,私人屋苑/恒基,7680000,501,2,1,中層,,17,美聯物業代理有限公司,https://i1.28hse.com/2026/07/202607072231165930648_thumb.jpg,https://www.28hse.com/buy/apartment/property-3922666,2026-08-06T17:33:59.496264+00:00,2026-08-06T18:08:18.199607+00:00,星匯居,665,九龍長沙灣星匯居 通州街500號,"歡迎24小時致電或what's app查詢
️ 提供專業 親切 誠懇一條龍服務
屋苑最新成交紀錄
二手筍盤推介
買賣/租賃流程及所有開支講解
銀行估價，按揭壓力測試，首期和供款細節, 免費按揭轉介
律師行介紹及免費法律諮詢
全港一手新盤資訊免費專車接送睇樓
售後服務包括：水,電,煤,差餉,地租轉名, 驗樓等...
盤源充足
承諾跟貼底價 您的置業好幫手
多個查詢，多個筍盤機會",22.333087999999996,114.15228300000001,,,,,,2026-07-07T22:31:18+08:00,2026-07-07T22:31:18+08:00,2026-08-06T22:31:18+08:00,"[""https://i1.28hse.com/2026/07/202607072231171874185_large.jpg"", ""https://i1.28hse.com/2026/07/202607072231173702151_large.jpg"", ""https://i1.28hse.com/2026/07/202607072231171122484_large.jpg"", ""https://i1.28hse.com/2026/07/20260707223118109798_large.jpg"", ""https://i1.28hse.com/estate_data/63/2508/FLOOR/2508_20231116195928793393_thumb.jpg"", ""https://i1.28hse.com/estate_data/63/2508/UNIT/2508_20231116200054925723_thumb.jpg""]",,,27640,4494,32134,2649600,16000,9750896,5668716,-1931501,3343889,-5275391
3931848,【738萬】大大間兩房 可以睇樓,長沙灣,私人屋苑/恒基,7680000,501,2,1,中層,,17,美聯物業代理有限公司,https://i1.28hse.com/2026/07/202607141633584400136_thumb.jpg,https://www.28hse.com/buy/apartment/property-3931848,2026-08-06T17:33:59.496264+00:00,2026-08-06T18:07:50.478844+00:00,星匯居,665,九龍長沙灣星匯居 通州街500號,"歡迎24小時致電或what's app查詢
️ 提供專業 親切 誠懇一條龍服務
屋苑最新成交紀錄
二手筍盤推介
買賣/租賃流程及所有開支講解
銀行估價，按揭壓力測試，首期和供款細節, 免費按揭轉介
律師行介紹及免費法律諮詢
全港一手新盤資訊免費專車接送睇樓
售後服務包括：水,電,煤,差餉,地租轉名, 驗樓等...
盤源充足
承諾跟貼底價 您的置業好幫手
多個查詢，多個筍盤機會",22.333088,114.152283,,,,,,2026-07-14T16:34:00+08:00,2026-07-14T16:34:00+08:00,2026-08-13T16:34:00+08:00,"[""https://i1.28hse.com/2026/07/202607141633586838960_large.jpg"", ""https://i1.28hse.com/2026/07/202607141633584159567_large.jpg"", ""https://i1.28hse.com/2026/07/202607141633594244042_large.jpg"", ""https://i1.28hse.com/2026/07/20260714163359288766_large.jpg"", ""https://i1.28hse.com/estate_data/63/2508/FLOOR/2508_20231116195928793393_thumb.jpg"", ""https://i1.28hse.com/estate_data/63/2508/UNIT/2508_20231116200054925723_thumb.jpg""]",,,27640,4494,32134,2649600,16000,9750896,5668716,-1931501,3343889,-5275391
3945952,鄰近港鐵，生活便利,長沙灣,私人屋苑/中國恒大,7680000,435,2,1,高層,開放式廚房,5,喜居物業(宇宙商場),https://i1.28hse.com/2026/07/202607251258382313362_thumb.jpg,https://www.28hse.com/buy/apartment/property-3945952,2026-08-06T17:33:59.496264+00:00,2026-08-06T18:07:16.264093+00:00,睿峰,,九龍長沙灣睿峰 東京街29 號,起居購物超方便，高級住客會所,22.336008,114.158035,,,,,,2026-07-25T13:00:11+08:00,2026-07-25T13:00:11+08:00,2026-09-23T13:00:11+08:00,"[""https://i1.28hse.com/2026/07/202607251258388269780_large.jpg"", ""https://i1.28hse.com/2026/07/202607251258398316089_large.jpg"", ""https://i1.28hse.com/2026/07/202607251258398099353_large.jpg"", ""https://i1.28hse.com/2026/07/202607251258405884227_large.jpg"", ""https://i1.28hse.com/2026/07/202607251258405219351_large.jpg"", ""https://i1.28hse.com/2026/07/20260725125840427281_large.jpg"", ""https://i1.28hse.com/estate_data/63/23218/FLOOR/23218_20231221163517616238_thumb.jpg"", ""https://i1.28hse.com/estate_data/63/23218/UNIT/23218_20231221163617568671_thumb.jpg""]",,,27640,4198,31837,2649600,16000,9645671,5668716,-1727507,3343889,-5071397
3882748,高層開楊，有裝修，市場罕有,紅磡,私人屋苑/新鴻基,7700000,442,1,,高層,,26,太陽物業,https://i1.28hse.com/2026/06/20260608201503660269_thumb.jpg,https://www.28hse.com/buy/apartment/property-3882748,2026-08-06T17:33:59.496264+00:00,2026-08-06T17:51:42.782678+00:00,半島豪庭,,九龍紅磡半島豪庭 紅荔道8號,"黃埔專員:何生 IVAN WhatsApp
*《歡迎業主委託放盤》
*大量黃埔區筍盤，大量買盤租盤，歡迎約睇
專營: 黃埔花園，海逸豪園，海濱南岸，黃埔新村，半島豪庭及全港一手物業
供專業親切誠懇嘅一條龍服務
首次置業
售前壓測,首期,供款計算
銀行按揭上會
法律咨詢
律師轉介
24小時為你服務，一個電話幫到你",22.304276,114.184418,,,,,,2026-06-08T20:15:10+08:00,2026-07-03T15:15:03+08:00,2026-08-07T20:15:10+08:00,"[""https://i1.28hse.com/2026/06/202606082015033323198_large.jpg"", ""https://i1.28hse.com/2026/06/202606082015046198507_large.jpg"", ""https://i1.28hse.com/2026/06/202606082015047926505_large.jpg"", ""https://i1.28hse.com/2026/06/202606082015041838616_large.jpg"", ""https://i1.28hse.com/2026/06/202606082015051844616_large.jpg"", ""https://i1.28hse.com/2026/06/202606082015054956285_large.jpg"", ""https://i1.28hse.com/2026/06/202606082015057478147_large.jpg"", ""https://i1.28hse.com/2026/06/202606082015061662783_large.jpg""]",,,27712,4235,31947,2656500,16042,9680144,5683478,-1758848,3343889,-5102738
3963992,高層開楊，有裝修，市場罕有,紅磡,私人屋苑/新鴻基,7700000,442,1,,高層,,26,太陽物業,https://i1.28hse.com/2026/08/202608071615044771292_thumb.jpg,https://www.28hse.com/buy/apartment/property-3963992,2026-08-07T16:19:46.780897+00:00,2026-08-07T16:20:56.991211+00:00,半島豪庭,,九龍紅磡半島豪庭 紅荔道8號,"黃埔專員:何生 IVAN WhatsApp
*《歡迎業主委託放盤》
*大量黃埔區筍盤，大量買盤租盤，歡迎約睇
專營: 黃埔花園，海逸豪園，海濱南岸，黃埔新村，半島豪庭及全港一手物業
供專業親切誠懇嘅一條龍服務
首次置業
售前壓測,首期,供款計算
銀行按揭上會
法律咨詢
律師轉介
24小時為你服務，一個電話幫到你",22.304276,114.184418,,,,,,2026-08-07T16:15:13+08:00,2026-08-07T16:15:13+08:00,2026-10-06T16:15:13+08:00,"[""https://i1.28hse.com/2026/08/202608071615053366559_large.jpg"", ""https://i1.28hse.com/2026/08/202608071615068187514_large.jpg"", ""https://i1.28hse.com/2026/08/202608071615062006567_large.jpg"", ""https://i1.28hse.com/2026/08/202608071615065198161_large.jpg"", ""https://i1.28hse.com/2026/08/202608071615066399902_large.jpg"", ""https://i1.28hse.com/2026/08/202608071615074383240_large.jpg"", ""https://i1.28hse.com/2026/08/202608071615071184301_large.jpg"", ""https://i1.28hse.com/2026/08/202608071615097037657_large.jpg""]",,,27712,4235,31947,2656500,16042,9680144,5683478,-1758848,3343889,-5102738
3892077,罕有兩房# 有誠意 可議價,荃灣,私人屋苑,7700000,634,1,,中層,,22,中原地產代理限公司,https://i1.28hse.com/2026/06/202606241506032681027_thumb.jpg,https://www.28hse.com/buy/apartment/property-3892077,2026-08-06T17:33:59.496264+00:00,2026-08-06T18:38:09.286776+00:00,朗逸峰 第二期,1220,新界荃灣朗逸峰第二期 荃錦公路108號,"筍價出售, 內園景, 旺中帶靜",22.384714,114.110497,,,,,,2026-06-15T13:48:12+08:00,2026-07-14T16:54:36+08:00,2026-08-14T13:48:12+08:00,"[""https://i1.28hse.com/2026/06/202606241506037163490_large.jpg"", ""https://i1.28hse.com/2026/06/202606241506044916834_large.jpg"", ""https://i1.28hse.com/2026/06/202606241506043333214_large.jpg"", ""https://i1.28hse.com/2026/06/202606241506046485147_large.jpg""]",,,27712,5099,32811,2656500,16042,9986254,5683478,-2352285,3343889,-5696174
3949036,名牌屋苑 用料上乘,荃灣,私人屋苑/新世界,7700000,388,1,,中層,,8,中原地產,https://i1.28hse.com/2026/07/202607272228166593673_thumb.jpg,https://www.28hse.com/buy/apartment/property-3949036,2026-08-06T17:33:59.496264+00:00,2026-08-06T18:32:16.116516+00:00,柏傲灣,,新界荃灣柏傲灣 永順街51號,價錢可議/ 可出租$20500,22.366022000000005,114.11268599999997,,,,,,2026-07-27T22:37:16+08:00,2026-07-27T22:37:16+08:00,2026-08-26T22:37:16+08:00,"[""https://i1.28hse.com/2026/07/202607272228184467305_large.jpg"", ""https://i1.28hse.com/2026/07/202607272228205187512_large.jpg"", ""https://i1.28hse.com/2026/07/202607272228214620465_large.jpg"", ""https://i1.28hse.com/2026/07/202607272228237661526_large.jpg"", ""https://i1.28hse.com/2026/07/202607272228244567033_large.jpg"", ""https://i1.28hse.com/2026/07/202607272228166593673_large.jpg"", ""https://i1.28hse.com/estate_data/113/22100/FLOOR/22100_20240208104550263982_thumb.jpg"", ""https://i1.28hse.com/estate_data/113/22100/UNIT/22100_20240208104719989682_thumb.jpg""]",,,27712,3992,31704,2656500,16042,9594050,5683478,-1591944,3343889,-4935834
3959824,"♚♛靚開揚,西站高層海景一房▛ 價錢好商量> ▟ 大量實盤，歡迎約睇",荃灣,私人屋苑/長實/低水,7700000,393,1,1,高層,,8,中原地產代理有限公司,https://i1.28hse.com/2026/08/202608041730151014226_thumb.jpg,https://www.28hse.com/buy/apartment/property-3959824,2026-08-06T17:33:59.496264+00:00,2026-08-06T18:30:35.265626+00:00,海之戀 海之戀,,新界荃灣海之戀海之戀 大河道100號,"大量實盤,歡迎致電WHATSAPP查詢
大量實盤,歡迎致電WHATSAPP查詢
大量實盤,歡迎致電WHATSAPP查詢
大量實盤,歡迎致電WHATSAPP查詢
間隔分明,優質管理，保安嚴密
安全可靠，社區配套成
熟，交通四通八達，衣食住行齊全。",22.369368,114.112411,,,,,,2026-08-04T17:28:59+08:00,2026-08-04T19:06:23+08:00,2026-09-03T17:28:59+08:00,"[""https://i1.28hse.com/2026/08/202608041730166847581_large.jpg"", ""https://i1.28hse.com/2026/08/202608041730168322184_large.jpg"", ""https://i1.28hse.com/2026/08/202608041730165478604_large.jpg"", ""https://i1.28hse.com/2026/08/20260804173016890863_large.jpg"", ""https://i1.28hse.com/2026/08/202608041730178229955_large.jpg"", ""https://i1.28hse.com/2026/08/202608041730176380076_large.jpg"", ""https://i1.28hse.com/estate_data/113/22280/FLOOR/22280_20231127201526865681_thumb.jpg"", ""https://i1.28hse.com/estate_data/113/22280/UNIT/22280_20231121131930244888_thumb.jpg""]",,,27712,4014,31726,2656500,16042,9602022,5683478,-1607398,3343889,-4951288
3900255,"748兩房""四喜筍盤推介""開揚有裝""實用靚則,即睇",長沙灣,私人屋苑/香港房協,7700000,518,2,1,中層,,11,香港置業,https://i1.28hse.com/2026/06/20260621150658415753_thumb.jpg,https://www.28hse.com/buy/apartment/property-3900255,2026-08-06T17:33:59.496264+00:00,2026-08-06T18:08:56.435789+00:00,喜盈,,九龍長沙灣喜盈 青山道400號,SUNNIE,22.339849,114.15477,,,,,,2026-06-21T15:07:22+08:00,2026-07-02T18:05:34+08:00,2026-08-20T15:07:22+08:00,"[""https://i1.28hse.com/2026/06/202606211507008337132_large.jpg"", ""https://i1.28hse.com/2026/06/202606211506594979665_large.jpg"", ""https://i1.28hse.com/2026/06/202606211507005999114_large.jpg"", ""https://i1.28hse.com/2026/06/20260621150659386217_large.jpg"", ""https://i1.28hse.com/2026/06/202606211506591226294_large.jpg"", ""https://i1.28hse.com/estate_data/63/8540/FLOOR/8540_20231117022225478392_thumb.jpg"", ""https://i1.28hse.com/estate_data/63/8540/UNIT/8540_20231117022306736536_thumb.jpg""]",,,27712,4577,32289,2656500,16042,9801313,5683478,-1993750,3343889,-5337640
3905780,長沙灣站 梗厨大兩房 有匙即看,長沙灣,私人屋苑/香港房協,7700000,518,2,1,中層,,11,香港置業西九龍,https://i1.28hse.com/2026/06/202606251833433207648_thumb.jpg,https://www.28hse.com/buy/apartment/property-3905780,2026-08-06T17:33:59.496264+00:00,2026-08-06T18:08:47.498602+00:00,喜盈,,九龍長沙灣喜盈 青山道400號,748 市區長沙灣站 梗厨大兩房 有匙即看,22.339849,114.15477,,,明火煮食,,,2026-06-25T18:35:22+08:00,2026-07-23T14:17:28+08:00,2026-08-24T18:35:22+08:00,"[""https://i1.28hse.com/2026/06/202606251833434736554_large.jpg"", ""https://i1.28hse.com/2026/06/202606251833431957267_large.jpg"", ""https://i1.28hse.com/2026/06/202606251833424012002_large.jpg"", ""https://i1.28hse.com/2026/06/202606251833424618792_large.jpg"", ""https://i1.28hse.com/2026/06/202606251833424158018_large.jpg"", ""https://i1.28hse.com/estate_data/63/8540/FLOOR/8540_20231117022225478392_thumb.jpg"", ""https://i1.28hse.com/estate_data/63/8540/UNIT/8540_20231117022306736536_thumb.jpg""]",,,27712,4577,32289,2656500,16042,9801313,5683478,-1993750,3343889,-5337640
3907845,全城力谷，長沙灣最筍，有票再減，有匙即看,長沙灣,私人屋苑/香港房協,7700000,518,2,,中層,,11,香港置業,https://i1.28hse.com/2026/06/202606271358326813806_thumb.jpg,https://www.28hse.com/buy/apartment/property-3907845,2026-08-06T17:33:59.496264+00:00,2026-08-06T18:08:43.963403+00:00,喜盈,,九龍長沙灣喜盈 青山道400號,對流通風，企理裝修，梗廚。,22.339848999999994,114.15476999999996,,,,,,2026-06-27T14:07:18+08:00,2026-07-19T18:42:39+08:00,2026-08-26T14:07:18+08:00,"[""https://i1.28hse.com/2026/06/20260627135832333794_large.jpg"", ""https://i1.28hse.com/2026/06/202606271358327918003_large.jpg"", ""https://i1.28hse.com/2026/06/202606271358326263205_large.jpg"", ""https://i1.28hse.com/2026/06/202606271358331013267_large.jpg"", ""https://i1.28hse.com/estate_data/63/8540/FLOOR/8540_20231117022225478392_thumb.jpg"", ""https://i1.28hse.com/estate_data/63/8540/UNIT/8540_20231117022306736536_thumb.jpg""]",,,27712,4577,32289,2656500,16042,9801313,5683478,-1993750,3343889,-5337640
3913905,誠意出讓,長沙灣,私人屋苑/香港房協,7700000,518,2,,中層,,11,香港置業,https://i1.28hse.com/2026/07/202607021242254498714_thumb.jpg,https://www.28hse.com/buy/apartment/property-3913905,2026-08-06T17:33:59.496264+00:00,2026-08-06T18:08:34.005109+00:00,喜盈,,九龍長沙灣喜盈 青山道400號,歡迎來電查詢約睇,22.339849,114.15477,,,,,,2026-07-02T12:42:25+08:00,2026-08-02T11:31:53+08:00,2026-08-31T12:42:25+08:00,[],,,27712,4577,32289,2656500,16042,9801313,5683478,-1993750,3343889,-5337640
3937543,【2房梗廚】【可試758萬有票儘傾】【市場難求】【長沙灣核心地段】,長沙灣,私人屋苑/香港房協,7700000,518,2,,中層,,11,中原地產代理有限公司,https://i1.28hse.com/2026/07/202607181749038208507_thumb.jpg,https://www.28hse.com/buy/apartment/property-3937543,2026-08-06T17:33:59.496264+00:00,2026-08-06T18:07:40.051050+00:00,喜盈,,九龍長沙灣喜盈 青山道400號,"歡迎致電 / Whatsapp / WeChat 查詢
專營西九龍一二手買賣及租務
驗樓 裝修 銀行按揭估價 律師專業服務 室內設計 傢俬訂製 驗窗服務 家居保險 成交後代理放盤 租務管理 一站式服務",22.339848999999997,114.15476999999998,,,,,,2026-07-18T17:49:07+08:00,2026-07-21T21:29:35+08:00,2026-09-16T17:49:07+08:00,"[""https://i1.28hse.com/2026/07/202607181749034853032_large.jpg"", ""https://i1.28hse.com/2026/07/202607181749047945471_large.jpg"", ""https://i1.28hse.com/2026/07/202607181749044670748_large.jpg"", ""https://i1.28hse.com/2026/07/202607181749047585507_large.jpg"", ""https://i1.28hse.com/2026/07/202607181749058571427_large.jpg"", ""https://i1.28hse.com/2026/07/202607181749053221921_large.jpg"", ""https://i1.28hse.com/2026/07/202607181749067797087_large.jpg"", ""https://i1.28hse.com/2026/07/202607181749062609995_large.jpg"", ""https://i1.28hse.com/2026/07/202607181749065969036_large.jpg"", ""https://i1.28hse.com/2026/07/20260718174907595776_large.jpg"", ""https://i1.28hse.com/estate_data/63/8540/FLOOR/8540_20231117022225478392_thumb.jpg"", ""https://i1.28hse.com/estate_data/63/8540/UNIT/8540_20231117022306736536_thumb.jpg""]",,,27712,4577,32289,2656500,16042,9801313,5683478,-1993750,3343889,-5337640
3943843,《梗廚 明廁 14xxx/呎 不睇就走寶》,長沙灣,私人屋苑/香港房協,7700000,518,2,,中層,,11,香港置業西九龍,https://i1.28hse.com/2026/07/202607231817345009615_thumb.jpg,https://www.28hse.com/buy/apartment/property-3943843,2026-08-06T17:33:59.496264+00:00,2026-08-06T18:07:19.313420+00:00,喜盈,,九龍長沙灣喜盈 青山道400號,隨時參觀,22.339849,114.15477,,,,,,2026-07-23T18:17:50+08:00,2026-07-23T18:22:08+08:00,2026-09-21T18:17:50+08:00,"[""https://i1.28hse.com/2026/07/202607231817348109781_large.jpg"", ""https://i1.28hse.com/2026/07/202607231817347452088_large.jpg"", ""https://i1.28hse.com/2026/07/202607231817354202202_large.jpg"", ""https://i1.28hse.com/2026/07/202607231817357812522_large.jpg"", ""https://i1.28hse.com/2026/07/202607231817366613253_large.jpg"", ""https://i1.28hse.com/2026/07/20260723181736995247_large.jpg"", ""https://i1.28hse.com/2026/07/202607231817391523271_large.jpg"", ""https://i1.28hse.com/2026/07/202607231817397758055_large.jpg"", ""https://i1.28hse.com/estate_data/63/8540/FLOOR/8540_20231117022225478392_thumb.jpg"", ""https://i1.28hse.com/estate_data/63/8540/UNIT/8540_20231117022306736536_thumb.jpg""]",,,27712,4577,32289,2656500,16042,9801313,5683478,-1993750,3343889,-5337640
3945327,鄰近港鐵，交通便利，購物方便,長沙灣,私人屋苑/香港房協,7700000,518,2,1,中層,,11,喜居物業(宇宙商場),https://i1.28hse.com/2026/07/202607241822455831583_thumb.jpg,https://www.28hse.com/buy/apartment/property-3945327,2026-08-06T17:33:59.496264+00:00,2026-08-06T18:07:16.948859+00:00,喜盈,,九龍長沙灣喜盈 青山道400號,兩房兩廳，高樓底，間隔靚,22.339849,114.15477,,,,,,2026-07-24T18:24:39+08:00,2026-07-24T18:24:39+08:00,2026-09-22T18:24:39+08:00,"[""https://i1.28hse.com/2026/07/202607241822466854163_large.jpg"", ""https://i1.28hse.com/2026/07/202607241822465903280_large.jpg"", ""https://i1.28hse.com/2026/07/202607241822477991623_large.jpg"", ""https://i1.28hse.com/2026/07/202607241822488869083_large.jpg"", ""https://i1.28hse.com/2026/07/20260724182249724411_large.jpg"", ""https://i1.28hse.com/2026/07/202607241822498788088_large.jpg"", ""https://i1.28hse.com/2026/07/202607241822507530230_large.jpg"", ""https://i1.28hse.com/2026/07/202607241822511774744_large.jpg"", ""https://i1.28hse.com/estate_data/63/8540/FLOOR/8540_20231117022225478392_thumb.jpg"", ""https://i1.28hse.com/estate_data/63/8540/UNIT/8540_20231117022306736536_thumb.jpg""]",,,27712,4577,32289,2656500,16042,9801313,5683478,-1993750,3343889,-5337640
3954265,企理實用，方便梗廚，可睇,長沙灣,私人屋苑/香港房協,7700000,518,2,1,,,11,中原地產-營盤街分行,https://i1.28hse.com/2026/07/20260731205112694602_thumb.jpg,https://www.28hse.com/buy/apartment/property-3954265,2026-08-06T17:33:59.496264+00:00,2026-08-06T18:06:45.820442+00:00,喜盈,,九龍長沙灣喜盈 青山道400號,"簡單裝修, 價錢可議, 吉售",22.339849,114.15477,,,,,,2026-07-31T20:51:20+08:00,2026-07-31T20:51:20+08:00,2026-08-30T20:51:20+08:00,"[""https://i1.28hse.com/2026/07/202607312051124111825_large.jpg"", ""https://i1.28hse.com/2026/07/202607312051122178659_large.jpg"", ""https://i1.28hse.com/2026/07/202607312051122874921_large.jpg"", ""https://i1.28hse.com/2026/07/202607312051121091539_large.jpg"", ""https://i1.28hse.com/2026/07/202607312051136622207_large.jpg"", ""https://i1.28hse.com/estate_data/63/8540/FLOOR/8540_20231117022225478392_thumb.jpg"", ""https://i1.28hse.com/estate_data/63/8540/UNIT/8540_20231117022306736536_thumb.jpg""]",,,27712,4577,32289,2656500,16042,9801313,5683478,-1993750,3343889,-5337640
3954296,【730萬】·有匙】【四喜最平兩房】,長沙灣,私人屋苑/香港房協,7700000,518,2,2,中層,,11,美聯物業代理有限公司,https://i1.28hse.com/2026/07/202607312114552421184_thumb.jpg,https://www.28hse.com/buy/apartment/property-3954296,2026-08-06T17:33:59.496264+00:00,2026-08-06T18:06:45.127627+00:00,喜盈,,九龍長沙灣喜盈 青山道400號,"歡迎24小時致電或what's app查詢
️ 提供專業 親切 誠懇一條龍服務
屋苑最新成交紀錄
二手筍盤推介
買賣/租賃流程及所有開支講解
銀行估價，按揭壓力測試，首期和供款細節, 免費按揭轉介
律師行介紹及免費法律諮詢
全港一手新盤資訊免費專車接送睇樓
售後服務包括：水,電,煤,差餉,地租轉名, 驗樓等...
盤源充足
承諾跟貼底價 您的置業好幫手
多個查詢，多個筍盤機會",22.339848999999994,114.15476999999996,,,,,,2026-07-31T21:14:57+08:00,2026-07-31T21:14:57+08:00,2026-08-30T21:14:57+08:00,"[""https://i1.28hse.com/2026/07/202607312114567374325_large.jpg"", ""https://i1.28hse.com/2026/07/202607312114566574241_large.jpg"", ""https://i1.28hse.com/2026/07/202607312114568473860_large.jpg"", ""https://i1.28hse.com/2026/07/202607312114572681284_large.jpg"", ""https://i1.28hse.com/estate_data/63/8540/FLOOR/8540_20231117022225478392_thumb.jpg"", ""https://i1.28hse.com/estate_data/63/8540/UNIT/8540_20231117022306736536_thumb.jpg""]",,,27712,4577,32289,2656500,16042,9801313,5683478,-1993750,3343889,-5337640
3955845,【730萬】·有匙】【四喜最平兩房】,長沙灣,私人屋苑/香港房協,7700000,518,2,2,中層,,11,美聯物業代理有限公司,https://i1.28hse.com/2026/08/202608012253466268444_thumb.jpg,https://www.28hse.com/buy/apartment/property-3955845,2026-08-06T17:33:59.496264+00:00,2026-08-06T18:06:40.011399+00:00,喜盈,,九龍長沙灣喜盈 青山道400號,"歡迎24小時致電或what's app查詢
️ 提供專業 親切 誠懇一條龍服務
屋苑最新成交紀錄
二手筍盤推介
買賣/租賃流程及所有開支講解
銀行估價，按揭壓力測試，首期和供款細節, 免費按揭轉介
律師行介紹及免費法律諮詢
全港一手新盤資訊免費專車接送睇樓
售後服務包括：水,電,煤,差餉,地租轉名, 驗樓等...
盤源充足
承諾跟貼底價 您的置業好幫手
多個查詢，多個筍盤機會",22.339848999999994,114.15476999999996,,,,,,2026-08-01T22:53:47+08:00,2026-08-01T22:53:47+08:00,2026-08-31T22:53:47+08:00,"[""https://i1.28hse.com/2026/08/202608012253461188127_large.jpg"", ""https://i1.28hse.com/2026/08/202608012253468068363_large.jpg"", ""https://i1.28hse.com/2026/08/202608012253466004196_large.jpg"", ""https://i1.28hse.com/2026/08/202608012253474488073_large.jpg"", ""https://i1.28hse.com/estate_data/63/8540/FLOOR/8540_20231117022225478392_thumb.jpg"", ""https://i1.28hse.com/estate_data/63/8540/UNIT/8540_20231117022306736536_thumb.jpg""]",,,27712,4577,32289,2656500,16042,9801313,5683478,-1993750,3343889,-5337640
3895223,【1房】 極高層50樓UP ♡西南海景♡好客可議♡有匙即睇♡,荃灣,私人屋苑/長實,7710000,393,1,1,高層,,8,中原地產,https://i1.28hse.com/2026/06/202606171656251519580_thumb.jpg,https://www.28hse.com/buy/apartment/property-3895223,2026-08-06T17:33:59.496264+00:00,2026-08-06T18:37:48.676301+00:00,海之戀 海之戀,,新界荃灣海之戀海之戀 大河道100號,"會所Club Trio位於6樓平台
並分三個不同的區域The Pearl、The Mable及The Coral：
面積約5.1萬平方呎，設30項康樂設施。
包括:：
長達約40米戶外泳池、健身室、兒童設施、宴會廳、鋼琴室、VR等潮流玩意設施、麻雀室等。",22.369368,114.112411,,,,,,2026-06-17T16:46:00+08:00,2026-07-31T18:19:48+08:00,2026-08-16T16:46:00+08:00,"[""https://i1.28hse.com/2026/06/202606171649598957941_large.jpg"", ""https://i1.28hse.com/2026/06/202606171649368650026_large.jpg"", ""https://i1.28hse.com/2026/06/20260617164942627401_large.jpg"", ""https://i1.28hse.com/2026/06/202606171649245857245_large.jpg"", ""https://i1.28hse.com/2026/06/202606171649311013646_large.jpg"", ""https://i1.28hse.com/2026/06/202606171649486469022_large.jpg"", ""https://i1.28hse.com/2026/06/202606171649544550182_large.jpg"", ""https://i1.28hse.com/2026/06/202606171650044690216_large.jpg"", ""https://i1.28hse.com/2026/06/202606171650093168341_large.jpg"", ""https://i1.28hse.com/estate_data/113/22280/FLOOR/22280_20231127201526865681_thumb.jpg"", ""https://i1.28hse.com/estate_data/113/22280/UNIT/22280_20231121131930244888_thumb.jpg""]",,,27748,4017,31765,2659950,16062,9613678,5690859,-1612251,3343889,-4956141
3925443,"有裝修,2房荀盤",長沙灣,私人屋苑/中國恒大,7760000,435,2,1,高層,,5,利嘉閣地產有限公司,https://i1.28hse.com/2026/07/202607091909523816620_thumb.jpg,https://www.28hse.com/buy/apartment/property-3925443,2026-08-06T17:33:59.496264+00:00,2026-08-06T18:08:07.566816+00:00,睿峰,,九龍長沙灣睿峰 東京街29 號,"有裝修,2房荀盤",22.336008,114.158035,,,,,,2026-07-09T19:10:04+08:00,2026-07-26T20:32:42+08:00,2026-09-07T19:10:04+08:00,"[""https://i1.28hse.com/2026/07/202607091909534973153_large.jpg"", ""https://i1.28hse.com/2026/07/202607091909522258464_large.jpg"", ""https://i1.28hse.com/2026/07/202607091909536814805_large.jpg"", ""https://i1.28hse.com/2026/07/202607091909546436009_large.jpg"", ""https://i1.28hse.com/estate_data/63/23218/FLOOR/23218_20231221163517616238_thumb.jpg"", ""https://i1.28hse.com/estate_data/63/23218/UNIT/23218_20231221163617568671_thumb.jpg""]",,,27928,4221,32148,2677200,16167,9738922,5727765,-1766329,3343889,-5110218
3955404,"41校綱,9年樓齡,1房高層,高級會所,宋王臺站B2出口步行5分鐘,歡迎來電約睇",九龍城,洋樓/單幢式大廈,7780000,379,1,,,,9,富榮地產代理,https://i1.28hse.com/2026/08/20260801175009769393_thumb.jpg,https://www.28hse.com/buy/apartment/property-3955404,2026-08-06T17:33:59.496264+00:00,2026-08-06T18:18:26.881609+00:00,文曜,,九龍九龍城文曜 聯合道18號,"入伙日期由5/2016開始。文曜提供92個單位。文曜的實用面積由379呎至2183呎。小學校網為41。中學校網為九龍城區。,管理完善,仲量聯行物業管理有限公司,快者得!歡迎來電約睇JENNY",22.328108,114.187119,,,,,,2026-08-01T17:50:12+08:00,2026-08-01T17:58:26+08:00,2026-08-31T17:50:12+08:00,"[""https://i1.28hse.com/2026/08/202608011750106908369_large.jpg"", ""https://i1.28hse.com/2026/08/202608011750104794326_large.jpg"", ""https://i1.28hse.com/2026/08/202608011750104148840_large.jpg"", ""https://i1.28hse.com/2026/08/202608011750118190604_large.jpg"", ""https://i1.28hse.com/2026/08/202608011750117433424_large.jpg"", ""https://i1.28hse.com/2026/08/202608011750116971204_large.jpg""]",,,28000,3975,31974,2684100,16208,9672953,5742527,-1602949,3343889,-4946838
3927611,【可試$760萬】獨家盤【有票盡傾】,荔枝角,私人屋苑/新鴻基,7780000,445,2,,中層,,21,美聯物業代理有限公司,https://i1.28hse.com/2026/07/202607111233108420028_thumb.jpg,https://www.28hse.com/buy/apartment/property-3927611,2026-08-06T17:33:59.496264+00:00,2026-08-06T18:10:49.170148+00:00,宇晴軒,635,九龍荔枝角宇晴軒 深盛道9號,"本人均可為貴客提供一條龍，買賣及售後服務
24小時在線查詢
專車接送
首次置業 免費查詢資料
售前壓測，首期，供款計算
銀行按揭上會
售前壓測，首期，供款計算
免費法律咨詢
律師轉介
水電煤，差餉，地租轉名
專業貼心一站式服務
無論買樓自住，投資升值，區內換樓，放盤收租",22.334702,114.14954399999999,,,,,,2026-07-11T12:33:12+08:00,2026-07-11T12:33:26+08:00,2026-08-10T12:33:12+08:00,"[""https://i1.28hse.com/2026/07/202607111233108018542_large.jpg"", ""https://i1.28hse.com/2026/07/202607111233102971634_large.jpg"", ""https://i1.28hse.com/2026/07/202607111233117621790_large.jpg"", ""https://i1.28hse.com/2026/07/202607111233114911208_large.jpg"", ""https://i1.28hse.com/2026/07/202607111233122654013_large.jpg"", ""https://i1.28hse.com/2026/07/202607111233126760171_large.jpg""]",,,28000,4272,32271,2684100,16208,9778178,5742527,-1806943,3343889,-5150832
3933437,【778萬唔洗住一樓】【見票即走】【市埸最筍】,荔枝角,私人屋苑/新鴻基,7780000,445,2,1,中層,,21,美聯物業代理有限公司,https://i1.28hse.com/2026/07/202607151903268952770_thumb.jpg,https://www.28hse.com/buy/apartment/property-3933437,2026-08-06T17:33:59.496264+00:00,2026-08-06T18:10:40.239141+00:00,宇晴軒,635,九龍荔枝角宇晴軒 深盛道9號,"歡迎致電 / Whatsapp / WeChat 查詢
致電Jimmy Yiu : *24小時 即時回覆
微信號：J2mmyiu
另有同區不同筍盤供閣下比較!
24小時為你提供專業意見服務
並提供一站式服務:
●免費物業按揭服務
●免費物業轉按查詢
●專車接送各區睇樓參觀
●完善售後服務
●專業法律意見等等
五星級服務必定能協助你輕鬆置業安家！",22.334702,114.149544,,,,,,2026-07-15T18:32:27+08:00,2026-07-15T19:03:53+08:00,2026-08-14T18:32:27+08:00,"[""https://i1.28hse.com/2026/07/20260715190325523631_large.jpg"", ""https://i1.28hse.com/2026/07/202607151903233248084_large.jpg"", ""https://i1.28hse.com/2026/07/202607151903236953433_large.jpg"", ""https://i1.28hse.com/2026/07/202607151903231931954_large.jpg"", ""https://i1.28hse.com/2026/07/202607151903246424841_large.jpg"", ""https://i1.28hse.com/2026/07/202607151903252951660_large.jpg""]",,,28000,4272,32271,2684100,16208,9778178,5742527,-1806943,3343889,-5150832
3953994,【$738萬盡試】獨家筍盤【有票盡傾】,荔枝角,私人屋苑/新鴻基,7780000,445,2,,中層,,21,美聯物業代理有限公司,https://i1.28hse.com/2026/07/202607311812294755819_thumb.jpg,https://www.28hse.com/buy/apartment/property-3953994,2026-08-06T17:33:59.496264+00:00,2026-08-06T18:10:00.981770+00:00,宇晴軒,635,九龍荔枝角宇晴軒 深盛道9號,"本人均可為貴客提供一條龍，買賣及售後服務
24小時在線查詢
專車接送
首次置業 免費查詢資料
售前壓測，首期，供款計算
銀行按揭上會
售前壓測，首期，供款計算
免費法律咨詢
律師轉介
水電煤，差餉，地租轉名
專業貼心一站式服務
無論買樓自住，投資升值，區內換樓，放盤收租",22.334702,114.14954399999999,,,,,,2026-07-31T18:12:31+08:00,2026-07-31T18:13:09+08:00,2026-08-30T18:12:31+08:00,"[""https://i1.28hse.com/2026/07/20260731181229104586_large.jpg"", ""https://i1.28hse.com/2026/07/202607311812304299242_large.jpg"", ""https://i1.28hse.com/2026/07/202607311812304169235_large.jpg"", ""https://i1.28hse.com/2026/07/202607311812303443348_large.jpg"", ""https://i1.28hse.com/2026/07/202607311812302047163_large.jpg"", ""https://i1.28hse.com/2026/07/202607311812311972597_large.jpg""]",,,28000,4272,32271,2684100,16208,9778178,5742527,-1806943,3343889,-5150832
3956400,叡璟開賣～二手業主急走 $740,荔枝角,私人屋苑/新鴻基,7780000,445,2,,中層,,21,美聯物業代理有限公司,https://i1.28hse.com/2026/08/202608021415052462448_thumb.jpg,https://www.28hse.com/buy/apartment/property-3956400,2026-08-06T17:33:59.496264+00:00,2026-08-06T18:09:56.211702+00:00,宇晴軒,635,九龍荔枝角宇晴軒 深盛道9號,急 $740 高層靚景,22.334702,114.149544,,,,,,2026-08-02T14:15:07+08:00,2026-08-02T14:48:22+08:00,2026-09-01T14:15:07+08:00,"[""https://i1.28hse.com/2026/08/202608021415058610170_large.jpg"", ""https://i1.28hse.com/2026/08/202608021415056623148_large.jpg"", ""https://i1.28hse.com/2026/08/202608021415061411945_large.jpg"", ""https://i1.28hse.com/2026/08/202608021415066789326_large.jpg"", ""https://i1.28hse.com/2026/08/20260802141507112317_large.jpg"", ""https://i1.28hse.com/2026/08/202608021415071346785_large.jpg""]",,,28000,4272,32271,2684100,16208,9778178,5742527,-1806943,3343889,-5150832
3892519,(高樓底)大露台，間隔易用 收租或自住佳可,長沙灣,私人屋苑/恒基,7780000,501,2,,中層,,17,香港置業,https://i1.28hse.com/2026/06/202606151715472478081_thumb.jpg,https://www.28hse.com/buy/apartment/property-3892519,2026-08-06T17:33:59.496264+00:00,2026-08-06T18:09:05.826911+00:00,星匯居,665,九龍長沙灣星匯居 通州街500號,"另有筍租/買賣推介
請即致電[REDACTED] 盧生
Whatsapp&wechat 24 小時",22.333087999999996,114.15228300000001,,,,,,2026-06-15T17:12:24+08:00,2026-07-31T16:03:49+08:00,2026-08-14T17:12:24+08:00,"[""https://i1.28hse.com/2026/06/202606151715467458603_large.jpg"", ""https://i1.28hse.com/2026/06/202606151715463712072_large.jpg"", ""https://i1.28hse.com/2026/06/202606151715462688327_large.jpg"", ""https://i1.28hse.com/2026/06/202606151715474981275_large.jpg"", ""https://i1.28hse.com/2026/06/202606151715482578769_large.jpg"", ""https://i1.28hse.com/2026/06/202606151715482269529_large.jpg"", ""https://i1.28hse.com/2026/06/202606151715484527227_large.jpg"", ""https://i1.28hse.com/2026/06/202606151715495774925_large.jpg"", ""https://i1.28hse.com/estate_data/63/2508/FLOOR/2508_20231116195928793393_thumb.jpg"", ""https://i1.28hse.com/estate_data/63/2508/UNIT/2508_20231116200054925723_thumb.jpg""]",,,28000,4524,32523,2684100,16208,9867460,5742527,-1980028,3343889,-5323918
3862006,✭文曜✭罕有放盤✭買要快,九龍城,單幢式大廈,7800000,379,1,1,高層,,9,滙昇置業,https://i1.28hse.com/2026/05/202605250231297039342_thumb.jpg,https://www.28hse.com/buy/apartment/property-3862006,2026-08-06T17:33:59.496264+00:00,2026-08-06T18:18:41.174925+00:00,文曜,,九龍九龍城文曜 聯合道18號,"41名校網。大房大廳.一閃即逝。
→有興趣請提供閣下聯絡電話，以便安排睇樓。謝謝←
另有大量41,34 名校綱筍盤/各區樓盤查詢
請電或Whatsapp
↑　　↑
此單位有相:立即Whatapp 睇相",22.328108000000007,114.18711899999994,,,,,,2026-06-24T12:32:08+08:00,2026-07-29T00:39:13+08:00,2026-08-23T12:32:08+08:00,"[""https://i1.28hse.com/2026/05/202605250231296201247_large.jpg"", ""https://i1.28hse.com/2026/05/202605250231304300815_large.jpg"", ""https://i1.28hse.com/2026/05/202605250231305475672_large.jpg"", ""https://i1.28hse.com/2026/05/202605250231314276853_large.jpg"", ""https://i1.28hse.com/2026/05/202605250231313317011_large.jpg"", ""https://i1.28hse.com/2026/05/202605250231314336401_large.jpg"", ""https://i1.28hse.com/2026/05/202605250231324674379_large.jpg""]",,,28072,3980,32052,2691000,16250,9696265,5757290,-1612654,3343889,-4956544
3917045,（真盤源)筍！大兩房自住，投資首選。歡迎約睇。,九龍城,私人屋苑/華懋,7800000,541,2,1,,,20,啟盛物業代理,https://i1.28hse.com/2026/07/202607041552178769144_thumb.jpg,https://www.28hse.com/buy/apartment/property-3917045,2026-08-06T17:33:59.496264+00:00,2026-08-06T18:18:39.771675+00:00,豪門 第一期,714,九龍九龍城豪門第一期 沙浦道,生活交通方便,22.33077999999999,114.19298599999998,,,,,,2026-07-04T10:59:12+08:00,2026-08-04T10:59:31+08:00,2026-09-02T10:59:12+08:00,"[""https://i1.28hse.com/2026/07/202607041552185954433_large.jpg"", ""https://i1.28hse.com/2026/07/202607041552186771540_large.jpg"", ""https://i1.28hse.com/2026/07/202607041552196760660_large.jpg"", ""https://i1.28hse.com/2026/07/202607041552208478609_large.jpg"", ""https://i1.28hse.com/2026/07/202607041552217008524_large.jpg"", ""https://i1.28hse.com/2026/07/202607041552221703377_large.jpg"", ""https://i1.28hse.com/2026/07/202607041552224004834_large.jpg""]",,,28072,4710,32781,2691000,16250,9954546,5757290,-2113366,3343889,-5457256
3926563,九龍塘校網靚裝1房連天台，豪華會所、名校、港鐵！,九龍城,私人屋苑/單幢式大廈/碧桂園,7800000,354,1,1,高層,開放式廚房,3,友和地產,https://i1.28hse.com/2026/07/202607101646387406857_thumb.jpg,https://www.28hse.com/buy/apartment/property-3926563,2026-08-06T17:33:59.496264+00:00,2026-08-06T18:18:35.941747+00:00,瓏碧,,九龍九龍城瓏碧 賈炳達道138號,九龍塘41號名校網靚裝1房單位，大陽台，景觀開揚優美，豪華住戶會所，24小時健身室，戶外泳池，宴會廳，卡拉OK火鍋房，室外兒童樂園、燒烤場，步行3分鐘到民生書院小學部，7分鐘到宋皇台地鐵站 B2電梯出入口，14分鐘到喇沙小學，售價連天台213’，歡迎預約參觀，微信Sunny！,22.330671,114.187599,,,,,,2026-07-10T16:48:33+08:00,2026-07-10T16:48:33+08:00,2026-09-08T16:48:33+08:00,"[""https://i1.28hse.com/2026/07/202607101646388836993_large.jpg"", ""https://i1.28hse.com/2026/07/202607101646398608086_large.jpg"", ""https://i1.28hse.com/2026/07/202607101646393836796_large.jpg"", ""https://i1.28hse.com/2026/07/202607101646406608242_large.jpg"", ""https://i1.28hse.com/2026/07/202607101646415941226_large.jpg"", ""https://i1.28hse.com/2026/07/202607101647096373673_large.jpg"", ""https://i1.28hse.com/2026/07/202607101647327607609_large.jpg"", ""https://i1.28hse.com/2026/07/202607101647338046719_large.jpg"", ""https://i1.28hse.com/2026/07/202607101648045171398_large.jpg"", ""https://i1.28hse.com/2026/07/202607101648055961532_large.jpg"", ""https://i1.28hse.com/2026/07/20260710164807909508_large.jpg"", ""https://i1.28hse.com/2026/07/202607101648097753696_large.jpg"", ""https://i1.28hse.com/estate_data/58/23901/FLOOR/23901_20231117035646112732_thumb.jpg"", ""https://i1.28hse.com/estate_data/58/23901/FLOOR/23901_20231117035650194278_thumb.jpg"", ""https://i1.28hse.com/estate_data/58/23901/UNIT/23901_20231117035718116892_thumb.jpg""]",,,28072,3868,31940,2691000,16250,9656407,5757290,-1535384,3343889,-4879273
3508118,“海天一色，海風清爽輕輕飄” 臨海，夜景璀璨，值得你一睇,土瓜灣,私人屋苑,7800000,424,2,1,中層,,11,福興地產代理有限公司,https://i1.28hse.com/2026/07/202607231559266514978_thumb.jpg,https://www.28hse.com/buy/apartment/property-3508118,2026-08-06T17:33:59.496264+00:00,2026-08-06T18:23:23.971598+00:00,利港灣18,,九龍土瓜灣利港灣18 浙江街18號,"本人專營紅磡區樓宇租售
不論搵樓、還是放盤，都一定幫到手
熱線 & whats app: [REDACTED]
Wechat: [REDACTED]",22.314342,114.190544,,,,,,2026-07-08T12:38:22+08:00,2026-07-23T15:59:50+08:00,2026-08-07T12:38:22+08:00,"[""https://i1.28hse.com/2026/07/202607231558423617175_large.jpg"", ""https://i1.28hse.com/2026/07/202607231558445433977_large.jpg"", ""https://i1.28hse.com/2026/07/202607231558454711813_large.jpg"", ""https://i1.28hse.com/2026/07/202607231558461523920_large.jpg"", ""https://i1.28hse.com/2026/07/202607231558473099136_large.jpg"", ""https://i1.28hse.com/2026/07/202607231558484197368_large.jpg"", ""https://i1.28hse.com/2026/07/202607231558497314991_large.jpg"", ""https://i1.28hse.com/2026/07/202607231558518721022_large.jpg"", ""https://i1.28hse.com/2026/07/202607231558521861387_large.jpg"", ""https://i1.28hse.com/2026/07/202607231558535198157_large.jpg"", ""https://i1.28hse.com/2026/07/202607231559231316378_large.jpg"", ""https://i1.28hse.com/2026/07/202607231559245551480_large.jpg"", ""https://i1.28hse.com/estate_data/77/8543/FLOOR/8543_20231117022513362371_thumb.jpg"", ""https://i1.28hse.com/estate_data/77/8543/UNIT/8543_20231117022616499799_thumb.jpg""]",,,28072,4183,32255,2691000,16250,9768010,5757290,-1751741,3343889,-5095630
3944301,《海天一色壯觀海景！》利港灣18 兩房梗廚用煤氣 前後雙露台 東南海景 交吉約睇,土瓜灣,單幢式大廈/私人屋苑/洋樓,7800000,424,2,1,中層,,11,天晋物業有限公司,https://i1.28hse.com/2026/07/202607240118071905319_thumb.jpg,https://www.28hse.com/buy/apartment/property-3944301,2026-08-06T17:33:59.496264+00:00,2026-08-06T18:19:58.650133+00:00,利港灣18,,九龍土瓜灣利港灣18 浙江街18號,"海天一色壯觀海景
可以九成按揭
你值得擁有
利‧港灣18
地址:	浙江街18號
入伙日期:	07/2015
單位數目:	84
層數:	24
每層伙數:	4
所屬校網:	九龍區34號校網
發展商:	有利集團
管理公司:	第一太平戴維斯物業管理有限公司",22.314342000000003,114.190544,,,明火煮食,,,2026-07-24T01:18:09+08:00,2026-07-24T01:24:33+08:00,2026-09-22T01:18:09+08:00,"[""https://i1.28hse.com/2026/07/20260724011807890057_large.jpg"", ""https://i1.28hse.com/2026/07/20260724011808218246_large.jpg"", ""https://i1.28hse.com/2026/07/202607240118086273781_large.jpg"", ""https://i1.28hse.com/2026/07/202607240118095770629_large.jpg"", ""https://i1.28hse.com/2026/07/202607240117184631127_large.jpg"", ""https://i1.28hse.com/2026/07/202607240117233393244_large.jpg"", ""https://i1.28hse.com/2026/07/202607240117274933114_large.jpg"", ""https://i1.28hse.com/2026/07/202607240117283540782_large.jpg"", ""https://i1.28hse.com/2026/07/202607240117291729923_large.jpg"", ""https://i1.28hse.com/2026/07/202607240117342159996_large.jpg"", ""https://i1.28hse.com/2026/07/202607240117397405114_large.jpg"", ""https://i1.28hse.com/2026/07/202607240117444535586_large.jpg"", ""https://i1.28hse.com/estate_data/77/8543/FLOOR/8543_20231117022513362371_thumb.jpg"", ""https://i1.28hse.com/estate_data/77/8543/UNIT/8543_20231117022616499799_thumb.jpg""]",,,28072,4183,32255,2691000,16250,9768010,5757290,-1751741,3343889,-5095630
3958549,大兩房可約睇樓 望海心公園 海景 地鐵站3分鐘 34校網 特高樓底 鄰近新建小區,土瓜灣,私人屋苑/單幢式大廈,7800000,494,2,1,中層,,25,匯誠物業有限公司,https://i1.28hse.com/2026/08/202608031910204942204_thumb.jpg,https://www.28hse.com/buy/apartment/property-3958549,2026-08-06T17:33:59.496264+00:00,2026-08-06T18:19:03.044067+00:00,旭日豪庭,745,九龍土瓜灣旭日豪庭 浙江街19-23號/祟安街33號,"✿匯誠物業○精英團隊○優質服務○以客為本✿
【全港一手•二手樓盤•租賃買賣•筍盤推介】
24小時on call搵盤•即時報料上架•歡迎查詢約睇
whatsapp (24hrs) /✆ JACKY",22.314482,114.19001,,,,,,2026-08-03T19:10:22+08:00,2026-08-03T19:10:22+08:00,2026-09-02T19:10:22+08:00,"[""https://i1.28hse.com/2026/08/202608031910203727950_large.jpg"", ""https://i1.28hse.com/2026/08/202608031910214628570_large.jpg"", ""https://i1.28hse.com/2026/08/202608031910211817377_large.jpg"", ""https://i1.28hse.com/2026/08/202608031910218316390_large.jpg""]",,,28072,4498,32570,2691000,16250,9879613,5757290,-1968098,3343889,-5311987
3913128,✿奧運旺角中心點✿【ɪʜᴏᴍᴇ】 高層/罕有交吉盤 還價即成,大角咀,私人屋苑/單幢式大廈/華人置業,7800000,519,2,1,高層,,17,富榮地產代理,https://i1.28hse.com/2026/07/20260730180223100007_thumb.jpg,https://www.28hse.com/buy/apartment/property-3913128,2026-08-06T17:33:59.496264+00:00,2026-08-06T18:03:49.782677+00:00,i-home,705,九龍大角咀i-home 洋松街38號,"樓盤WhatsApp 來電查詢汪小姐TEL:𝟵𝟭𝟲𝟲𝟲𝟵𝟯𝟳或
WeChat Yo_190925查詢
【面向東南 筍價出售】
【高層開陽 間隔實用】
【黃金地段 管理完善】
【配套齊全 生活舒適】
用心服務，專注為你，以客為尊
專業嘅團隊專業嘅分析細心去跟進本公司屹立20多年經驗~租務~買賣~ ㊣大量荀盤㊣~~全港一手樓盤",22.321892,114.164673,,,,,,2026-07-01T17:12:07+08:00,2026-08-05T17:09:30+08:00,2026-08-30T17:12:07+08:00,"[""https://i1.28hse.com/2026/07/202607301802347875728_large.jpg"", ""https://i1.28hse.com/2026/07/202607301802417142596_large.jpg"", ""https://i1.28hse.com/2026/08/202608051708448674422_large.jpg"", ""https://i1.28hse.com/2026/07/202607301803107335586_large.jpg"", ""https://i1.28hse.com/2026/07/202607301803111485347_large.jpg"", ""https://i1.28hse.com/2026/07/202607301803116121546_large.jpg""]",,,28072,4610,32682,2691000,16250,9919471,5757290,-2045368,3343889,-5389258
3953535,周邊食肆、商舖齊備，生活便利 單位連露台，落地玻璃窗，采光充足,大角咀,私人屋苑/新鴻基,7800000,473,2,,中層,,15,中原地產,https://i1.28hse.com/2026/07/202607311521177073426_thumb.jpg,https://www.28hse.com/buy/apartment/property-3953535,2026-08-06T17:33:59.496264+00:00,2026-08-06T18:02:32.474158+00:00,形品星寓,616,九龍大角咀形品星寓 洋松街1号,"简单装修, 连露台, 开扬",22.321032,114.165283,,,,,,2026-07-31T15:21:49+08:00,2026-07-31T15:21:49+08:00,2026-08-30T15:21:49+08:00,"[""https://i1.28hse.com/2026/07/202607311521175682249_large.jpg"", ""https://i1.28hse.com/2026/07/202607311521187994884_large.jpg"", ""https://i1.28hse.com/2026/07/20260731152118625584_large.jpg"", ""https://i1.28hse.com/2026/07/202607311521182295479_large.jpg"", ""https://i1.28hse.com/2026/07/202607311521187334949_large.jpg"", ""https://i1.28hse.com/2026/07/202607311521177073426_large.jpg"", ""https://i1.28hse.com/estate_data/67/5569/FLOOR/5569_20231116235227394217_thumb.jpg"", ""https://i1.28hse.com/estate_data/67/5569/UNIT/5569_20231116235322514636_thumb.jpg""]",,,28072,4404,32475,2691000,16250,9846132,5757290,-1903191,3343889,-5247080
3918135,高質全海景 筍價 大膽還價 可交吉,奧運,私人屋苑/長實,7800000,429,2,,高層,,22,美聯物業,https://i1.28hse.com/2026/07/202607041814568668354_thumb.jpg,https://www.28hse.com/buy/apartment/property-3918135,2026-08-06T17:33:59.496264+00:00,2026-08-06T18:03:41.593454+00:00,凱帆軒,608,九龍奧運凱帆軒 海帆道11號,高質全海景 筍價 大膽還價 可交吉,22.320627,114.155251,,,,,,2026-07-04T18:14:58+08:00,2026-07-09T17:51:38+08:00,2026-09-02T18:14:58+08:00,"[""https://i1.28hse.com/2026/07/20260704181457208540_large.jpg"", ""https://i1.28hse.com/2026/07/202607041814572149362_large.jpg"", ""https://i1.28hse.com/2026/07/20260704181457213487_large.jpg"", ""https://i1.28hse.com/2026/07/202607041814576062102_large.jpg"", ""https://i1.28hse.com/estate_data/68/2563/FLOOR/2563_20240216121630844881_thumb.jpg"", ""https://i1.28hse.com/estate_data/68/2563/UNIT/2563_20240216121718972997_thumb.jpg""]",,,28072,4206,32277,2691000,16250,9775982,5757290,-1767195,3343889,-5111085
3930650,全區最平 高質全海景 筍價 大膽還價 可交吉,奧運,私人屋苑/長實,7800000,429,2,,高層,,22,美聯物業,https://i1.28hse.com/2026/07/202607131717262015371_thumb.jpg,https://www.28hse.com/buy/apartment/property-3930650,2026-08-06T17:33:59.496264+00:00,2026-08-06T18:03:25.160554+00:00,凱帆軒,608,九龍奧運凱帆軒 海帆道11號,全區最平 高質全海景 筍價 大膽還價 可交吉,22.320627,114.155251,,,,,,2026-07-13T17:17:28+08:00,2026-07-13T17:28:03+08:00,2026-08-12T17:17:28+08:00,"[""https://i1.28hse.com/2026/07/202607131717277897516_large.jpg"", ""https://i1.28hse.com/2026/07/20260713171727674428_large.jpg"", ""https://i1.28hse.com/2026/07/202607131717274420157_large.jpg"", ""https://i1.28hse.com/2026/07/202607131717281009930_large.jpg"", ""https://i1.28hse.com/estate_data/68/2563/FLOOR/2563_20240216121630844881_thumb.jpg"", ""https://i1.28hse.com/estate_data/68/2563/UNIT/2563_20240216121718972997_thumb.jpg""]",,,28072,4206,32277,2691000,16250,9775982,5757290,-1767195,3343889,-5111085
3937596,全區最平 高質全海景 筍價 大膽還價 可交吉,奧運,私人屋苑/長實,7800000,429,2,,高層,,22,美聯物業,https://i1.28hse.com/2026/07/202607181810366349309_thumb.jpg,https://www.28hse.com/buy/apartment/property-3937596,2026-08-06T17:33:59.496264+00:00,2026-08-06T18:03:08.562462+00:00,凱帆軒,608,九龍奧運凱帆軒 海帆道11號,全區最平 高質全海景 筍價 大膽還價 可交吉,22.320626999999998,114.15525099999999,,,,,,2026-07-18T18:10:38+08:00,2026-07-18T18:10:38+08:00,2026-08-17T18:10:38+08:00,"[""https://i1.28hse.com/2026/07/202607181810377556241_large.jpg"", ""https://i1.28hse.com/2026/07/202607181810376245050_large.jpg"", ""https://i1.28hse.com/2026/07/202607181810374268497_large.jpg"", ""https://i1.28hse.com/2026/07/202607181810388829076_large.jpg"", ""https://i1.28hse.com/estate_data/68/2563/FLOOR/2563_20240216121630844881_thumb.jpg"", ""https://i1.28hse.com/estate_data/68/2563/UNIT/2563_20240216121718972997_thumb.jpg""]",,,28072,4206,32277,2691000,16250,9775982,5757290,-1767195,3343889,-5111085
3812868,旺角13年豪宅!【麥花臣匯】兩鐵匯聚核心地段! 5分鐘唔洗到地鐵!,旺角,單幢式大廈,7800000,470,1,1,中層,,13,駿輝地產有限公司,https://i1.28hse.com/2026/05/202605201621585475205_thumb.jpg,https://www.28hse.com/buy/apartment/property-3812868,2026-08-06T17:33:59.496264+00:00,2026-08-06T18:00:14.820342+00:00,麥花臣匯,,九龍旺角麥花臣匯 奶路臣街38號,"歡迎約看！
Whatsapp/signal: 
Wechat: [REDACTED]
-
【旺角靚地段 去地鐵站5分鐘唔洗】
【去邊都方便 投資/自住必選】
【地鐵站口兩街之隔 極方便】
【開揚多窗 少有放售】
【附近咩都有 生活好方便】
【間隔方正 實用率極高】
【交通方便 鄰近地鐵站】
【歡迎致電//whatsapp查詢】
-
*本司客源廣實客多*
*盡心盡力忠誠待客*
*專營油尖旺區樓盤*
*多行聯營信心保諮*
*歡迎業生電話放盤*
-
駿輝地產分行地址：
九龍油麻地碧街28號大安樓地鋪
九龍佐敦渡船街38號建邦商業大廈2號地鋪
九龍油麻地新填地街144號地鋪
九龍油麻地廣東道896A號地鋪
九龍旺角廣華街23號明威閭D號地舖
九龍旺角道58號國際大廈地下58A舖
九龍深水埗元州街280 -288號地下1號舖(第7分店)
九龍大角咀晏架街3號置發樓地下5-6號(第8分店)
九龍太子太子道西(第9分店)
九龍長沙灣元州街471號昌華閣(第10分店)",22.318846,114.17283599999999,,,,,,2026-06-16T14:16:21+08:00,2026-07-19T15:42:46+08:00,2026-08-15T14:16:21+08:00,"[""https://i1.28hse.com/2026/05/20260520162159752603_large.jpg"", ""https://i1.28hse.com/2026/05/202605201622007395852_large.jpg"", ""https://i1.28hse.com/2026/05/202605201621597889348_large.jpg"", ""https://i1.28hse.com/2026/05/202605201622001493275_large.jpg"", ""https://i1.28hse.com/2026/05/202605201622008559589_large.jpg"", ""https://i1.28hse.com/2026/05/20260520162159772880_large.jpg"", ""https://i1.28hse.com/2026/05/202605201622008530482_large.jpg"", ""https://i1.28hse.com/2026/05/202605201622016043386_large.jpg"", ""https://i1.28hse.com/estate_data/71/8377/FLOOR/8377_20231121195520644338_thumb.jpg"", ""https://i1.28hse.com/estate_data/71/8377/UNIT/8377_20231117015602775283_thumb.jpg""]",,,28072,4390,32462,2691000,16250,9841349,5757290,-1893918,3343889,-5237808
3893567,*豪宅筍盤*【麥花臣匯 ~ 寬敞1房套】*兩鐵匯聚核心地段*,旺角,私人屋苑,7800000,470,1,1,中層,,13,駿輝地產建榮有限公司,https://i1.28hse.com/2026/06/20260616145831853695_thumb.jpg,https://www.28hse.com/buy/apartment/property-3893567,2026-08-06T17:33:59.496264+00:00,2026-08-06T18:00:13.474130+00:00,麥花臣匯,,九龍旺角麥花臣匯 奶路臣街38號,"【地鐵站口兩街之隔 極方便】
【開揚多窗 泳池靚景】
【附近咩都有 生活好方便】
【間隔方正 實用率極高】
【交通方便 鄰近地鐵站】",22.318846,114.172836,,,,,,2026-06-16T14:59:09+08:00,2026-07-28T15:39:02+08:00,2026-08-15T14:59:09+08:00,"[""https://i1.28hse.com/2026/06/20260616145832995021_large.jpg"", ""https://i1.28hse.com/2026/06/202606161458323514389_large.jpg"", ""https://i1.28hse.com/2026/06/202606161458333220778_large.jpg"", ""https://i1.28hse.com/2026/06/202606161458346027595_large.jpg"", ""https://i1.28hse.com/2026/06/202606161458346125958_large.jpg"", ""https://i1.28hse.com/2026/06/202606161458352465003_large.jpg"", ""https://i1.28hse.com/2026/06/202606161458367718009_large.jpg"", ""https://i1.28hse.com/2026/06/202606161458374466686_large.jpg"", ""https://i1.28hse.com/estate_data/71/8377/FLOOR/8377_20231121195520644338_thumb.jpg"", ""https://i1.28hse.com/estate_data/71/8377/UNIT/8377_20231117015602775283_thumb.jpg""]",,,28072,4390,32462,2691000,16250,9841349,5757290,-1893918,3343889,-5237808
3895898,尊貴時尚 歐陸風情 迷你小鎮 極豪會所 盡顯高貴休閑生活,油麻地,私人屋苑,7800000,471,1,1,高層,,13,景鴻地產,https://i1.28hse.com/2026/06/202606180908393341957_thumb.jpg,https://www.28hse.com/buy/apartment/property-3895898,2026-08-06T17:33:59.496264+00:00,2026-08-06T17:56:42.700965+00:00,御金國峯,607,九龍油麻地御金國峯 友翔道1號,尊貴時尚 歐陸風情 迷你小鎮 極豪會所 盡顯高貴休閑生活,22.310324,114.16586300000003,,,,,,2026-06-18T09:08:52+08:00,2026-07-15T15:21:12+08:00,2026-08-17T09:08:52+08:00,"[""https://i1.28hse.com/2026/06/202606180908392360423_large.jpg"", ""https://i1.28hse.com/2026/06/202606180908397458964_large.jpg"", ""https://i1.28hse.com/2026/06/202606180908405088383_large.jpg"", ""https://i1.28hse.com/2026/06/202606180908403965389_large.jpg"", ""https://i1.28hse.com/2026/06/202606180908417399746_large.jpg"", ""https://i1.28hse.com/2026/06/202606180908417871210_large.jpg"", ""https://i1.28hse.com/2026/06/202606180908427516810_large.jpg"", ""https://i1.28hse.com/2026/06/202606180908428206135_large.jpg"", ""https://i1.28hse.com/2026/06/202606180908434696474_large.jpg"", ""https://i1.28hse.com/2026/06/202606180908431449100_large.jpg"", ""https://i1.28hse.com/2026/06/202606180908433638411_large.jpg"", ""https://i1.28hse.com/2026/06/202606180908442417274_large.jpg"", ""https://i1.28hse.com/2026/06/202606180908445826039_large.jpg"", ""https://i1.28hse.com/2026/06/202606180908442031426_large.jpg"", ""https://i1.28hse.com/2026/06/202606180908455460080_large.jpg"", ""https://i1.28hse.com/2026/06/202606180908457446668_large.jpg"", ""https://i1.28hse.com/2026/06/202606180908464717768_large.jpg"", ""https://i1.28hse.com/2026/06/202606180908466657104_large.jpg"", ""https://i1.28hse.com/2026/06/20260618090847250521_large.jpg"", ""https://i1.28hse.com/2026/06/202606180908281847933_large.jpg"", ""https://i1.28hse.com/2026/07/20260715152057249134_large.jpg"", ""https://i1.28hse.com/2026/07/20260715152057616192_large.jpg"", ""https://i1.28hse.com/2026/07/202607151520573329416_large.jpg"", ""https://i1.28hse.com/2026/07/202607151520593926688_large.jpg"", ""https://i1.28hse.com/2026/07/202607151520595703162_large.jpg"", ""https://i1.28hse.com/2026/07/202607151521008892036_large.jpg"", ""https://i1.28hse.com/estate_data/72/6768/FLOOR/6768_20231117004455699131_thumb.jpg"", ""https://i1.28hse.com/estate_data/72/6768/UNIT/6768_20231117005238115427_thumb.jpg""]",,,28072,4394,32466,2691000,16250,9842944,5757290,-1897009,3343889,-5240899
3884359,"$780萬再傾, 兩房筍盤",深水埗,私人屋苑/長實,7800000,505,2,1,中層,開放式廚房,,樸特地有限公司,https://i1.28hse.com/2026/07/202607031743371127856_thumb.jpg,https://www.28hse.com/buy/apartment/property-3884359,2026-08-06T17:33:59.496264+00:00,2026-08-06T18:14:50.323943+00:00,愛海頌,,九龍深水埗愛海頌 海壇街201號、203號及218號,"優質單位, 極實用 2 房",22.328236,114.158615,,,,,,2026-06-10T10:10:10+08:00,2026-07-03T17:57:11+08:00,2026-08-09T10:10:10+08:00,"[""https://i1.28hse.com/2026/07/202607031743314880375_large.jpg"", ""https://i1.28hse.com/2026/07/202607031743334718388_large.jpg"", ""https://i1.28hse.com/2026/07/202607031743358023695_large.jpg"", ""https://i1.28hse.com/2026/07/20260703174341448275_large.jpg""]",,,28072,4548,32619,2691000,16250,9897151,5757290,-2002097,3343889,-5345986
3929298,【𝟏房】$𝟕𝟖𝟎萬✚極高層✚靚裝即住✚歡迎約睇,荃灣,私人屋苑/長實,7800000,393,1,1,高層,開放式廚房,8,中原地產代理限公司,https://i1.28hse.com/2026/07/202607121615094525512_thumb.jpg,https://www.28hse.com/buy/apartment/property-3929298,2026-08-06T17:33:59.496264+00:00,2026-08-06T18:34:53.963625+00:00,海之戀 海之戀,,新界荃灣海之戀海之戀 大河道100號,"●真盤源歡迎客戶查詢
●大量優質筍盤提供
●最新最快最Update價錢
●歡迎行家合作
●誠邀業主放盤
●免費拍攝VR
●立即查詢盡快回覆
●提供一條龍售後服務
●售前壓測，首期，預算
●銀行按揭上會
●法律咨詢
●律師轉介
●裝修轉介
●水電煤差餉地租轉名
●收樓驗樓
●租務管理",22.369368,114.112411,,,明火煮食,,,2026-07-12T16:15:13+08:00,2026-07-12T16:15:13+08:00,2026-09-10T16:15:13+08:00,"[""https://i1.28hse.com/2026/07/202607121615102946026_large.jpg"", ""https://i1.28hse.com/2026/07/202607121615104593516_large.jpg"", ""https://i1.28hse.com/2026/07/202607121615102960490_large.jpg"", ""https://i1.28hse.com/2026/07/202607121615116539168_large.jpg"", ""https://i1.28hse.com/2026/07/202607121615117474131_large.jpg"", ""https://i1.28hse.com/2026/07/202607121615126190580_large.jpg"", ""https://i1.28hse.com/2026/07/202607121615124771729_large.jpg"", ""https://i1.28hse.com/2026/07/202607121615127458726_large.jpg"", ""https://i1.28hse.com/2026/07/202607121615134397492_large.jpg"", ""https://i1.28hse.com/estate_data/113/22280/FLOOR/22280_20231127201526865681_thumb.jpg"", ""https://i1.28hse.com/estate_data/113/22280/UNIT/22280_20231121131930244888_thumb.jpg""]",,,28072,4044,32115,2691000,16250,9718586,5757290,-1655926,3343889,-4999815
3935242,【17/7後約睇】【實用2房】【必睇】,荔枝角,私人屋苑/新鴻基,7800000,441,2,,中層,,21,中原地產-泓景臺分行,https://i1.28hse.com/2026/07/202607171155288200828_thumb.jpg,https://www.28hse.com/buy/apartment/property-3935242,2026-08-06T17:33:59.496264+00:00,2026-08-06T18:10:27.841073+00:00,宇晴軒,624,九龍荔枝角宇晴軒 深盛道9號,業主自用，可隨時約睇。睇啱可傾少少。,22.334702,114.14954399999999,,,,,,2026-07-17T11:55:44+08:00,2026-07-17T13:58:47+08:00,2026-08-16T11:55:44+08:00,"[""https://i1.28hse.com/2026/07/202607171155284387831_large.jpg"", ""https://i1.28hse.com/2026/07/202607171155294889154_large.jpg"", ""https://i1.28hse.com/2026/07/202607171155293673826_large.jpg"", ""https://i1.28hse.com/2026/07/2026071711553079314_large.jpg"", ""https://i1.28hse.com/estate_data/64/2450/FLOOR/2450_20240216131638868272_thumb.jpg"", ""https://i1.28hse.com/estate_data/64/2450/UNIT/2450_20240216131737711478_thumb.jpg""]",,,28072,4260,32331,2691000,16250,9795114,5757290,-1804285,3343889,-5148174
3819053,"三房兩廁,東南方正【葵涌卓傑專區】歡迎查詢",葵涌,私人屋苑/長實,7800000,634,3,2,中層,,19,卓傑 -住宅分行,https://i1.28hse.com/2026/08/202608031214496115134_thumb.jpg,https://www.28hse.com/buy/apartment/property-3819053,2026-08-06T17:33:59.496264+00:00,2026-08-06T18:28:35.666949+00:00,雍雅軒,900,新界葵涌雍雅軒 和宜合道,"筍價出售, 價錢可議",22.366341,114.136673,,,,,,2026-07-18T12:51:31+08:00,2026-08-03T12:15:06+08:00,2026-08-17T12:51:31+08:00,"[""https://i1.28hse.com/2026/08/202608031214518200255_large.jpg"", ""https://i1.28hse.com/2026/08/202608031214508631005_large.jpg"", ""https://i1.28hse.com/2026/08/202608031214504805073_large.jpg"", ""https://i1.28hse.com/2026/08/20260803121450396335_large.jpg"", ""https://i1.28hse.com/2026/08/202608031214514405557_large.jpg"", ""https://i1.28hse.com/2026/08/202608031214515482242_large.jpg"", ""https://i1.28hse.com/2026/08/202608031214514112064_large.jpg"", ""https://i1.28hse.com/2026/08/202608031214512057654_large.jpg"", ""https://i1.28hse.com/estate_data/114/4678/FLOOR/4678_20240115175123168257_thumb.jpg"", ""https://i1.28hse.com/estate_data/114/4678/UNIT/4678_20240115175208299388_thumb.jpg""]",,,28072,5128,33200,2691000,16250,10102819,5757290,-2400812,3343889,-5744702
3906202,開揚遠景,長沙灣,私人屋苑/中國恒大,7800000,435,2,1,高層,開放式廚房,5,香港置業西九龍,https://i1.28hse.com/2026/06/202606261058076634191_thumb.jpg,https://www.28hse.com/buy/apartment/property-3906202,2026-08-06T17:33:59.496264+00:00,2026-08-06T18:08:46.094382+00:00,睿峰,,九龍長沙灣睿峰 東京街29 號,"筍價出售, 連露台, 吉售, 開揚, 遠景, 有裝修",22.336008,114.158035,,,,,,2026-06-26T10:58:43+08:00,2026-06-26T10:58:43+08:00,2026-08-25T10:58:43+08:00,"[""https://i1.28hse.com/2026/06/202606261058077239925_large.jpg"", ""https://i1.28hse.com/2026/06/202606261058088460879_large.jpg"", ""https://i1.28hse.com/2026/06/202606261058097110148_large.jpg"", ""https://i1.28hse.com/2026/06/202606261058097549589_large.jpg"", ""https://i1.28hse.com/estate_data/63/23218/FLOOR/23218_20231221163517616238_thumb.jpg"", ""https://i1.28hse.com/estate_data/63/23218/UNIT/23218_20231221163617568671_thumb.jpg""]",,,28072,4232,32304,2691000,16250,9785548,5757290,-1785740,3343889,-5129629
3930084,東南內園 1房 全啟德1號最大則嘅1房 主人房有對流窗,啟德,私人屋苑/中國海外,7810000,383,1,1,中層,開放式廚房,9,世紀21啟豐物業代理,https://i1.28hse.com/2026/07/202607211112338706149_thumb.jpg,https://www.28hse.com/buy/apartment/property-3930084,2026-08-06T17:33:59.496264+00:00,2026-08-06T18:17:48.559825+00:00,啟德1號(I),,九龍啟德啟德1號(I) 沐寧街2號,東南內園 1房 全啟德1號最大則嘅1房 主人房有對流窗,22.329336,114.200851,,,,,,2026-07-13T12:36:47+08:00,2026-07-21T11:12:40+08:00,2026-08-12T12:36:47+08:00,"[""https://i1.28hse.com/2026/07/202607131234047503594_large.jpg"", ""https://i1.28hse.com/2026/07/202607131234037955025_large.jpg"", ""https://i1.28hse.com/2026/07/202607131234056273290_large.jpg"", ""https://i1.28hse.com/2026/07/2026071312340697685_large.jpg"", ""https://i1.28hse.com/2026/07/202607131234074069228_large.jpg""]",,,28108,4001,32109,2694450,16271,9714299,5764671,-1629870,3343889,-4973760
3916826,【張小姐 [REDACTED]】【實盤】【歡迎查詢】,荃灣,私人屋苑,7870000,634,2,,中層,,22,美聯物業代理有限公司,https://i1.28hse.com/2026/07/202607032317333341445_thumb.jpg,https://www.28hse.com/buy/apartment/property-3916826,2026-08-06T17:33:59.496264+00:00,2026-08-06T18:36:02.712967+00:00,朗逸峰 第二期,1220,新界荃灣朗逸峰第二期 荃錦公路108號,"♛歡迎業主委托放盤♛
②④小時on duty
歡迎致電直接約睇樓
✰Joey✰張小姐✰[REDACTED]
️～用心聆聽您所需
️待客已誠態度♡
️專注為您配對適合理想家居
️協助您尋覓優質安樂窩
▛一條龍服務▟
# 快 速 回 覆
# 銀 行 估 價
# 全 程 跟 進
# 按 揭 查 詢
️# 專 業 分 析
# 律 師 轉 介",22.384714,114.11049699999998,,,,,,2026-07-03T23:17:35+08:00,2026-07-17T15:00:51+08:00,2026-09-01T23:17:35+08:00,"[""https://i1.28hse.com/2026/07/202607032317338498987_large.jpg"", ""https://i1.28hse.com/2026/07/202607032317333889486_large.jpg"", ""https://i1.28hse.com/2026/07/202607032317346160787_large.jpg"", ""https://i1.28hse.com/2026/07/202607032317346026142_large.jpg""]",,,28323,5148,33472,2715150,16396,10184414,5808958,-2434781,3343889,-5778671
3953239,【3房實景VR】【可試758萬劈價急賣有票儘傾】【即買即收租】【來電儘傾】,油麻地,私人屋苑,7880000,520,3,,高層,,16,中原地產-長沙灣映築分行,https://i1.28hse.com/2026/07/202607311241132033719_thumb.jpg,https://www.28hse.com/buy/apartment/property-3953239,2026-08-06T17:33:59.496264+00:00,2026-08-06T17:55:00.133493+00:00,逸安閣,813,九龍油麻地逸安閣 東安街28號,"微信号：ivanyiphk
专营西九龙一二手买卖及租务
欢迎致电 / Whatsapp / WeChat 查询
买卖流程、按揭资讯、律师支援24小时服务
●最新最快最贴市场价钱
●立即查询尽快回覆
●大量优质笋盘提供
●免费物业转按查询
●免费物业按揭服务
●免费律师转介
●免费装修转介
●免费水电煤差饷地租转名",22.314192,114.167885,,,,,,2026-07-31T12:44:33+08:00,2026-08-05T16:04:11+08:00,2026-09-29T12:44:33+08:00,"[""https://i1.28hse.com/2026/07/202607311241145681877_large.jpg"", ""https://i1.28hse.com/2026/07/202607311241147396329_large.jpg"", ""https://i1.28hse.com/2026/07/202607311241153484684_large.jpg"", ""https://i1.28hse.com/2026/07/202607311241158150579_large.jpg"", ""https://i1.28hse.com/2026/07/202607311241166690492_large.jpg"", ""https://i1.28hse.com/2026/07/202607311241163925153_large.jpg"", ""https://i1.28hse.com/2026/07/202607311241166550390_large.jpg"", ""https://i1.28hse.com/2026/07/202607311241173404184_large.jpg"", ""https://i1.28hse.com/2026/07/202607311241171286292_large.jpg"", ""https://i1.28hse.com/2026/07/202607311241132033719_large.jpg""]",,,28359,4638,32998,2718600,16417,10014317,5816339,-2087281,3343889,-5431170
3872568,上車靓靓盤，平地電梯，超筍3房洋樓,深水埗,單幢式大廈,7880000,644,3,1,中層,,27,高盛地產,https://i1.28hse.com/2026/08/202608031245348174909_thumb.jpg,https://www.28hse.com/buy/apartment/property-3872568,2026-08-06T17:33:59.496264+00:00,2026-08-06T18:12:10.523922+00:00,樂意居,894,九龍深水埗樂意居 北河街132號,约睇,22.332275,114.164619,,,,,,2026-07-27T13:05:40+08:00,2026-08-03T12:45:42+08:00,2026-08-26T13:05:40+08:00,"[""https://i1.28hse.com/2026/08/202608031245343075434_large.jpg"", ""https://i1.28hse.com/2026/08/202608031245345624935_large.jpg"", ""https://i1.28hse.com/2026/08/202608031245342307766_large.jpg"", ""https://i1.28hse.com/2026/08/202608031245356484460_large.jpg""]",,,28359,5196,33556,2718600,16417,10212013,5816339,-2470542,3343889,-5814432
3939352,罕有3房，筍價放售,深水埗,單幢式大廈,7880000,644,3,1,中層,,27,高盛地產,https://i1.28hse.com/2026/07/202607251308314178261_thumb.jpg,https://www.28hse.com/buy/apartment/property-3939352,2026-08-06T17:33:59.496264+00:00,2026-08-06T18:12:44.046024+00:00,樂意居,894,九龍深水埗樂意居 北河街132號,約睇,22.332275,114.164619,,,,,,2026-07-20T12:51:26+08:00,2026-07-25T13:08:38+08:00,2026-08-19T12:51:26+08:00,"[""https://i1.28hse.com/2026/07/202607251308308165767_large.jpg"", ""https://i1.28hse.com/2026/07/202607251308302833780_large.jpg"", ""https://i1.28hse.com/2026/07/202607251308308342606_large.jpg"", ""https://i1.28hse.com/2026/07/202607251308315696247_large.jpg""]",,,28359,5196,33556,2718600,16417,10212013,5816339,-2470542,3343889,-5814432
3940548,27年 3房開陽 少有放盤 旺中帶靜 自住投資首選,深水埗,洋樓/單幢式大廈,7880000,644,3,1,中層,,27,高盛地產,https://i1.28hse.com/2026/07/202607251309303044069_thumb.jpg,https://www.28hse.com/buy/apartment/property-3940548,2026-08-06T17:33:59.496264+00:00,2026-08-06T18:12:40.054156+00:00,樂意居,894,九龍深水埗樂意居 北河街132號,3房,22.332275,114.164619,,,,,,2026-07-21T14:05:36+08:00,2026-07-25T13:09:38+08:00,2026-09-19T14:05:36+08:00,"[""https://i1.28hse.com/2026/07/202607251309271200806_large.jpg"", ""https://i1.28hse.com/2026/07/202607251309284423866_large.jpg"", ""https://i1.28hse.com/2026/07/202607251309302423918_large.jpg"", ""https://i1.28hse.com/2026/07/202607251309317059534_large.jpg""]",,,28359,5196,33556,2718600,16417,10212013,5816339,-2470542,3343889,-5814432
3908686,市區超筍2房,長沙灣,私人屋苑/恒基,7880000,501,2,,中層,,17,中原地產-碧海藍天分行,https://i1.28hse.com/2026/06/202606281000442659939_thumb.jpg,https://www.28hse.com/buy/apartment/property-3908686,2026-08-06T17:33:59.496264+00:00,2026-08-06T18:08:39.925264+00:00,星匯居,665,九龍長沙灣星匯居 通州街500號,"交通便利, 間隔四正, 實用率高",22.333088,114.152283,,,,,,2026-06-28T10:00:55+08:00,2026-06-28T10:00:55+08:00,2026-08-27T10:00:55+08:00,"[""https://i1.28hse.com/2026/06/202606281000446468690_large.jpg"", ""https://i1.28hse.com/2026/06/202606281000452081050_large.jpg"", ""https://i1.28hse.com/2026/06/202606281000456293251_large.jpg"", ""https://i1.28hse.com/estate_data/63/2508/FLOOR/2508_20231116195928793393_thumb.jpg"", ""https://i1.28hse.com/estate_data/63/2508/UNIT/2508_20231116200054925723_thumb.jpg""]",,,28359,4553,32912,2718600,16417,9984025,5816339,-2028555,3343889,-5372445
3918398,"有匙即約即睇, 開揚清爽, 間隔四正",長沙灣,私人屋苑/恒基,7880000,501,2,1,中層,,17,香港置業,https://i1.28hse.com/2026/07/202607042015082208037_thumb.jpg,https://www.28hse.com/buy/apartment/property-3918398,2026-08-06T17:33:59.496264+00:00,2026-08-06T18:08:28.582108+00:00,星匯居,665,九龍長沙灣星匯居 通州街500號,"有匙即約即睇, 開揚清爽, 間隔四正",22.333088,114.152283,,,,,,2026-07-04T20:16:56+08:00,2026-07-04T20:16:56+08:00,2026-09-02T20:16:56+08:00,"[""https://i1.28hse.com/2026/07/202607042016342147589_large.jpg"", ""https://i1.28hse.com/2026/07/202607042016357355365_large.jpg"", ""https://i1.28hse.com/2026/07/202607042016357570021_large.jpg"", ""https://i1.28hse.com/2026/07/202607042015087811952_large.jpg"", ""https://i1.28hse.com/2026/07/202607042015093801643_large.jpg"", ""https://i1.28hse.com/2026/07/202607042015086598747_large.jpg"", ""https://i1.28hse.com/2026/07/202607042015362809247_large.jpg"", ""https://i1.28hse.com/estate_data/63/2508/FLOOR/2508_20231116195928793393_thumb.jpg"", ""https://i1.28hse.com/estate_data/63/2508/UNIT/2508_20231116200054925723_thumb.jpg""]",,,28359,4553,32912,2718600,16417,9984025,5816339,-2028555,3343889,-5372445
3947877,Jeff 筍盤推介，最後超筍3房套，高層，開揚,青衣,私人屋苑/長實,7880000,690,3,,高層,,22,美聯物業,https://i1.28hse.com/2026/07/202607270959192149131_thumb.jpg,https://www.28hse.com/buy/apartment/property-3947877,2026-08-06T17:33:59.496264+00:00,2026-08-06T18:25:33.024720+00:00,藍澄灣,957,新界青衣藍澄灣 青衣路1號,Jeff 筍盤推介，最後超筍3房套，高層，開揚,22.343678,114.109825,,,,,,2026-07-27T09:59:48+08:00,2026-07-27T09:59:48+08:00,2026-08-26T09:59:48+08:00,"[""https://i1.28hse.com/2026/07/202607270959217852205_large.jpg"", ""https://i1.28hse.com/2026/07/202607270959248409433_large.jpg"", ""https://i1.28hse.com/2026/07/202607270959271063745_large.jpg"", ""https://i1.28hse.com/2026/07/202607270959306291769_large.jpg"", ""https://i1.28hse.com/2026/07/202607270959333533714_large.jpg"", ""https://i1.28hse.com/estate_data/123/4652/FLOOR/4652_20231121235706394237_thumb.jpg"", ""https://i1.28hse.com/estate_data/123/4652/UNIT/4652_20231121235811818612_thumb.jpg""]",,,28359,5403,33763,2718600,16417,10285352,5816339,-2612720,3343889,-5956609
1583061,[減價盤] 投資自住罕有市區實用大單位,深水埗,單幢式大廈,7890000,644,3,1,高層,,25,星光地產投資有限公司,https://i1.28hse.com/2026/07/202607220648434540605_thumb.jpg,https://www.28hse.com/buy/apartment/property-1583061,2026-08-06T17:33:59.496264+00:00,2026-08-06T18:12:31.156995+00:00,樂意居,894,九龍深水埗樂意居 北河街132號,"{機會難得} 投資自住皆可 一梯兩伙 清靜私密度高, 3面單邊, 3房2廳, 全屋無窗台超實用.
地理位置極佳, 位於石硤尾深水埗交界, 5-7分鐘到深水埗/石硤尾地鐵站, 同時到荃灣,觀塘線.
**提供專業One-Stop服務**
️ 物業投資諮詢
️ 按揭供款計算
️ 樓宇查册,資訊聆及估價
️ 銀行,法律諮詢及轉介
️ 裝修設計及室內裝修工程轉介
️ 物業管理及維修服務-套房,全層,舖,商業
**歡迎業主放盤,生意頂售及委托物業管理**
超過30年經驗, 物業所需服務,一應俱全. 
****誠信****卓越****信任****",22.332275,114.16461899999999,,,,,,2026-07-22T06:45:25+08:00,2026-07-22T06:49:00+08:00,2026-08-21T06:45:25+08:00,"[""https://i1.28hse.com/2026/07/202607220648442104905_large.jpg"", ""https://i1.28hse.com/2026/07/202607220648455591204_large.jpg"", ""https://i1.28hse.com/2026/07/20260722064845986624_large.jpg"", ""https://i1.28hse.com/2026/07/202607220648467846899_large.jpg"", ""https://i1.28hse.com/2026/07/202607220648471796036_large.jpg""]",,,28395,5199,33595,2722050,16438,10223670,5823720,-2475395,3343889,-5819284
3964114,"西半山御林豪庭1房 罕有高層靓装,放售。",上環,單幢式大廈,7900000,377,1,1,高層,,27,一置物業,https://i1.28hse.com/2026/08/202608071646586481051_thumb.jpg,https://www.28hse.com/buy/apartment/property-3964114,2026-08-07T16:19:46.780897+00:00,2026-08-07T16:20:50.453335+00:00,御林豪庭,530,香港島上環御林豪庭 裕林臺8號,"西半山御林豪庭1房罕有高層 靓装,放售。開掦海景 。",22.283377,114.149155,,,,,,2026-08-07T16:51:56+08:00,2026-08-07T16:51:56+08:00,2026-09-06T16:51:56+08:00,"[""https://i1.28hse.com/2026/08/202608071647205732362_large.jpg"", ""https://i1.28hse.com/2026/08/202608071647454350336_large.jpg"", ""https://i1.28hse.com/2026/08/202608071648014402963_large.jpg"", ""https://i1.28hse.com/2026/08/202608071647538331674_large.jpg"", ""https://i1.28hse.com/2026/08/202608071648218692395_large.jpg"", ""https://i1.28hse.com/estate_data/18/704/FLOOR/704_20260129113338649262_thumb.jpg"", ""https://i1.28hse.com/estate_data/18/704/UNIT/704_20260129113341845555_thumb.jpg""]",,,28431,4001,32432,2725500,16458,9809641,5831101,-1655000,3343889,-4998889
3885205,啟德2房上車推介,啟德,私人屋苑/新世界,7900000,391,2,1,中層,開放式廚房,1,美聯物業,https://i1.28hse.com/2026/06/202606101741495288972_thumb.jpg,https://www.28hse.com/buy/apartment/property-3885205,2026-08-06T17:33:59.496264+00:00,2026-08-06T18:18:17.370008+00:00,柏蔚森 柏蔚森 I,,九龍啟德柏蔚森柏蔚森 I 承景街2 號,"有匙可看,實盤實價
另有大量一/二手資料,歡迎查詢",22.310789,114.209717,,,,,,2026-06-10T17:42:34+08:00,2026-07-25T15:23:11+08:00,2026-08-09T17:42:34+08:00,"[""https://i1.28hse.com/2026/06/202606101741505406733_large.jpg"", ""https://i1.28hse.com/2026/06/202606101741493222105_large.jpg"", ""https://i1.28hse.com/2026/06/202606101741503832136_large.jpg"", ""https://i1.28hse.com/2026/06/20260610174150999800_large.jpg"", ""https://i1.28hse.com/estate_data/82/26929/FLOOR/26929_20240628172057879557_thumb.jpg"", ""https://i1.28hse.com/estate_data/82/26929/UNIT/26929_20240628172138454788_thumb.jpg""]",,,28431,4064,32495,2725500,16458,9831962,5831101,-1698271,3343889,-5042161
3884630,"最平海景兩房,廳大房大,歡迎預約",奧運,私人屋苑/長實,7900000,426,2,,中層,,22,美聯物業,https://i1.28hse.com/2026/06/202606101337426406580_thumb.jpg,https://www.28hse.com/buy/apartment/property-3884630,2026-08-06T17:33:59.496264+00:00,2026-08-06T18:04:29.025659+00:00,凱帆軒,608,九龍奧運凱帆軒 海帆道11號,"最平海景兩房,廳大房大,歡迎預約",22.320626999999998,114.15525099999999,,,,,,2026-06-10T13:37:43+08:00,2026-06-12T13:58:55+08:00,2026-08-09T13:37:43+08:00,"[""https://i1.28hse.com/2026/06/202606101337422589602_large.jpg"", ""https://i1.28hse.com/2026/06/202606101337438361186_large.jpg"", ""https://i1.28hse.com/2026/06/202606101337432908266_large.jpg"", ""https://i1.28hse.com/estate_data/68/2563/FLOOR/2563_20240216121637442182_thumb.jpg"", ""https://i1.28hse.com/estate_data/68/2563/UNIT/2563_20240216121725972517_thumb.jpg""]",,,28431,4221,32653,2725500,16458,9887763,5831101,-1806450,3343889,-5150339
3893465,"最平海景兩房,廳大房大,歡迎預約",奧運,私人屋苑/長實,7900000,426,2,,中層,,22,美聯物業,https://i1.28hse.com/2026/06/202606161402161311355_thumb.jpg,https://www.28hse.com/buy/apartment/property-3893465,2026-08-06T17:33:59.496264+00:00,2026-08-06T18:04:13.593477+00:00,凱帆軒,608,九龍奧運凱帆軒 海帆道11號,"最平海景兩房,廳大房大,歡迎預約",22.320627,114.155251,,,,,,2026-06-16T14:02:30+08:00,2026-06-24T13:42:31+08:00,2026-08-15T14:02:30+08:00,"[""https://i1.28hse.com/2026/06/202606161402076971648_large.jpg"", ""https://i1.28hse.com/2026/06/20260616140207682608_large.jpg"", ""https://i1.28hse.com/estate_data/68/2563/FLOOR/2563_20240216121637442182_thumb.jpg"", ""https://i1.28hse.com/estate_data/68/2563/UNIT/2563_20240216121725972517_thumb.jpg""]",,,28431,4221,32653,2725500,16458,9887763,5831101,-1806450,3343889,-5150339
3924715,"最平海景兩房,廳大房大,歡迎預約",奧運,私人屋苑/長實,7900000,426,2,,中層,,22,美聯物業,https://i1.28hse.com/2026/07/202607091420232068619_thumb.jpg,https://www.28hse.com/buy/apartment/property-3924715,2026-08-06T17:33:59.496264+00:00,2026-08-06T18:03:33.349598+00:00,凱帆軒,608,九龍奧運凱帆軒 海帆道11號,"最平海景兩房,廳大房大,歡迎預約",22.320627,114.155251,,,,,,2026-07-09T14:20:25+08:00,2026-07-09T14:20:25+08:00,2026-08-08T14:20:25+08:00,"[""https://i1.28hse.com/2026/07/202607091420233057834_large.jpg"", ""https://i1.28hse.com/2026/07/202607091420247114891_large.jpg"", ""https://i1.28hse.com/2026/07/202607091420247600118_large.jpg"", ""https://i1.28hse.com/estate_data/68/2563/FLOOR/2563_20240216121637442182_thumb.jpg"", ""https://i1.28hse.com/estate_data/68/2563/UNIT/2563_20240216121725972517_thumb.jpg""]",,,28431,4221,32653,2725500,16458,9887763,5831101,-1806450,3343889,-5150339
3930607,"凱帆軒筍盤,海景兩房,廳大房大,歡迎預約",奧運,私人屋苑/長實,7900000,426,2,,中層,,22,美聯物業,https://i1.28hse.com/2026/07/202607131705255432828_thumb.jpg,https://www.28hse.com/buy/apartment/property-3930607,2026-08-06T17:33:59.496264+00:00,2026-08-06T18:03:26.495152+00:00,凱帆軒,608,九龍奧運凱帆軒 海帆道11號,"凱帆軒筍盤,海景兩房,廳大房大,歡迎預約",22.320627,114.155251,,,,,,2026-07-13T17:05:26+08:00,2026-07-13T17:19:25+08:00,2026-08-12T17:05:26+08:00,"[""https://i1.28hse.com/2026/07/202607131705253325699_large.jpg"", ""https://i1.28hse.com/2026/07/202607131705262226097_large.jpg"", ""https://i1.28hse.com/2026/07/202607131705267328048_large.jpg"", ""https://i1.28hse.com/estate_data/68/2563/FLOOR/2563_20240216121637442182_thumb.jpg"", ""https://i1.28hse.com/estate_data/68/2563/UNIT/2563_20240216121725972517_thumb.jpg""]",,,28431,4221,32653,2725500,16458,9887763,5831101,-1806450,3343889,-5150339
3937586,"最平海景兩房,廳大房大,歡迎預約",奧運,私人屋苑/長實,7900000,426,2,,中層,,22,美聯物業,https://i1.28hse.com/2026/07/202607181806464313822_thumb.jpg,https://www.28hse.com/buy/apartment/property-3937586,2026-08-06T17:33:59.496264+00:00,2026-08-06T18:03:09.200143+00:00,凱帆軒,608,九龍奧運凱帆軒 海帆道11號,"最平海景兩房,廳大房大,歡迎預約",22.320626999999998,114.15525099999999,,,,,,2026-07-18T18:06:47+08:00,2026-07-18T18:09:34+08:00,2026-09-16T18:06:47+08:00,"[""https://i1.28hse.com/2026/07/202607181806468581867_large.jpg"", ""https://i1.28hse.com/2026/07/202607181806473436358_large.jpg"", ""https://i1.28hse.com/estate_data/68/2563/FLOOR/2563_20240216121637442182_thumb.jpg"", ""https://i1.28hse.com/estate_data/68/2563/UNIT/2563_20240216121725972517_thumb.jpg""]",,,28431,4221,32653,2725500,16458,9887763,5831101,-1806450,3343889,-5150339
3946698,25/7*實盤 筍到炸裂 最平海景兩房*,奧運,私人屋苑/長實,7900000,426,2,,中層,,22,美聯物業,https://i1.28hse.com/2026/07/202607251846255833473_thumb.jpg,https://www.28hse.com/buy/apartment/property-3946698,2026-08-06T17:33:59.496264+00:00,2026-08-06T18:02:49.059153+00:00,凱帆軒,608,九龍奧運凱帆軒 海帆道11號,"全新㕡璟專員
專營:奧運/大角嘴/長深區/四小龍/
區內最新最齊買賣租盤推介
包水電煤轉名
歡迎24小時查詢 :劉先生
微信:[REDACTED]",22.320627,114.155251,,,,,,2026-07-25T18:46:43+08:00,2026-07-25T18:46:43+08:00,2026-08-24T18:46:43+08:00,"[""https://i1.28hse.com/2026/07/202607251846251642727_large.jpg"", ""https://i1.28hse.com/2026/07/202607251846274822106_large.jpg"", ""https://i1.28hse.com/estate_data/68/2563/FLOOR/2563_20240216121637442182_thumb.jpg"", ""https://i1.28hse.com/estate_data/68/2563/UNIT/2563_20240216121725972517_thumb.jpg""]",,,28431,4221,32653,2725500,16458,9887763,5831101,-1806450,3343889,-5150339
3960664,"最平海景兩房,廳大房大,歡迎預約",奧運,私人屋苑/長實,7900000,426,2,,中層,,22,美聯物業,https://i1.28hse.com/2026/08/202608051337003177904_thumb.jpg,https://www.28hse.com/buy/apartment/property-3960664,2026-08-06T17:33:59.496264+00:00,2026-08-06T18:02:15.020080+00:00,凱帆軒,608,九龍奧運凱帆軒 海帆道11號,"最平海景兩房,廳大房大,歡迎預約",22.320626999999998,114.15525099999999,,,,,,2026-08-05T13:37:01+08:00,2026-08-05T13:37:01+08:00,2026-10-04T13:37:01+08:00,"[""https://i1.28hse.com/2026/08/202608051337005096804_large.jpg"", ""https://i1.28hse.com/2026/08/202608051337016591913_large.jpg"", ""https://i1.28hse.com/estate_data/68/2563/FLOOR/2563_20240216121637442182_thumb.jpg"", ""https://i1.28hse.com/estate_data/68/2563/UNIT/2563_20240216121725972517_thumb.jpg""]",,,28431,4221,32653,2725500,16458,9887763,5831101,-1806450,3343889,-5150339
3869740,罕有實用1房連露台,清水灣,私人屋苑/新世界,7900000,457,1,1,中層,,8,海騰物業,https://i1.28hse.com/2026/06/202606071647318670786_thumb.jpg,https://www.28hse.com/buy/apartment/property-3869740,2026-08-06T17:33:59.496264+00:00,2026-08-06T18:38:51.897033+00:00,傲瀧,,新界清水灣傲瀧 清水灣道663號,"價錢可議, 連露台",22.335801038955776,114.26036059856415,,,,,,2026-08-02T16:01:21+08:00,2026-08-02T16:01:21+08:00,2026-10-01T16:01:21+08:00,"[""https://i1.28hse.com/2026/06/202606071647314855812_large.jpg"", ""https://i1.28hse.com/2026/06/202606071647315344575_large.jpg"", ""https://i1.28hse.com/2026/06/202606071647323033977_large.jpg"", ""https://i1.28hse.com/2026/06/202606071647315160083_large.jpg"", ""https://i1.28hse.com/2026/06/202606071647312676200_large.jpg"", ""https://i1.28hse.com/2026/06/20260607164732657484_large.jpg"", ""https://i1.28hse.com/2026/06/20260607164732826482_large.jpg"", ""https://i1.28hse.com/estate_data/136/8779/FLOOR/8779_20260311122033567624_thumb.jpg"", ""https://i1.28hse.com/estate_data/136/8779/UNIT/8779_20260311122611514618_thumb.jpg""]",,,28431,4361,32792,2725500,16458,9937187,5831101,-1902265,3343889,-5246155
3896129,罕有清水灣低密度 科大旁傲瀧高層一房・連精裝即住,清水灣,私人屋苑/新世界,7900000,460,1,,高層,,8,美聯物業,https://i1.28hse.com/2026/06/202606181259524682171_thumb.jpg,https://www.28hse.com/buy/apartment/property-3896129,2026-08-06T17:33:59.496264+00:00,2026-08-06T18:39:08.797403+00:00,傲瀧,,新界清水灣傲瀧 清水灣道663號,"筍價出售, 罕有放盤, 豪華靚裝, 有海景, 價錢可議, 連天台, 高實用率",22.322432999999997,114.26947,,,,,,2026-06-18T13:00:15+08:00,2026-06-18T16:07:33+08:00,2026-08-17T13:00:15+08:00,"[""https://i1.28hse.com/2026/06/202606181259532772896_large.jpg"", ""https://i1.28hse.com/2026/06/202606181259542166420_large.jpg"", ""https://i1.28hse.com/2026/06/202606181259557257471_large.jpg"", ""https://i1.28hse.com/2026/06/202606181259566152392_large.jpg"", ""https://i1.28hse.com/2026/06/202606181259571105350_large.jpg"", ""https://i1.28hse.com/2026/06/202606181259584192147_large.jpg"", ""https://i1.28hse.com/2026/06/202606181259591335288_large.jpg"", ""https://i1.28hse.com/2026/06/202606181300008062255_large.jpg"", ""https://i1.28hse.com/estate_data/136/8779/FLOOR/8779_20260311122033567624_thumb.jpg"", ""https://i1.28hse.com/estate_data/136/8779/UNIT/8779_20260311122609569877_thumb.jpg"", ""https://i1.28hse.com/estate_data/136/8779/FLOOR/8779_20231201180840264192_thumb.jpg"", ""https://i1.28hse.com/estate_data/136/8779/UNIT/8779_20231201182015851178_thumb.jpg""]",,,28431,4374,32806,2725500,16458,9941970,5831101,-1911538,3343889,-5255427
3932666,# 荃灣西極致海景一房｜790萬入手海之戀高層C室,荃灣,私人屋苑/長實,7900000,393,1,,高層,,8,美聯物業,https://i1.28hse.com/2026/07/202607151234163747910_thumb.jpg,https://www.28hse.com/buy/apartment/property-3932666,2026-08-06T17:33:59.496264+00:00,2026-08-06T18:34:35.410284+00:00,海之戀 海之戀,,新界荃灣海之戀海之戀 大河道100號,"**樓盤基本資料**
- 地址：海之戀 1期 9座 高層 C室
- 實用面積：393呎 
- 售價：$790萬 
- 間隔：1房1廳1廁 ️
- 樓齡：8年 ️
- 景觀：開揚海景，視野無遮擋 
- 校網：62（小學校網）
- 屋苑設施：會所、泳池、兒童及運動設施 
- 港鐵距離：荃灣西站步行僅1分鐘 
- 鄰近商場：海之戀商場（2分鐘）、荃灣公園（7分鐘）️
- 適合人群：單身專業人士、年輕夫婦、投資自住兼備者 
 硬性推銷，機會有限，立即預約視樓！",22.369368,114.112411,,,,,,2026-07-15T12:34:32+08:00,2026-07-15T12:34:32+08:00,2026-09-13T12:34:32+08:00,"[""https://i1.28hse.com/2026/07/202607151234174086878_large.jpg"", ""https://i1.28hse.com/2026/07/202607151234173412648_large.jpg"", ""https://i1.28hse.com/2026/07/202607151234182844912_large.jpg"", ""https://i1.28hse.com/2026/07/202607151234193715003_large.jpg"", ""https://i1.28hse.com/2026/07/202607151234198678996_large.jpg"", ""https://i1.28hse.com/estate_data/113/22280/FLOOR/22280_20231127201526865681_thumb.jpg"", ""https://i1.28hse.com/estate_data/113/22280/UNIT/22280_20231121131930244888_thumb.jpg""]",,,28431,4073,32504,2725500,16458,9835150,5831101,-1704453,3343889,-5048342
3933391,極高層海景優質盤 即買即收租 西鐵站頂,荃灣,私人屋苑/長實,7900000,393,1,,高層,,8,美聯物業,https://i1.28hse.com/2026/07/202607151809541048312_thumb.jpg,https://www.28hse.com/buy/apartment/property-3933391,2026-08-06T17:33:59.496264+00:00,2026-08-06T18:34:27.121697+00:00,海之戀 海之戀,,新界荃灣海之戀海之戀 大河道100號,有匙即看 把握時機,22.369368,114.112411,,,,,,2026-07-15T18:10:06+08:00,2026-07-15T18:10:06+08:00,2026-09-13T18:10:06+08:00,"[""https://i1.28hse.com/2026/07/202607151809522728107_large.jpg"", ""https://i1.28hse.com/2026/07/202607151809533948874_large.jpg"", ""https://i1.28hse.com/2026/07/20260715180953370475_large.jpg"", ""https://i1.28hse.com/2026/07/202607151809535223349_large.jpg"", ""https://i1.28hse.com/2026/07/202607151809534803502_large.jpg"", ""https://i1.28hse.com/2026/07/202607151809543145051_large.jpg"", ""https://i1.28hse.com/2026/07/202607151809543976297_large.jpg"", ""https://i1.28hse.com/estate_data/113/22280/FLOOR/22280_20231127201526865681_thumb.jpg"", ""https://i1.28hse.com/estate_data/113/22280/UNIT/22280_20231121131930244888_thumb.jpg""]",,,28431,4073,32504,2725500,16458,9835150,5831101,-1704453,3343889,-5048342
3937712,$768萬 海之戀｜銀行估凸價｜極高層｜靚裝｜海景一房｜有匙即睇,荃灣,私人屋苑/長實,7900000,393,1,1,高層,開放式廚房,8,美聯物業,https://i1.28hse.com/2026/07/20260724192945210194_thumb.jpg,https://www.28hse.com/buy/apartment/property-3937712,2026-08-06T17:33:59.496264+00:00,2026-08-06T18:33:48.578111+00:00,海之戀 海之戀,,新界荃灣海之戀海之戀 大河道100號,"♛專業代理♛ 王生ANSON
Tel : 即時回覆
租務 買賣 大量筍盤 
不能盡錄 可致電
(24 hours )//(WHATS APP)/(wechat）
♛專業代理♛ 王生
從事地產13年
連續13年精英會成員
無論買樓自住，投資升值，區內換樓，放盤收租
本人均可為貴客提供一條龍,買賣及售後服務
緊貼業主價格及
最新成交資訊
細心做事大膽還價️ 進取卻不離地️
隨時奉陪屢敗屢戰 為您全力護航️
①聆聽您的需求 
②提供多方面建議
③講解買賣程序
④計算按揭與支出
⑤站在不同角度
⑥分析樓市新動向
⑦鎖定合適物業
⑧不耽誤您的光陰
⑨解釋合約文件
另有各區大型新盤專車接送現樓示範單位,歡迎預約參觀查詢",22.369368,114.112411,,,,,,2026-07-18T18:57:10+08:00,2026-07-24T19:30:08+08:00,2026-09-16T18:57:10+08:00,"[""https://i1.28hse.com/2026/07/202607241929477479938_large.jpg"", ""https://i1.28hse.com/2026/07/202607181856474469168_large.jpg"", ""https://i1.28hse.com/2026/07/202607181856496773186_large.jpg"", ""https://i1.28hse.com/2026/07/202607181856515964750_large.jpg"", ""https://i1.28hse.com/2026/07/202607181856527545347_large.jpg"", ""https://i1.28hse.com/2026/07/202607181856547063915_large.jpg"", ""https://i1.28hse.com/2026/07/202607181856566646741_large.jpg"", ""https://i1.28hse.com/2026/07/202607181856584039447_large.jpg"", ""https://i1.28hse.com/2026/07/20260724192812136316_large.jpg"", ""https://i1.28hse.com/2026/07/202607241928134705261_large.jpg"", ""https://i1.28hse.com/2026/07/202607241928156864473_large.jpg"", ""https://i1.28hse.com/2026/07/202607241928178474876_large.jpg"", ""https://i1.28hse.com/2026/07/202607241928196500924_large.jpg"", ""https://i1.28hse.com/2026/07/202607241928218744631_large.jpg"", ""https://i1.28hse.com/2026/07/20260724192822851135_large.jpg"", ""https://i1.28hse.com/estate_data/113/22280/FLOOR/22280_20231127201526865681_thumb.jpg"", ""https://i1.28hse.com/estate_data/113/22280/UNIT/22280_20231121131930244888_thumb.jpg""]",,,28431,4073,32504,2725500,16458,9835150,5831101,-1704453,3343889,-5048342
3938248,與大海結伴同行，輕鬆海濱漫步！,荃灣,私人屋苑/長實,7900000,393,1,,,開放式廚房,8,中原地產,https://i1.28hse.com/2026/07/202607191304037707706_thumb.jpg,https://www.28hse.com/buy/apartment/property-3938248,2026-08-06T17:33:59.496264+00:00,2026-08-06T18:33:42.777337+00:00,海之戀 海之戀,,新界荃灣海之戀海之戀 大河道100號,與大海結伴同行，輕鬆海濱漫步！,22.369368,114.112411,,,,,,2026-07-19T13:04:28+08:00,2026-07-19T13:04:28+08:00,2026-08-18T13:04:28+08:00,"[""https://i1.28hse.com/2026/07/202607191304048445627_large.jpg"", ""https://i1.28hse.com/2026/07/202607191304056874708_large.jpg"", ""https://i1.28hse.com/2026/07/202607191304058147309_large.jpg"", ""https://i1.28hse.com/2026/07/202607191304065697060_large.jpg"", ""https://i1.28hse.com/2026/07/20260719130406978551_large.jpg"", ""https://i1.28hse.com/2026/07/202607191304072549941_large.jpg"", ""https://i1.28hse.com/estate_data/113/22280/FLOOR/22280_20231127201526865681_thumb.jpg"", ""https://i1.28hse.com/estate_data/113/22280/UNIT/22280_20231121131930244888_thumb.jpg""]",,,28431,4073,32504,2725500,16458,9835150,5831101,-1704453,3343889,-5048342
3938813,$758萬海景！VR先睇樓！連全屋傢俬！投資收租高回報,荃灣,私人屋苑/長實,7900000,393,1,1,高層,開放式廚房,8,美聯物業,https://i1.28hse.com/2026/07/20260725165729815051_thumb.jpg,https://www.28hse.com/buy/apartment/property-3938813,2026-08-06T17:33:59.496264+00:00,2026-08-06T18:33:36.532451+00:00,海之戀 海之戀,,新界荃灣海之戀海之戀 大河道100號,"專營 各區一/二手/租賃 大量優質實盤
資深代理 信心之選 絕不取考
一站式窩心專業租售服務
- 銀行估價
- 按揭評估
- 法律咨詢
- 免費代辦直系親屬轉讓
任何查詢歡迎隨時致電查詢",22.369368,114.112411,,,,,,2026-07-19T18:16:35+08:00,2026-07-25T16:57:46+08:00,2026-08-18T18:16:35+08:00,"[""https://i1.28hse.com/2026/07/202607191816067195736_large.jpg"", ""https://i1.28hse.com/2026/07/202607191816083562424_large.jpg"", ""https://i1.28hse.com/2026/07/202607191816083516598_large.jpg"", ""https://i1.28hse.com/2026/07/202607191816105729151_large.jpg"", ""https://i1.28hse.com/2026/07/202607191816126638667_large.jpg"", ""https://i1.28hse.com/2026/07/202607191816134624121_large.jpg"", ""https://i1.28hse.com/2026/07/202607191816153574951_large.jpg"", ""https://i1.28hse.com/2026/07/202607191816177330547_large.jpg"", ""https://i1.28hse.com/2026/07/20260725165729815051_large.jpg"", ""https://i1.28hse.com/estate_data/113/22280/FLOOR/22280_20231127201526865681_thumb.jpg"", ""https://i1.28hse.com/estate_data/113/22280/UNIT/22280_20231121131930244888_thumb.jpg""]",,,28431,4073,32504,2725500,16458,9835150,5831101,-1704453,3343889,-5048342
3941230,《中原保證最平》●●樓王一房【汀九靚裝】有匙即睇 還價即成,荃灣,私人屋苑/長實,7900000,393,1,1,高層,,8,中原地產,https://i1.28hse.com/2026/07/202607252010103351103_thumb.jpg,https://www.28hse.com/buy/apartment/property-3941230,2026-08-06T17:33:59.496264+00:00,2026-08-06T18:33:11.829503+00:00,海之戀 海之戀,,新界荃灣海之戀海之戀 大河道100號,"荃灣西站 配套完善 一應俱全
天橋網絡18區獨有 家庭客自住客投資客首選
●●●●●●●●●●
搵低水荀盤 一定幫到你
區內No.1龍頭鋪 盤齊價準
專業代理*陳小姐 Fanny chan
24小時查詢熱線：
可WHATSAPP 即時回覆
無論買樓自住，投資升值，區內換樓，放盤收租
*本人均為貴客提供一條龍服務,買賣及售後服務
首次置業
售前壓測，首期，供款計算
銀行按揭上會
法律咨詢
律師轉介
裝修轉介
水電煤，差餉地租轉名
收樓驗樓
售後放租務管理",22.369368,114.112411,,,明火煮食,,,2026-07-21T19:15:40+08:00,2026-07-25T20:10:29+08:00,2026-08-20T19:15:40+08:00,"[""https://i1.28hse.com/2026/07/202607252010122081469_large.jpg"", ""https://i1.28hse.com/2026/07/202607252010137505183_large.jpg"", ""https://i1.28hse.com/2026/07/202607252010148414278_large.jpg"", ""https://i1.28hse.com/2026/07/202607252010152156035_large.jpg"", ""https://i1.28hse.com/2026/07/202607252010178630745_large.jpg"", ""https://i1.28hse.com/2026/07/202607252010184746542_large.jpg"", ""https://i1.28hse.com/2026/07/20260725201019595870_large.jpg"", ""https://i1.28hse.com/estate_data/113/22280/FLOOR/22280_20231127201526865681_thumb.jpg"", ""https://i1.28hse.com/estate_data/113/22280/UNIT/22280_20231121131930244888_thumb.jpg""]",,,28431,4073,32504,2725500,16458,9835150,5831101,-1704453,3343889,-5048342
3941935,極高層開揚海景,荃灣,私人屋苑/長實,7900000,393,1,1,高層,,8,中原地產,https://i1.28hse.com/2026/07/202607221523561174249_thumb.jpg,https://www.28hse.com/buy/apartment/property-3941935,2026-08-06T17:33:59.496264+00:00,2026-08-06T18:33:07.011748+00:00,海之戀 海之戀,,新界荃灣海之戀海之戀 大河道100號,企理裝修，一望無際，超筍海景,22.369368,114.112411,,,,,,2026-07-22T15:24:12+08:00,2026-07-22T15:24:12+08:00,2026-08-21T15:24:12+08:00,"[""https://i1.28hse.com/2026/07/202607221523575890115_large.jpg"", ""https://i1.28hse.com/2026/07/202607221523595152459_large.jpg"", ""https://i1.28hse.com/2026/07/202607221524003901589_large.jpg"", ""https://i1.28hse.com/2026/07/202607221524015957729_large.jpg"", ""https://i1.28hse.com/estate_data/113/22280/FLOOR/22280_20231127201526865681_thumb.jpg"", ""https://i1.28hse.com/estate_data/113/22280/UNIT/22280_20231121131930244888_thumb.jpg""]",,,28431,4073,32504,2725500,16458,9835150,5831101,-1704453,3343889,-5048342
3946686,海之恋一房至尊户型｜汀九桥海景・静享私密｜港铁上盖,荃灣,私人屋苑/長實,7900000,393,1,,高層,,7,中原地產代理有限公司,https://i1.28hse.com/2026/07/202607251841207633538_thumb.jpg,https://www.28hse.com/buy/apartment/property-3946686,2026-08-06T17:33:59.496264+00:00,2026-08-06T18:32:32.693665+00:00,海之戀 海之戀,,新界荃灣海之戀海之戀 大河道100号,业主诚卖，位置优越，直达海之恋商场，Donki超市，环绕三大公园：荃湾公园/海滨长廊/荃湾广场休息区,22.369368,114.112411,,,,,,2026-07-25T18:41:22+08:00,2026-07-25T18:41:22+08:00,2026-09-23T18:41:22+08:00,"[""https://i1.28hse.com/2026/07/202607251841218911053_large.jpg"", ""https://i1.28hse.com/2026/07/202607251841218902004_large.jpg"", ""https://i1.28hse.com/2026/07/202607251841228062681_large.jpg"", ""https://i1.28hse.com/2026/07/202607251841224922578_large.jpg"", ""https://i1.28hse.com/2026/07/202607251841207633538_large.jpg"", ""https://i1.28hse.com/estate_data/113/22280/FLOOR/22280_20231127201526865681_thumb.jpg"", ""https://i1.28hse.com/estate_data/113/22280/UNIT/22280_20231121131930244888_thumb.jpg""]",,,28431,4073,32504,2725500,16458,9835150,5831101,-1704453,3343889,-5048342
3952920,《中原最update》●●靚裝高層【山景極開揚】歡迎約睇｜價錢一定幫到你,荃灣,私人屋苑/新鴻基,7900000,452,2,1,中層,,21,中原地產,https://i1.28hse.com/2026/08/20260804214714471545_thumb.jpg,https://www.28hse.com/buy/apartment/property-3952920,2026-08-06T17:33:59.496264+00:00,2026-08-06T18:31:37.582598+00:00,爵悅庭,613,新界荃灣爵悅庭 楊屋道90-114號,"荃灣西站 配套完善 一應俱全
天橋網絡18區獨有 家庭客自住客投資客首選
●●●●●●●●●●
搵低水荀盤 一定幫到你
緊貼業主 盤齊價準
專業代理*陳小姐 Fanny chan
24小時查詢熱線：
可WHATSAPP 即時回覆
無論買樓自住，投資升值，區內換樓，放盤收租
*本人均為貴客提供一條龍服務,買賣及售後服務
首次置業
售前壓測，首期，供款計算
銀行按揭上會
法律咨詢
律師轉介
裝修轉介
水電煤，差餉地租轉名
收樓驗樓
售後放租務管理",22.366886,114.117111,,,,,,2026-07-30T22:07:24+08:00,2026-08-04T21:48:08+08:00,2026-08-29T22:07:24+08:00,"[""https://i1.28hse.com/2026/08/202608042147153305735_large.jpg"", ""https://i1.28hse.com/2026/08/202608042147156068042_large.jpg"", ""https://i1.28hse.com/2026/08/202608042147168129768_large.jpg"", ""https://i1.28hse.com/2026/08/202608042147177319665_large.jpg"", ""https://i1.28hse.com/2026/08/202608042147172622262_large.jpg"", ""https://i1.28hse.com/2026/08/20260804214718184332_large.jpg"", ""https://i1.28hse.com/2026/08/202608042147192109917_large.jpg"", ""https://i1.28hse.com/estate_data/113/4570/FLOOR/4570_20231121013800148296_thumb.jpg"", ""https://i1.28hse.com/estate_data/113/4570/UNIT/4570_20231121014147992198_thumb.jpg""]",,,28431,4338,32770,2725500,16458,9929216,5831101,-1886811,3343889,-5230700
3964093,【760萬再傾】【約睇】【有票有驚喜】,荔枝角,私人屋苑/新鴻基,7900000,464,2,,中層,,21,美聯物業代理有限公司,https://i1.28hse.com/2026/08/202608071647275483596_thumb.jpg,https://www.28hse.com/buy/apartment/property-3964093,2026-08-07T16:19:46.780897+00:00,2026-08-07T16:21:31.809191+00:00,宇晴軒,631,九龍荔枝角宇晴軒 深盛道9號,"本人均可為貴客提供一條龍，買賣及售後服務
24小時在線查詢
專車接送
首次置業 免費查詢資料
售前壓測，首期，供款計算
銀行按揭上會
售前壓測，首期，供款計算
免費法律咨詢
律師轉介
水電煤，差餉，地租轉名
專業貼心一站式服務
無論買樓自住，投資升值，區內換樓，放盤收租",22.334702,114.149544,,,,,,2026-08-07T16:47:42+08:00,2026-08-07T16:47:42+08:00,2026-09-06T16:47:42+08:00,"[""https://i1.28hse.com/2026/08/20260807164727459324_large.jpg"", ""https://i1.28hse.com/2026/08/202608071647287993990_large.jpg"", ""https://i1.28hse.com/2026/08/202608071647285413094_large.jpg"", ""https://i1.28hse.com/2026/08/202608071647281334124_large.jpg""]",,,28431,4392,32824,2725500,16458,9948348,5831101,-1923901,3343889,-5267790
3924266,**一減再減** 豪門 最筍兩房 投資自住皆宜,九龍城,私人屋苑/華懋,7920000,541,2,1,中層,,20,友和地產,https://i1.28hse.com/2026/07/20260709010858924880_thumb.jpg,https://www.28hse.com/buy/apartment/property-3924266,2026-08-06T17:33:59.496264+00:00,2026-08-06T18:18:36.630844+00:00,豪門 第一期,714,九龍九龍城豪門第一期 沙浦道,"**一減再減** 豪門 最筍兩房 投資自住皆宜
間隔方正實用",22.33078,114.192986,,,,,,2026-07-09T01:09:28+08:00,2026-07-09T01:09:28+08:00,2026-09-07T01:09:28+08:00,"[""https://i1.28hse.com/2026/07/202607090109025400329_large.jpg"", ""https://i1.28hse.com/2026/07/202607090109055877131_large.jpg"", ""https://i1.28hse.com/2026/07/202607090109075339565_large.jpg"", ""https://i1.28hse.com/2026/07/202607090109106685215_large.jpg"", ""https://i1.28hse.com/2026/07/202607090109147842863_large.jpg""]",,,28503,4744,33248,2732400,16500,10094424,5845863,-2171599,3343889,-5515488
3833461,啟德高層海景兩房 相熟業主幫你傾到最平,啟德,私人屋苑/中國海外,7950000,444,2,1,高層,,3,中輝偉創,https://i1.28hse.com/2026/07/202607051729567832127_thumb.jpg,https://www.28hse.com/buy/apartment/property-3833461,2026-08-06T17:33:59.496264+00:00,2026-08-06T18:17:57.869700+00:00,維港1號,,九龍啟德維港1號 承豐道21號,"歡迎WhatsApp或微信聯絡！
Whatsapp電話：
[REDACTED]
微信号：
sam[REDACTED]",22.312347,114.207161,,,,,,2026-07-05T17:28:14+08:00,2026-07-05T17:30:28+08:00,2026-09-03T17:28:14+08:00,"[""https://i1.28hse.com/2026/07/202607051729577101235_large.jpg"", ""https://i1.28hse.com/2026/07/202607051729585366242_large.jpg"", ""https://i1.28hse.com/2026/07/202607051729574004722_large.jpg"", ""https://i1.28hse.com/estate_data/82/23863/FLOOR/23863_20231117035440427638_thumb.jpg"", ""https://i1.28hse.com/estate_data/82/23863/FLOOR/23863_20231117035446855239_thumb.jpg"", ""https://i1.28hse.com/estate_data/82/23863/UNIT/23863_20231117035558844385_thumb.jpg""]",,,28611,4317,32928,2742750,16562,9974743,5868007,-1886348,3343889,-5230238
3910425,銀行估凸，筍價放售,啟德,私人屋苑/會德豐,7950000,366,1,1,高層,開放式廚房,7,美聯物業,https://i1.28hse.com/2026/07/202607261615168018896_thumb.jpg,https://www.28hse.com/buy/apartment/property-3910425,2026-08-06T17:33:59.496264+00:00,2026-08-06T18:18:05.616252+00:00,Oasis Kai Tak,,九龍啟德Oasis Kai Tak 沐寧街10號,"筍價出售, 大型商場, 交通便利, 設施齊備",22.328753,114.199913,,,,,,2026-06-29T16:47:50+08:00,2026-07-26T16:20:31+08:00,2026-08-28T16:47:50+08:00,"[""https://i1.28hse.com/2026/07/202607261615162821698_large.jpg"", ""https://i1.28hse.com/2026/07/202607261615165170022_large.jpg"", ""https://i1.28hse.com/2026/07/202607261615176557681_large.jpg"", ""https://i1.28hse.com/2026/07/202607261615174406570_large.jpg"", ""https://i1.28hse.com/estate_data/82/22370/FLOOR/22370_20231227125700639763_thumb.jpg"", ""https://i1.28hse.com/estate_data/82/22370/UNIT/22370_20231227125916953588_thumb.jpg""]",,,28611,3966,32577,2742750,16562,9850386,5868007,-1645265,3343889,-4989154
3880667,油麻地站旁，窩打老道8號 罕有放售實用2房，可以約看！,油麻地,私人屋苑/新鴻基,7950000,417,2,,中層,,22,香港置業,https://i1.28hse.com/2026/06/202606071451172329855_thumb.jpg,https://www.28hse.com/buy/apartment/property-3880667,2026-08-06T17:33:59.496264+00:00,2026-08-06T17:57:18.624263+00:00,窩打老道8號,556,九龍油麻地窩打老道8號 窩打老道8號,購物方便，交通便利，環境舒適,22.312309,114.169853,,,,,,2026-06-07T14:51:46+08:00,2026-06-07T14:51:46+08:00,2026-08-06T14:51:46+08:00,"[""https://i1.28hse.com/2026/06/202606071451174294443_large.jpg"", ""https://i1.28hse.com/2026/06/202606071451184703871_large.jpg"", ""https://i1.28hse.com/2026/06/202606071451181175488_large.jpg"", ""https://i1.28hse.com/2026/06/202606071451193553704_large.jpg"", ""https://i1.28hse.com/2026/06/202606071451206443163_large.jpg"", ""https://i1.28hse.com/2026/06/202606071451202341756_large.jpg""]",,,28611,4195,32807,2742750,16562,9931696,5868007,-1802896,3343889,-5146786
3917227,大降價！高瞻遠矚獅子山景,油麻地,私人屋苑,7950000,492,1,1,高層,,9,世紀21卓建物業,https://i1.28hse.com/2026/07/202607041217572314736_thumb.jpg,https://www.28hse.com/buy/apartment/property-3917227,2026-08-06T17:33:59.496264+00:00,2026-08-06T17:56:08.412067+00:00,御金國峯,637,九龍油麻地御金國峯 友翔道1號,雙露臺，大單邊,22.310324,114.165863,,,,,,2026-07-04T12:18:00+08:00,2026-07-04T12:18:00+08:00,2026-09-02T12:18:00+08:00,"[""https://i1.28hse.com/2026/07/202607041217578884086_large.jpg"", ""https://i1.28hse.com/2026/07/202607041217573541591_large.jpg"", ""https://i1.28hse.com/2026/07/202607041217584607722_large.jpg"", ""https://i1.28hse.com/2026/07/20260704121758258155_large.jpg"", ""https://i1.28hse.com/2026/07/202607041217585085955_large.jpg"", ""https://i1.28hse.com/2026/07/202607041217593666233_large.jpg"", ""https://i1.28hse.com/2026/07/202607041217597906314_large.jpg"", ""https://i1.28hse.com/2026/07/202607041217596452556_large.jpg"", ""https://i1.28hse.com/estate_data/72/6768/FLOOR/6768_20231117004407844879_thumb.jpg"", ""https://i1.28hse.com/estate_data/72/6768/UNIT/6768_20231117005006664633_thumb.jpg""]",,,28611,4533,33144,2742750,16562,10051271,5868007,-2034707,3343889,-5378597
3918528,清靜內園景，豪華會所,紅磡,私人屋苑/長實,7950000,425,2,,中層,,28,太陽物業,https://i1.28hse.com/2026/07/202607042315344254415_thumb.jpg,https://www.28hse.com/buy/apartment/property-3918528,2026-08-06T17:33:59.496264+00:00,2026-08-06T17:50:21.744313+00:00,海逸豪園,,九龍紅磡海逸豪園 海逸道8號,清靜內園景，豪華會所,22.307489,114.19194,,,,,,2026-07-04T23:15:38+08:00,2026-07-24T21:15:07+08:00,2026-09-02T23:15:38+08:00,"[""https://i1.28hse.com/2026/07/202607042315347862735_large.jpg"", ""https://i1.28hse.com/2026/07/20260704231534339505_large.jpg"", ""https://i1.28hse.com/2026/07/202607042315358953609_large.jpg"", ""https://i1.28hse.com/2026/07/202607042315358677584_large.jpg"", ""https://i1.28hse.com/2026/07/202607042315358181402_large.jpg""]",,,28611,4231,32843,2742750,16562,9944451,5868007,-1827623,3343889,-5171512
3725229,【筍盤推介】3房高層山景 屋苑會所連露台,長沙灣,私人屋苑/洋樓/香港房協,7950000,519,3,,高層,,6,千億物業 長沙灣分行,https://i1.28hse.com/2026/01/202601291754582089936_thumb.jpg,https://www.28hse.com/buy/apartment/property-3725229,2026-08-06T17:33:59.496264+00:00,2026-08-06T18:06:50.874719+00:00,喜韻,,九龍長沙灣喜韻 青山道368號,【筍盤推介】三房高層山景 屋苑會所連露台,22.33913,114.155746,,,,,,2026-07-30T13:07:07+08:00,2026-08-03T16:02:20+08:00,2026-09-28T13:07:07+08:00,"[""https://i1.28hse.com/2026/01/202601291754433567813_large.jpg"", ""https://i1.28hse.com/2026/01/202601291754443846429_large.jpg"", ""https://i1.28hse.com/2026/01/202601291754443558555_large.jpg"", ""https://i1.28hse.com/2026/01/202601291754452329540_large.jpg"", ""https://i1.28hse.com/estate_data/63/8545/FLOOR/8545_20231211152836812363_thumb.jpg"", ""https://i1.28hse.com/estate_data/63/8545/UNIT/8545_20231211152853539471_thumb.jpg""]",,,28611,4654,33266,2742750,16562,10094318,5868007,-2118159,3343889,-5462049
3920910,[有匙] 大四喜 高層3房 梗廚 少有放盤,長沙灣,私人屋苑/洋樓/單幢式大廈/香港房協,7950000,519,3,1,高層,,11,喜居物業(欽州街舖),https://i1.28hse.com/2026/07/202607061751322965249_thumb.jpg,https://www.28hse.com/buy/apartment/property-3920910,2026-08-06T17:33:59.496264+00:00,2026-08-06T18:08:26.546751+00:00,喜韻,,九龍長沙灣喜韻 青山道368號,[有匙] 大四喜 高層3房 梗廚 少有放盤,22.33913,114.155746,,,,,,2026-07-06T17:53:00+08:00,2026-07-23T18:21:22+08:00,2026-09-04T17:53:00+08:00,"[""https://i1.28hse.com/2026/07/202607061751404586853_large.jpg"", ""https://i1.28hse.com/2026/07/202607061752151458311_large.jpg"", ""https://i1.28hse.com/2026/07/202607061751563160541_large.jpg"", ""https://i1.28hse.com/2026/07/202607061751464971117_large.jpg"", ""https://i1.28hse.com/2026/07/202607061752014435084_large.jpg"", ""https://i1.28hse.com/2026/07/202607061752192441894_large.jpg"", ""https://i1.28hse.com/2026/07/202607061751273482581_large.jpg"", ""https://i1.28hse.com/2026/07/202607061752105732860_large.jpg"", ""https://i1.28hse.com/estate_data/63/8545/FLOOR/8545_20231211152836812363_thumb.jpg"", ""https://i1.28hse.com/estate_data/63/8545/UNIT/8545_20231211152853539471_thumb.jpg""]",,,28611,4654,33266,2742750,16562,10094318,5868007,-2118159,3343889,-5462049
3962939,【性價比之選】【明廁梗廚】【開揚球場景兩房】,長沙灣,私人屋苑/香港房協,7950000,506,2,1,高層,,11,香港置業,https://i1.28hse.com/2026/08/202608061953251402224_thumb.jpg,https://www.28hse.com/buy/apartment/property-3962939,2026-08-06T17:33:59.496264+00:00,2026-08-06T18:06:18.962925+00:00,喜韻,,九龍長沙灣喜韻 青山道368號,"【明廁梗廚，四正實用】
　 【嚴重低水，把握機會】
【交通方便，配套齊備】
　 【必走筍盤，歡迎約睇】",22.33913,114.155746,,,,,,2026-08-06T19:54:27+08:00,2026-08-06T19:54:27+08:00,2026-09-05T19:54:27+08:00,"[""https://i1.28hse.com/2026/08/202608061953273256486_large.jpg"", ""https://i1.28hse.com/2026/08/202608061953271184468_large.jpg"", ""https://i1.28hse.com/2026/08/202608061953283089071_large.jpg"", ""https://i1.28hse.com/2026/08/202608061953294203076_large.jpg"", ""https://i1.28hse.com/estate_data/63/8545/FLOOR/8545_20231211152836812363_thumb.jpg"", ""https://i1.28hse.com/estate_data/63/8545/UNIT/8545_20231211152853623144_thumb.jpg""]",,,28611,4596,33207,2742750,16562,10073591,5868007,-2077979,3343889,-5421868
3916875,進註啟德好時機，2房低位入埸,啟德,私人屋苑/中國海外,7980000,444,2,1,中層,開放式廚房,3,大老闆物業代理,https://i1.28hse.com/2026/07/202607040017226754006_thumb.jpg,https://www.28hse.com/buy/apartment/property-3916875,2026-08-06T17:33:59.496264+00:00,2026-08-06T18:18:00.560361+00:00,維港1號,,九龍啟德維港1號 承豐道21號,歡迎約睇,22.312347,114.207161,,,,,,2026-07-04T00:17:45+08:00,2026-08-01T11:27:11+08:00,2026-09-02T00:17:45+08:00,"[""https://i1.28hse.com/2026/07/202607040017247645981_large.jpg"", ""https://i1.28hse.com/2026/07/202607040017252451314_large.jpg"", ""https://i1.28hse.com/2026/07/20260704001727628277_large.jpg"", ""https://i1.28hse.com/2026/07/202607040017295782964_large.jpg"", ""https://i1.28hse.com/2026/07/202607040017318562427_large.jpg"", ""https://i1.28hse.com/estate_data/82/23863/FLOOR/23863_20231117035440427638_thumb.jpg"", ""https://i1.28hse.com/estate_data/82/23863/FLOOR/23863_20231117035446855239_thumb.jpg"", ""https://i1.28hse.com/estate_data/82/23863/UNIT/23863_20231117035558844385_thumb.jpg""]",,,28719,4326,33045,2753100,16625,10009712,5890150,-1900906,3343889,-5244796
3937272,ღ獨家代理ღ宋皇臺站大型屋苑ღ開揚兩房ღ歡迎查詢ღ,土瓜灣,私人屋苑/新世界,7980000,479,2,1,,,22,裕豐物業代理,https://i1.28hse.com/2026/07/202607181600264985810_thumb.jpg,https://www.28hse.com/buy/apartment/property-3937272,2026-08-06T17:33:59.496264+00:00,2026-08-06T18:22:56.367167+00:00,傲雲峰,639,九龍土瓜灣傲雲峰 宋皇臺道38號,"圖片僅供參考
地址: 土瓜灣宋皇台道38號
入伙日期: 2004年
總座數:6
每層伙數: 8
層數:58
所屬校網:九龍區34號校網
物業設施: 大型戶外游泳池、水力按摩池、兒童游泳池、日光曬台、蒸氣浴室、桑拿浴室、多項專業美容設施、健身室、 女士專用跳舞及健身室、壁球場、羽毛球場、桌球室、特大兒童遊戲室、電腦遊戲機室、舞蹈室、卡拉OK室、鋼琴室、閱讀室、麻雀耍樂室 、飛鏢室及平台主題花園",22.323584,114.190681,,,,,,2026-07-18T16:01:37+08:00,2026-07-18T16:01:37+08:00,2026-09-16T16:01:37+08:00,"[""https://i1.28hse.com/2026/07/202607181600258300285_large.jpg"", ""https://i1.28hse.com/2026/07/202607181600235434941_large.jpg"", ""https://i1.28hse.com/2026/07/202607181600241909435_large.jpg"", ""https://i1.28hse.com/2026/07/202607181600272328583_large.jpg"", ""https://i1.28hse.com/2026/07/202607181600277484156_large.jpg"", ""https://i1.28hse.com/2026/07/202607181601272439613_large.jpg"", ""https://i1.28hse.com/estate_data/77/3070/FLOOR/3070_20231116230343224196_thumb.jpg"", ""https://i1.28hse.com/estate_data/77/3070/UNIT/3070_20231116230448862816_thumb.jpg""]",,,28719,4483,33202,2753100,16625,10065514,5890150,-2009085,3343889,-5352974
3940674,罕有出賣 1梯兩伙 3房積 高層開揚 平地電梯,深水埗,私人屋苑/洋樓/單幢式大廈,7980000,644,3,1,中層,,27,18物業有限公司,https://i1.28hse.com/2026/07/202607211520185236481_thumb.jpg,https://www.28hse.com/buy/apartment/property-3940674,2026-08-06T17:33:59.496264+00:00,2026-08-06T18:12:38.695993+00:00,樂意居,894,九龍深水埗樂意居 北河街132號,罕有出賣 1梯兩伙 3房積 高層開揚 平地電梯,22.332275,114.164619,,,,,,2026-07-21T15:13:26+08:00,2026-07-21T15:38:42+08:00,2026-08-20T15:13:26+08:00,"[""https://i1.28hse.com/2026/07/202607211538314047657_large.jpg"", ""https://i1.28hse.com/2026/07/202607211519166860459_large.jpg""]",,,28719,5226,33945,2753100,16625,10328578,5890150,-2519069,3343889,-5862959
3922414,新委托 筍價優質高層海景2房,荃灣,私人屋苑/新鴻基,7980000,464,1,,中層,,21,美聯物業,https://i1.28hse.com/2026/07/202607071831543909562_thumb.jpg,https://www.28hse.com/buy/apartment/property-3922414,2026-08-06T17:33:59.496264+00:00,2026-08-06T18:35:36.551094+00:00,爵悅庭,643,新界荃灣爵悅庭 楊屋道90-114號,"有海景, 價錢可議, 高實用率, 新委托, 有匙即約即睇, 西南, 大型商場, 中心旺地, 全屋有海景, 旺中帶靜, 交通便利, 清雅裝修, 設施齊備, 間隔四正, 實用率高, 新樓會所, 管理完善, 廳大房大, 環境清幽",22.366886,114.117111,,,,,,2026-07-07T18:33:54+08:00,2026-07-07T18:33:54+08:00,2026-08-06T18:33:54+08:00,"[""https://i1.28hse.com/2026/07/20260707183156470711_large.jpg"", ""https://i1.28hse.com/2026/07/202607071831574858588_large.jpg"", ""https://i1.28hse.com/2026/07/202607071831592055196_large.jpg"", ""https://i1.28hse.com/2026/07/202607071832004719511_large.jpg"", ""https://i1.28hse.com/2026/07/202607071832014664116_large.jpg"", ""https://i1.28hse.com/2026/07/202607071832027870016_large.jpg"", ""https://i1.28hse.com/2026/07/202607071832037718599_large.jpg"", ""https://i1.28hse.com/2026/07/202607071832047380371_large.jpg"", ""https://i1.28hse.com/estate_data/113/4570/FLOOR/4570_20231121013749319432_thumb.jpg"", ""https://i1.28hse.com/estate_data/113/4570/UNIT/4570_20231121014204188763_thumb.jpg""]",,,28719,4416,33135,2753100,16625,10041599,5890150,-1962723,3343889,-5306612
3924053,《中原多實盤》●●明廚明廁【海景兩房】罕有放盤 有匙即睇,荃灣,私人屋苑/新鴻基,7980000,464,2,1,,,21,中原地產,https://i1.28hse.com/2026/07/202607081940485695469_thumb.jpg,https://www.28hse.com/buy/apartment/property-3924053,2026-08-06T17:33:59.496264+00:00,2026-08-06T18:35:28.290158+00:00,爵悅庭,643,新界荃灣爵悅庭 楊屋道90-114號,"荃灣西站 配套完善 一應俱全
天橋網絡18區獨有 家庭客自住客投資客首選
●●●●●●●●●●
搵低水荀盤 一定幫到你
區內No.1龍頭鋪 盤齊價準
專業代理*陳小姐 Fanny chan
24小時查詢熱線：
可WHATSAPP 即時回覆
無論買樓自住，投資升值，區內換樓，放盤收租
*本人均為貴客提供一條龍服務,買賣及售後服務
首次置業
售前壓測，首期，供款計算
銀行按揭上會
法律咨詢
律師轉介
裝修轉介
水電煤，差餉地租轉名
收樓驗樓
售後放租務管理",22.366886,114.117111,,,,,,2026-07-08T19:43:40+08:00,2026-07-08T19:43:40+08:00,2026-08-07T19:43:40+08:00,"[""https://i1.28hse.com/2026/07/20260708194110969109_large.jpg"", ""https://i1.28hse.com/2026/07/202607081940596291506_large.jpg"", ""https://i1.28hse.com/2026/07/202607081941228044071_large.jpg"", ""https://i1.28hse.com/2026/07/202607081941136662138_large.jpg"", ""https://i1.28hse.com/2026/07/202607081941037021023_large.jpg"", ""https://i1.28hse.com/2026/07/202607081941065027753_large.jpg"", ""https://i1.28hse.com/2026/07/20260708194133807916_large.jpg"", ""https://i1.28hse.com/2026/07/202607081940524346040_large.jpg"", ""https://i1.28hse.com/estate_data/113/4570/FLOOR/4570_20231121013749319432_thumb.jpg"", ""https://i1.28hse.com/estate_data/113/4570/UNIT/4570_20231121014204188763_thumb.jpg""]",,,28719,4416,33135,2753100,16625,10041599,5890150,-1962723,3343889,-5306612
3927157,荃灣爵悅庭，兩房賣盤,荃灣,私人屋苑/新鴻基,7980000,464,1,1,中層,開放式廚房,21,美聯物業,https://i1.28hse.com/2026/07/202607102056261010297_thumb.jpg,https://www.28hse.com/buy/apartment/property-3927157,2026-08-06T17:33:59.496264+00:00,2026-08-06T18:35:10.888342+00:00,爵悅庭,643,新界荃灣爵悅庭 杨屋道90-114号,荃灣爵悅庭，中層，西南海景，新淨企理，廚廁有窗，有匙，歡迎睇樓，價錢可傾,22.366886,114.117111,,,,,,2026-07-10T20:56:58+08:00,2026-07-10T20:56:58+08:00,2026-09-08T20:56:58+08:00,"[""https://i1.28hse.com/2026/07/202607102056271146402_large.jpg"", ""https://i1.28hse.com/2026/07/202607102056285683605_large.jpg"", ""https://i1.28hse.com/2026/07/20260710205629599974_large.jpg"", ""https://i1.28hse.com/2026/07/202607102056316525037_large.jpg"", ""https://i1.28hse.com/2026/07/202607102056326493321_large.jpg"", ""https://i1.28hse.com/2026/07/202607102056338220658_large.jpg"", ""https://i1.28hse.com/2026/07/202607102056348943270_large.jpg"", ""https://i1.28hse.com/2026/07/202607102056357568270_large.jpg"", ""https://i1.28hse.com/2026/07/202607102056375791644_large.jpg"", ""https://i1.28hse.com/2026/07/202607102056385057551_large.jpg"", ""https://i1.28hse.com/estate_data/113/4570/FLOOR/4570_20231121013749319432_thumb.jpg"", ""https://i1.28hse.com/estate_data/113/4570/UNIT/4570_20231121014204188763_thumb.jpg""]",,,28719,4416,33135,2753100,16625,10041599,5890150,-1962723,3343889,-5306612
3941859,開陽「新地樓王」向南,荔枝角,私人屋苑/信德,7980000,491,2,,中層,,22,中原地產代理有限公司,https://i1.28hse.com/2026/07/202607221439577379732_thumb.jpg,https://www.28hse.com/buy/apartment/property-3941859,2026-08-06T17:33:59.496264+00:00,2026-08-06T18:10:20.908469+00:00,昇悅居,647,九龍荔枝角昇悅居 荔枝角道833號,"筍價出售, 向南, 開揚, 遠景, 設施齊備, 間隔四正, 新樓會所",22.334587,114.148849,,,,,,2026-07-22T14:40:12+08:00,2026-07-22T14:40:12+08:00,2026-08-21T14:40:12+08:00,"[""https://i1.28hse.com/2026/07/202607221439577023687_large.jpg"", ""https://i1.28hse.com/2026/07/202607221439587035777_large.jpg"", ""https://i1.28hse.com/2026/07/202607221439596641313_large.jpg"", ""https://i1.28hse.com/2026/07/202607221439598973110_large.jpg"", ""https://i1.28hse.com/estate_data/64/2510/FLOOR/2510_20231116200238846777_thumb.jpg"", ""https://i1.28hse.com/estate_data/64/2510/UNIT/2510_20231116200314651428_thumb.jpg""]",,,28719,4537,33256,2753100,16625,10084646,5890150,-2046175,3343889,-5390064
3946476,聽大房大「則王」池園山景,荔枝角,私人屋苑/長實,7980000,512,2,,中層,,23,中原地產代理有限公司,https://i1.28hse.com/2026/07/202607251713513634021_thumb.jpg,https://www.28hse.com/buy/apartment/property-3946476,2026-08-06T17:33:59.496264+00:00,2026-08-06T18:10:15.403015+00:00,泓景臺,690,九龍荔枝角泓景臺 荔枝角道863號,"筍價出售, 開揚園景, 內園景, 露台, 大型屋村, 大型商場, 交通便利, 清雅裝修, 設施齊備, 實用率高, 新樓會所",22.334477999999997,114.14759799999999,,,,,,2026-07-25T17:14:05+08:00,2026-07-25T17:15:06+08:00,2026-08-24T17:14:05+08:00,"[""https://i1.28hse.com/2026/07/202607251713455048824_large.jpg"", ""https://i1.28hse.com/2026/07/202607251713466861337_large.jpg"", ""https://i1.28hse.com/2026/07/202607251713477332703_large.jpg"", ""https://i1.28hse.com/2026/07/202607251713483326695_large.jpg"", ""https://i1.28hse.com/2026/07/202607251713496250737_large.jpg"", ""https://i1.28hse.com/estate_data/64/2451/FLOOR/2451_20231116195542539996_thumb.jpg"", ""https://i1.28hse.com/estate_data/64/2451/UNIT/2451_20231116195818888794_thumb.jpg""]",,,28719,4632,33351,2753100,16625,10118127,5890150,-2111082,3343889,-5454971
3952803,聽大房大「則王」池園山景,荔枝角,私人屋苑/長實,7980000,512,2,,中層,,23,中原地產代理有限公司,https://i1.28hse.com/2026/07/202607301933446925177_thumb.jpg,https://www.28hse.com/buy/apartment/property-3952803,2026-08-06T17:33:59.496264+00:00,2026-08-06T18:10:03.029592+00:00,泓景臺,690,九龍荔枝角泓景臺 荔枝角道863號,"筍價出售, 開揚園景, 內園景, 露台, 大型屋村, 大型商場, 交通便利, 清雅裝修, 設施齊備, 實用率高, 新樓會所",22.334477999999997,114.14759799999999,,,,,,2026-07-30T19:33:46+08:00,2026-07-30T19:33:46+08:00,2026-08-29T19:33:46+08:00,"[""https://i1.28hse.com/2026/07/202607301933457271075_large.jpg"", ""https://i1.28hse.com/2026/07/202607301933453592204_large.jpg"", ""https://i1.28hse.com/2026/07/202607301933457611839_large.jpg"", ""https://i1.28hse.com/2026/07/20260730193345803044_large.jpg"", ""https://i1.28hse.com/2026/07/202607301933461802434_large.jpg"", ""https://i1.28hse.com/estate_data/64/2451/FLOOR/2451_20231116195542539996_thumb.jpg"", ""https://i1.28hse.com/estate_data/64/2451/UNIT/2451_20231116195818888794_thumb.jpg""]",,,28719,4632,33351,2753100,16625,10118127,5890150,-2111082,3343889,-5454971
3955567,開陽靚則「大單邊」露台山景,荔枝角,私人屋苑/長實,7980000,468,2,,高層,,23,中原地產代理有限公司,https://i1.28hse.com/2026/08/202608011858058224808_thumb.jpg,https://www.28hse.com/buy/apartment/property-3955567,2026-08-06T17:33:59.496264+00:00,2026-08-06T18:10:00.288788+00:00,泓景臺,630,九龍荔枝角泓景臺 荔枝角道863號,"筍價出售, 連露台, 大型商場, 交通便利, 清雅裝修, 設施齊備, 間隔四正, 新樓會所, 管理完善",22.334478,114.147598,,,,,,2026-08-01T18:58:27+08:00,2026-08-01T18:58:27+08:00,2026-08-31T18:58:27+08:00,"[""https://i1.28hse.com/2026/08/202608011858066285514_large.jpg"", ""https://i1.28hse.com/2026/08/20260801185807485684_large.jpg"", ""https://i1.28hse.com/2026/08/202608011858085007612_large.jpg"", ""https://i1.28hse.com/2026/08/20260801185810246193_large.jpg"", ""https://i1.28hse.com/estate_data/64/2451/FLOOR/2451_20231116195551346395_thumb.jpg"", ""https://i1.28hse.com/estate_data/64/2451/UNIT/2451_20231116195838716747_thumb.jpg""]",,,28719,4434,33153,2753100,16625,10047976,5890150,-1975086,3343889,-5318975
3963192,開陽靚則「大單邊」露台山景,荔枝角,私人屋苑/長實,7980000,468,2,,高層,,23,中原地產代理有限公司,https://i1.28hse.com/2026/08/202608070036184716087_thumb.jpg,https://www.28hse.com/buy/apartment/property-3963192,2026-08-06T17:33:59.496264+00:00,2026-08-06T18:09:29.222390+00:00,泓景臺,630,九龍荔枝角泓景臺 荔枝角道863號,"筍價出售, 連露台, 大型商場, 交通便利, 清雅裝修, 設施齊備, 間隔四正, 新樓會所, 管理完善",22.334477999999997,114.14759799999999,,,,,,2026-08-07T00:36:20+08:00,2026-08-07T00:36:20+08:00,2026-09-06T00:36:20+08:00,"[""https://i1.28hse.com/2026/08/202608070036187324940_large.jpg"", ""https://i1.28hse.com/2026/08/202608070036195698226_large.jpg"", ""https://i1.28hse.com/2026/08/202608070036196705715_large.jpg"", ""https://i1.28hse.com/2026/08/202608070036197246420_large.jpg"", ""https://i1.28hse.com/estate_data/64/2451/FLOOR/2451_20231116195551346395_thumb.jpg"", ""https://i1.28hse.com/estate_data/64/2451/UNIT/2451_20231116195838716747_thumb.jpg""]",,,28719,4434,33153,2753100,16625,10047976,5890150,-1975086,3343889,-5318975
3922776,《2分鐘長沙灣站，光猛向南，實盤約睇》,長沙灣,私人屋苑/中國恒大,7980000,447,2,1,中層,開放式廚房,5,中原地產-碧海藍天分行,https://i1.28hse.com/2026/07/202607080842547217871_thumb.jpg,https://www.28hse.com/buy/apartment/property-3922776,2026-08-06T17:33:59.496264+00:00,2026-08-06T18:08:17.485060+00:00,睿峰,,九龍長沙灣睿峰 東京街29 號,"筍價出售, 罕有放盤, 價錢可議, 連露台, 高實用率",22.336008,114.158035,,,,,,2026-07-08T08:43:03+08:00,2026-07-08T08:43:03+08:00,2026-08-07T08:43:03+08:00,"[""https://i1.28hse.com/2026/07/202607080842546887748_large.jpg"", ""https://i1.28hse.com/2026/07/202607080842545749776_large.jpg"", ""https://i1.28hse.com/2026/07/202607080842553159600_large.jpg"", ""https://i1.28hse.com/2026/07/202607080842554056003_large.jpg"", ""https://i1.28hse.com/2026/07/20260708084255994297_large.jpg"", ""https://i1.28hse.com/2026/07/202607080842566425328_large.jpg"", ""https://i1.28hse.com/2026/07/202607080842568219832_large.jpg"", ""https://i1.28hse.com/estate_data/63/23218/FLOOR/23218_20231221163517616238_thumb.jpg"", ""https://i1.28hse.com/estate_data/63/23218/UNIT/23218_20231221163612682841_thumb.jpg""]",,,28719,4339,33058,2753100,16625,10014495,5890150,-1910179,3343889,-5254068
3923130,【770萬大2房】2分鐘長沙灣站《大蝕讓》,長沙灣,私人屋苑/中國恒大,7980000,446,2,1,中層,開放式廚房,5,美聯物業代理有限公司,https://i1.28hse.com/2026/07/202607081346451228215_thumb.jpg,https://www.28hse.com/buy/apartment/property-3923130,2026-08-06T17:33:59.496264+00:00,2026-08-06T18:08:16.836440+00:00,睿峰,,九龍長沙灣睿峰 東京街29 號,"歡迎致電 / Whatsapp / WeChat 查詢
***致電 Anthony Leung 24小時 即時回覆
微信號：AL68AL88
無論任何一手新盤/二手樓盤
***大量筍盤作比較 篩選最啱您的樓盤
***本人均可為貴客提供全套買賣及售後服務
***首次置業^^售前壓測,首期,供款計算
***銀行按揭上會^^法律咨詢
***律師轉介^^裝修轉介
***水電煤,差餉地租轉名
***收樓驗樓^^售後租務管理",22.336008,114.158035,,,,,,2026-07-08T13:48:55+08:00,2026-07-08T13:48:55+08:00,2026-08-07T13:48:55+08:00,"[""https://i1.28hse.com/2026/07/202607081348531992913_large.jpg"", ""https://i1.28hse.com/2026/07/202607081348538271929_large.jpg"", ""https://i1.28hse.com/2026/07/202607081348544790385_large.jpg"", ""https://i1.28hse.com/2026/07/202607081348548167885_large.jpg"", ""https://i1.28hse.com/2026/07/202607081348553138039_large.jpg"", ""https://i1.28hse.com/2026/07/202607081348558998514_large.jpg"", ""https://i1.28hse.com/estate_data/63/23218/FLOOR/23218_20231221163517616238_thumb.jpg"", ""https://i1.28hse.com/estate_data/63/23218/UNIT/23218_20231221163612682841_thumb.jpg""]",,,28719,4334,33054,2753100,16625,10012901,5890150,-1907088,3343889,-5250977
3931289,"「見票有驚喜」3分鐘港鐵, 換樓割愛, 機會難逢!",長沙灣,私人屋苑/中國恒大,7980000,447,2,1,高層,開放式廚房,5,利嘉閣地產有限公司,https://i1.28hse.com/2026/07/202607141211345682710_thumb.jpg,https://www.28hse.com/buy/apartment/property-3931289,2026-08-06T17:33:59.496264+00:00,2026-08-06T18:07:54.655951+00:00,睿峰,,九龍長沙灣睿峰 東京街29 號,"筍價出售, 簡單裝修, 價錢可議, 連露台, 吉售, 開揚, 大型商場, 中心旺地, 旺中帶靜, 罕有放盤, 交通便利, 清雅裝修, 開揚清爽, 間隔四正, 新樓會所, 管理完善, 廳大房大",22.336008,114.158035,,,,,,2026-07-14T12:12:51+08:00,2026-07-14T12:12:51+08:00,2026-08-13T12:12:51+08:00,"[""https://i1.28hse.com/2026/07/202607141211345460654_large.jpg"", ""https://i1.28hse.com/2026/07/202607141211346009047_large.jpg"", ""https://i1.28hse.com/2026/07/202607141211353041212_large.jpg"", ""https://i1.28hse.com/2026/07/202607141211352068288_large.jpg"", ""https://i1.28hse.com/2026/07/202607141211365933832_large.jpg"", ""https://i1.28hse.com/2026/07/202607141211365366059_large.jpg"", ""https://i1.28hse.com/estate_data/63/23218/FLOOR/23218_20231221163517616238_thumb.jpg"", ""https://i1.28hse.com/estate_data/63/23218/UNIT/23218_20231221163612682841_thumb.jpg""]",,,28719,4339,33058,2753100,16625,10014495,5890150,-1910179,3343889,-5254068
3931442,【768萬大2房】2分鐘長沙灣站《大蝕讓》,長沙灣,私人屋苑/中國恒大,7980000,446,2,1,中層,開放式廚房,5,美聯物業代理有限公司,https://i1.28hse.com/2026/07/202607141335423724080_thumb.jpg,https://www.28hse.com/buy/apartment/property-3931442,2026-08-06T17:33:59.496264+00:00,2026-08-06T18:07:53.139054+00:00,睿峰,,九龍長沙灣睿峰 東京街29 號,"歡迎致電 / Whatsapp / WeChat 查詢
***致電 Anthony Leung 24小時 即時回覆
微信號：AL68AL88
無論任何一手新盤/二手樓盤
***大量筍盤作比較 篩選最啱您的樓盤
***本人均可為貴客提供全套買賣及售後服務
***首次置業^^售前壓測,首期,供款計算
***銀行按揭上會^^法律咨詢
***律師轉介^^裝修轉介
***水電煤,差餉地租轉名
***收樓驗樓^^售後租務管理",22.336008,114.158035,,,,,,2026-07-14T13:35:44+08:00,2026-07-14T13:35:44+08:00,2026-08-13T13:35:44+08:00,"[""https://i1.28hse.com/2026/07/202607141335421935665_large.jpg"", ""https://i1.28hse.com/2026/07/202607141335437435266_large.jpg"", ""https://i1.28hse.com/2026/07/202607141335435171805_large.jpg"", ""https://i1.28hse.com/2026/07/202607141335437851256_large.jpg"", ""https://i1.28hse.com/2026/07/202607141335442184023_large.jpg"", ""https://i1.28hse.com/2026/07/20260714133544252144_large.jpg"", ""https://i1.28hse.com/estate_data/63/23218/FLOOR/23218_20231221163517616238_thumb.jpg"", ""https://i1.28hse.com/estate_data/63/23218/UNIT/23218_20231221163612682841_thumb.jpg""]",,,28719,4334,33054,2753100,16625,10012901,5890150,-1907088,3343889,-5250977
3934039,《實價實盤，開揚光猛，四正實用，有匙即睇》,長沙灣,私人屋苑/香港房協,7980000,519,2,1,高層,,11,中原地產-碧海藍天分行,https://i1.28hse.com/2026/07/202607161332136565369_thumb.jpg,https://www.28hse.com/buy/apartment/property-3934039,2026-08-06T17:33:59.496264+00:00,2026-08-06T18:07:46.917060+00:00,喜韻,,九龍長沙灣喜韻 青山道368號,"歡迎查詢 全港九新界
一手二手物業 買賣 租賃
緊貼跟進 不用貴客煩惱
銀行估價 按揭 律師轉介
為 您 你 妳 尋找理想的家同區大量筍盤 一手二手物業
物業買賣/租賃
壓力測試 首期及供款計算
律師轉介服務
銀行按揭轉介
水電申請/轉名
全港地盤/示範單位專車接送
大量筍盤 未能盡錄
歡迎查詢全港一手或二手物業買賣或租賃
業主委托放售或出租物業
銀行按揭轉介
律師樓轉介
物業實時估價
歡迎查詢，大量筍盤為你提供
️免費售後服務
️銀行按揭轉介
️律師轉介
️水電煤轉名
️差餉轉名",22.33913,114.155746,,,,,,2026-07-16T13:32:34+08:00,2026-07-16T13:32:34+08:00,2026-08-15T13:32:34+08:00,"[""https://i1.28hse.com/2026/07/202607161332157405335_large.jpg"", ""https://i1.28hse.com/2026/07/20260716133216703672_large.jpg"", ""https://i1.28hse.com/2026/07/202607161332171879952_large.jpg"", ""https://i1.28hse.com/2026/07/202607161332182394229_large.jpg"", ""https://i1.28hse.com/2026/07/202607161332197693047_large.jpg"", ""https://i1.28hse.com/2026/07/202607161332208266440_large.jpg"", ""https://i1.28hse.com/2026/07/202607161332226695219_large.jpg"", ""https://i1.28hse.com/2026/07/202607161332238858662_large.jpg"", ""https://i1.28hse.com/estate_data/63/8545/FLOOR/8545_20231211152836812363_thumb.jpg"", ""https://i1.28hse.com/estate_data/63/8545/UNIT/8545_20231211152853539471_thumb.jpg""]",,,28719,4663,33382,2753100,16625,10129287,5890150,-2132717,3343889,-5476607
3937714,有匙實盤，還有其他單位，歡迎約睇,長沙灣,私人屋苑/香港房協,7980000,519,2,1,,,11,中原地產-碧海藍天分行,https://i1.28hse.com/2026/07/202607181859175117646_thumb.jpg,https://www.28hse.com/buy/apartment/property-3937714,2026-08-06T17:33:59.496264+00:00,2026-08-06T18:07:38.372330+00:00,喜韻,,九龍長沙灣喜韻 青山道368號,"價錢可議, 連露台, 車位急租, 近港鐵站",22.33913,114.155746,,,,,,2026-07-18T18:59:25+08:00,2026-07-18T18:59:25+08:00,2026-08-17T18:59:25+08:00,"[""https://i1.28hse.com/2026/07/202607181859181665112_large.jpg"", ""https://i1.28hse.com/2026/07/202607181859186221447_large.jpg"", ""https://i1.28hse.com/2026/07/202607181859185357422_large.jpg"", ""https://i1.28hse.com/2026/07/202607181859185467177_large.jpg"", ""https://i1.28hse.com/2026/07/20260718185919266320_large.jpg"", ""https://i1.28hse.com/estate_data/63/8545/FLOOR/8545_20231211152836812363_thumb.jpg"", ""https://i1.28hse.com/estate_data/63/8545/UNIT/8545_20231211152853539471_thumb.jpg""]",,,28719,4663,33382,2753100,16625,10129287,5890150,-2132717,3343889,-5476607
3942736,【改3房】【可試$778萬有票儘傾】【即買即收租】【罕有高層開揚】【來電儘傾】,長沙灣,私人屋苑/香港房協,7980000,519,3,,高層,,11,中原地產-長沙灣映築分行,https://i1.28hse.com/2026/07/202607222255575117807_thumb.jpg,https://www.28hse.com/buy/apartment/property-3942736,2026-08-06T17:33:59.496264+00:00,2026-08-06T18:07:21.635005+00:00,喜韻,,九龍長沙灣喜韻 青山道368號,"微信号：ivanyiphk
专营西九龙一二手买卖及租务
欢迎致电 / Whatsapp / WeChat 查询
买卖流程、按揭资讯、律师支援24小时服务
●最新最快最贴市场价钱
●立即查询尽快回覆
●大量优质笋盘提供
●免费物业转按查询
●免费物业按揭服务
●免费律师转介
●免费装修转介
●免费水电煤差饷地租转名",22.33913,114.155746,,,,,,2026-07-22T22:58:27+08:00,2026-07-22T22:58:27+08:00,2026-08-21T22:58:27+08:00,"[""https://i1.28hse.com/2026/07/20260722225558450352_large.jpg"", ""https://i1.28hse.com/2026/07/202607222255582163887_large.jpg"", ""https://i1.28hse.com/2026/07/202607222255594432024_large.jpg"", ""https://i1.28hse.com/2026/07/202607222255596610090_large.jpg"", ""https://i1.28hse.com/2026/07/202607222256007007083_large.jpg"", ""https://i1.28hse.com/2026/07/202607222256006746911_large.jpg"", ""https://i1.28hse.com/2026/07/202607222256006846434_large.jpg"", ""https://i1.28hse.com/estate_data/63/8545/FLOOR/8545_20231211152836812363_thumb.jpg"", ""https://i1.28hse.com/estate_data/63/8545/UNIT/8545_20231211152853539471_thumb.jpg""]",,,28719,4663,33382,2753100,16625,10129287,5890150,-2132717,3343889,-5476607
3943782,《劈價出770萬 有票即成》,長沙灣,私人屋苑/中國恒大,7980000,447,2,,中層,,5,香港置業西九龍,https://i1.28hse.com/2026/07/202607231751591755241_thumb.jpg,https://www.28hse.com/buy/apartment/property-3943782,2026-08-06T17:33:59.496264+00:00,2026-08-06T18:07:20.930410+00:00,睿峰,,九龍長沙灣睿峰 東京街29 號,歡迎查詢,22.336008,114.158035,,,,,,2026-07-23T17:52:20+08:00,2026-07-23T17:52:31+08:00,2026-09-21T17:52:20+08:00,"[""https://i1.28hse.com/2026/07/202607231751596519404_large.jpg"", ""https://i1.28hse.com/2026/07/202607231751593341284_large.jpg"", ""https://i1.28hse.com/2026/07/2026072317520081348_large.jpg"", ""https://i1.28hse.com/2026/07/202607231752008709965_large.jpg"", ""https://i1.28hse.com/estate_data/63/23218/FLOOR/23218_20231221163517616238_thumb.jpg"", ""https://i1.28hse.com/estate_data/63/23218/UNIT/23218_20231221163612682841_thumb.jpg""]",,,28719,4339,33058,2753100,16625,10014495,5890150,-1910179,3343889,-5254068
3950599,【改3房】【可試$778萬有票儘傾】【即買即收租】【罕有高層開揚】【來電儘傾】,長沙灣,私人屋苑/香港房協,7980000,519,3,,高層,,11,中原地產-長沙灣映築分行,https://i1.28hse.com/2026/07/202607291153198028746_thumb.jpg,https://www.28hse.com/buy/apartment/property-3950599,2026-08-06T17:33:59.496264+00:00,2026-08-06T18:06:56.405943+00:00,喜韻,,九龍長沙灣喜韻 青山道368號,"微信号：ivanyiphk
专营西九龙一二手买卖及租务
欢迎致电 / Whatsapp / WeChat 查询
买卖流程、按揭资讯、律师支援24小时服务
●最新最快最贴市场价钱
●立即查询尽快回覆
●大量优质笋盘提供
●免费物业转按查询
●免费物业按揭服务
●免费律师转介
●免费装修转介
●免费水电煤差饷地租转名",22.339129999999994,114.155746,,,,,,2026-07-29T11:53:21+08:00,2026-07-29T11:53:21+08:00,2026-08-28T11:53:21+08:00,"[""https://i1.28hse.com/2026/07/202607291153196177298_large.jpg"", ""https://i1.28hse.com/2026/07/202607291153191289793_large.jpg"", ""https://i1.28hse.com/2026/07/202607291153207610468_large.jpg"", ""https://i1.28hse.com/2026/07/202607291153203652984_large.jpg"", ""https://i1.28hse.com/2026/07/202607291153202105560_large.jpg"", ""https://i1.28hse.com/2026/07/202607291153218585440_large.jpg"", ""https://i1.28hse.com/2026/07/202607291153216976584_large.jpg"", ""https://i1.28hse.com/estate_data/63/8545/FLOOR/8545_20231211152836812363_thumb.jpg"", ""https://i1.28hse.com/estate_data/63/8545/UNIT/8545_20231211152853539471_thumb.jpg""]",,,28719,4663,33382,2753100,16625,10129287,5890150,-2132717,3343889,-5476607
3964670,中層兩房 地鐵站口 實盤有樓睇,長沙灣,私人屋苑/中國恒大,7980000,447,2,1,中層,,5,利嘉閣地產有限公司,https://i1.28hse.com/2026/08/202608072111533030113_thumb.jpg,https://www.28hse.com/buy/apartment/property-3964670,2026-08-07T16:19:46.780897+00:00,2026-08-07T16:21:23.531676+00:00,睿峰,,九龍長沙灣睿峰 東京街29 號,"❖專營西九龍及全港新盤❖
一手二手盤平靚正推介
壓力測試，首期及供款計算
律師轉介服務
❖密切關注市場走勢，盡心推薦筍盤❖
以心待客，真誠可靠
歡迎whatsapp或電話查詢",22.336008,114.158035,,,,,,2026-08-07T21:12:15+08:00,2026-08-07T21:12:15+08:00,2026-10-06T21:12:15+08:00,"[""https://i1.28hse.com/2026/08/202608072111538284346_large.jpg"", ""https://i1.28hse.com/2026/08/202608072111537935533_large.jpg"", ""https://i1.28hse.com/2026/08/202608072111542489217_large.jpg"", ""https://i1.28hse.com/2026/08/202608072111513321664_large.jpg"", ""https://i1.28hse.com/2026/08/202608072111512569828_large.jpg"", ""https://i1.28hse.com/2026/08/202608072111524302480_large.jpg"", ""https://i1.28hse.com/2026/08/202608072111532448571_large.jpg"", ""https://i1.28hse.com/2026/08/202608072111536867557_large.jpg"", ""https://i1.28hse.com/2026/08/202608072111541440417_large.jpg"", ""https://i1.28hse.com/estate_data/63/23218/FLOOR/23218_20231221163517616238_thumb.jpg"", ""https://i1.28hse.com/estate_data/63/23218/UNIT/23218_20231221163612682841_thumb.jpg""]",,,28719,4339,33058,2753100,16625,10014495,5890150,-1910179,3343889,-5254068
3863761,嘩！兩巨房巨廳 仲全屋靚裝 連入契特色大平台 罕有放盤 随時約睇,土瓜灣,單幢式大廈/私人屋苑,7988000,591,2,1,,,,東成地產,https://i1.28hse.com/2026/05/202605261724063789578_thumb.jpg,https://www.28hse.com/buy/apartment/property-3863761,2026-08-06T17:33:59.496264+00:00,2026-08-06T18:19:39.048000+00:00,僑盛大廈,,九龍土瓜灣僑盛大廈 炮仗街55-65號,"兩巨房巨廳 豪華靚裝, 連平台, 高實用率",22.32003,114.18885,,,,,,2026-07-27T20:46:25+08:00,2026-07-27T20:46:25+08:00,2026-09-25T20:46:25+08:00,"[""https://i1.28hse.com/2026/05/202605261724087690854_large.jpg"", ""https://i1.28hse.com/2026/05/202605261723593361863_large.jpg"", ""https://i1.28hse.com/2026/05/202605261724011695622_large.jpg"", ""https://i1.28hse.com/2026/05/202605261723575683994_large.jpg"", ""https://i1.28hse.com/2026/05/202605261724035346340_large.jpg"", ""https://i1.28hse.com/2026/05/202605261724053682019_large.jpg"", ""https://i1.28hse.com/2026/05/202605261724092539181_large.jpg"", ""https://i1.28hse.com/2026/05/202605261724114061203_large.jpg"", ""https://i1.28hse.com/2026/05/202605261724133337572_large.jpg"", ""https://i1.28hse.com/2026/05/202605261724145229912_large.jpg"", ""https://i1.28hse.com/2026/05/202605261724155689450_large.jpg"", ""https://i1.28hse.com/2026/05/202605261724172959834_large.jpg""]",,,28748,4989,33737,2755860,16642,10253404,5896055,-2359138,3343889,-5703028
3909905,利．港灣18皇牌全海景 兩房 真正直視 非打斜海景 同罕有梗㕑 投資自住首選,土瓜灣,私人屋苑/單幢式大廈,7990000,424,2,1,中層,,11,搜房香港集團有限公司,https://i1.28hse.com/2026/06/202606291146093913708_thumb.jpg,https://www.28hse.com/buy/apartment/property-3909905,2026-08-06T17:33:59.496264+00:00,2026-08-06T18:23:45.633924+00:00,利港灣18,,九龍土瓜灣利港灣18 浙江街18號,"1真正的直視全海景
告別那些「要打斜個頭先勉強望到」的偽海景！
此單位坐擁極罕有的正南/東南座向，客廳連接觀景露台，踏出一步即直視一望無際的維多利亞港與啟德郵輪碼頭海景，採光極佳，冬暖夏涼。
2。424呎極高實用兩房、市場罕有「梗廚」 開則方正實用，無多餘走廊位。區內新盤少有的獨立「梗廚」設計，明火煮食不怕油煙滿屋，極受家庭客與烹飪愛好者歡迎。
3黃金鐵路網 ── 3分鐘到地鐵站 地理位置極佳，步行約 3 至 4 分鐘即達 港鐵土瓜灣站。一站直達啟德，數站即達尖沙咀及中環核心商業區，打工仔與投資者首選。
4全港家長瘋狂：名校 34 校網 進駐九龍城 34 小學校網及九龍城中學校網，匯聚全港頂尖名校（如協恩中學附屬小學、陳瑞祺喇沙小學等），為下一代贏在起跑線。
5 星級精品會所 ── 尊貴物業管理 單幢盤罕有配備現代化住客會所，並由國際頂級大行第一太平戴維斯提供專業物業管理，住得體面又安心。",22.314342,114.190544,,,,,,2026-06-29T11:47:11+08:00,2026-07-23T16:35:56+08:00,2026-08-28T11:47:11+08:00,"[""https://i1.28hse.com/2026/06/202606291146121592693_large.jpg"", ""https://i1.28hse.com/2026/06/202606291146155552207_large.jpg"", ""https://i1.28hse.com/2026/06/20260629114617780629_large.jpg"", ""https://i1.28hse.com/2026/06/202606291146202867814_large.jpg"", ""https://i1.28hse.com/2026/06/20260629114624372892_large.jpg"", ""https://i1.28hse.com/2026/06/202606291146274853990_large.jpg""]",,,28755,4238,32994,2756550,16646,9989482,5897531,-1843943,3343889,-5187832
3888722,旺角半新樓最平兩房！靚裝修豪華會所 收租自住都一流！開陽舒適 業主急售還價即成！,旺角,單幢式大廈/私人屋苑/新世界,7990000,463,2,1,中層,,9,廣信地產顧問有限公司,https://i1.28hse.com/2026/06/202606122026463780301_thumb.jpg,https://www.28hse.com/buy/apartment/property-3888722,2026-08-06T17:33:59.496264+00:00,2026-08-06T18:00:22.521705+00:00,SKYPARK,,九龍旺角SKYPARK 旺角奶路臣街17號,"【兩房一廳 間隔四正 實用率高】
【有露台 城市景】
【交通便利 4分鐘地鐵】
【環境清幽 自住一流】
【樓齡新 極開揚】",22.318693,114.17141699999995,,,,,,2026-06-12T20:27:54+08:00,2026-07-11T15:07:30+08:00,2026-08-11T20:27:54+08:00,"[""https://i1.28hse.com/2026/06/202606122026521944712_large.jpg"", ""https://i1.28hse.com/2026/06/202606122026568865055_large.jpg"", ""https://i1.28hse.com/2026/06/202606122027042534055_large.jpg"", ""https://i1.28hse.com/2026/06/202606122027107692810_large.jpg"", ""https://i1.28hse.com/2026/06/202606122027166212724_large.jpg"", ""https://i1.28hse.com/2026/06/202606122027226161796_large.jpg"", ""https://i1.28hse.com/2026/06/202606122027274049283_large.jpg"", ""https://i1.28hse.com/2026/06/202606122027316913153_large.jpg"", ""https://i1.28hse.com/2026/06/202606122027398375417_large.jpg"", ""https://i1.28hse.com/estate_data/71/8587/FLOOR/8587_20231121200357129747_thumb.jpg"", ""https://i1.28hse.com/estate_data/71/8587/UNIT/8587_20231121200520653183_thumb.jpg""]",,,28755,4414,33169,2756550,16646,10051661,5897531,-1964484,3343889,-5308374
3948491,Mod595 高層 靚景 對流窗 靚裝2房2廰 間隔實用,旺角,私人屋苑/洋樓,7990000,483,2,1,中層,,14,金暉地產公司,https://i1.28hse.com/2026/07/202607271620413298442_thumb.jpg,https://www.28hse.com/buy/apartment/property-3948491,2026-08-06T17:33:59.496264+00:00,2026-08-06T17:58:07.104329+00:00,MOD 595,696,九龍旺角MOD 595 新填地街595號,"太子 新填地街595號
 2房2廰
高層，
實用486尺，
有匙，隨時睇！
靚裝修, 價錢可議, 高實用率, 只求好租客, 開揚, 樓景, 交通便利",22.318568999999997,114.167633,,,,,,2026-07-27T16:20:45+08:00,2026-07-27T16:20:45+08:00,2026-09-25T16:20:45+08:00,"[""https://i1.28hse.com/2026/07/202607271620424357009_large.jpg"", ""https://i1.28hse.com/2026/07/202607271620427117119_large.jpg"", ""https://i1.28hse.com/2026/07/202607271620422420434_large.jpg"", ""https://i1.28hse.com/2026/07/202607271620434733972_large.jpg"", ""https://i1.28hse.com/2026/07/202607271620437421235_large.jpg"", ""https://i1.28hse.com/2026/07/202607271620445322907_large.jpg"", ""https://i1.28hse.com/2026/07/202607271620444046099_large.jpg"", ""https://i1.28hse.com/2026/07/202607271620443146083_large.jpg"", ""https://i1.28hse.com/2026/07/202607271620457252504_large.jpg""]",,,28755,4504,33259,2756550,16646,10083548,5897531,-2026301,3343889,-5370190
3447114,真心放賣~最近成交熾熱~有層數之下最後800萬以下,深水埗,私人屋苑/長實,7990000,505,2,1,中層,開放式廚房,4,日豐地產公司,https://i1.28hse.com/2026/03/202603151738241203894_thumb.jpg,https://www.28hse.com/buy/apartment/property-3447114,2026-08-06T17:33:59.496264+00:00,2026-08-06T18:14:55.974440+00:00,愛海頌,,九龍深水埗愛海頌 海壇街201號、203號及218號,"交通方面:
坐擁鐵路優勢
南昌站過海9分鐘!
南昌站坐1個站到柯士甸站到高鐵站
深水?站去尖沙咀站11分鍾!
荔枝角道有小巴到佐敦,觀塘
生活方面:
1分鐘到超市,藥房(應有盡有)
2分鐘到北河街街市(出名平靚正)
3分鐘到西九龍中心(休閒生活)
6分鐘到南昌新商場V-WALK",22.328236,114.158615,,,,,,2026-06-08T15:48:16+08:00,2026-06-30T15:46:10+08:00,2026-08-07T15:48:16+08:00,"[""https://i1.28hse.com/2026/03/202603151738195183303_large.jpg"", ""https://i1.28hse.com/2026/03/202603151738231361947_large.jpg"", ""https://i1.28hse.com/2026/03/202603151738173876325_large.jpg"", ""https://i1.28hse.com/2026/03/202603151738226501643_large.jpg"", ""https://i1.28hse.com/2026/03/202603151738231528121_large.jpg"", ""https://i1.28hse.com/2026/03/202603151738252322065_large.jpg"", ""https://i1.28hse.com/2026/03/202603151738185107311_large.jpg"", ""https://i1.28hse.com/estate_data/62/23170/FLOOR/23170_20231218130200428512_thumb.jpg"", ""https://i1.28hse.com/estate_data/62/23170/UNIT/23170_20231218130229321577_thumb.jpg""]",,,28755,4603,33358,2756550,16646,10118623,5897531,-2094299,3343889,-5438188
3848900,【筍盤求售】海景兩房連儲物室 四正實用 還價即成,啟德,私人屋苑/會德豐,8000000,500,2,1,中層,開放式廚房,,天狼星物業,https://i1.28hse.com/2026/05/202605162045377959157_thumb.jpg,https://www.28hse.com/buy/apartment/property-3848900,2026-08-06T17:33:59.496264+00:00,2026-08-06T18:17:47.016825+00:00,Miami Quay Miami Quay I,,九龍啟德Miami QuayMiami Quay I 承豐道23號,"🫶🏻WhatsApp/Weixin: +852 598O OO59
🫶🏻全港一二手樓盤都有
🫶🏻按揭 兌換 律師 驗樓 裝修 設計一條龍服務
🫶🏻專車接送睇樓
🫶🏻WhatsApp/Weixin: +852 598O OO59",22.312925,114.20674899999999,,,,,,2026-07-14T11:55:12+08:00,2026-07-29T18:31:43+08:00,2026-09-12T11:55:12+08:00,"[""https://i1.28hse.com/2026/05/20260516204537797728_large.jpg"", ""https://i1.28hse.com/2026/05/202605162045386343671_large.jpg"", ""https://i1.28hse.com/2026/05/20260516204538286902_large.jpg"", ""https://i1.28hse.com/2026/05/202605162045391831323_large.jpg"", ""https://i1.28hse.com/estate_data/82/24907/FLOOR/24907_20231117041819974931_thumb.jpg"", ""https://i1.28hse.com/estate_data/82/24907/UNIT/24907_20231117041922522573_thumb.jpg""]",,,28791,4583,33375,2760000,16667,10122308,5904912,-2083697,3343889,-5427587
3927451,啟德一房凸估價筍盤，即走盤，還價即成,啟德,私人屋苑/會德豐,8000000,366,1,,高層,,7,利嘉閣地產有限公司,https://i1.28hse.com/2026/07/202607111058458974458_thumb.jpg,https://www.28hse.com/buy/apartment/property-3927451,2026-08-06T17:33:59.496264+00:00,2026-08-06T18:17:51.603141+00:00,Oasis Kai Tak,,九龍啟德Oasis Kai Tak 沐寧街10號,市區返工一流，近地鐵，生活配套方便，內園泳池景觀,22.328753,114.19991300000001,,,,,,2026-07-11T10:59:04+08:00,2026-07-11T11:22:39+08:00,2026-09-09T10:59:04+08:00,"[""https://i1.28hse.com/2026/07/202607111058465207832_large.jpg"", ""https://i1.28hse.com/2026/07/202607111058461218850_large.jpg"", ""https://i1.28hse.com/2026/07/20260711105846463390_large.jpg"", ""https://i1.28hse.com/2026/07/202607111058485112014_large.jpg"", ""https://i1.28hse.com/2026/07/202607111058486810746_large.jpg"", ""https://i1.28hse.com/2026/07/202607111058496357877_large.jpg"", ""https://i1.28hse.com/2026/07/20260711105849409278_large.jpg"", ""https://i1.28hse.com/2026/07/202607111058502311129_large.jpg"", ""https://i1.28hse.com/estate_data/82/22370/FLOOR/22370_20231227125700639763_thumb.jpg"", ""https://i1.28hse.com/estate_data/82/22370/UNIT/22370_20231227125916953588_thumb.jpg""]",,,28791,3980,32772,2760000,16667,9908668,5904912,-1669528,3343889,-5013418
3937831,啟德地鐵站附近一房 遠超估價,啟德,私人屋苑/會德豐,8000000,366,1,1,高層,,7,利嘉閣地產有限公司,https://i1.28hse.com/2026/07/202607182034005890550_thumb.jpg,https://www.28hse.com/buy/apartment/property-3937831,2026-08-06T17:33:59.496264+00:00,2026-08-06T18:17:40.668149+00:00,Oasis Kai Tak,,九龍啟德Oasis Kai Tak 沐寧街10號,"大量盤源｜即時配對｜歡迎查詢
想搵笋盤／想放租放售？搵 Marco仔 就得（WhatsApp / WeChat 都可）
本人專營：一手＋二手樓盤｜全港新盤資訊一網打盡
提供專業、親切、誠懇一條龍服務：
• 了解買賣／租賃流程（由睇樓到成交）
• 專車安排睇樓，效率更高
• 全港屋苑最新成交／租金走勢資訊
• 銀行估價＋按揭轉介
• 律師樓配套服務
歡迎DM／WhatsApp 即刻講你想要嘅：地區＋預算＋房型，我幫你快速篩選最啱嘅盤！",22.328753,114.199913,,,,,,2026-07-18T20:34:21+08:00,2026-07-31T16:23:01+08:00,2026-09-16T20:34:21+08:00,"[""https://i1.28hse.com/2026/07/202607182034005555914_large.jpg"", ""https://i1.28hse.com/2026/07/202607182034024671491_large.jpg"", ""https://i1.28hse.com/estate_data/82/22370/FLOOR/22370_20231227125700639763_thumb.jpg"", ""https://i1.28hse.com/estate_data/82/22370/UNIT/22370_20231227125916953588_thumb.jpg""]",,,28791,3980,32772,2760000,16667,9908668,5904912,-1669528,3343889,-5013418
3755257,旺角最受歡迎樓盤skypark可改標準兩房歡迎查詢,旺角,洋樓/私人屋苑/單幢式大廈/新世界,8000000,463,1,1,中層,開放式廚房,9,富榮地產代理,https://i1.28hse.com/2026/03/202603012117467143515_thumb.jpg,https://www.28hse.com/buy/apartment/property-3755257,2026-08-07T16:19:46.780897+00:00,2026-08-07T16:21:09.291074+00:00,SKYPARK,,九龍旺角SKYPARK 旺角奶路臣街17號,"地鐵火車近在咫尺收租自主都吸引重點係價錢低水性價比高，尚有其他樓盤歡迎查詢WhatsApp致電
微信I’d: dereklwk",22.318693,114.171417,,,,,,2026-08-07T12:51:13+08:00,2026-08-07T12:51:13+08:00,2026-10-06T12:51:13+08:00,"[""https://i1.28hse.com/2026/03/202603012117477682990_large.jpg"", ""https://i1.28hse.com/2026/03/202603012117498705640_large.jpg"", ""https://i1.28hse.com/2026/03/202603012117502890305_large.jpg"", ""https://i1.28hse.com/2026/03/202603012117516694605_large.jpg"", ""https://i1.28hse.com/2026/03/202603012117521563969_large.jpg"", ""https://i1.28hse.com/estate_data/71/8587/FLOOR/8587_20231121200357129747_thumb.jpg"", ""https://i1.28hse.com/estate_data/71/8587/UNIT/8587_20231121200520653183_thumb.jpg""]",,,28791,4417,33208,2760000,16667,10063318,5904912,-1969337,3343889,-5313227
3923962,【780萬】實用兩房 業主有意賣 可以睇樓,深水埗,私人屋苑/信和,8000000,507,2,,中層,,17,美聯物業代理有限公司,https://i1.28hse.com/2026/07/202607081851064639208_thumb.jpg,https://www.28hse.com/buy/apartment/property-3923962,2026-08-06T17:33:59.496264+00:00,2026-08-06T18:13:34.592180+00:00,海峯,697,九龍深水埗海峯 福華街188號,"歡迎24小時致電或what's app查詢
️ 提供專業 親切 誠懇一條龍服務
屋苑最新成交紀錄
二手筍盤推介
買賣/租賃流程及所有開支講解
銀行估價，按揭壓力測試，首期和供款細節, 免費按揭轉介
律師行介紹及免費法律諮詢
全港一手新盤資訊免費專車接送睇樓
售後服務包括：水,電,煤,差餉,地租轉名, 驗樓等...
盤源充足
承諾跟貼底價 您的置業好幫手
多個查詢，多個筍盤機會",22.33285,114.160934,,,,,,2026-07-08T18:51:08+08:00,2026-07-08T18:51:08+08:00,2026-08-07T18:51:08+08:00,"[""https://i1.28hse.com/2026/07/202607081851061093782_large.jpg"", ""https://i1.28hse.com/2026/07/202607081851076588636_large.jpg"", ""https://i1.28hse.com/2026/07/202607081851075294835_large.jpg"", ""https://i1.28hse.com/2026/07/202607081851074889900_large.jpg"", ""https://i1.28hse.com/estate_data/62/5066/FLOOR/5066_20231123165924754259_thumb.jpg"", ""https://i1.28hse.com/estate_data/62/5066/UNIT/5066_20231123165932849253_thumb.jpg""]",,,28791,4615,33406,2760000,16667,10133468,5904912,-2105333,3343889,-5449223
3930623,"方正實用 ,最平海景兩房,廳大房大,換樓推介,歡迎預約",深水埗,私人屋苑/長實,8000000,505,2,,高層,,5,美聯物業,https://i1.28hse.com/2026/07/202607131709375551755_thumb.jpg,https://www.28hse.com/buy/apartment/property-3930623,2026-08-06T17:33:59.496264+00:00,2026-08-06T18:13:18.004909+00:00,愛海頌,,九龍深水埗愛海頌 海壇街201號、203號及218號,"方正實用 ,最平海景兩房,廳大房大,換樓推介,歡迎預約",22.328236,114.158615,,,,,,2026-07-13T17:09:41+08:00,2026-08-01T18:03:19+08:00,2026-09-11T17:09:41+08:00,"[""https://i1.28hse.com/2026/07/202607131709385542239_large.jpg"", ""https://i1.28hse.com/2026/07/202607131709387159943_large.jpg"", ""https://i1.28hse.com/2026/07/202607131709391283088_large.jpg"", ""https://i1.28hse.com/2026/07/202607131709392615100_large.jpg"", ""https://i1.28hse.com/2026/07/202607131709391028695_large.jpg"", ""https://i1.28hse.com/2026/07/202607131709401383515_large.jpg"", ""https://i1.28hse.com/2026/07/202607131709401582431_large.jpg"", ""https://i1.28hse.com/2026/07/202607131709404608201_large.jpg"", ""https://i1.28hse.com/2026/07/202607131709404149842_large.jpg"", ""https://i1.28hse.com/2026/07/202607131709416013183_large.jpg"", ""https://i1.28hse.com/estate_data/62/23170/FLOOR/23170_20231218130212929316_thumb.jpg"", ""https://i1.28hse.com/estate_data/62/23170/UNIT/23170_20231218130239812897_thumb.jpg""]",,,28791,4606,33397,2760000,16667,10130279,5904912,-2099151,3343889,-5443041
3930643,"方正實用 ,最平海景兩房,廳大房大,換樓推介,歡迎預約",深水埗,私人屋苑/長實,8000000,505,2,,高層,,5,美聯物業,https://i1.28hse.com/2026/07/202607131716054230198_thumb.jpg,https://www.28hse.com/buy/apartment/property-3930643,2026-08-06T17:33:59.496264+00:00,2026-08-06T18:13:16.648944+00:00,愛海頌,,九龍深水埗愛海頌 海壇街201號、203號及218號,"方正實用 ,最平海景兩房,廳大房大,換樓推介,歡迎預約",22.328236,114.158615,,,,,,2026-07-13T17:16:08+08:00,2026-08-01T18:03:16+08:00,2026-09-11T17:16:08+08:00,"[""https://i1.28hse.com/2026/07/202607131716057832065_large.jpg"", ""https://i1.28hse.com/2026/07/202607131716064955928_large.jpg"", ""https://i1.28hse.com/2026/07/202607131716061334577_large.jpg"", ""https://i1.28hse.com/2026/07/202607131716068075434_large.jpg"", ""https://i1.28hse.com/2026/07/202607131716075199388_large.jpg"", ""https://i1.28hse.com/2026/07/202607131716075945190_large.jpg"", ""https://i1.28hse.com/2026/07/202607131716077959704_large.jpg"", ""https://i1.28hse.com/2026/07/20260713171607402461_large.jpg"", ""https://i1.28hse.com/2026/07/20260713171608457914_large.jpg"", ""https://i1.28hse.com/2026/07/202607131716087926677_large.jpg"", ""https://i1.28hse.com/estate_data/62/23170/FLOOR/23170_20231218130212929316_thumb.jpg"", ""https://i1.28hse.com/estate_data/62/23170/UNIT/23170_20231218130239812897_thumb.jpg""]",,,28791,4606,33397,2760000,16667,10130279,5904912,-2099151,3343889,-5443041
3941371,【可試750萬有票儘傾】【6分鐘南昌站海景3房】【即買即收租】【回報超4%】,深水埗,私人屋苑/興勝,8000000,493,3,,高層,,25,中原地產代理有限公司,https://i1.28hse.com/2026/07/202607212151527056030_thumb.jpg,https://www.28hse.com/buy/apartment/property-3941371,2026-08-06T17:33:59.496264+00:00,2026-08-06T18:12:33.997504+00:00,West Park,,九龍深水埗West Park 通州街256號,"歡迎致電 / Whatsapp / WeChat 查詢
專營西九龍一二手買賣及租務
驗樓 裝修 銀行按揭估價 律師專業服務 室內設計 傢俬訂製 驗窗服務 家居保險 成交後代理放盤 租務管理 一站式服務",22.32761,114.15903499999999,,,,,,2026-07-21T21:51:55+08:00,2026-07-21T21:51:55+08:00,2026-08-20T21:51:55+08:00,"[""https://i1.28hse.com/2026/07/202607212151523362832_large.jpg"", ""https://i1.28hse.com/2026/07/202607212151536246406_large.jpg"", ""https://i1.28hse.com/2026/07/20260721215153304060_large.jpg"", ""https://i1.28hse.com/2026/07/202607212151537395629_large.jpg"", ""https://i1.28hse.com/2026/07/202607212151544231508_large.jpg"", ""https://i1.28hse.com/2026/07/202607212151543937091_large.jpg"", ""https://i1.28hse.com/estate_data/62/23253/FLOOR/23253_20231117033153221731_thumb.jpg"", ""https://i1.28hse.com/estate_data/62/23253/FLOOR/23253_20231117033158253461_thumb.jpg"", ""https://i1.28hse.com/estate_data/62/23253/FLOOR/23253_20231117033204274897_thumb.jpg""]",,,28791,4552,33343,2760000,16667,10111147,5904912,-2062062,3343889,-5405951
3941397,【780萬】實盤三房約睇 還價即成,深水埗,私人屋苑/興勝,8000000,493,2,1,高層,,25,美聯物業代理有限公司,https://i1.28hse.com/2026/07/202607212223107770638_thumb.jpg,https://www.28hse.com/buy/apartment/property-3941397,2026-08-06T17:33:59.496264+00:00,2026-08-06T18:12:32.641844+00:00,West Park,,九龍深水埗West Park 通州街256號,"歡迎24小時致電或what's app查詢
️ 提供專業 親切 誠懇一條龍服務
屋苑最新成交紀錄
二手筍盤推介
買賣/租賃流程及所有開支講解
銀行估價，按揭壓力測試，首期和供款細節, 免費按揭轉介
律師行介紹及免費法律諮詢
全港一手新盤資訊免費專車接送睇樓
售後服務包括：水,電,煤,差餉,地租轉名, 驗樓等...
盤源充足
承諾跟貼底價 您的置業好幫手
多個查詢，多個筍盤機會",22.32761,114.159035,,,,,,2026-07-21T22:23:41+08:00,2026-07-21T22:23:41+08:00,2026-08-20T22:23:41+08:00,"[""https://i1.28hse.com/2026/07/202607212223138646312_large.jpg"", ""https://i1.28hse.com/2026/07/202607212223144652775_large.jpg"", ""https://i1.28hse.com/estate_data/62/23253/FLOOR/23253_20231117033153221731_thumb.jpg"", ""https://i1.28hse.com/estate_data/62/23253/FLOOR/23253_20231117033158253461_thumb.jpg"", ""https://i1.28hse.com/estate_data/62/23253/FLOOR/23253_20231117033204274897_thumb.jpg""]",,,28791,4552,33343,2760000,16667,10111147,5904912,-2062062,3343889,-5405951
3947724,《 * 海景 3房 * 靚裝修 》 平讓割愛,深水埗,私人屋苑/興勝,8000000,493,2,1,高層,,25,香港置業,https://i1.28hse.com/2026/07/202607262045516149858_thumb.jpg,https://www.28hse.com/buy/apartment/property-3947724,2026-08-06T17:33:59.496264+00:00,2026-08-06T18:12:12.548046+00:00,West Park,,九龍深水埗West Park 通州街256號,"歡迎查詢 24小時即時回覆
提供買賣及售後服務 
免費壓力測試,首期支出及供款計算
各大銀行按揭介紹
專業法律咨詢，律師介紹
裝修設計
專車接送
大量一手，二手樓盤介紹",22.32761,114.159035,,,,,,2026-07-26T20:46:34+08:00,2026-07-26T20:46:34+08:00,2026-09-24T20:46:34+08:00,"[""https://i1.28hse.com/2026/07/202607262045523268224_large.jpg"", ""https://i1.28hse.com/2026/07/202607262045534294374_large.jpg"", ""https://i1.28hse.com/2026/07/202607262045548640457_large.jpg"", ""https://i1.28hse.com/2026/07/202607262045551618144_large.jpg"", ""https://i1.28hse.com/2026/07/20260726204627866770_large.jpg"", ""https://i1.28hse.com/estate_data/62/23253/FLOOR/23253_20231117033153221731_thumb.jpg"", ""https://i1.28hse.com/estate_data/62/23253/FLOOR/23253_20231117033158253461_thumb.jpg"", ""https://i1.28hse.com/estate_data/62/23253/FLOOR/23253_20231117033204274897_thumb.jpg""]",,,28791,4552,33343,2760000,16667,10111147,5904912,-2062062,3343889,-5405951
3962769,【開揚高層】【實用三房】【只有一間】,深水埗,私人屋苑/恒基,8000000,419,3,1,高層,,7,美聯物業代理有限公司,https://i1.28hse.com/2026/08/202608061833365660627_thumb.jpg,https://www.28hse.com/buy/apartment/property-3962769,2026-08-06T17:33:59.496264+00:00,2026-08-06T18:11:21.230862+00:00,南昌一號,,九龍深水埗南昌一號 南昌街1號,"歡迎24小時致電或what's app查詢
️ 提供專業 親切 誠懇一條龍服務
屋苑最新成交紀錄
二手筍盤推介
買賣/租賃流程及所有開支講解
銀行估價，按揭壓力測試，首期和供款細節, 免費按揭轉介
律師行介紹及免費法律諮詢
全港一手新盤資訊免費專車接送睇樓
售後服務包括：水,電,煤,差餉,地租轉名, 驗樓等...
盤源充足
承諾跟貼底價 您的置業好幫手
多個查詢，多個筍盤機會",22.326567,114.16066,,,,,,2026-08-06T18:33:39+08:00,2026-08-06T18:33:39+08:00,2026-09-05T18:33:39+08:00,"[""https://i1.28hse.com/2026/08/202608061833374985512_large.jpg"", ""https://i1.28hse.com/2026/08/202608061833378776657_large.jpg"", ""https://i1.28hse.com/2026/08/202608061833382533954_large.jpg"", ""https://i1.28hse.com/2026/08/202608061833388595981_large.jpg"", ""https://i1.28hse.com/2026/08/202608061833383832777_large.jpg"", ""https://i1.28hse.com/2026/08/202608061833397330493_large.jpg""]",,,28791,4219,33010,2760000,16667,9993167,5904912,-1833341,3343889,-5177231
3884198,️帶你進入英倫角度@西鐵站及商場上蓋物業 迷人海景買入優皮生活突顯優秀的你,荃灣,私人屋苑/長實,8000000,393,1,1,高層,,7,中原地產,https://i1.28hse.com/2026/06/202606092211177846415_thumb.jpg,https://www.28hse.com/buy/apartment/property-3884198,2026-08-06T17:33:59.496264+00:00,2026-08-06T18:38:35.184578+00:00,海之戀 海之戀,,新界荃灣海之戀海之戀 大河道100號,"專️荃灣二手買賣，租務 ️至真至筍盤️細心耐心跟進 專業推介誠信靠 ️耐心解答 ️代理各區一手發展商樓盤 歡迎查詢 張小姐
筍價出售, 有海景, 價錢可議, 連露台",22.369368,114.112411,,,,,,2026-06-09T22:09:40+08:00,2026-06-29T14:19:31+08:00,2026-08-08T22:09:40+08:00,"[""https://i1.28hse.com/2026/06/202606092211127357228_large.jpg"", ""https://i1.28hse.com/2026/06/202606092211094618387_large.jpg"", ""https://i1.28hse.com/2026/06/202606092211148751709_large.jpg"", ""https://i1.28hse.com/2026/06/202606092253378525007_large.jpg"", ""https://i1.28hse.com/2026/06/202606092253393164842_large.jpg"", ""https://i1.28hse.com/2026/06/202606092210562171404_large.jpg"", ""https://i1.28hse.com/2026/06/202606092253415742054_large.jpg"", ""https://i1.28hse.com/2026/06/20260609221059361246_large.jpg"", ""https://i1.28hse.com/2026/06/202606092211032901491_large.jpg"", ""https://i1.28hse.com/2026/06/202606092211055774968_large.jpg"", ""https://i1.28hse.com/2026/06/202606092209396951413_large.jpg"", ""https://i1.28hse.com/2026/06/202606092209405672570_large.jpg"", ""https://i1.28hse.com/2026/06/202606092209396302779_large.jpg"", ""https://i1.28hse.com/2026/06/202606092209384368581_large.jpg"", ""https://i1.28hse.com/2026/06/202606092209381000520_large.jpg"", ""https://i1.28hse.com/2026/06/202606092209372101091_large.jpg"", ""https://i1.28hse.com/2026/06/202606092209378212062_large.jpg"", ""https://i1.28hse.com/2026/06/202606092209391238105_large.jpg"", ""https://i1.28hse.com/2026/06/202606092211177846415_large.jpg"", ""https://i1.28hse.com/estate_data/113/22280/FLOOR/22280_20231127201526865681_thumb.jpg"", ""https://i1.28hse.com/estate_data/113/22280/UNIT/22280_20231121131930244888_thumb.jpg""]",,,28791,4102,32893,2760000,16667,9951715,5904912,-1752980,3343889,-5096870
3899676,縉庭山+2座樓皇+高層露台+罕有放盤+VR+中原獨家+有票試$750萬,荃灣,私人屋苑/嘉里建設,8000000,526,2,1,高層,,16,中原地產代理有限公司,https://i1.28hse.com/2026/06/20260620205100922310_thumb.jpg,https://www.28hse.com/buy/apartment/property-3899676,2026-08-06T17:33:59.496264+00:00,2026-08-06T18:37:22.716730+00:00,縉庭山,702,新界荃灣縉庭山 國瑞路152-160號,縉庭山+2座樓皇+高層露台+罕有放盤+VR+中原獨家,22.372267,114.129936,,,,,,2026-06-20T20:51:00+08:00,2026-06-20T20:51:03+08:00,2026-08-19T20:51:00+08:00,"[""https://i1.28hse.com/2026/06/202606202051002463381_large.jpg"", ""https://i1.28hse.com/2026/06/202606202051008285146_large.jpg"", ""https://i1.28hse.com/2026/06/20260620205100922310_large.jpg""]",,,28791,4700,33492,2760000,16667,10163760,5904912,-2164059,3343889,-5507948
3924016,靚裝2房 50萬裝修 高層海景 可約睇,荃灣,私人屋苑/長實,8000000,498,2,1,高層,,11,美聯物業,https://i1.28hse.com/2026/07/202607081922313916011_thumb.jpg,https://www.28hse.com/buy/apartment/property-3924016,2026-08-06T17:33:59.496264+00:00,2026-08-06T18:35:28.945047+00:00,環宇海灣,,新界荃灣環宇海灣 永順街48號,歡迎查詢,22.364647,114.114334,,,,,,2026-07-08T19:22:55+08:00,2026-07-08T19:22:55+08:00,2026-08-07T19:22:55+08:00,"[""https://i1.28hse.com/2026/07/202607081922305701122_large.jpg"", ""https://i1.28hse.com/2026/07/202607081922336688129_large.jpg"", ""https://i1.28hse.com/2026/07/202607081922314546476_large.jpg"", ""https://i1.28hse.com/2026/07/202607081922328682205_large.jpg"", ""https://i1.28hse.com/2026/07/202607081922327915617_large.jpg"", ""https://i1.28hse.com/2026/07/202607081922336353288_large.jpg"", ""https://i1.28hse.com/2026/07/202607081922343253507_large.jpg"", ""https://i1.28hse.com/2026/07/202607081922347331699_large.jpg"", ""https://i1.28hse.com/estate_data/113/8385/FLOOR/8385_20231122024344486133_thumb.jpg"", ""https://i1.28hse.com/estate_data/113/8385/UNIT/8385_20231122024709835768_thumb.jpg""]",,,28791,4574,33366,2760000,16667,10119119,5904912,-2077516,3343889,-5421405
3957936,【𝟐房】$𝟖𝟎𝟎萬♡極高層𝟔𝟎+♡估價$𝟖𝟕𝟗萬♡歡迎約睇,荃灣,私人屋苑/新鴻基,8000000,454,2,1,高層,開放式廚房,20,中原地產代理限公司,https://i1.28hse.com/2026/08/202608031529064548157_thumb.jpg,https://www.28hse.com/buy/apartment/property-3957936,2026-08-06T17:33:59.496264+00:00,2026-08-06T18:30:54.853284+00:00,爵悅庭,613,新界荃灣爵悅庭 楊屋道90-114號,"●真盤源歡迎客戶查詢
●大量優質筍盤提供
●最新最快最Update價錢
●歡迎行家合作
●誠邀業主放盤
●免費拍攝VR
●立即查詢盡快回覆
●提供一條龍售後服務
●售前壓測，首期，預算
●銀行按揭上會
●法律咨詢
●律師轉介
●裝修轉介
●水電煤差餉地租轉名
●收樓驗樓
●租務管理",22.366886,114.117111,,,明火煮食,,,2026-08-03T15:29:10+08:00,2026-08-03T15:29:10+08:00,2026-10-02T15:29:10+08:00,"[""https://i1.28hse.com/2026/08/202608031529077155090_large.jpg"", ""https://i1.28hse.com/2026/08/202608031529078776171_large.jpg"", ""https://i1.28hse.com/2026/08/20260803152907262118_large.jpg"", ""https://i1.28hse.com/2026/08/202608031529084486905_large.jpg"", ""https://i1.28hse.com/2026/08/202608031529083076475_large.jpg"", ""https://i1.28hse.com/2026/08/202608031529085673171_large.jpg"", ""https://i1.28hse.com/2026/08/202608031529087253619_large.jpg"", ""https://i1.28hse.com/2026/08/202608031529083075104_large.jpg"", ""https://i1.28hse.com/2026/08/202608031529097907650_large.jpg"", ""https://i1.28hse.com/2026/08/202608031529095049161_large.jpg"", ""https://i1.28hse.com/estate_data/113/4570/FLOOR/4570_20231121013800148296_thumb.jpg"", ""https://i1.28hse.com/estate_data/113/4570/UNIT/4570_20231121014147992198_thumb.jpg""]",,,28791,4376,33168,2760000,16667,10048969,5904912,-1941520,3343889,-5285409
3901358,"池園景, 旺中帶靜, 間隔四正",荔枝角,私人屋苑/長實,8000000,469,2,1,中層,,23,香港置業,https://i1.28hse.com/2026/06/202606221457548877026_thumb.jpg,https://www.28hse.com/buy/apartment/property-3901358,2026-08-06T17:33:59.496264+00:00,2026-08-06T18:11:07.266045+00:00,泓景臺,644,九龍荔枝角泓景臺 荔枝角道863號,"池園景, 旺中帶靜, 間隔四正",22.334478,114.147598,,,,,,2026-06-22T14:59:01+08:00,2026-07-27T14:11:25+08:00,2026-08-21T14:59:01+08:00,"[""https://i1.28hse.com/2026/06/20260622145754738959_large.jpg"", ""https://i1.28hse.com/2026/06/20260622145754931707_large.jpg"", ""https://i1.28hse.com/2026/06/202606221457545804917_large.jpg"", ""https://i1.28hse.com/2026/06/202606221457551328515_large.jpg"", ""https://i1.28hse.com/2026/06/202606221457536224802_large.jpg"", ""https://i1.28hse.com/2026/06/202606221457542662059_large.jpg"", ""https://i1.28hse.com/2026/06/202606221457535998934_large.jpg"", ""https://i1.28hse.com/2026/06/202606221457535698954_large.jpg"", ""https://i1.28hse.com/2026/06/202606221457552006606_large.jpg"", ""https://i1.28hse.com/2026/06/202606221457537331815_large.jpg""]",,,28791,4444,33235,2760000,16667,10072883,5904912,-1987882,3343889,-5331772
3910550,"180度靚景,實用三房,光猛舒適,業主換樓價錢易商量",葵涌,私人屋苑/長實,8000000,559,3,1,高層,開放式廚房,19,美聯物業,https://i1.28hse.com/2026/06/202606291743457989796_thumb.jpg,https://www.28hse.com/buy/apartment/property-3910550,2026-08-06T17:33:59.496264+00:00,2026-08-06T18:29:31.909184+00:00,雍雅軒,811,新界葵涌雍雅軒 和宜合道,交通方便,22.366341,114.136673,,,,,,2026-06-29T17:43:46+08:00,2026-07-22T14:38:58+08:00,2026-08-28T17:43:46+08:00,"[""https://i1.28hse.com/2026/06/202606291743457981817_large.jpg"", ""https://i1.28hse.com/2026/06/202606291743451628577_large.jpg"", ""https://i1.28hse.com/2026/06/202606291743451032831_large.jpg"", ""https://i1.28hse.com/2026/06/202606291743465414636_large.jpg"", ""https://i1.28hse.com/estate_data/114/4678/FLOOR/4678_20240115175137632569_thumb.jpg"", ""https://i1.28hse.com/estate_data/114/4678/UNIT/4678_20240115175246962518_thumb.jpg""]",,,28791,4849,33640,2760000,16667,10216373,5904912,-2266055,3343889,-5609945
3925660,【可試$798萬】【2房】【真實盤源】,荔枝角,私人屋苑/信德,8050000,491,2,1,中層,,22,美聯物業代理有限公司,https://i1.28hse.com/2026/07/202607092142423650087_thumb.jpg,https://www.28hse.com/buy/apartment/property-3925660,2026-08-06T17:33:59.496264+00:00,2026-08-06T18:10:56.868329+00:00,昇悅居,647,九龍荔枝角昇悅居 荔枝角道833號,"歡迎致電 / Whatsapp / WeChat 查詢
致電Jimmy Yiu : *24小時 即時回覆
微信號：J2mmyiu
另有同區不同筍盤供閣下比較!
24小時為你提供專業意見服務
並提供一站式服務:
●免費物業按揭服務
●免費物業轉按查詢
●專車接送各區睇樓參觀
●完善售後服務
●專業法律意見等等
五星級服務必定能協助你輕鬆置業安家！",22.334587000000003,114.14884900000001,,,,,,2026-07-09T21:38:34+08:00,2026-07-09T22:06:24+08:00,2026-08-08T21:38:34+08:00,"[""https://i1.28hse.com/2026/07/202607092142413294161_large.jpg"", ""https://i1.28hse.com/2026/07/202607092143075163901_large.jpg"", ""https://i1.28hse.com/2026/07/202607092142417551630_large.jpg""]",,,28971,4557,33529,2777250,16771,10166241,5941818,-2080144,3343889,-5424033
3926659,新鴻基出品「則王」換樓平走,荔枝角,私人屋苑/信德,8050000,491,2,1,中層,,22,美聯物業代理有限公司,https://i1.28hse.com/2026/07/202607101719108174968_thumb.jpg,https://www.28hse.com/buy/apartment/property-3926659,2026-08-06T17:33:59.496264+00:00,2026-08-06T18:10:54.892511+00:00,昇悅居,647,九龍荔枝角昇悅居 荔枝角道833號,"盤源充足
承諾跟貼底價 您的置業好幫手
多個查詢，多個筍盤機會
歡迎24小時致電/ whatsapp/ Wechat查詢
Chris Cheung
Wechat ID: jj2398
本人均可為貴客提供全套買賣及售後服務
首次置業
售前壓測,首期,供款計算
銀行按揭上會
法律咨詢
律師轉介
裝修轉介
水電煤,差餉地租轉名
收樓驗樓
售後租務管理",22.334587,114.148849,,,,,,2026-07-10T17:20:25+08:00,2026-07-10T17:20:25+08:00,2026-08-09T17:20:25+08:00,"[""https://i1.28hse.com/2026/07/202607101719126772003_large.jpg"", ""https://i1.28hse.com/2026/07/20260710171912801936_large.jpg"", ""https://i1.28hse.com/2026/07/202607101719136995527_large.jpg"", ""https://i1.28hse.com/2026/07/202607101719131845574_large.jpg"", ""https://i1.28hse.com/2026/07/202607101719386734792_large.jpg"", ""https://i1.28hse.com/estate_data/64/2510/FLOOR/2510_20231116200243655632_thumb.jpg"", ""https://i1.28hse.com/estate_data/64/2510/UNIT/2510_20231116200337798665_thumb.jpg""]",,,28971,4557,33529,2777250,16771,10166241,5941818,-2080144,3343889,-5424033
3951482,【新裝修大露台】【790萬盡傾】,荔枝角,私人屋苑/長實,8050000,512,2,1,中層,,23,美聯物業代理有限公司,https://i1.28hse.com/2026/07/202607291917595808996_thumb.jpg,https://www.28hse.com/buy/apartment/property-3951482,2026-08-06T17:33:59.496264+00:00,2026-08-06T18:10:03.737151+00:00,泓景臺,690,九龍荔枝角泓景臺 荔枝角道863號,"歡迎24小時致電或what's app查詢
️ 提供專業 親切 誠懇一條龍服務
屋苑最新成交紀錄
二手筍盤推介
買賣/租賃流程及所有開支講解
銀行估價，按揭壓力測試，首期和供款細節, 免費按揭轉介
律師行介紹及免費法律諮詢
全港一手新盤資訊免費專車接送睇樓
售後服務包括：水,電,煤,差餉,地租轉名, 驗樓等...
盤源充足
承諾跟貼底價 您的置業好幫手
多個查詢，多個筍盤機會",22.334478,114.147598,,,,,,2026-07-29T19:18:29+08:00,2026-07-29T19:18:29+08:00,2026-08-28T19:18:29+08:00,"[""https://i1.28hse.com/2026/07/20260729191759416437_large.jpg"", ""https://i1.28hse.com/2026/07/202607291917581085850_large.jpg"", ""https://i1.28hse.com/2026/07/202607291917587297826_large.jpg"", ""https://i1.28hse.com/2026/07/202607291917588298012_large.jpg"", ""https://i1.28hse.com/2026/07/20260729191758878802_large.jpg"", ""https://i1.28hse.com/estate_data/64/2451/FLOOR/2451_20231116195533255597_thumb.jpg"", ""https://i1.28hse.com/estate_data/64/2451/UNIT/2451_20231116195759259436_thumb.jpg""]",,,28971,4652,33623,2777250,16771,10199722,5941818,-2145051,3343889,-5488940
3957599,【790萬再傾】【兩房靚裝】,荔枝角,私人屋苑/長實,8050000,512,2,1,中層,,23,美聯物業代理有限公司,https://i1.28hse.com/2026/08/202608031220594473750_thumb.jpg,https://www.28hse.com/buy/apartment/property-3957599,2026-08-06T17:33:59.496264+00:00,2026-08-06T18:09:50.185996+00:00,泓景臺,690,九龍荔枝角泓景臺 荔枝角道863號,"歡迎24小時致電或what's app查詢
️ 提供專業 親切 誠懇一條龍服務
屋苑最新成交紀錄
二手筍盤推介
買賣/租賃流程及所有開支講解
銀行估價，按揭壓力測試，首期和供款細節, 免費按揭轉介
律師行介紹及免費法律諮詢
全港一手新盤資訊免費專車接送睇樓
售後服務包括：水,電,煤,差餉,地租轉名, 驗樓等...
盤源充足
承諾跟貼底價 您的置業好幫手
多個查詢，多個筍盤機會",22.334477999999997,114.14759799999999,,,,,,2026-08-03T12:21:01+08:00,2026-08-03T12:21:01+08:00,2026-09-02T12:21:01+08:00,"[""https://i1.28hse.com/2026/08/202608031220598271060_large.jpg"", ""https://i1.28hse.com/2026/08/202608031220597913673_large.jpg"", ""https://i1.28hse.com/2026/08/202608031221004519733_large.jpg"", ""https://i1.28hse.com/2026/08/202608031221002462289_large.jpg"", ""https://i1.28hse.com/2026/08/202608031221017042301_large.jpg"", ""https://i1.28hse.com/estate_data/64/2451/FLOOR/2451_20231116195533255597_thumb.jpg"", ""https://i1.28hse.com/estate_data/64/2451/UNIT/2451_20231116195759259436_thumb.jpg""]",,,28971,4652,33623,2777250,16771,10199722,5941818,-2145051,3343889,-5488940
3958367,【大則兩房】【790萬再傾】【可以睇樓】,荔枝角,私人屋苑/長實,8050000,512,2,1,中層,,23,美聯物業代理有限公司,https://i1.28hse.com/2026/08/202608031746532589180_thumb.jpg,https://www.28hse.com/buy/apartment/property-3958367,2026-08-06T17:33:59.496264+00:00,2026-08-06T18:09:48.135685+00:00,泓景臺,690,九龍荔枝角泓景臺 荔枝角道863號,"歡迎24小時致電或what's app查詢
️ 提供專業 親切 誠懇一條龍服務
屋苑最新成交紀錄
二手筍盤推介
買賣/租賃流程及所有開支講解
銀行估價，按揭壓力測試，首期和供款細節, 免費按揭轉介
律師行介紹及免費法律諮詢
全港一手新盤資訊免費專車接送睇樓
售後服務包括：水,電,煤,差餉,地租轉名, 驗樓等...
盤源充足
承諾跟貼底價 您的置業好幫手
多個查詢，多個筍盤機會",22.334477999999997,114.14759799999999,,,,,,2026-08-03T17:46:55+08:00,2026-08-03T17:46:55+08:00,2026-09-02T17:46:55+08:00,"[""https://i1.28hse.com/2026/08/20260803174653771884_large.jpg"", ""https://i1.28hse.com/2026/08/202608031746542923890_large.jpg"", ""https://i1.28hse.com/2026/08/202608031746541631054_large.jpg"", ""https://i1.28hse.com/2026/08/202608031746542942735_large.jpg"", ""https://i1.28hse.com/2026/08/202608031746556382269_large.jpg"", ""https://i1.28hse.com/estate_data/64/2451/FLOOR/2451_20231116195533255597_thumb.jpg"", ""https://i1.28hse.com/estate_data/64/2451/UNIT/2451_20231116195759259436_thumb.jpg""]",,,28971,4652,33623,2777250,16771,10199722,5941818,-2145051,3343889,-5488940
3958576,單邊對流「換樓平走」露台雙景,荔枝角,私人屋苑/長實,8050000,510,2,,高層,,23,中原地產代理有限公司,https://i1.28hse.com/2026/08/202608031919397422268_thumb.jpg,https://www.28hse.com/buy/apartment/property-3958576,2026-08-06T17:33:59.496264+00:00,2026-08-06T18:09:47.368461+00:00,泓景臺,691,九龍荔枝角泓景臺 荔枝角道863號,"筍價出售, 連露台, 向東, 池園景, 開揚, 大型商場, 交通便利, 清雅裝修, 設施齊備",22.334478,114.147598,,,,,,2026-08-03T19:20:17+08:00,2026-08-03T19:20:17+08:00,2026-09-02T19:20:17+08:00,"[""https://i1.28hse.com/2026/08/202608031919433060363_large.jpg"", ""https://i1.28hse.com/2026/08/202608031919494981628_large.jpg"", ""https://i1.28hse.com/2026/08/202608031919553658533_large.jpg"", ""https://i1.28hse.com/2026/08/202608031919584335741_large.jpg"", ""https://i1.28hse.com/estate_data/64/2451/FLOOR/2451_20231116195551346395_thumb.jpg"", ""https://i1.28hse.com/estate_data/64/2451/UNIT/2451_20231116195835867831_thumb.jpg""]",,,28971,4643,33614,2777250,16771,10196533,5941818,-2138869,3343889,-5482759
3964632,單邊對流「換樓平走」露台雙景,荔枝角,私人屋苑/長實,8050000,510,2,,高層,,23,中原地產代理有限公司,https://i1.28hse.com/2026/08/202608072040147845858_thumb.jpg,https://www.28hse.com/buy/apartment/property-3964632,2026-08-07T16:19:46.780897+00:00,2026-08-07T16:21:29.781978+00:00,泓景臺,691,九龍荔枝角泓景臺 荔枝角道863號,"筍價出售, 連露台, 向東, 池園景, 開揚, 大型商場, 交通便利, 清雅裝修, 設施齊備",22.334477999999997,114.14759799999999,,,,,,2026-08-07T20:40:16+08:00,2026-08-07T20:40:16+08:00,2026-09-06T20:40:16+08:00,"[""https://i1.28hse.com/2026/08/202608072040153169531_large.jpg"", ""https://i1.28hse.com/2026/08/20260807204015325870_large.jpg"", ""https://i1.28hse.com/2026/08/20260807204015605251_large.jpg"", ""https://i1.28hse.com/2026/08/2026080720401622329_large.jpg"", ""https://i1.28hse.com/estate_data/64/2451/FLOOR/2451_20231116195551346395_thumb.jpg"", ""https://i1.28hse.com/estate_data/64/2451/UNIT/2451_20231116195835867831_thumb.jpg""]",,,28971,4643,33614,2777250,16771,10196533,5941818,-2138869,3343889,-5482759
3898375,「中高層，開陽舒服，市場罕有」兩房海濱南岸,紅磡,私人屋苑/新鴻基,8080000,432,2,,高層,,24,太陽物業,https://i1.28hse.com/2026/06/202606200215188886003_thumb.jpg,https://www.28hse.com/buy/apartment/property-3898375,2026-08-06T17:33:59.496264+00:00,2026-08-06T17:51:14.673804+00:00,海濱南岸,,九龍紅磡海濱南岸 愛景街8號,中高層，開陽舒服，市場罕有，兩房海濱南岸，會所設施齊全，鄰近地鐵站食肆商場，35區名牌校網，地理位置優越方便，九龍紅磡優質新鴻基屋苑，業主誠心放賣，可隨時約睇,22.302675,114.186943,,,,,,2026-06-20T02:15:24+08:00,2026-06-20T02:15:24+08:00,2026-08-19T02:15:24+08:00,"[""https://i1.28hse.com/2026/06/202606200215196509099_large.jpg"", ""https://i1.28hse.com/2026/06/202606200215197138424_large.jpg"", ""https://i1.28hse.com/2026/06/20260620021519144809_large.jpg"", ""https://i1.28hse.com/2026/06/20260620021520438863_large.jpg"", ""https://i1.28hse.com/2026/06/202606200215207140656_large.jpg"", ""https://i1.28hse.com/2026/06/202606200215214463308_large.jpg""]",,,29079,4301,33380,2787600,16833,10107145,5963961,-1912344,3343889,-5256233
3925530,正常單位「不是兇宅」有票再傾,荔枝角,私人屋苑/信德,8080000,491,2,,中層,,22,中原地產代理有限公司,https://i1.28hse.com/2026/07/202607091953035464841_thumb.jpg,https://www.28hse.com/buy/apartment/property-3925530,2026-08-06T17:33:59.496264+00:00,2026-08-06T18:10:58.288542+00:00,昇悅居,647,九龍荔枝角昇悅居 荔枝角道833號,"筍價出售, 向南, 開揚, 大型屋村, 大型商場, 交通便利, 清雅裝修, 開揚清爽, 新樓會所",22.334587,114.148849,,,,,,2026-07-09T19:53:51+08:00,2026-07-09T19:53:51+08:00,2026-08-08T19:53:51+08:00,"[""https://i1.28hse.com/2026/07/202607091953047673822_large.jpg"", ""https://i1.28hse.com/2026/07/202607091953048366135_large.jpg"", ""https://i1.28hse.com/2026/07/202607091953055670089_large.jpg"", ""https://i1.28hse.com/2026/07/202607091953057449955_large.jpg"", ""https://i1.28hse.com/estate_data/64/2510/FLOOR/2510_20231116200238846777_thumb.jpg"", ""https://i1.28hse.com/estate_data/64/2510/UNIT/2510_20231116200314651428_thumb.jpg""]",,,29079,4566,33645,2787600,16833,10201210,5963961,-2094702,3343889,-5438591
3943915,高層露台「獨家」見票再傾,荔枝角,私人屋苑/新鴻基,8080000,464,2,,高層,,21,中原地產代理有限公司,https://i1.28hse.com/2026/07/202607231842327352097_thumb.jpg,https://www.28hse.com/buy/apartment/property-3943915,2026-08-06T17:33:59.496264+00:00,2026-08-06T18:10:17.390380+00:00,宇晴軒,631,九龍荔枝角宇晴軒 深盛道9號,"筍價出售, 連露台, 開揚園景, 大型商場, 交通便利, 清雅裝修, 設施齊備, 間隔四正, 新樓會所, 管理完善",22.334702,114.149544,,,,,,2026-07-23T18:42:58+08:00,2026-07-23T18:42:58+08:00,2026-08-22T18:42:58+08:00,"[""https://i1.28hse.com/2026/07/202607231842336322098_large.jpg"", ""https://i1.28hse.com/2026/07/202607231842344985377_large.jpg"", ""https://i1.28hse.com/estate_data/64/2450/FLOOR/2450_20240216131628473259_thumb.jpg"", ""https://i1.28hse.com/estate_data/64/2450/UNIT/2450_20240216131716396165_thumb.jpg""]",,,29079,4445,33524,2787600,16833,10158163,5963961,-2011250,3343889,-5355139
3951453,【新裝修大露台】【爆筍790萬】【內園泳池】【靚則】,荔枝角,私人屋苑/長實,8080000,512,2,,中層,,23,中原地產-泓景臺分行,https://i1.28hse.com/2026/07/202607291902292014739_thumb.jpg,https://www.28hse.com/buy/apartment/property-3951453,2026-08-06T17:33:59.496264+00:00,2026-08-06T18:10:04.409512+00:00,泓景臺,690,九龍荔枝角泓景臺 荔枝角道863號,"同區大量筍盤 一手二手物業
物業買賣/租賃
壓力測試 首期及供款計算
律師轉介服務
銀行按揭轉介
水電申請/轉名
全港地盤/示範單位專車接送
大量筍盤 未能盡錄
24小時查詢熱線",22.334477999999997,114.14759799999999,,,,,,2026-07-29T19:05:48+08:00,2026-07-30T02:58:52+08:00,2026-08-28T19:05:48+08:00,"[""https://i1.28hse.com/2026/07/202607291902313279531_large.jpg"", ""https://i1.28hse.com/2026/07/202607291902326530941_large.jpg"", ""https://i1.28hse.com/2026/07/20260729190233547555_large.jpg"", ""https://i1.28hse.com/2026/07/202607291902357826909_large.jpg"", ""https://i1.28hse.com/2026/07/202607291902364902058_large.jpg"", ""https://i1.28hse.com/2026/07/202607291904551165939_large.jpg"", ""https://i1.28hse.com/2026/07/202607291905038448333_large.jpg"", ""https://i1.28hse.com/estate_data/64/2451/FLOOR/2451_20231116195533255597_thumb.jpg"", ""https://i1.28hse.com/estate_data/64/2451/UNIT/2451_20231116195759259436_thumb.jpg""]",,,29079,4661,33740,2787600,16833,10234691,5963961,-2159609,3343889,-5503498
3956192,高層露台「獨家」見票再傾,荔枝角,私人屋苑/新鴻基,8080000,464,2,,高層,,21,中原地產代理有限公司,https://i1.28hse.com/2026/08/202608021246237803225_thumb.jpg,https://www.28hse.com/buy/apartment/property-3956192,2026-08-06T17:33:59.496264+00:00,2026-08-06T18:09:58.879237+00:00,宇晴軒,631,九龍荔枝角宇晴軒 深盛道9號,"筍價出售, 連露台, 開揚園景, 大型商場, 交通便利, 清雅裝修, 設施齊備, 間隔四正, 新樓會所, 管理完善",22.334702,114.14954399999999,,,,,,2026-08-02T12:46:24+08:00,2026-08-02T12:46:24+08:00,2026-09-01T12:46:24+08:00,"[""https://i1.28hse.com/2026/08/20260802124623590035_large.jpg"", ""https://i1.28hse.com/2026/08/202608021246244875716_large.jpg"", ""https://i1.28hse.com/estate_data/64/2450/FLOOR/2450_20240216131628473259_thumb.jpg"", ""https://i1.28hse.com/estate_data/64/2450/UNIT/2450_20240216131716396165_thumb.jpg""]",,,29079,4445,33524,2787600,16833,10158163,5963961,-2011250,3343889,-5355139
3957250,〖 實用、有裝修 〗抵住。。。,荔枝角,私人屋苑/長實,8080000,512,2,,中層,,23,中原地產代理有限公司,https://i1.28hse.com/2026/08/202608022120405151718_thumb.jpg,https://www.28hse.com/buy/apartment/property-3957250,2026-08-06T17:33:59.496264+00:00,2026-08-06T18:09:52.149742+00:00,泓景臺,690,九龍荔枝角泓景臺 荔枝角道863號,筍價出售,22.334478,114.147598,,,,,,2026-08-02T21:21:29+08:00,2026-08-02T21:21:29+08:00,2026-10-01T21:21:29+08:00,"[""https://i1.28hse.com/2026/08/202608022120411778478_large.jpg"", ""https://i1.28hse.com/2026/08/202608022120433975472_large.jpg"", ""https://i1.28hse.com/2026/08/202608022120445508219_large.jpg"", ""https://i1.28hse.com/2026/08/202608022120451451804_large.jpg"", ""https://i1.28hse.com/2026/08/202608022120478309697_large.jpg"", ""https://i1.28hse.com/2026/08/20260802212049637156_large.jpg"", ""https://i1.28hse.com/2026/08/202608022120482251789_large.jpg"", ""https://i1.28hse.com/estate_data/64/2451/FLOOR/2451_20231116195533255597_thumb.jpg"", ""https://i1.28hse.com/estate_data/64/2451/UNIT/2451_20231116195759259436_thumb.jpg""]",,,29079,4661,33740,2787600,16833,10234691,5963961,-2159609,3343889,-5503498
3959892,必約必睇 絕對視正兩房連大露台 連全新雅緻裝修連傢俬抵價放賣。歡迎隨時約睇,荔枝角,私人屋苑/長實,8080000,512,2,,中層,,23,中原地產-泓景臺分行,https://i1.28hse.com/2026/08/202608041756045464323_thumb.jpg,https://www.28hse.com/buy/apartment/property-3959892,2026-08-06T17:33:59.496264+00:00,2026-08-06T18:09:41.114045+00:00,泓景臺,690,九龍荔枝角泓景臺 荔枝角道863號,泓景台罕有兩房靚盤 全新雅緻裝修連傢俬 絕對超值 一看愛上,22.334478,114.147598,,,,,,2026-08-04T17:58:05+08:00,2026-08-04T17:58:05+08:00,2026-10-03T17:58:05+08:00,"[""https://i1.28hse.com/2026/08/20260804175605862954_large.jpg"", ""https://i1.28hse.com/2026/08/202608041756074419329_large.jpg"", ""https://i1.28hse.com/2026/08/202608041756081620136_large.jpg"", ""https://i1.28hse.com/2026/08/202608041756196886550_large.jpg"", ""https://i1.28hse.com/estate_data/64/2451/FLOOR/2451_20231116195533255597_thumb.jpg"", ""https://i1.28hse.com/estate_data/64/2451/UNIT/2451_20231116195759259436_thumb.jpg""]",,,29079,4661,33740,2787600,16833,10234691,5963961,-2159609,3343889,-5503498
3935940,【獨家】【780萬】【有票有驚喜】【兩房梗廚】,荔枝角,私人屋苑/信德,8090000,509,2,1,高層,,22,美聯物業代理有限公司,https://i1.28hse.com/2026/07/20260717175648812658_thumb.jpg,https://www.28hse.com/buy/apartment/property-3935940,2026-08-06T17:33:59.496264+00:00,2026-08-06T18:10:26.352095+00:00,昇悅居,668,九龍荔枝角昇悅居 荔枝角道833號,"另有同區不同筍盤供閣下比較!
24小時為你提供專業意見服務
並提供一站式服務:
●免費物業按揭服務
●免費物業轉按查詢
●專車接送各區睇樓參觀
●完善售後服務
●專業法律意見等等
五星級服務必定能協助你輕鬆置業安家！",22.334587000000003,114.14884900000001,,,,,,2026-07-17T17:13:08+08:00,2026-07-17T18:00:48+08:00,2026-08-16T17:13:08+08:00,"[""https://i1.28hse.com/2026/07/202607171756518106147_large.jpg"", ""https://i1.28hse.com/2026/07/202607171756551578331_large.jpg"", ""https://i1.28hse.com/2026/07/202607171756568241945_large.jpg"", ""https://i1.28hse.com/2026/07/202607171756495114024_large.jpg"", ""https://i1.28hse.com/2026/07/202607171756545681722_large.jpg""]",,,29115,4650,33765,2791050,16854,10241564,5971343,-2155189,3343889,-5499079
3937497,【獨家】【780萬】【有票有驚喜】【兩房梗廚】,荔枝角,私人屋苑/信德,8090000,509,2,1,高層,,22,美聯物業代理有限公司,https://i1.28hse.com/2026/07/20260718173245500889_thumb.jpg,https://www.28hse.com/buy/apartment/property-3937497,2026-08-06T17:33:59.496264+00:00,2026-08-06T18:10:23.613375+00:00,昇悅居,668,九龍荔枝角昇悅居 荔枝角道833號,"另有同區不同筍盤供閣下比較!
24小時為你提供專業意見服務
並提供一站式服務:
●免費物業按揭服務
●免費物業轉按查詢
●專車接送各區睇樓參觀
●完善售後服務
●專業法律意見等等
五星級服務必定能協助你輕鬆置業安家！",22.334587000000003,114.14884900000001,,,,,,2026-07-18T17:32:47+08:00,2026-07-18T17:32:47+08:00,2026-08-17T17:32:47+08:00,"[""https://i1.28hse.com/2026/07/20260718173245552245_large.jpg"", ""https://i1.28hse.com/2026/07/202607181732462495001_large.jpg"", ""https://i1.28hse.com/2026/07/20260718173246790217_large.jpg"", ""https://i1.28hse.com/2026/07/202607181732463954962_large.jpg"", ""https://i1.28hse.com/2026/07/202607181732478268905_large.jpg""]",,,29115,4650,33765,2791050,16854,10241564,5971343,-2155189,3343889,-5499079
3944705,《 蝕讓·需要何文田高級屋苑的正正係好機會 》皓畋,何文田,私人屋苑/洋樓/嘉里建設,8100000,402,1,1,中層,,9,天晋物業有限公司,https://i1.28hse.com/2026/07/202607241403315858678_thumb.jpg,https://www.28hse.com/buy/apartment/property-3944705,2026-08-06T17:33:59.496264+00:00,2026-08-06T18:15:18.416526+00:00,皓畋,,九龍何文田皓畋 常盛街28號,"《 蝕讓·需要何文田高級屋苑的正正係好機會 》皓畋
地址:	常盛街28號
入伙日期:	03/2017
單位數目:	205
層數:	23
每層伙數:	9
所屬校網:	九龍區34號校網
發展商:	嘉里建設
管理公司:	嘉里物業管理服務有限公司",22.319082,114.181007,,,,,,2026-07-24T14:03:34+08:00,2026-07-24T14:03:34+08:00,2026-09-22T14:03:34+08:00,"[""https://i1.28hse.com/2026/07/202607241403321018445_large.jpg"", ""https://i1.28hse.com/2026/07/202607241403324515345_large.jpg"", ""https://i1.28hse.com/2026/07/202607241403322788857_large.jpg"", ""https://i1.28hse.com/2026/07/202607241403337057942_large.jpg"", ""https://i1.28hse.com/2026/07/202607241403335958078_large.jpg"", ""https://i1.28hse.com/2026/07/202607241403334017905_large.jpg"", ""https://i1.28hse.com/estate_data/60/8805/FLOOR/8805_20231211122433149544_thumb.jpg"", ""https://i1.28hse.com/estate_data/60/8805/UNIT/8805_20231211122747916622_thumb.jpg""]",,,29151,4172,33323,2794500,16875,10082628,5978724,-1829325,3343889,-5173214
3930614,"全城最平海景兩房,廳大房大,歡迎預約",奧運,私人屋苑/長實,8100000,460,2,,高層,,22,美聯物業,https://i1.28hse.com/2026/07/202607131707166190044_thumb.jpg,https://www.28hse.com/buy/apartment/property-3930614,2026-08-06T17:33:59.496264+00:00,2026-08-06T18:03:25.808225+00:00,凱帆軒,616,九龍奧運凱帆軒 海帆道11號,"最平海景兩房,廳大房大,歡迎預約",22.320627,114.155251,,,,,,2026-07-13T17:07:18+08:00,2026-07-17T17:43:26+08:00,2026-09-11T17:07:18+08:00,"[""https://i1.28hse.com/2026/07/202607131707162905175_large.jpg"", ""https://i1.28hse.com/2026/07/202607131707178161444_large.jpg"", ""https://i1.28hse.com/2026/07/202607131707171150482_large.jpg"", ""https://i1.28hse.com/2026/07/20260713170717798406_large.jpg"", ""https://i1.28hse.com/estate_data/68/2563/FLOOR/2563_20240216121630844881_thumb.jpg"", ""https://i1.28hse.com/estate_data/68/2563/UNIT/2563_20240216121717787559_thumb.jpg""]",,,29151,4432,33584,2794500,16875,10175099,5978724,-2008592,3343889,-5352481
3886760,阿Sa實盤～雅裝中層 ｜全屋品味裝修｜開揚市景｜還價即成！,深水埗,私人屋苑/信和,8100000,442,2,,中層,,6,美聯物業代理有限公司,https://i1.28hse.com/2026/06/202606111831523537083_thumb.jpg,https://www.28hse.com/buy/apartment/property-3886760,2026-08-06T17:33:59.496264+00:00,2026-08-06T18:14:44.385425+00:00,一號九龍道,,九龍深水埗一號九龍道 九龍道1號,"歡迎致電/Whatsapp
蘇小姐即時回覆 電話
！！大量盤源！！
24小時預約睇樓及諮詢樓盤資料：
提供一條龍專業買賣及售後服務
-首次置業
-計算首期及供款物業
-物業估價
-按揭轉介、銀行按揭
-租務管理
-法律咨詢、律師轉介
-裝修轉介
-水電煤申請
-差餉地租轉名",22.334173,114.162582,,,,,,2026-06-11T18:32:03+08:00,2026-06-12T10:00:33+08:00,2026-08-10T18:32:03+08:00,"[""https://i1.28hse.com/2026/06/202606111831533425888_large.jpg"", ""https://i1.28hse.com/2026/06/202606111831534838092_large.jpg"", ""https://i1.28hse.com/2026/06/202606111831541312228_large.jpg"", ""https://i1.28hse.com/2026/06/20260611183154242596_large.jpg"", ""https://i1.28hse.com/2026/06/202606111831558558534_large.jpg"", ""https://i1.28hse.com/2026/06/20260611183155909118_large.jpg"", ""https://i1.28hse.com/2026/06/202606111831557075435_large.jpg"", ""https://i1.28hse.com/estate_data/62/22776/FLOOR/22776_20231117030708613862_thumb.jpg"", ""https://i1.28hse.com/estate_data/62/22776/UNIT/22776_20231229123211468537_thumb.jpg""]",,,29151,4352,33503,2794500,16875,10146401,5978724,-1952957,3343889,-5296847
3910578,●開揚山景 ●超值3房套 ●可試$7xx萬 ♡歡迎約睇,荃灣,私人屋苑/新世界,8100000,610,3,,,,29,中原地產代理有限公司,https://i1.28hse.com/2026/06/202606291756553358477_thumb.jpg,https://www.28hse.com/buy/apartment/property-3910578,2026-08-06T17:33:59.496264+00:00,2026-08-06T18:36:20.603989+00:00,愉景新城,756,新界荃灣愉景新城 青山公路荃灣段398號,"●開揚山景
●超值3房套
●可試$7xx萬
♡歡迎約睇
大量筍盤 歡迎WhatsApp查詢
大量筍盤 歡迎WhatsApp查詢
大量筍盤 歡迎WhatsApp查詢",22.376377,114.111252,,,,,,2026-06-29T17:57:18+08:00,2026-07-24T12:50:09+08:00,2026-08-28T17:57:18+08:00,"[""https://i1.28hse.com/2026/06/202606291755151109891_large.jpg"", ""https://i1.28hse.com/2026/06/202606291755147055305_large.jpg"", ""https://i1.28hse.com/2026/06/202606291755084283331_large.jpg"", ""https://i1.28hse.com/2026/06/20260629175513499748_large.jpg"", ""https://i1.28hse.com/2026/06/202606291755095140111_large.jpg"", ""https://i1.28hse.com/2026/06/202606291755107597520_large.jpg"", ""https://i1.28hse.com/2026/06/202606291755115331750_large.jpg"", ""https://i1.28hse.com/2026/06/202606291755113834541_large.jpg"", ""https://i1.28hse.com/2026/06/202606291755161924519_large.jpg"", ""https://i1.28hse.com/estate_data/113/4573/FLOOR/4573_20231121014248174571_thumb.jpg"", ""https://i1.28hse.com/estate_data/113/4573/UNIT/4573_20231121014445671889_thumb.jpg""]",,,29151,5108,34259,2794500,16875,10414248,5978724,-2472214,3343889,-5816104
3933414,！快約 西九靚大2房可試790萬 全場最荀銀行估突價極高層開揚市景 有票傾到你岩,長沙灣,私人屋苑/恒基,8100000,511,2,1,高層,開放式廚房,18,利嘉閣地產有限公司,https://i1.28hse.com/2026/07/202607301405334732547_thumb.jpg,https://www.28hse.com/buy/apartment/property-3933414,2026-08-06T17:33:59.496264+00:00,2026-08-06T18:07:48.458239+00:00,星匯居,709,九龍長沙灣星匯居 通州街500號,"大量大量大量独家笋盘！！！
业主诚意让！息口减减减 收租好过摆定期
租金飙升 息口大减
减息大时代 供楼平过租楼 /^_^/",22.333088,114.152283,,,,,,2026-07-15T18:21:13+08:00,2026-07-30T14:06:13+08:00,2026-08-14T18:21:13+08:00,"[""https://i1.28hse.com/2026/07/202607301405343327074_large.jpg"", ""https://i1.28hse.com/2026/07/202607301405348634001_large.jpg"", ""https://i1.28hse.com/2026/07/202607301405353194184_large.jpg"", ""https://i1.28hse.com/estate_data/63/2508/FLOOR/2508_20231116195958296224_thumb.jpg"", ""https://i1.28hse.com/estate_data/63/2508/UNIT/2508_20231116200147577344_thumb.jpg""]",,,29151,4662,33813,2794500,16875,10256409,5978724,-2166224,3343889,-5510113
3934733,向東大則「呎價平」露台中層,荔枝角,私人屋苑/長實,8160000,511,2,,中層,,23,中原地產代理有限公司,https://i1.28hse.com/2026/07/202607161853484135434_thumb.jpg,https://www.28hse.com/buy/apartment/property-3934733,2026-08-06T17:33:59.496264+00:00,2026-08-06T18:10:32.050529+00:00,泓景臺,684,九龍荔枝角泓景臺 荔枝角道863號,"筍價出售, 連露台, 交通便利, 清雅裝修, 設施齊備, 新樓會所, 管理完善",22.334477999999997,114.14759799999999,,,,,,2026-07-16T18:54:26+08:00,2026-07-16T19:10:47+08:00,2026-08-15T18:54:26+08:00,"[""https://i1.28hse.com/2026/07/202607161853505646142_large.jpg"", ""https://i1.28hse.com/2026/07/20260716185351658664_large.jpg"", ""https://i1.28hse.com/2026/07/202607161853546712728_large.jpg"", ""https://i1.28hse.com/2026/07/202607161853458678209_large.jpg"", ""https://i1.28hse.com/estate_data/64/2451/FLOOR/2451_20231116195533255597_thumb.jpg"", ""https://i1.28hse.com/estate_data/64/2451/UNIT/2451_20231116195757961196_thumb.jpg""]",,,29367,4680,34047,2815200,17000,10326348,6023011,-2195340,3343889,-5539229
3836990,2房高層 41校網,九龍城,私人屋苑/洋樓/國際集團,8180000,426,2,1,高層,開放式廚房,15,誠家地產,https://i1.28hse.com/2026/06/202606201357031913774_thumb.jpg,https://www.28hse.com/buy/apartment/property-3836990,2026-08-06T17:33:59.496264+00:00,2026-08-06T18:18:38.018927+00:00,松林,682,九龍九龍城松林 獅子石道50-52號,"本店在九龍城瓏碧對面歡迎放盤給我們
團隊-尊營 九龍城,九龍塘
一二手買賣租賃
分行位置：九龍城福佬村道97號A-D舖 (瓏碧對面)
二十年幾地產經驗，經驗豐富，
專業可靠談價錢是我強項。",22.329079,114.188179,,,明火煮食,,,2026-07-06T12:25:27+08:00,2026-07-06T12:35:42+08:00,2026-09-04T12:25:27+08:00,"[""https://i1.28hse.com/2026/06/202606201357038189819_large.jpg"", ""https://i1.28hse.com/2026/06/202606201357032179618_large.jpg"", ""https://i1.28hse.com/2026/06/20260620135704543446_large.jpg"", ""https://i1.28hse.com/2026/06/202606201357047984246_large.jpg"", ""https://i1.28hse.com/2026/06/202606201357043614279_large.jpg"", ""https://i1.28hse.com/estate_data/58/6129/FLOOR/6129_20231116235650828185_thumb.jpg"", ""https://i1.28hse.com/estate_data/58/6129/UNIT/6129_20231116235659484158_thumb.jpg""]",,,29439,4303,33742,2822100,17042,10214143,6037773,-1942326,3343889,-5286216
3898256,松林~41名校網2房平售，wechat:[REDACTED] 機不可失,九龍城,私人屋苑/國際集團,8180000,452,2,1,中層,,11,世紀21傲群地產,https://i1.28hse.com/2026/06/202606192158536112917_thumb.jpg,https://www.28hse.com/buy/apartment/property-3898256,2026-08-06T17:33:59.496264+00:00,2026-08-06T18:18:44.714966+00:00,松林,668,九龍九龍城松林 獅子石道50-52號,市中心，地鐵出口，民生便利，一梯一伙，私隐度高,22.329079,114.188179,,,,,,2026-06-19T21:55:14+08:00,2026-07-30T01:49:17+08:00,2026-08-18T21:55:14+08:00,"[""https://i1.28hse.com/2026/06/202606192158541254399_large.jpg"", ""https://i1.28hse.com/2026/06/202606192158538168606_large.jpg"", ""https://i1.28hse.com/2026/06/202606192158547542385_large.jpg"", ""https://i1.28hse.com/estate_data/58/6129/FLOOR/6129_20231116235653524599_thumb.jpg"", ""https://i1.28hse.com/estate_data/58/6129/UNIT/6129_20231116235703671684_thumb.jpg""]",,,29439,4420,33859,2822100,17042,10255596,6037773,-2022687,3343889,-5366577
3917290,✭松林✭見票即走價✭,九龍城,單幢式大廈/國際集團,8180000,462,2,1,高層,,15,滙昇置業,https://i1.28hse.com/2026/07/202607051643344665903_thumb.jpg,https://www.28hse.com/buy/apartment/property-3917290,2026-08-06T17:33:59.496264+00:00,2026-08-06T18:18:24.512890+00:00,松林,682,九龍九龍城松林 獅子石道50-52號,"41名校網。一梯一伙。兩房大廳。.一閃即逝。
→有興趣請提供閣下聯絡電話，以便安排睇樓。謝謝←
另有大量41,34 名校綱筍盤/各區樓盤查詢
請電或Whatsapp
↑　　↑
此單位有相:立即Whatapp 睇相",22.329078999999997,114.18817899999999,,,,,,2026-08-05T01:38:10+08:00,2026-08-05T01:38:10+08:00,2026-09-04T01:38:10+08:00,"[""https://i1.28hse.com/2026/07/202607051642418527968_large.jpg"", ""https://i1.28hse.com/2026/07/202607051642428464491_large.jpg"", ""https://i1.28hse.com/2026/07/202607051642448297531_large.jpg"", ""https://i1.28hse.com/2026/07/202607051642465130378_large.jpg"", ""https://i1.28hse.com/2026/07/202607051642474743078_large.jpg"", ""https://i1.28hse.com/2026/07/202607051642494686539_large.jpg"", ""https://i1.28hse.com/2026/07/202607051642503243867_large.jpg"", ""https://i1.28hse.com/2026/07/202607051642525478748_large.jpg"", ""https://i1.28hse.com/estate_data/58/6129/FLOOR/6129_20231116235650828185_thumb.jpg"", ""https://i1.28hse.com/estate_data/58/6129/UNIT/6129_20231116235659484158_thumb.jpg""]",,,29439,4465,33904,2822100,17042,10271539,6037773,-2053595,3343889,-5397485
3951722,松林~41名校網2房平售，wechat:[REDACTED] 機不可失,九龍城,私人屋苑/國際集團,8180000,452,2,1,中層,,11,世紀21傲群地產,https://i1.28hse.com/2026/07/202607300148153679198_thumb.jpg,https://www.28hse.com/buy/apartment/property-3951722,2026-08-06T17:33:59.496264+00:00,2026-08-06T18:18:29.086553+00:00,松林,668,九龍九龍城松林 獅子石道50-52號,市中心，地鐵出口，民生便利，一梯一伙，私隐度高,22.329079,114.188179,,,,,,2026-07-30T01:48:16+08:00,2026-08-02T23:48:22+08:00,2026-09-28T01:48:16+08:00,"[""https://i1.28hse.com/2026/07/20260730014815871793_large.jpg"", ""https://i1.28hse.com/2026/07/202607300148161657468_large.jpg"", ""https://i1.28hse.com/2026/07/202607300148164205227_large.jpg"", ""https://i1.28hse.com/estate_data/58/6129/FLOOR/6129_20231116235653524599_thumb.jpg"", ""https://i1.28hse.com/estate_data/58/6129/UNIT/6129_20231116235703671684_thumb.jpg""]",,,29439,4420,33859,2822100,17042,10255596,6037773,-2022687,3343889,-5366577
3810292,業主誠意放售！市場最筍！頂級會所！特高樓底！,啟德,私人屋苑/恒基,8180000,388,1,1,高層,,,世紀21啟豐物業代理,https://i1.28hse.com/2026/04/202604142317545582980_thumb.jpg,https://www.28hse.com/buy/apartment/property-3810292,2026-08-06T17:33:59.496264+00:00,2026-08-06T18:18:12.310516+00:00,Henley Park,,九龍啟德Henley Park 沐泰街 8號,"@@@@@@@@@@@@@@
另有大量盤源未能盡錄
歡迎來電一次過引領你睇曬所有靚盤
即時約睇 唔使周圍問周圍搵",22.326263,114.19906599999999,,,,,,2026-06-20T17:24:38+08:00,2026-06-23T18:50:57+08:00,2026-08-19T17:24:38+08:00,"[""https://i1.28hse.com/2026/04/202604142317546280141_large.jpg"", ""https://i1.28hse.com/2026/04/20260414231754734923_large.jpg"", ""https://i1.28hse.com/2026/04/202604142317552036603_large.jpg"", ""https://i1.28hse.com/2026/04/202604142317553676232_large.jpg"", ""https://i1.28hse.com/estate_data/82/26199/FLOOR/26199_20231117043519627141_thumb.jpg"", ""https://i1.28hse.com/estate_data/82/26199/UNIT/26199_20231117043718941267_thumb.jpg""]",,,29439,4132,33571,2822100,17042,10153559,6037773,-1824875,3343889,-5168765
3833678,HENLEY PARK業主誠意出售!!投資者最愛!!即時有租收!!業主有心走貨!,啟德,私人屋苑/恒基,8180000,388,1,1,,,,啟盛物業代理,https://i1.28hse.com/2026/07/202607121247356045420_thumb.jpg,https://www.28hse.com/buy/apartment/property-3833678,2026-08-06T17:33:59.496264+00:00,2026-08-06T18:17:59.900360+00:00,Henley Park,,九龍啟德Henley Park 沐泰街 8號,"無論買樓自住，投資升值，區內換樓，放盤收租
●為你提供一條龍、買賣及售後完善服務
WECHAT ANDREWLIM1018
首次置業
售前壓測,首期,供款計算
銀行按揭上會
法律咨詢
律師轉介
裝修轉介
水電煤,差餉地租轉名
收樓驗樓→免費專車接送→歡迎致電查詢
一條龍貼心服務 信心保證做到最全面最好
搬屋 室內設計 家居保
均有專人提供專業意見
住宅 私人屋苑
首次置業
售前壓測,首期,供款計算
銀行按揭上會
法律咨詢
律師轉介
裝修轉介
水電煤,差餉地租轉名
收樓驗樓→免費專車接送→歡迎致電查詢
一條龍貼心服務 信心保證做到最全面最好
搬屋 室內設計 家居保
均有專人提供專業意見
住宅 私人屋苑",22.326263,114.199066,,,,,,2026-07-04T11:42:26+08:00,2026-07-16T13:52:49+08:00,2026-09-02T11:42:26+08:00,"[""https://i1.28hse.com/2026/07/202607121247367668123_large.jpg"", ""https://i1.28hse.com/2026/07/202607121247363011758_large.jpg"", ""https://i1.28hse.com/2026/07/202607121247367975984_large.jpg"", ""https://i1.28hse.com/2026/07/20260712124736634676_large.jpg"", ""https://i1.28hse.com/2026/07/202607121247366407214_large.jpg"", ""https://i1.28hse.com/2026/07/202607121247377355633_large.jpg"", ""https://i1.28hse.com/2026/07/20260712124737477598_large.jpg"", ""https://i1.28hse.com/2026/07/20260712124737684249_large.jpg"", ""https://i1.28hse.com/estate_data/82/26199/FLOOR/26199_20231117043519627141_thumb.jpg"", ""https://i1.28hse.com/estate_data/82/26199/UNIT/26199_20231117043718941267_thumb.jpg""]",,,29439,4132,33571,2822100,17042,10153559,6037773,-1824875,3343889,-5168765
3934788,高端優質，1房，2房，3房，開放式，景觀開揚，歡迎預約參觀,啟德,私人屋苑/恒基,8180000,388,1,1,,開放式廚房,,啟盛物業代理,https://i1.28hse.com/estate_data/82/26199/FLOOR/26199_20231117043519627141_thumb.jpg,https://www.28hse.com/buy/apartment/property-3934788,2026-08-06T17:33:59.496264+00:00,2026-08-06T18:17:44.955118+00:00,Henley Park,,九龍啟德Henley Park 沐泰街 8號,"34名校網區
間隔四正 質素極佳
市區核心 5分鐘到啟德港鐵站
連接中九龍幹線，接駁四鐵，交通方便，管理設施完善，升值潛力高，九龍CBD2
AIRSIDE, SOGO, AEON現已開張，
衣食住行樣樣齊備
自設會所 設施齊備
稅務大樓 近在咫尺
-
啟德區各屋苑各戶型均有租盤
開放式 $14500-16000
1房 $17500-22000
2房 $23000-$28000
3房 $32000-$50000
4房/特色戶 $45000-$280000
-
區內資深代理
紥根九龍區多年,
熟識區內發展以及各屋苑樓盤資訊,
用心跟進,誠懇服務,專業知識
致力為你置業
大量啟德站,宋皇臺站,土瓜灣站,以及東九龍各一,二手筍盤，免費專車接送參觀各區一手新盤，
另提供全港各區1手2手樓盤租售，驗樓，區內換樓放盤，物業查詢，銀行按揭轉介，物業估價，托管物業，詳情請查詢歡迎來電，WhatsApp或微信Elsie Liu劉小姐。",22.326263,114.199066,,,,,,2026-07-16T19:23:33+08:00,2026-07-16T19:23:33+08:00,2026-09-14T19:23:33+08:00,"[""https://i1.28hse.com/estate_data/82/26199/UNIT/26199_20231117043718941267_thumb.jpg""]",,,29439,4132,33571,2822100,17042,10153559,6037773,-1824875,3343889,-5168765
3507281,高層2房 雅緻裝修 豪華會所 室內泳池 空中花園,旺角,洋樓/單幢式大廈/新世界,8180000,463,2,1,高層,開放式廚房,9,富榮地產代理,https://i1.28hse.com/2026/06/202606231306195570760_thumb.jpg,https://www.28hse.com/buy/apartment/property-3507281,2026-08-06T17:33:59.496264+00:00,2026-08-06T17:59:01.969301+00:00,SKYPARK,,九龍旺角SKYPARK 旺角奶路臣街17號,"中層2房 雅緻裝修 豪華會所 室內泳池 空中花園
歡迎查詢或約睇：
黃生(Albert Wong)：[REDACTED]
微信號：WKK32168
**可以用本人的手機號碼加我微信查詢**
【黃金地段 豪華會所 室內泳池】
【高層2房 雅緻裝修】
【鄰近兩鐵 四通八達 5分鐘到旺角東站及旺角站】
【電梯洋樓 24小時大廈保安】
【區內週邊設施齊全
衣食住行一應俱全】",22.318693,114.171417,,,,,,2026-07-12T12:26:59+08:00,2026-07-12T12:26:59+08:00,2026-09-10T16:52:00+08:00,"[""https://i1.28hse.com/2026/06/202606231306501346137_large.jpg"", ""https://i1.28hse.com/2026/06/202606231306372915220_large.jpg"", ""https://i1.28hse.com/2026/06/202606231306426461045_large.jpg"", ""https://i1.28hse.com/2026/06/202606231306463434193_large.jpg"", ""https://i1.28hse.com/2026/06/202606231307002664478_large.jpg"", ""https://i1.28hse.com/2026/06/202606231307043584373_large.jpg"", ""https://i1.28hse.com/2026/06/20260623130707995658_large.jpg"", ""https://i1.28hse.com/2026/06/202606231307518713881_large.jpg"", ""https://i1.28hse.com/2026/06/202606231307581549539_large.jpg"", ""https://i1.28hse.com/2026/06/202606231308013444303_large.jpg"", ""https://i1.28hse.com/2026/06/202606231308057583534_large.jpg"", ""https://i1.28hse.com/2026/06/202606231308086132145_large.jpg"", ""https://i1.28hse.com/2026/06/202606231308111281042_large.jpg"", ""https://i1.28hse.com/2026/06/202606231308175622248_large.jpg"", ""https://i1.28hse.com/2026/06/202606231308203671782_large.jpg"", ""https://i1.28hse.com/2026/06/202606231308231053024_large.jpg"", ""https://i1.28hse.com/2026/06/202606231308275804831_large.jpg"", ""https://i1.28hse.com/2026/06/202606231308305325943_large.jpg"", ""https://i1.28hse.com/estate_data/71/8587/FLOOR/8587_20231121200402231237_thumb.jpg"", ""https://i1.28hse.com/estate_data/71/8587/UNIT/8587_20231121200529936448_thumb.jpg""]",,,29439,4469,33908,2822100,17042,10273133,6037773,-2056686,3343889,-5400576
3866273,獨家!!靚裝3房套~東南開揚!!!,荃灣,私人屋苑/單幢式大廈,8180000,538,3,2,中層,,21,環宇物業,https://i1.28hse.com/2026/05/202605281714267164737_thumb.jpg,https://www.28hse.com/buy/apartment/property-3866273,2026-08-06T17:33:59.496264+00:00,2026-08-06T18:31:57.043703+00:00,樂悠居,753,新界荃灣樂悠居 楊屋道138號,"www.upa88.com
豪華靚裝, 獨家盤, 新委托, 東南, 開揚, 遠景, 有裝修, 座北向南",22.366301,114.118179,,,,,,2026-07-29T15:11:14+08:00,2026-07-29T15:11:40+08:00,2026-09-27T15:11:14+08:00,"[""https://i1.28hse.com/2026/05/202605281714276014863_large.jpg"", ""https://i1.28hse.com/2026/05/202605281714311449723_large.jpg"", ""https://i1.28hse.com/2026/05/20260528171430994508_large.jpg"", ""https://i1.28hse.com/2026/05/202605281714292348635_large.jpg"", ""https://i1.28hse.com/2026/05/202605281714272819549_large.jpg"", ""https://i1.28hse.com/2026/05/20260528171428892327_large.jpg"", ""https://i1.28hse.com/2026/05/202605281714286359335_large.jpg"", ""https://i1.28hse.com/2026/05/202605281714297390625_large.jpg"", ""https://i1.28hse.com/2026/05/202605281714306931869_large.jpg"", ""https://i1.28hse.com/2026/05/202605281714303818015_large.jpg"", ""https://i1.28hse.com/2026/05/202605281714314783729_large.jpg"", ""https://i1.28hse.com/2026/05/202605281714313224412_large.jpg"", ""https://i1.28hse.com/2026/05/202605281714323687213_large.jpg""]",,,29439,4807,34246,2822100,17042,10392708,6037773,-2288497,3343889,-5632387
3957140,"(獨家)$750萬鄰近港鐵,內園池景,投資首選",荔枝角,私人屋苑/信德,8180000,509,2,,高層,,22,美聯物業,https://i1.28hse.com/2026/08/20260802191131236377_thumb.jpg,https://www.28hse.com/buy/apartment/property-3957140,2026-08-06T17:33:59.496264+00:00,2026-08-06T18:09:53.510117+00:00,昇悅居,668,九龍荔枝角昇悅居 荔枝角道833號,筍價出售,22.334587,114.148849,,,,,,2026-08-02T19:18:04+08:00,2026-08-02T19:18:04+08:00,2026-09-01T19:18:04+08:00,"[""https://i1.28hse.com/2026/08/202608021911325219507_large.jpg"", ""https://i1.28hse.com/2026/08/202608021911321725692_large.jpg"", ""https://i1.28hse.com/2026/08/202608021911338772862_large.jpg"", ""https://i1.28hse.com/2026/08/202608021911346394325_large.jpg"", ""https://i1.28hse.com/2026/08/202608021911351434608_large.jpg"", ""https://i1.28hse.com/estate_data/64/2510/FLOOR/2510_20231116200248388485_thumb.jpg"", ""https://i1.28hse.com/estate_data/64/2510/UNIT/2510_20231116200406537455_thumb.jpg""]",,,29439,4676,34115,2822100,17042,10346472,6037773,-2198864,3343889,-5542753
3929903,何文田站二手專家｜2w1蚊呎買站上蓋｜連租約｜不發假盤｜不浪費自己時間,何文田,私人屋苑/鷹君,8200000,388,1,,中層,,,利嘉閣地產有限公司,https://i1.28hse.com/2026/07/202607130943254558638_thumb.jpg,https://www.28hse.com/buy/apartment/property-3929903,2026-08-06T17:33:59.496264+00:00,2026-08-06T18:15:25.392574+00:00,朗賢峯 IIB期,,九龍何文田朗賢峯IIB期 何文田站,站上蓋1房投資收租,22.309361,114.182732,,,,,,2026-07-13T09:46:47+08:00,2026-07-13T09:46:47+08:00,2026-09-11T09:46:47+08:00,"[""https://i1.28hse.com/2026/07/202607130943274005591_large.jpg"", ""https://i1.28hse.com/2026/07/20260713094332418668_large.jpg"", ""https://i1.28hse.com/estate_data/60/26681/FLOOR/26681_20240412180535168231_thumb.jpg"", ""https://i1.28hse.com/estate_data/60/26681/UNIT/26681_20240412181046899756_thumb.jpg""]",,,29511,4138,33649,2829000,17083,10176872,6052535,-1834581,3343889,-5178470
3955735,朗賢峯 Onmantin 一房388呎 靜望山景 直通何文田港鐵站,何文田,私人屋苑/鷹君,8200000,388,1,,中層,,,美聯物業代理有限公司,https://i1.28hse.com/2026/08/202608012042303869240_thumb.jpg,https://www.28hse.com/buy/apartment/property-3955735,2026-08-06T17:33:59.496264+00:00,2026-08-06T18:15:10.084688+00:00,朗賢峯 IIB期,,九龍何文田朗賢峯IIB期 何文田站,"單位坐落何文田核心地段，港鐵何文田站上蓋物業，出入超方便，往返旺角、尖沙咀、港島通勤極快捷。
屋苑配備大型豪華會所、室外泳池、健身室、花園休憩區，24小時保安巡邏，管理質素一流；步行幾分鐘直達超市、餐廳、街市、便利店，日常生活機能一應俱全。",22.309361,114.182732,,,,,,2026-08-01T20:43:39+08:00,2026-08-01T20:43:39+08:00,2026-09-30T20:43:39+08:00,"[""https://i1.28hse.com/2026/08/202608012042241467638_large.jpg"", ""https://i1.28hse.com/2026/08/20260801204225771962_large.jpg"", ""https://i1.28hse.com/2026/08/202608012042265786099_large.jpg"", ""https://i1.28hse.com/2026/08/202608012042261793801_large.jpg"", ""https://i1.28hse.com/estate_data/60/26681/FLOOR/26681_20240412180535168231_thumb.jpg"", ""https://i1.28hse.com/estate_data/60/26681/UNIT/26681_20240412181046899756_thumb.jpg""]",,,29511,4138,33649,2829000,17083,10176872,6052535,-1834581,3343889,-5178470
3932815,「真實盤源•帶票睇樓」激荀 1房，歡迎約睇,南昌,私人屋苑/新鴻基,8200000,357,1,1,中層,開放式廚房,8,香港置業,https://i1.28hse.com/2026/07/202607151414441703186_thumb.jpg,https://www.28hse.com/buy/apartment/property-3932815,2026-08-06T17:33:59.496264+00:00,2026-08-06T18:13:06.942968+00:00,匯璽 匯璽(2A期),,九龍南昌匯璽匯璽(2A期) 深旺道28號,"-------24小時接聽回覆Whatsapp-------------
ღ專業可靠貼心一站式服務ღ
專車接送
售前壓測,首期,供款計算
物業估價
銀行按揭上會
法律咨詢",22.326479,114.155045,,,,,,2026-07-15T14:14:53+08:00,2026-07-15T14:14:53+08:00,2026-09-13T14:14:53+08:00,"[""https://i1.28hse.com/2026/07/202607151414445012783_large.jpg"", ""https://i1.28hse.com/2026/07/202607151414448856887_large.jpg"", ""https://i1.28hse.com/2026/07/202607151414442503595_large.jpg"", ""https://i1.28hse.com/2026/07/202607151414456046019_large.jpg"", ""https://i1.28hse.com/2026/07/202607151414454561715_large.jpg"", ""https://i1.28hse.com/estate_data/26333/22185/FLOOR/22185_20231208163558487813_thumb.jpg"", ""https://i1.28hse.com/estate_data/26333/22185/UNIT/22185_20231208163819956771_thumb.jpg""]",,,29511,3998,33509,2829000,17083,10127448,6052535,-1738765,3343889,-5082655
3915368,兩房高層開揚,啟德,私人屋苑,8200000,438,2,,高層,,3,美聯物業代理有限公司,https://i1.28hse.com/2026/07/202607031205418151214_thumb.jpg,https://www.28hse.com/buy/apartment/property-3915368,2026-08-06T17:33:59.496264+00:00,2026-08-06T18:18:03.493539+00:00,Monaco One Monaco Marine,,九龍啟德Monaco OneMonaco Marine 沐泰街10號,"罕有放盤, 蝕讓, 開揚園景",22.326801,114.199402,,,,,,2026-07-03T12:06:24+08:00,2026-07-03T12:06:24+08:00,2026-09-01T12:06:24+08:00,"[""https://i1.28hse.com/2026/07/202607031205445457247_large.jpg""]",,,29511,4363,33874,2829000,17083,10256588,6052535,-1989121,3343889,-5333011
3938490,便過一手樓 專門幫你尋找便過一手的貨,啟德,私人屋苑/新世界,8200000,390,2,,中層,開放式廚房,1,利嘉閣地產有限公司,https://i1.28hse.com/2026/07/202607191535257440940_thumb.jpg,https://www.28hse.com/buy/apartment/property-3938490,2026-08-06T17:33:59.496264+00:00,2026-08-06T18:17:39.968232+00:00,柏蔚森 柏蔚森 III,,九龍啟德柏蔚森柏蔚森 III 承景街2號,樓下賣緊840+萬 樓層高還要全屋靚裝修 省下幾十萬裝修費,22.310789,114.209717,,,,,,2026-07-19T15:34:47+08:00,2026-07-19T15:36:14+08:00,2026-08-18T15:34:47+08:00,"[""https://i1.28hse.com/2026/07/202607191533416022531_large.jpg"", ""https://i1.28hse.com/2026/07/202607191533411863171_large.jpg"", ""https://i1.28hse.com/2026/07/20260719153343330704_large.jpg"", ""https://i1.28hse.com/2026/07/202607191535257071769_large.jpg"", ""https://i1.28hse.com/2026/07/202607191533398893605_large.jpg"", ""https://i1.28hse.com/2026/07/202607191533425122268_large.jpg"", ""https://i1.28hse.com/estate_data/82/26929/FLOOR/26929_20240715131753723284_thumb.jpg"", ""https://i1.28hse.com/estate_data/82/26929/UNIT/26929_20240715131823998351_thumb.jpg""]",,,29511,4147,33658,2829000,17083,10180060,6052535,-1840762,3343889,-5184652
3942490,《擁抱開揚靚海景》｛自住靚裝2房} [盡快約睇],啟德,私人屋苑/新世界,8200000,390,2,,中層,,1,利嘉閣地產,https://i1.28hse.com/2026/07/202607221839067573541_thumb.jpg,https://www.28hse.com/buy/apartment/property-3942490,2026-08-06T17:33:59.496264+00:00,2026-08-06T18:17:39.156317+00:00,柏蔚森 柏蔚森 III,,九龍啟德柏蔚森柏蔚森 III 承景街2號,"《搵啱稱心可靠的代理》{專車接送} [一站式帶你睇齊區內筍盤]
《專業貼心，由搵盤，睇樓，估價，銀行按揭，到成交跟進，一站式幫你手》",22.310789,114.209717,,,,,,2026-07-22T18:39:19+08:00,2026-07-22T18:39:19+08:00,2026-08-21T18:39:19+08:00,"[""https://i1.28hse.com/2026/07/202607221839068215004_large.jpg"", ""https://i1.28hse.com/2026/07/202607221839074216981_large.jpg"", ""https://i1.28hse.com/2026/07/20260722183907692608_large.jpg"", ""https://i1.28hse.com/2026/07/202607221839076890757_large.jpg"", ""https://i1.28hse.com/2026/07/202607221839083755367_large.jpg"", ""https://i1.28hse.com/2026/07/202607221839081206364_large.jpg"", ""https://i1.28hse.com/estate_data/82/26929/FLOOR/26929_20240715131753723284_thumb.jpg"", ""https://i1.28hse.com/estate_data/82/26929/UNIT/26929_20240715131823998351_thumb.jpg""]",,,29511,4147,33658,2829000,17083,10180060,6052535,-1840762,3343889,-5184652
3944766,罕有園池維港海景三景兩房>投資自住首選!!,啟德,私人屋苑/新世界,8200000,390,2,1,中層,,1,美聯物業,https://i1.28hse.com/2026/07/202607241437391997856_thumb.jpg,https://www.28hse.com/buy/apartment/property-3944766,2026-08-06T17:33:59.496264+00:00,2026-08-06T18:17:33.534058+00:00,柏蔚森 柏蔚森 III,,九龍啟德柏蔚森柏蔚森 III 承景街2號,"專營一手新盤代理及二手買賣。
我們團隊擁有龐大客源與盤源網絡，
致力為每位客戶找到最心水的好盤！
免費提供：
銀行物業估價及按揭諮詢
最新一手新盤的折扣優惠資訊
樓市分析與放盤建議
歡迎隨時 WhatsApp 查詢最新盤源或委託放盤！",22.310789,114.209717,,,,,,2026-07-24T14:40:30+08:00,2026-07-24T14:40:30+08:00,2026-08-23T14:40:30+08:00,"[""https://i1.28hse.com/2026/07/202607241437391678011_large.jpg"", ""https://i1.28hse.com/2026/07/202607241437406700641_large.jpg"", ""https://i1.28hse.com/2026/07/202607241437397183581_large.jpg"", ""https://i1.28hse.com/2026/07/202607241437392950089_large.jpg"", ""https://i1.28hse.com/2026/07/202607241437394302584_large.jpg"", ""https://i1.28hse.com/2026/07/202607241437401592205_large.jpg"", ""https://i1.28hse.com/estate_data/82/26929/FLOOR/26929_20240715131753723284_thumb.jpg"", ""https://i1.28hse.com/estate_data/82/26929/UNIT/26929_20240715131823998351_thumb.jpg""]",,,29511,4147,33658,2829000,17083,10180060,6052535,-1840762,3343889,-5184652
3951016,高層開揚 鄰近地鐵,土瓜灣,單幢式大廈,8200000,524,3,1,高層,,20,中景地產,https://i1.28hse.com/2026/07/202607291606563048347_thumb.jpg,https://www.28hse.com/buy/apartment/property-3951016,2026-08-06T17:33:59.496264+00:00,2026-08-06T18:19:28.657285+00:00,金都豪苑,589,九龍土瓜灣金都豪苑 馬頭角道28號,"地址:馬頭角道28號
入伙日期:04/2001
單位數目:288
每層伙數:8
所屬校網:九龍區34號校網
發展商: 恒地
管理公司:恆益物業管理有限公司
物業設施:游泳池、按摩浴池、健身室、兒童遊戲室、桑拿浴室、兒童嬉水池~地段極靚 靜中帶旺
~地鐵沿線 行約5分鐘到宋皇台港鐵站
~社區發展成熟 周邊超市 食店 民生店 齊哂
~34名校網, 名校林立",22.322298,114.189468,,,,,,2026-07-29T16:06:57+08:00,2026-08-02T15:50:55+08:00,2026-09-27T16:06:57+08:00,"[""https://i1.28hse.com/2026/07/202607291606094362578_large.jpg"", ""https://i1.28hse.com/2026/07/202607291604407741411_large.jpg"", ""https://i1.28hse.com/2026/07/202607291604446748393_large.jpg"", ""https://i1.28hse.com/2026/07/202607291605048134259_large.jpg"", ""https://i1.28hse.com/2026/07/202607291605098609829_large.jpg"", ""https://i1.28hse.com/2026/07/202607291605125414166_large.jpg"", ""https://i1.28hse.com/2026/07/202607291606153229129_large.jpg""]",,,29511,4750,34261,2829000,17083,10393700,6052535,-2254931,3343889,-5598821
3890936,市區罕有海景一房，鐵路站上蓋，自設大型商場，高層靚景可以怜包入住,荃灣,私人屋苑/長實,8200000,393,1,1,高層,開放式廚房,7,美聯物業,https://i1.28hse.com/2026/06/202606141513584695672_thumb.jpg,https://www.28hse.com/buy/apartment/property-3890936,2026-08-06T17:33:59.496264+00:00,2026-08-06T18:38:09.979862+00:00,海之戀 海之戀,,新界荃灣海之戀海之戀 大河道100號,"《專業代理》張小姐 Christina
荃灣新鴻基(橫窩仔街)新樓主區, 前籌攻略
資料最新, 歡迎查詢
•歡迎查詢•歡迎睇樓
荃灣美聯物業
張小姐：
（可Whatsapp)即時回覆",22.369368,114.112411,,,,,,2026-06-14T15:11:56+08:00,2026-07-04T15:21:57+08:00,2026-08-13T15:11:56+08:00,"[""https://i1.28hse.com/2026/06/202606141511291878073_large.jpg"", ""https://i1.28hse.com/2026/06/202606141511315119704_large.jpg"", ""https://i1.28hse.com/2026/06/202606141511332930182_large.jpg"", ""https://i1.28hse.com/2026/06/202606141511344126250_large.jpg"", ""https://i1.28hse.com/2026/06/202606141511362974219_large.jpg"", ""https://i1.28hse.com/2026/06/202606141511376436096_large.jpg"", ""https://i1.28hse.com/2026/06/202606141511391916971_large.jpg"", ""https://i1.28hse.com/2026/06/202606141511405340769_large.jpg"", ""https://i1.28hse.com/estate_data/113/22280/FLOOR/22280_20231127201526865681_thumb.jpg"", ""https://i1.28hse.com/estate_data/113/22280/UNIT/22280_20231121131930244888_thumb.jpg""]",,,29511,4160,33671,2829000,17083,10184843,6052535,-1850035,3343889,-5193924
3893911,【𝟐房】$𝟖𝟐𝟎萬♡極高層𝟒𝟎+♡靚裝即住♡歡迎約睇,荃灣,私人屋苑/新鴻基,8200000,475,2,1,高層,開放式廚房,21,中原地產代理限公司,https://i1.28hse.com/2026/06/202606161710122226456_thumb.jpg,https://www.28hse.com/buy/apartment/property-3893911,2026-08-06T17:33:59.496264+00:00,2026-08-06T18:38:00.938207+00:00,爵悅庭,652,新界荃灣爵悅庭 楊屋道90-114號,"●真盤源歡迎客戶查詢
●大量優質筍盤提供
●最新最快最Update價錢
●歡迎行家合作
●誠邀業主放盤
●免費拍攝VR
●立即查詢盡快回覆
●提供一條龍售後服務
●售前壓測，首期，預算
●銀行按揭上會
●法律咨詢
●律師轉介
●裝修轉介
●水電煤差餉地租轉名
●收樓驗樓
●租務管理",22.366886,114.117111,,,明火煮食,,,2026-06-16T17:10:17+08:00,2026-07-11T15:52:19+08:00,2026-08-15T17:10:17+08:00,"[""https://i1.28hse.com/2026/06/202606161710138972233_large.jpg"", ""https://i1.28hse.com/2026/06/202606161710137790818_large.jpg"", ""https://i1.28hse.com/2026/06/202606161710132865070_large.jpg"", ""https://i1.28hse.com/2026/06/202606161710141420879_large.jpg"", ""https://i1.28hse.com/2026/06/202606161710148051333_large.jpg"", ""https://i1.28hse.com/2026/06/202606161710153679574_large.jpg"", ""https://i1.28hse.com/2026/06/202606161710151863345_large.jpg"", ""https://i1.28hse.com/2026/06/202606161710155106722_large.jpg"", ""https://i1.28hse.com/2026/06/202606161710166820387_large.jpg"", ""https://i1.28hse.com/2026/06/202606161710164034302_large.jpg"", ""https://i1.28hse.com/2026/06/202606161710168009559_large.jpg"", ""https://i1.28hse.com/2026/06/20260616171017738917_large.jpg"", ""https://i1.28hse.com/estate_data/113/4570/FLOOR/4570_20231121013938331221_thumb.jpg"", ""https://i1.28hse.com/estate_data/113/4570/UNIT/4570_20251224115144746237_thumb.jpg""]",,,29511,4529,34040,2829000,17083,10315578,6052535,-2103481,3343889,-5447371
3899443,急賣 750萬 極高層汀九橋海景,荃灣,私人屋苑/長實,8200000,393,1,1,高層,,7,美聯物業,https://i1.28hse.com/2026/06/202606201820132993865_thumb.jpg,https://www.28hse.com/buy/apartment/property-3899443,2026-08-06T17:33:59.496264+00:00,2026-08-06T18:37:24.812919+00:00,海之戀 海之戀,,新界荃灣海之戀海之戀 大河道100號,"♛專業代理♛ 何生
Tel : 即時回覆
(24 hours )
無論買樓自住，投資升值，區內換樓，放盤收租
本人均可為貴客提供一條龍買賣及售後服務
首次置業
售前壓測,首期,供款計算
銀行按揭上會
法律咨詢
律師轉介
裝修轉介
水電煤,差餉地租轉名
收樓驗樓
售後租務管理
另有各區大型新盤專車接送現樓示範單位,歡迎預約參觀查詢Tel : 即時回覆",22.369368,114.112411,,,,,,2026-06-20T18:20:30+08:00,2026-08-04T16:04:41+08:00,2026-08-19T18:20:30+08:00,"[""https://i1.28hse.com/2026/06/202606201820146721091_large.jpg"", ""https://i1.28hse.com/2026/06/202606201820152550049_large.jpg"", ""https://i1.28hse.com/2026/06/202606201820161551072_large.jpg"", ""https://i1.28hse.com/2026/06/202606201820174758101_large.jpg"", ""https://i1.28hse.com/2026/06/202606201820181089829_large.jpg"", ""https://i1.28hse.com/estate_data/113/22280/FLOOR/22280_20231127201526865681_thumb.jpg"", ""https://i1.28hse.com/estate_data/113/22280/UNIT/22280_20231121131930244888_thumb.jpg""]",,,29511,4160,33671,2829000,17083,10184843,6052535,-1850035,3343889,-5193924
3905096,●高層海景●靚裝1房♡歡迎約睇,荃灣,私人屋苑/長實,8200000,393,1,,高層,,7,中原地產代理有限公司,https://i1.28hse.com/2026/06/202606251248315067591_thumb.jpg,https://www.28hse.com/buy/apartment/property-3905096,2026-08-06T17:33:59.496264+00:00,2026-08-06T18:36:52.703879+00:00,海之戀 海之戀,,新界荃灣海之戀海之戀 大河道100號,"●高層海景
●靚裝1房
♡歡迎約睇
大量筍盤 歡迎WhatsApp查詢
大量筍盤 歡迎WhatsApp查詢
大量筍盤 歡迎WhatsApp查詢",22.369368,114.112411,,,,,,2026-06-25T12:49:01+08:00,2026-07-24T12:55:41+08:00,2026-08-24T12:49:01+08:00,"[""https://i1.28hse.com/2026/06/202606251248408485896_large.jpg"", ""https://i1.28hse.com/2026/06/20260625124832436523_large.jpg"", ""https://i1.28hse.com/2026/06/202606251248345970893_large.jpg"", ""https://i1.28hse.com/2026/06/202606251248382367291_large.jpg"", ""https://i1.28hse.com/2026/06/20260625124836202605_large.jpg"", ""https://i1.28hse.com/2026/06/202606251248315067591_large.jpg"", ""https://i1.28hse.com/estate_data/113/22280/FLOOR/22280_20231127201526865681_thumb.jpg"", ""https://i1.28hse.com/estate_data/113/22280/UNIT/22280_20231121131930244888_thumb.jpg""]",,,29511,4160,33671,2829000,17083,10184843,6052535,-1850035,3343889,-5193924
3958702,7XX>>有裝 估價高出百萬 睇岩再幫你傾 即買即住,荃灣,私人屋苑/長實,8200000,393,1,1,中層,,8,美聯物業,https://i1.28hse.com/2026/08/202608032026538887895_thumb.jpg,https://www.28hse.com/buy/apartment/property-3958702,2026-08-06T17:33:59.496264+00:00,2026-08-06T18:30:50.737774+00:00,海之戀 海之戀,,新界荃灣海之戀海之戀 大河道100號,有裝 估價高出百萬 即買即住,22.369368,114.112411,,,,,,2026-08-03T20:31:05+08:00,2026-08-03T20:31:05+08:00,2026-09-02T20:31:05+08:00,"[""https://i1.28hse.com/2026/08/20260803202653111327_large.jpg"", ""https://i1.28hse.com/2026/08/202608032026548184569_large.jpg"", ""https://i1.28hse.com/2026/08/202608032026554154036_large.jpg"", ""https://i1.28hse.com/2026/08/202608032026567434868_large.jpg"", ""https://i1.28hse.com/2026/08/202608032026567147625_large.jpg"", ""https://i1.28hse.com/2026/08/202608032026552357779_large.jpg"", ""https://i1.28hse.com/estate_data/113/22280/FLOOR/22280_20231127201521187758_thumb.jpg"", ""https://i1.28hse.com/estate_data/113/22280/UNIT/22280_20231121131938598532_thumb.jpg""]",,,29511,4160,33671,2829000,17083,10184843,6052535,-1850035,3343889,-5193924
3933467,【780萬仲有得傾】【有票有驚喜】【地鐵站上蓋可約睇】,荔枝角,私人屋苑/長實,8200000,468,2,1,高層,,23,美聯物業代理有限公司,https://i1.28hse.com/2026/07/202607151848585238815_thumb.jpg,https://www.28hse.com/buy/apartment/property-3933467,2026-08-06T17:33:59.496264+00:00,2026-08-06T18:10:38.805544+00:00,泓景臺,630,九龍荔枝角泓景臺 荔枝角道863號,"歡迎致電 / Whatsapp / WeChat 查詢
致電Jimmy Yiu : *24小時 即時回覆
微信號：J2mmyiu
另有同區不同筍盤供閣下比較!
24小時為你提供專業意見服務
並提供一站式服務:
●免費物業按揭服務
●免費物業轉按查詢
●專車接送各區睇樓參觀
●完善售後服務
●專業法律意見等等
五星級服務必定能協助你輕鬆置業安家！",22.334478,114.147598,,,,,,2026-07-15T18:49:21+08:00,2026-07-18T14:05:08+08:00,2026-08-14T18:49:21+08:00,"[""https://i1.28hse.com/2026/07/202607151848572540408_large.jpg"", ""https://i1.28hse.com/2026/07/202607151848583164209_large.jpg"", ""https://i1.28hse.com/2026/07/202607151848588573843_large.jpg"", ""https://i1.28hse.com/2026/07/202607151848572799768_large.jpg"", ""https://i1.28hse.com/2026/07/202607151848577272912_large.jpg"", ""https://i1.28hse.com/estate_data/64/2451/FLOOR/2451_20231116195551346395_thumb.jpg"", ""https://i1.28hse.com/estate_data/64/2451/UNIT/2451_20231116195838716747_thumb.jpg""]",,,29511,4498,34009,2829000,17083,10304418,6052535,-2081846,3343889,-5425735
3957302,【820萬】【有票有驚喜】【高層最平】,荔枝角,私人屋苑/長實,8200000,468,2,1,高層,,23,美聯物業代理有限公司,https://i1.28hse.com/2026/08/202608022301167537245_thumb.jpg,https://www.28hse.com/buy/apartment/property-3957302,2026-08-06T17:33:59.496264+00:00,2026-08-06T18:09:51.454427+00:00,泓景臺,630,九龍荔枝角泓景臺 荔枝角道863號,"另有同區不同筍盤供閣下比較!
24小時為你提供專業意見服務
並提供一站式服務:
●免費物業按揭服務
●免費物業轉按查詢
●專車接送各區睇樓參觀
●完善售後服務
●專業法律意見等等
五星級服務必定能協助你輕鬆置業安家！",22.334477999999997,114.14759799999999,,,,,,2026-08-02T22:59:17+08:00,2026-08-02T23:01:29+08:00,2026-09-01T22:59:17+08:00,"[""https://i1.28hse.com/2026/08/202608022300488691379_large.jpg"", ""https://i1.28hse.com/2026/08/202608022300501787867_large.jpg"", ""https://i1.28hse.com/2026/08/202608022300546716057_large.jpg"", ""https://i1.28hse.com/2026/08/202608022300561095960_large.jpg""]",,,29511,4498,34009,2829000,17083,10304418,6052535,-2081846,3343889,-5425735
3888748,高層 望到汀九海 估足價超筍盤,青衣,私人屋苑/新鴻基,8200000,499,2,,高層,,28,利嘉閣地產有限公司,https://i1.28hse.com/2026/06/202606122054012336471_thumb.jpg,https://www.28hse.com/buy/apartment/property-3888748,2026-08-06T17:33:59.496264+00:00,2026-08-06T18:27:10.503981+00:00,灝景灣,686,新界青衣灝景灣 牙鷹洲街8號,"［青衣置業專家］邱小姐 RIVKA YAU 
青衣No.1代理
精英會2019年-2026年 連續8年達標
️ 2020年銷售界DSA傑出推銷員獎
公司物業買賣、專業普通話認證
青衣島民 熟悉區內環境 知盤熟價
定期拍攝KOL樓盤介紹 深得業主信任️
熟悉銀行按揭 支出供款一目了然
️專業法律合作夥伴 免費法律咨詢
多年經驗 落票傾價 喜訊報上
️期待能與您聯絡
歡迎致電/WhatsApp 查詢
灝景灣有10座 2824伙 
-屋苑商場，內設酒樓、餐廳、泊思醫務所、24/7健身中心、洗衣乾衣店、多間補習社等等
-著名學之園幼稚園設於灝景灣商場地下，每年暑假租盤都十分短缺 
-到青衣城1和2期只需5-8分鐘
-住客會所，青衣唯一室內外泳池
-鄰近港鐵青衣站及巴士總站，設有蓋天橋，交通方便
-充足停車位供應月租$4900",22.362226,114.105804,,,,,,2026-06-12T20:52:44+08:00,2026-06-12T20:54:57+08:00,2026-08-11T20:52:44+08:00,"[""https://i1.28hse.com/2026/06/202606122054061057635_large.jpg"", ""https://i1.28hse.com/2026/06/202606122054071693445_large.jpg"", ""https://i1.28hse.com/2026/06/202606122054082890901_large.jpg"", ""https://i1.28hse.com/2026/06/202606122054048083874_large.jpg"", ""https://i1.28hse.com/2026/06/202606122054055116774_large.jpg"", ""https://i1.28hse.com/2026/06/20260612205358715607_large.jpg"", ""https://i1.28hse.com/2026/06/202606122054028866755_large.jpg"", ""https://i1.28hse.com/2026/06/202606122054008233339_large.jpg"", ""https://i1.28hse.com/2026/06/202606122054033580573_large.jpg"", ""https://i1.28hse.com/2026/06/202606122054334185757_large.jpg"", ""https://i1.28hse.com/2026/06/202606122054332132370_large.jpg"", ""https://i1.28hse.com/2026/06/202606122054348657864_large.jpg"", ""https://i1.28hse.com/2026/06/202606122054353336519_large.jpg"", ""https://i1.28hse.com/2026/06/202606122054363967640_large.jpg"", ""https://i1.28hse.com/2026/06/202606122054372138717_large.jpg"", ""https://i1.28hse.com/2026/06/202606122054012336471_large.jpg"", ""https://i1.28hse.com/estate_data/123/4651/FLOOR/4651_20231121020511652745_thumb.jpg"", ""https://i1.28hse.com/estate_data/123/4651/UNIT/4651_20231121020829244293_thumb.jpg""]",,,29511,4637,34148,2829000,17083,10353842,6052535,-2177661,3343889,-5521551
3922473,實用靚則「三邊落床」聽大房大,荔枝角,私人屋苑/長實,8250000,512,2,,中層,,23,中原地產代理有限公司,https://i1.28hse.com/2026/07/202607071858371013336_thumb.jpg,https://www.28hse.com/buy/apartment/property-3922473,2026-08-06T17:33:59.496264+00:00,2026-08-06T18:11:01.740536+00:00,泓景臺,690,九龍荔枝角泓景臺 荔枝角道863號,"筍價出售, 連露台, 池園景, 大型商場, 交通便利, 清雅裝修, 設施齊備",22.334478,114.147598,,,,,,2026-07-07T18:59:54+08:00,2026-07-07T18:59:54+08:00,2026-08-06T18:59:54+08:00,"[""https://i1.28hse.com/2026/07/20260707185844719997_large.jpg"", ""https://i1.28hse.com/2026/07/202607071858538927135_large.jpg"", ""https://i1.28hse.com/2026/07/202607071859362601051_large.jpg"", ""https://i1.28hse.com/2026/07/202607071859434848147_large.jpg"", ""https://i1.28hse.com/estate_data/64/2451/FLOOR/2451_20231116195542539996_thumb.jpg"", ""https://i1.28hse.com/estate_data/64/2451/UNIT/2451_20231116195818888794_thumb.jpg""]",,,29691,4710,34401,2846250,17188,10432850,6089441,-2242105,3343889,-5585995
3954938,何文田站上蓋 朗賢峯,何文田,私人屋苑/鷹君,8280000,388,1,,中層,,,美聯物業代理有限公司,https://i1.28hse.com/2026/08/202608011418098767127_thumb.jpg,https://www.28hse.com/buy/apartment/property-3954938,2026-08-06T17:33:59.496264+00:00,2026-08-06T18:15:10.859854+00:00,朗賢峯 IIB期,,九龍何文田朗賢峯IIB期 何文田站,"何文田站上最抵一房
21xxx 呎
連租約",22.309361,114.182732,,,,,,2026-08-01T14:20:35+08:00,2026-08-01T14:20:35+08:00,2026-09-30T14:20:35+08:00,"[""https://i1.28hse.com/2026/08/202608011418181423924_large.jpg"", ""https://i1.28hse.com/2026/08/202608011418314888008_large.jpg"", ""https://i1.28hse.com/2026/08/202608011418365443217_large.jpg"", ""https://i1.28hse.com/2026/08/202608011418421387451_large.jpg"", ""https://i1.28hse.com/2026/08/20260801141847384437_large.jpg"", ""https://i1.28hse.com/2026/08/202608011418518493626_large.jpg"", ""https://i1.28hse.com/2026/08/202608011418546193733_large.jpg"", ""https://i1.28hse.com/2026/08/202608011419007980316_large.jpg"", ""https://i1.28hse.com/2026/08/20260801141907414611_large.jpg"", ""https://i1.28hse.com/estate_data/60/26681/FLOOR/26681_20240412180535168231_thumb.jpg"", ""https://i1.28hse.com/estate_data/60/26681/UNIT/26681_20240412181046899756_thumb.jpg""]",,,29799,4161,33960,2856600,17250,10270123,6111584,-1873402,3343889,-5217292
3887806,3房1套,荃灣,私人屋苑/新世界,8280000,581,3,,中層,,29,中原地產代理有限公司,https://i1.28hse.com/2026/06/202606121518548327198_thumb.jpg,https://www.28hse.com/buy/apartment/property-3887806,2026-08-06T17:33:59.496264+00:00,2026-08-06T18:38:23.768544+00:00,愉景新城,723,新界荃灣愉景新城 青山公路荃灣段398號,企理裝修,22.376377,114.111252,,,,,,2026-06-12T15:19:02+08:00,2026-06-12T15:19:02+08:00,2026-08-11T15:19:02+08:00,"[""https://i1.28hse.com/2026/06/202606121518547624078_large.jpg"", ""https://i1.28hse.com/2026/06/202606121518542372192_large.jpg"", ""https://i1.28hse.com/2026/06/202606121518558120574_large.jpg"", ""https://i1.28hse.com/2026/06/202606121518555071033_large.jpg"", ""https://i1.28hse.com/estate_data/113/4573/FLOOR/4573_20231121014259892577_thumb.jpg"", ""https://i1.28hse.com/estate_data/113/4573/UNIT/4573_20231121014513829516_thumb.jpg""]",,,29799,5030,34829,2856600,17250,10577828,6111584,-2469930,3343889,-5813819
3900175,"3房少海，方向好， 間隔四正好用， 自成一閣, 大型會所",荃灣,私人屋苑/南豐,8280000,532,3,1,中層,,23,卓誠物業代理,https://i1.28hse.com/2026/06/202606211422445103691_thumb.jpg,https://www.28hse.com/buy/apartment/property-3900175,2026-08-06T17:33:59.496264+00:00,2026-08-06T18:37:21.326071+00:00,翠豐臺,740,新界荃灣翠豐臺 安育路2號,"3房少海，方向好， 間隔四正好用， 自成一閣, 大型會所",22.375858,114.10611,,,,,,2026-06-21T14:24:52+08:00,2026-06-21T14:24:52+08:00,2026-08-20T14:24:52+08:00,"[""https://i1.28hse.com/2026/06/202606211422443277057_large.jpg"", ""https://i1.28hse.com/2026/06/202606211422442818776_large.jpg""]",,,29799,4809,34608,2856600,17250,10499706,6111584,-2318480,3343889,-5662369
3907726,爵悅庭+2房特高層+山景開揚+全屋新裝即住+新鴻基物業+近荃灣西站+VR,荃灣,私人屋苑/新鴻基,8280000,452,2,1,高層,,20,中原地產代理有限公司,https://i1.28hse.com/2026/06/20260627125235442514_thumb.jpg,https://www.28hse.com/buy/apartment/property-3907726,2026-08-06T17:33:59.496264+00:00,2026-08-06T18:36:40.787230+00:00,爵悅庭,614,新界荃灣爵悅庭 楊屋道90-114號,爵悅庭+2房特高層+山景開揚+全屋新裝即住+新鴻基物業+近荃灣西站+VR,22.366886,114.117111,,,,,,2026-06-27T12:52:40+08:00,2026-06-27T12:52:43+08:00,2026-08-26T12:52:40+08:00,"[""https://i1.28hse.com/2026/06/202606271252356352341_large.jpg"", ""https://i1.28hse.com/2026/06/202606271252365350442_large.jpg"", ""https://i1.28hse.com/2026/06/202606271252364683379_large.jpg"", ""https://i1.28hse.com/2026/06/202606271252361883170_large.jpg"", ""https://i1.28hse.com/2026/06/202606271252373697308_large.jpg"", ""https://i1.28hse.com/2026/06/202606271252373379671_large.jpg"", ""https://i1.28hse.com/2026/06/202606271252378707732_large.jpg"", ""https://i1.28hse.com/2026/06/202606271252372959378_large.jpg"", ""https://i1.28hse.com/2026/06/202606271252382767087_large.jpg"", ""https://i1.28hse.com/2026/06/202606271252383958572_large.jpg"", ""https://i1.28hse.com/2026/06/20260627125238511750_large.jpg"", ""https://i1.28hse.com/2026/06/202606271252392616596_large.jpg"", ""https://i1.28hse.com/2026/06/202606271252394081725_large.jpg"", ""https://i1.28hse.com/2026/06/202606271252395579512_large.jpg"", ""https://i1.28hse.com/2026/06/202606271252405336524_large.jpg"", ""https://i1.28hse.com/2026/06/20260627125235442514_large.jpg"", ""https://i1.28hse.com/estate_data/113/4570/FLOOR/4570_20231121013800148296_thumb.jpg"", ""https://i1.28hse.com/estate_data/113/4570/UNIT/4570_20231121014149417597_thumb.jpg""]",,,29799,4449,34248,2856600,17250,10372160,6111584,-2071215,3343889,-5415104
3920704,【𝟐房】可試$𝟖𝐗𝐗萬✰極高層✰東南海景✰幫你盡傾,荃灣,私人屋苑/新鴻基,8280000,479,2,1,高層,開放式廚房,21,中原地產代理限公司,https://i1.28hse.com/2026/07/20260722165509660952_thumb.jpg,https://www.28hse.com/buy/apartment/property-3920704,2026-08-06T17:33:59.496264+00:00,2026-08-06T18:35:45.553292+00:00,爵悅庭,651,新界荃灣爵悅庭 楊屋道90-114號,"●真盤源歡迎客戶查詢
●大量優質筍盤提供
●最新最快最Update價錢
●歡迎行家合作
●誠邀業主放盤
●免費拍攝VR
●立即查詢盡快回覆
●提供一條龍售後服務
●售前壓測，首期，預算
●銀行按揭上會
●法律咨詢
●律師轉介
●裝修轉介
●水電煤差餉地租轉名
●收樓驗樓
●租務管理",22.366886,114.117111,,,明火煮食,,,2026-07-06T16:43:37+08:00,2026-07-22T16:55:50+08:00,2026-09-04T16:43:37+08:00,"[""https://i1.28hse.com/2026/07/202607221654344689842_large.jpg"", ""https://i1.28hse.com/2026/07/202607221654334859275_large.jpg"", ""https://i1.28hse.com/2026/07/202607221654336282806_large.jpg"", ""https://i1.28hse.com/2026/07/202607221654332008988_large.jpg"", ""https://i1.28hse.com/2026/07/202607221654343511900_large.jpg"", ""https://i1.28hse.com/2026/07/202607221654348454179_large.jpg"", ""https://i1.28hse.com/2026/07/202607221654338427701_large.jpg"", ""https://i1.28hse.com/estate_data/113/4570/FLOOR/4570_20231121013904648982_thumb.jpg"", ""https://i1.28hse.com/estate_data/113/4570/UNIT/4570_20231121014029667293_thumb.jpg""]",,,29799,4570,34370,2856600,17250,10415207,6111584,-2154667,3343889,-5498556
3893779,啱水位！ 清靜舒服內園泳池景 手快有手慢冇,荔枝角,私人屋苑/長實,8280000,473,2,,中層,,23,香港置業西九龍,https://i1.28hse.com/2026/06/20260616161940353631_thumb.jpg,https://www.28hse.com/buy/apartment/property-3893779,2026-08-06T17:33:59.496264+00:00,2026-08-06T18:11:12.864868+00:00,泓景臺,653,九龍荔枝角泓景臺 荔枝角道863號,寧靜舒適,22.334478,114.147598,,,,,,2026-06-16T16:29:11+08:00,2026-06-16T16:29:11+08:00,2026-08-15T16:29:11+08:00,"[""https://i1.28hse.com/2026/06/202606161619413946833_large.jpg"", ""https://i1.28hse.com/2026/06/202606161619411553433_large.jpg"", ""https://i1.28hse.com/2026/06/202606161619414398416_large.jpg"", ""https://i1.28hse.com/2026/06/202606161619423947261_large.jpg"", ""https://i1.28hse.com/2026/06/202606161619425613102_large.jpg"", ""https://i1.28hse.com/estate_data/64/2451/FLOOR/2451_20231116195529418655_thumb.jpg"", ""https://i1.28hse.com/estate_data/64/2451/UNIT/2451_20231116195753289841_thumb.jpg""]",,,29799,4544,34343,2856600,17250,10405641,6111584,-2136122,3343889,-5480011
3933444,單邊開陽「獨家」露台遠景,荔枝角,私人屋苑/長實,8280000,468,2,,中層,,23,中原地產代理有限公司,https://i1.28hse.com/2026/07/202607151838043765490_thumb.jpg,https://www.28hse.com/buy/apartment/property-3933444,2026-08-06T17:33:59.496264+00:00,2026-08-06T18:10:39.586386+00:00,泓景臺,628,九龍荔枝角泓景臺 荔枝角道863號,"筍價出售, 價錢可議, 連露台, 開揚, 遠景, 大型商場, 交通便利, 間隔四正, 新樓會所, 遠望山景",22.334478,114.147598,,,,,,2026-07-15T18:38:13+08:00,2026-07-15T18:38:13+08:00,2026-08-14T18:38:13+08:00,"[""https://i1.28hse.com/2026/07/202607151838053059832_large.jpg"", ""https://i1.28hse.com/2026/07/20260715183806268029_large.jpg"", ""https://i1.28hse.com/2026/07/202607151838062586774_large.jpg"", ""https://i1.28hse.com/2026/07/202607151838077230036_large.jpg"", ""https://i1.28hse.com/estate_data/64/2451/FLOOR/2451_20231116195551346395_thumb.jpg"", ""https://i1.28hse.com/estate_data/64/2451/UNIT/2451_20231116195839817351_thumb.jpg""]",,,29799,4521,34320,2856600,17250,10397669,6111584,-2120668,3343889,-5464557
3934312,《向東+內園+泳池景》 再劈！…. 馬上約睇,荔枝角,私人屋苑/長實,8280000,511,1,,中層,,23,中原地產-泓景臺分行,https://i1.28hse.com/2026/07/202607161618338552614_thumb.jpg,https://www.28hse.com/buy/apartment/property-3934312,2026-08-06T17:33:59.496264+00:00,2026-08-06T18:10:36.803506+00:00,泓景臺,684,九龍荔枝角泓景臺 荔枝角道863號,"本人十幾年經驗，必定搵到你合適單位
有一手資料，有二手笥盤最真報價
歡迎24小時索取一二手資訊
2手荀盤推介
1手提供資料推介
專人提供優質服務
物業按揭供款查詢
物業轉按查詢
法律意見等等
誠心誠意，為你服務
歡迎合作️",22.334478,114.147598,,,,,,2026-07-16T16:18:51+08:00,2026-07-16T16:18:51+08:00,2026-08-15T16:18:51+08:00,"[""https://i1.28hse.com/2026/07/202607161618348080041_large.jpg"", ""https://i1.28hse.com/2026/07/202607161618348037722_large.jpg"", ""https://i1.28hse.com/2026/07/202607161618345621770_large.jpg"", ""https://i1.28hse.com/2026/07/20260716161835124343_large.jpg"", ""https://i1.28hse.com/estate_data/64/2451/FLOOR/2451_20231116195542539996_thumb.jpg"", ""https://i1.28hse.com/estate_data/64/2451/UNIT/2451_20231116195821747142_thumb.jpg""]",,,29799,4714,34514,2856600,17250,10466225,6111584,-2253573,3343889,-5597462
3941908,環迴美景「38尺露台」優質之選,荔枝角,私人屋苑/新鴻基,8280000,485,2,,高層,,21,中原地產代理有限公司,https://i1.28hse.com/2026/07/202607222334133344753_thumb.jpg,https://www.28hse.com/buy/apartment/property-3941908,2026-08-06T17:33:59.496264+00:00,2026-08-06T18:10:20.272172+00:00,宇晴軒,658,九龍荔枝角宇晴軒 深盛道9號,"筍價出售, 連露台, 筍價出售, 山園雙景, 大型商場, 交通便利, 清雅裝修, 設施齊備, 間隔四正, 新樓會所",22.334702,114.149544,,,,,,2026-07-22T15:08:15+08:00,2026-07-22T23:35:01+08:00,2026-08-21T15:08:15+08:00,"[""https://i1.28hse.com/2026/07/202607222334146068804_large.jpg"", ""https://i1.28hse.com/2026/07/202607222334158809782_large.jpg"", ""https://i1.28hse.com/2026/07/202607222334167169270_large.jpg"", ""https://i1.28hse.com/2026/07/202607222334171180958_large.jpg""]",,,29799,4598,34397,2856600,17250,10424773,6111584,-2173211,3343889,-5517101
3958819,業主蝕讓! 實盤約睇! 【比票幫你傾到盡］】,長沙灣,私人屋苑/恒基,8280000,479,3,1,中層,,5,中原地產-美孚3期B組,https://i1.28hse.com/2026/08/202608032243026617431_thumb.jpg,https://www.28hse.com/buy/apartment/property-3958819,2026-08-06T17:33:59.496264+00:00,2026-08-06T18:06:34.445637+00:00,家壹,,九龍長沙灣家壹 元州街342-356號,"歡迎24小時致電或what's app查詢
️提供專業 親切 誠懇一條龍服務
銀行估價，按揭壓力測試，首期和供款細節, 免費按揭轉介
律師行介紹及免費法律諮詢
全港一手新盤資訊免費專車接送睇樓
售後服務包括：水,電,煤,差餉,地租轉名, ...
️專營西九龍各大屋苑/半新樓二手租賃/買賣️
️全港新盤新樓新房優點缺點專業分析講解️
️至幫你！歡迎Wts、Vx 或致電查詢大量筍盤️",22.337873,114.156433,,,,,,2026-08-03T22:43:24+08:00,2026-08-03T22:43:24+08:00,2026-09-02T22:43:24+08:00,"[""https://i1.28hse.com/2026/08/20260803224302462847_large.jpg"", ""https://i1.28hse.com/2026/08/202608032243026475634_large.jpg"", ""https://i1.28hse.com/2026/08/202608032243022059531_large.jpg"", ""https://i1.28hse.com/2026/08/202608032243023306357_large.jpg"", ""https://i1.28hse.com/2026/08/202608032243026617431_large.jpg"", ""https://i1.28hse.com/estate_data/63/22972/FLOOR/22972_20250328152101278943_thumb.jpg"", ""https://i1.28hse.com/estate_data/63/22972/UNIT/22972_20250328152138622412_thumb.jpg""]",,,29799,4570,34370,2856600,17250,10415207,6111584,-2154667,3343889,-5498556
3892152,✪✪【最筍一房，相熟業主】罕有快者得，蝕讓遠超100萬,何文田,私人屋苑/單幢式大廈/嘉里建設,8290000,402,1,1,中層,開放式廚房,9,星匯物業有限公司,https://i1.28hse.com/2026/07/202607310046298767808_thumb.jpg,https://www.28hse.com/buy/apartment/property-3892152,2026-08-06T17:33:59.496264+00:00,2026-08-06T18:15:52.793367+00:00,皓畋,,九龍何文田皓畋 常盛街28號,"有興趣，請致電：譚先生 Gerry
微信 Wechat：[REDACTED]
　　
歡迎查詢相片／影片。另有同屋苑及同區其他筍盤，不能盡錄。網上相片只供參考。　
　　
可whatsapp，微信 Wechat：[REDACTED]",22.319082,114.181007,,,,,,2026-06-15T14:35:40+08:00,2026-07-31T00:47:19+08:00,2026-08-14T14:35:40+08:00,"[""https://i1.28hse.com/2026/07/202607310046251506416_large.jpg"", ""https://i1.28hse.com/2026/07/202607310046262700112_large.jpg"", ""https://i1.28hse.com/2026/07/202607310046275975327_large.jpg"", ""https://i1.28hse.com/2026/07/202607310046288989493_large.jpg""]",,,29835,4227,34062,2860050,17271,10304100,6118965,-1921526,3343889,-5265416
3961438,近地鐵，實用型2房， 20多年樓齡，大廳大房格局,上環,私人屋苑,8300000,466,2,,中層,,27,美聯物業,https://i1.28hse.com/2026/08/202608051919188817168_thumb.jpg,https://www.28hse.com/buy/apartment/property-3961438,2026-08-06T17:33:59.496264+00:00,2026-08-06T17:45:06.667080+00:00,英華閣,728,香港島上環英華閣 英華臺12號,近地鐵，實用型2房， 20多年樓齡，大廳大房格局,22.284817000000007,114.142822,,,,,,2026-08-05T19:19:19+08:00,2026-08-05T19:19:19+08:00,2026-10-04T19:19:19+08:00,"[""https://i1.28hse.com/2026/08/202608051919182256597_large.jpg"", ""https://i1.28hse.com/2026/08/202608051919185680001_large.jpg"", ""https://i1.28hse.com/estate_data/18/717/FLOOR/717_20240419152150991233_thumb.jpg"", ""https://i1.28hse.com/estate_data/18/717/UNIT/717_20240419152204135876_thumb.jpg""]",,,29871,4518,34389,2863500,17292,10417793,6126347,-2124191,3343889,-5468081
3942282,Angel真盤源推介 獨立電梯大堂 一梯一伙 私隱度極高,九龍城,私人屋苑/國際集團,8300000,462,2,,高層,,15,利嘉閣地產,https://i1.28hse.com/2026/07/202607221725278399710_thumb.jpg,https://www.28hse.com/buy/apartment/property-3942282,2026-08-06T17:33:59.496264+00:00,2026-08-06T18:18:33.188413+00:00,松林,682,九龍九龍城松林 獅子石道50-52號,"Angel真盤源推介 獨立電梯大堂 一梯一伙 私隱度極高
九龍塘名校網 高層靚景 鳳凰樓層 罕有放盤 有匙引看 快啲打嚟約時間 蘇州過後冇艇搭",22.329079,114.188179,,,,,,2026-07-22T17:25:34+08:00,2026-07-22T17:25:34+08:00,2026-08-21T17:25:34+08:00,"[""https://i1.28hse.com/2026/07/202607221725284411739_large.jpg"", ""https://i1.28hse.com/2026/07/202607221725294849526_large.jpg"", ""https://i1.28hse.com/2026/07/202607221725294881092_large.jpg"", ""https://i1.28hse.com/2026/07/202607221725292421358_large.jpg"", ""https://i1.28hse.com/2026/07/202607221725302802270_large.jpg"", ""https://i1.28hse.com/2026/07/20260722172531438561_large.jpg"", ""https://i1.28hse.com/2026/07/202607221725316045444_large.jpg"", ""https://i1.28hse.com/2026/07/202607221725324458362_large.jpg"", ""https://i1.28hse.com/2026/07/20260722172533116966_large.jpg"", ""https://i1.28hse.com/2026/07/202607221725336137614_large.jpg"", ""https://i1.28hse.com/2026/07/202607221725345897286_large.jpg"", ""https://i1.28hse.com/estate_data/58/6129/FLOOR/6129_20231116235650828185_thumb.jpg"", ""https://i1.28hse.com/estate_data/58/6129/UNIT/6129_20231116235659484158_thumb.jpg""]",,,29871,4500,34371,2863500,17292,10411416,6126347,-2111828,3343889,-5455718
3905221,何文田皓畋1房荀盤推介 有匙即睇,何文田,私人屋苑/嘉里建設,8300000,402,1,1,中層,開放式廚房,9,香港置業,https://i1.28hse.com/2026/06/202606251415154095441_thumb.jpg,https://www.28hse.com/buy/apartment/property-3905221,2026-08-06T17:33:59.496264+00:00,2026-08-06T18:15:43.160115+00:00,皓畋,,九龍何文田皓畋 常盛街28號,"間格實用,樓底高,六星級豪華會所,室內外泳池,餐廳,健身房待等設備齊仕全,鄰近商場街市,歡迎來電查詢及預約睇樓",22.319082,114.181007,,,,,,2026-06-25T14:15:18+08:00,2026-06-27T16:27:27+08:00,2026-08-24T14:15:18+08:00,"[""https://i1.28hse.com/2026/06/202606251415166116367_large.jpg"", ""https://i1.28hse.com/2026/06/202606251415167533053_large.jpg"", ""https://i1.28hse.com/2026/06/202606251415176123269_large.jpg"", ""https://i1.28hse.com/2026/06/202606251415171334174_large.jpg"", ""https://i1.28hse.com/2026/06/202606251415176905449_large.jpg"", ""https://i1.28hse.com/2026/06/202606251415186835684_large.jpg"", ""https://i1.28hse.com/estate_data/60/8805/FLOOR/8805_20231211122433149544_thumb.jpg"", ""https://i1.28hse.com/estate_data/60/8805/UNIT/8805_20231211122747916622_thumb.jpg""]",,,29871,4230,34101,2863500,17292,10315757,6126347,-1926379,3343889,-5270269
3933663,真盤 業主Firm賣 貼估價 景觀開陽 間隔實用 可以約睇樓,南昌,私人屋苑/新鴻基,8300000,362,1,,中層,,8,中原地產,https://i1.28hse.com/2026/07/202607152239557571236_thumb.jpg,https://www.28hse.com/buy/apartment/property-3933663,2026-08-06T17:33:59.496264+00:00,2026-08-06T18:13:04.052857+00:00,匯璽 匯璽II(3期),,九龍南昌匯璽匯璽II(3期)  深旺道28號,名牌發展商 投資放租或自住兩適宜,22.326479,114.155045,,,,,,2026-07-15T22:37:57+08:00,2026-07-15T22:44:47+08:00,2026-08-14T22:37:57+08:00,"[""https://i1.28hse.com/2026/07/202607152239565242155_large.jpg"", ""https://i1.28hse.com/2026/07/202607152239564617281_large.jpg"", ""https://i1.28hse.com/2026/07/202607152239557571236_large.jpg"", ""https://i1.28hse.com/estate_data/26333/22185/FLOOR/22185_20231208163613945931_thumb.jpg"", ""https://i1.28hse.com/estate_data/26333/22185/UNIT/22185_20231208163902339972_thumb.jpg""]",,,29871,4050,33921,2863500,17292,10251983,6126347,-1802747,3343889,-5146636
3944934,"投資首選, 租金高回報",南昌,私人屋苑/新鴻基,8300000,362,1,1,中層,開放式廚房,8,美聯物業代理有限公司,https://i1.28hse.com/2026/07/202607241544308114684_thumb.jpg,https://www.28hse.com/buy/apartment/property-3944934,2026-08-06T17:33:59.496264+00:00,2026-08-06T18:12:20.839689+00:00,匯璽 匯璽II(3期),,九龍南昌匯璽匯璽II(3期)  深旺道28號,"筍價出售, 開揚, 遠景, 包電器, 露台",22.326479,114.155045,,,,,,2026-07-24T15:49:02+08:00,2026-07-24T15:49:02+08:00,2026-08-23T15:49:02+08:00,"[""https://i1.28hse.com/2026/07/202607241544388844607_large.jpg"", ""https://i1.28hse.com/2026/07/202607241544422098278_large.jpg"", ""https://i1.28hse.com/estate_data/26333/22185/FLOOR/22185_20231208163613945931_thumb.jpg"", ""https://i1.28hse.com/estate_data/26333/22185/UNIT/22185_20231208163902339972_thumb.jpg""]",,,29871,4050,33921,2863500,17292,10251983,6126347,-1802747,3343889,-5146636
3946661,25/7*實盤 新鴻基站上蓋 收租自住皆宜*必走,南昌,私人屋苑/新鴻基,8300000,362,1,,中層,,8,美聯物業,https://i1.28hse.com/2026/07/20260725183030288317_thumb.jpg,https://www.28hse.com/buy/apartment/property-3946661,2026-08-06T17:33:59.496264+00:00,2026-08-06T18:12:18.144325+00:00,匯璽 匯璽II(3期),,九龍南昌匯璽匯璽II(3期)  深旺道28號,"全新㕡璟專員
專營:奧運/大角嘴/長深區/四小龍/
區內最新最齊買賣租盤推介
包水電煤轉名
歡迎24小時查詢 :劉先生
微信:[REDACTED]",22.326479,114.155045,,,,,,2026-07-25T18:30:45+08:00,2026-07-25T18:30:45+08:00,2026-08-24T18:30:45+08:00,"[""https://i1.28hse.com/2026/07/202607251830311575877_large.jpg"", ""https://i1.28hse.com/2026/07/202607251830327165544_large.jpg"", ""https://i1.28hse.com/2026/07/202607251830331526480_large.jpg"", ""https://i1.28hse.com/estate_data/26333/22185/FLOOR/22185_20231208163613945931_thumb.jpg"", ""https://i1.28hse.com/estate_data/26333/22185/UNIT/22185_20231208163902339972_thumb.jpg""]",,,29871,4050,33921,2863500,17292,10251983,6126347,-1802747,3343889,-5146636
3951259,一房在手 天下我有 南昌站頂 財源長久,南昌,私人屋苑/新鴻基,8300000,362,1,1,中層,開放式廚房,8,美聯物業,https://i1.28hse.com/2026/07/202607291730303845808_thumb.jpg,https://www.28hse.com/buy/apartment/property-3951259,2026-08-06T17:33:59.496264+00:00,2026-08-06T18:11:53.131368+00:00,匯璽 匯璽II(3期),,九龍南昌匯璽匯璽II(3期)  深旺道28號,"- 另有大量盘源未能尽录
- 欢迎来电一次过引领你睇晒所有靓盘
- 即时约睇 唔使周围问周围搵
———————————————————
专营全香港一手新盘、九龙、新界区热门屋苑
二手资深区域西九龙 ：奥运 四小龙 汇玺
所有盘源全行最齐, 人有我有
欢迎来电或WhatsApp查询
蔡小姐（Monica）
微信ID：monica-ha",22.326479,114.155045,,,,,,2026-07-29T17:44:10+08:00,2026-07-29T17:44:10+08:00,2026-08-28T17:44:10+08:00,"[""https://i1.28hse.com/2026/07/202607291730337215850_large.jpg"", ""https://i1.28hse.com/2026/07/202607291730283559863_large.jpg"", ""https://i1.28hse.com/2026/07/20260729173028663131_large.jpg"", ""https://i1.28hse.com/2026/07/202607291730316220824_large.jpg"", ""https://i1.28hse.com/2026/07/202607291730283793974_large.jpg"", ""https://i1.28hse.com/2026/07/202607291730328296512_large.jpg"", ""https://i1.28hse.com/2026/07/202607291730326697219_large.jpg"", ""https://i1.28hse.com/estate_data/26333/22185/FLOOR/22185_20231208163613945931_thumb.jpg"", ""https://i1.28hse.com/estate_data/26333/22185/UNIT/22185_20231208163902339972_thumb.jpg""]",,,29871,4050,33921,2863500,17292,10251983,6126347,-1802747,3343889,-5146636
3960153,匯璽最筍中層1房出售 歡迎咨詢,南昌,私人屋苑/新鴻基,8300000,362,1,1,中層,,8,美聯物業代理有限公司,https://i1.28hse.com/2026/08/202608042050232455434_thumb.jpg,https://www.28hse.com/buy/apartment/property-3960153,2026-08-06T17:33:59.496264+00:00,2026-08-06T18:11:29.457470+00:00,匯璽 匯璽II(3期),,九龍南昌匯璽匯璽II(3期)  深旺道28號,"**匯璽II中層H室｜南昌站上蓋投資精選️**
匯璽3期(匯璽II)中層H室，實用面積362呎，1房1浴室，叫價830萬，折合約呎價$22,928，較同屋苑同間隔平均呎價低約0.72%，屬罕有入市機會。樓齡約8年，座向北，間隔實用，適合追求穩定回報及資產保值的投資客。
屋苑屬南昌站上蓋大型豪宅項目，步行約3分鐘直達南昌港鐵站，2分鐘到V Walk，9分鐘可達南昌公園，交通、商場及休閒配套一應俱全️。校網屬40校網，區內生活配套成熟，屋苑設施包括會所、泳池、兒童設施、餐飲設施及基座商場，具備高質租賃吸引力。
此單位特別適合收租投資、資金配置及長線持有，憑藉鐵路上蓋優勢、核心地段及完善配套，租務需求穩定，轉售流通性亦理想。
物業編號: M 更新日期: 03/08/2026 ADA DENG S-601441 美聯物業代理有限公司 牌照號碼 C-000982",22.326479,114.155045,,,,,,2026-08-04T20:50:41+08:00,2026-08-04T20:50:41+08:00,2026-09-03T20:50:41+08:00,"[""https://i1.28hse.com/2026/08/20260804205023863069_large.jpg"", ""https://i1.28hse.com/2026/08/202608042050248034563_large.jpg"", ""https://i1.28hse.com/2026/08/202608042050254431388_large.jpg"", ""https://i1.28hse.com/2026/08/202608042050253979402_large.jpg"", ""https://i1.28hse.com/2026/08/20260804205026715696_large.jpg"", ""https://i1.28hse.com/estate_data/26333/22185/FLOOR/22185_20231208163613945931_thumb.jpg"", ""https://i1.28hse.com/estate_data/26333/22185/UNIT/22185_20231208163902339972_thumb.jpg""]",,,29871,4050,33921,2863500,17292,10251983,6126347,-1802747,3343889,-5146636
3832640,啟德海景兩房 明火煮食 真盤只此一間,啟德,私人屋苑/新世界,8300000,420,2,1,中層,,,中輝偉創,https://i1.28hse.com/2026/05/202605031541515722704_thumb.jpg,https://www.28hse.com/buy/apartment/property-3832640,2026-08-06T17:33:59.496264+00:00,2026-08-06T18:18:02.716807+00:00,Double Coast Double Coast I,,九龍啟德Double CoastDouble Coast I 承豐道19號,"歡迎WhatsApp或微信聯絡！
Whatsapp電話：
[REDACTED]
微信号：
sam[REDACTED]",22.31468,114.205566,,,明火煮食,,,2026-07-03T13:28:48+08:00,2026-07-26T11:30:13+08:00,2026-09-01T13:28:48+08:00,"[""https://i1.28hse.com/2026/05/202605031541523631353_large.jpg"", ""https://i1.28hse.com/2026/05/202605031541528295457_large.jpg"", ""https://i1.28hse.com/2026/05/202605031541535395685_large.jpg"", ""https://i1.28hse.com/estate_data/82/27883/FLOOR/27883_20241021163706866875_thumb.jpg"", ""https://i1.28hse.com/estate_data/82/27883/UNIT/27883_20241021163808541356_thumb.jpg""]",,,29871,4311,34182,2863500,17292,10344454,6126347,-1982014,3343889,-5325903
3885198,高端優質，1房，2房，3房，開放式，景觀開揚，歡迎預約參觀,啟德,私人屋苑/恒基,8300000,388,1,1,,開放式廚房,,啟盛物業代理,https://i1.28hse.com/2026/06/202606101740448539629_thumb.jpg,https://www.28hse.com/buy/apartment/property-3885198,2026-08-06T17:33:59.496264+00:00,2026-08-06T18:18:18.205398+00:00,Henley Park,,九龍啟德Henley Park 沐泰街 8號,"34名校網區
間隔四正 質素極佳
市區核心 5分鐘到啟德港鐵站
連接中九龍幹線，接駁四鐵，交通方便，管理設施完善，升值潛力高，九龍CBD2
AIRSIDE, SOGO, AEON現已開張，
衣食住行樣樣齊備
自設會所 設施齊備
稅務大樓 近在咫尺
-
啟德區各屋苑各戶型均有租盤
開放式 $14500-16000
1房 $17500-22000
2房 $23000-$28000
3房 $32000-$50000
4房/特色戶 $45000-$280000
-
區內資深代理
紥根九龍區多年,
熟識區內發展以及各屋苑樓盤資訊,
用心跟進,誠懇服務,專業知識
致力為你置業
大量啟德站,宋皇臺站,土瓜灣站,以及東九龍各一,二手筍盤，免費專車接送參觀各區一手新盤，
另提供全港各區1手2手樓盤租售，驗樓，區內換樓放盤，物業查詢，銀行按揭轉介，物業估價，托管物業，詳情請查詢歡迎來電，WhatsApp或微信Elsie Liu劉小姐。",22.326263,114.19906599999999,,,,,,2026-06-10T17:40:52+08:00,2026-06-14T12:08:31+08:00,2026-08-09T17:40:52+08:00,"[""https://i1.28hse.com/2026/06/202606101740448481372_large.jpg"", ""https://i1.28hse.com/2026/06/20260610174044823270_large.jpg"", ""https://i1.28hse.com/2026/06/202606101740456201262_large.jpg"", ""https://i1.28hse.com/2026/06/202606101740454951418_large.jpg"", ""https://i1.28hse.com/2026/06/20260610174043446610_large.jpg"", ""https://i1.28hse.com/estate_data/82/26199/FLOOR/26199_20231117043519627141_thumb.jpg"", ""https://i1.28hse.com/estate_data/82/26199/UNIT/26199_20231117043718941267_thumb.jpg""]",,,29871,4167,34038,2863500,17292,10293436,6126347,-1883108,3343889,-5226997
3897445,3 4校網，附近交通完善,土瓜灣,私人屋苑/香港房協,8300000,566,2,,高層,,28,香港置業,https://i1.28hse.com/2026/06/20260619141033984590_thumb.jpg,https://www.28hse.com/buy/apartment/property-3897445,2026-08-06T17:33:59.496264+00:00,2026-08-06T18:24:09.918340+00:00,欣榮花園,691,九龍土瓜灣欣榮花園 炮仗街99号,市場罕有放盤，歡迎查詢約睇,22.321526,114.189117,,,,,,2026-06-19T14:10:57+08:00,2026-06-19T14:10:57+08:00,2026-08-18T14:10:57+08:00,"[""https://i1.28hse.com/2026/06/20260619141033297194_large.jpg"", ""https://i1.28hse.com/2026/06/20260619141034120629_large.jpg"", ""https://i1.28hse.com/2026/06/20260619141034598644_large.jpg"", ""https://i1.28hse.com/2026/06/202606191410341303352_large.jpg"", ""https://i1.28hse.com/2026/06/202606191410356795931_large.jpg"", ""https://i1.28hse.com/2026/06/20260619141035538943_large.jpg"", ""https://i1.28hse.com/2026/06/202606191410357725009_large.jpg""]",,,29871,4968,34839,2863500,17292,10577226,6126347,-2433273,3343889,-5777162
3955284,"罕有大單位放售,遠景開揚, 5分鐘太子地鐵站",旺角,洋樓,8300000,483,2,1,中層,,18,明威置業,https://i1.28hse.com/2026/08/202608011701376085690_thumb.jpg,https://www.28hse.com/buy/apartment/property-3955284,2026-08-06T17:33:59.496264+00:00,2026-08-06T17:57:42.294373+00:00,MOD 595,696,九龍旺角MOD 595 新填地街595號,好實用,22.318569,114.167633,,,,,,2026-08-01T17:01:55+08:00,2026-08-01T17:01:55+08:00,2026-09-30T17:01:55+08:00,"[""https://i1.28hse.com/2026/08/202608011701374994193_large.jpg"", ""https://i1.28hse.com/2026/08/202608011701388000602_large.jpg"", ""https://i1.28hse.com/2026/08/202608011701397505551_large.jpg"", ""https://i1.28hse.com/2026/08/202608011701392083287_large.jpg"", ""https://i1.28hse.com/2026/08/202608011701391412437_large.jpg"", ""https://i1.28hse.com/2026/08/202608011701408839527_large.jpg"", ""https://i1.28hse.com/2026/08/202608011701405662556_large.jpg""]",,,29871,4594,34465,2863500,17292,10444897,6126347,-2176735,3343889,-5520625
3952610,筍盤推介！高層海景 樂悠居三房套 呢口價進駐荃灣西！,荃灣,私人屋苑,8300000,538,3,,中層,,21,美聯物業,https://i1.28hse.com/2026/07/20260730174351681333_thumb.jpg,https://www.28hse.com/buy/apartment/property-3952610,2026-08-06T17:33:59.496264+00:00,2026-08-06T18:31:42.541877+00:00,樂悠居,753,新界荃灣樂悠居 楊屋道138號,"政府全面撤辣
港府優才計畫引入高端人才來港置業
主導樓價下跌的加息週期即將完結
銀行定期回落 租金上升
今日市場大量4%回報以上收租盤
最壞情況已經過去
寧買當頭起，把握機會偷步執筍嘢",22.366301,114.118179,,,,,,2026-07-30T17:44:05+08:00,2026-07-30T17:44:05+08:00,2026-08-29T17:44:05+08:00,"[""https://i1.28hse.com/2026/07/202607301743513348272_large.jpg"", ""https://i1.28hse.com/2026/07/202607301743528366125_large.jpg"", ""https://i1.28hse.com/2026/07/202607301743525418316_large.jpg""]",,,29871,4842,34713,2863500,17292,10532585,6126347,-2346730,3343889,-5690620
3961638,《中原最齊盤》●●全海景大一房｜新世界品牌 歡迎約睇 還價即成,荃灣,私人屋苑/新世界,8300000,421,1,1,中層,,8,中原地產,https://i1.28hse.com/2026/08/202608052232414958241_thumb.jpg,https://www.28hse.com/buy/apartment/property-3961638,2026-08-06T17:33:59.496264+00:00,2026-08-06T18:30:19.867613+00:00,柏傲灣,,新界荃灣柏傲灣 永順街51號,"荃灣西站 配套完善 一應俱全
天橋網絡18區獨有 家庭客自住客投資客首選
●●●●●●●●●●
搵低水荀盤 一定幫到你
緊貼業主 盤齊價準
專業代理*陳小姐 Fanny chan
24小時查詢熱線：
可WHATSAPP 即時回覆
無論買樓自住，投資升值，區內換樓，放盤收租
*本人均為貴客提供一條龍服務,買賣及售後服務
首次置業
售前壓測，首期，供款計算
銀行按揭上會
法律咨詢
律師轉介
裝修轉介
水電煤，差餉地租轉名
收樓驗樓
售後放租務管理",22.366022,114.112686,,,,,,2026-08-05T22:30:14+08:00,2026-08-05T22:32:50+08:00,2026-09-04T22:30:14+08:00,"[""https://i1.28hse.com/2026/08/202608052230035148661_large.jpg"", ""https://i1.28hse.com/2026/08/202608052230035918167_large.jpg"", ""https://i1.28hse.com/2026/08/202608052230034297499_large.jpg"", ""https://i1.28hse.com/2026/08/20260805223004414579_large.jpg"", ""https://i1.28hse.com/2026/08/202608052230042618364_large.jpg"", ""https://i1.28hse.com/2026/08/202608052230045046719_large.jpg"", ""https://i1.28hse.com/estate_data/113/22100/FLOOR/22100_20240208104522957567_thumb.jpg"", ""https://i1.28hse.com/estate_data/113/22100/UNIT/22100_20240208104646415825_thumb.jpg""]",,,29871,4315,34186,2863500,17292,10346049,6126347,-1985105,3343889,-5328994
3894235,"2房荀盤,堅賣",荔枝角,私人屋苑/新鴻基,8300000,445,2,1,高層,,21,利嘉閣地產有限公司,https://i1.28hse.com/2026/06/20260616195300561864_thumb.jpg,https://www.28hse.com/buy/apartment/property-3894235,2026-08-06T17:33:59.496264+00:00,2026-08-06T18:11:12.196490+00:00,宇晴軒,635,九龍荔枝角宇晴軒 深盛道9號,"2房荀盤,堅賣",22.334702,114.149544,,,,,,2026-06-16T19:55:17+08:00,2026-07-07T18:26:14+08:00,2026-08-15T19:55:17+08:00,"[""https://i1.28hse.com/2026/06/202606161953001752468_large.jpg"", ""https://i1.28hse.com/2026/06/202606161953018357899_large.jpg"", ""https://i1.28hse.com/2026/06/202606161953018643588_large.jpg"", ""https://i1.28hse.com/2026/06/202606161953012888470_large.jpg""]",,,29871,4423,34294,2863500,17292,10384313,6126347,-2059284,3343889,-5403174
3934333,【$820萬再傾】業主急走 睇岩盡傾,荔枝角,私人屋苑/長實,8300000,511,2,1,中層,,23,美聯物業代理有限公司,https://i1.28hse.com/2026/07/20260716162731742060_thumb.jpg,https://www.28hse.com/buy/apartment/property-3934333,2026-08-06T17:33:59.496264+00:00,2026-08-06T18:10:36.058258+00:00,泓景臺,684,九龍荔枝角泓景臺 荔枝角道863號,"歡迎24小時致電或what's app查詢
️ 提供專業 親切 誠懇一條龍服務
屋苑最新成交紀錄
二手筍盤推介
買賣/租賃流程及所有開支講解
銀行估價，按揭壓力測試，首期和供款細節, 免費按揭轉介
律師行介紹及免費法律諮詢
全港一手新盤資訊免費專車接送睇樓
售後服務包括：水,電,煤,差餉,地租轉名, 驗樓等...
盤源充足
承諾跟貼底價 您的置業好幫手
多個查詢，多個筍盤機會",22.334478,114.147598,,,,,,2026-07-16T16:28:03+08:00,2026-07-16T16:28:03+08:00,2026-08-15T16:28:03+08:00,"[""https://i1.28hse.com/2026/07/202607161627311722522_large.jpg"", ""https://i1.28hse.com/2026/07/202607161627326253792_large.jpg"", ""https://i1.28hse.com/2026/07/202607161627347520432_large.jpg"", ""https://i1.28hse.com/2026/07/202607161627341735885_large.jpg"", ""https://i1.28hse.com/2026/07/202607161627358216245_large.jpg""]",,,29871,4720,34591,2863500,17292,10489538,6126347,-2263278,3343889,-5607168
3913089,"東南三房套房,高層開揚,買少見少,旺中帶靜,盡全力幫你傾個筍價",葵涌,私人屋苑/信和,8300000,552,3,2,中層,,24,美聯物業,https://i1.28hse.com/2026/07/20260701165448171987_thumb.jpg,https://www.28hse.com/buy/apartment/property-3913089,2026-08-06T17:33:59.496264+00:00,2026-08-06T18:29:28.576226+00:00,月海灣,806,新界葵涌月海灣 葵聯路,交通方便,22.361685,114.124054,,,,,,2026-07-01T16:54:51+08:00,2026-07-08T12:16:34+08:00,2026-08-30T16:54:51+08:00,"[""https://i1.28hse.com/2026/07/202607011654492320244_large.jpg"", ""https://i1.28hse.com/2026/07/202607011654492258311_large.jpg"", ""https://i1.28hse.com/2026/07/202607011654504891408_large.jpg"", ""https://i1.28hse.com/2026/07/202607011654501990126_large.jpg"", ""https://i1.28hse.com/2026/07/202607011654501373535_large.jpg"", ""https://i1.28hse.com/2026/07/202607011654511217463_large.jpg"", ""https://i1.28hse.com/estate_data/114/4670/FLOOR/4670_20240219113352292996_thumb.jpg"", ""https://i1.28hse.com/estate_data/114/4670/UNIT/4670_20240219113458184944_thumb.jpg""]",,,29871,4905,34776,2863500,17292,10554905,6126347,-2390001,3343889,-5733891
3883793,阿Sa實盤～經典2房，保養佳，即買即住,長沙灣,私人屋苑/洋樓/香港房協,8300000,520,2,,中層,,11,美聯物業代理有限公司,https://i1.28hse.com/2026/06/202606091723231707547_thumb.jpg,https://www.28hse.com/buy/apartment/property-3883793,2026-08-06T17:33:59.496264+00:00,2026-08-06T18:09:20.423474+00:00,喜韻,,九龍長沙灣喜韻 青山道368號,"歡迎致電/Whatsapp
蘇小姐即時回覆 電話
！！大量盤源！！
24小時預約睇樓及諮詢樓盤資料：
提供一條龍專業買賣及售後服務
-首次置業
-計算首期及供款物業
-物業估價
-按揭轉介、銀行按揭
-租務管理
-法律咨詢、律師轉介
-裝修轉介
-水電煤申請
-差餉地租轉名",22.33913,114.155746,,,,,,2026-06-09T17:23:38+08:00,2026-06-09T17:23:38+08:00,2026-08-08T17:23:38+08:00,"[""https://i1.28hse.com/2026/06/20260609172324392267_large.jpg"", ""https://i1.28hse.com/2026/06/202606091723244712670_large.jpg"", ""https://i1.28hse.com/2026/06/202606091723258080549_large.jpg"", ""https://i1.28hse.com/2026/06/202606091723255663530_large.jpg"", ""https://i1.28hse.com/2026/06/202606091723264501111_large.jpg"", ""https://i1.28hse.com/2026/06/202606091723268868223_large.jpg"", ""https://i1.28hse.com/estate_data/63/8545/FLOOR/8545_20231211152843157742_thumb.jpg"", ""https://i1.28hse.com/estate_data/63/8545/UNIT/8545_20231211152857861839_thumb.jpg""]",,,29871,4761,34632,2863500,17292,10503887,6126347,-2291095,3343889,-5634985
3934234,《超筍大2房筍盤 768萬 !!!有票再有驚喜!!!》,長沙灣,私人屋苑/香港房協,8300000,520,2,,中層,,11,美聯物業代理有限公司,https://i1.28hse.com/2026/07/202607161534285121617_thumb.jpg,https://www.28hse.com/buy/apartment/property-3934234,2026-08-06T17:33:59.496264+00:00,2026-08-06T18:07:44.876516+00:00,喜韻,,九龍長沙灣喜韻 青山道368號,"筍價出售, 罕有放盤, 價錢可議
歡迎24小時 致電/Whatsapp/WeChat 查詢
致電/Whatsapp: [REDACTED] ERIC CHU (24小時回覆)
微信號: EHC889 (24小時回覆)
️ 提供專業 親切 誠懇一條龍服務
屋苑最新成交紀錄
一二手筍盤推介
買賣/租賃流程及所有開支講解
銀行估價，按揭壓力測試，首期和供款細節, 免費按揭轉介
律師行介紹及免費法律諮詢
全港一手新盤資訊免費專車接送睇樓
售後服務包括：水,電,煤,差餉,地租轉名, 驗樓等...
盤源充足
承諾跟貼底價 您的置業好幫手
多個查詢，多個筍盤機會",22.33913,114.155746,,,,,,2026-07-16T15:35:12+08:00,2026-07-16T15:35:12+08:00,2026-08-15T15:35:12+08:00,"[""https://i1.28hse.com/2026/07/202607161534298179851_large.jpg"", ""https://i1.28hse.com/2026/07/202607161534298086502_large.jpg"", ""https://i1.28hse.com/2026/07/202607161534301107716_large.jpg"", ""https://i1.28hse.com/2026/07/202607161534316468333_large.jpg"", ""https://i1.28hse.com/2026/07/202607161534327319944_large.jpg""]",,,29871,4761,34632,2863500,17292,10503887,6126347,-2291095,3343889,-5634985
3941655,向南 陽光微微入屋 罕有2房+工人房,長沙灣,私人屋苑/恒基,8300000,479,2,,中層,,5,美聯物業,https://i1.28hse.com/2026/07/202607221213322496781_thumb.jpg,https://www.28hse.com/buy/apartment/property-3941655,2026-08-06T17:33:59.496264+00:00,2026-08-06T18:07:24.275654+00:00,家壹,,九龍長沙灣家壹 元州街342-356號,"5分鐘地鐵站 樓下商場 餐廳
仼君選擇 多條巴士線 小巴
民生地段 享有專貴的服務
市場罕有 2房+工人房設計
相熟業主，實盤約睇",22.337873,114.15643299999999,,,,,,2026-07-22T12:13:55+08:00,2026-07-22T12:15:53+08:00,2026-08-21T12:13:55+08:00,"[""https://i1.28hse.com/2026/07/202607221213338812119_large.jpg"", ""https://i1.28hse.com/2026/07/202607221213348868339_large.jpg"", ""https://i1.28hse.com/2026/07/202607221213345713357_large.jpg"", ""https://i1.28hse.com/2026/07/202607221213352148849_large.jpg"", ""https://i1.28hse.com/2026/07/202607221213363785012_large.jpg"", ""https://i1.28hse.com/estate_data/63/22972/FLOOR/22972_20250328152101278943_thumb.jpg"", ""https://i1.28hse.com/estate_data/63/22972/UNIT/22972_20250328152138622412_thumb.jpg""]",,,29871,4576,34447,2863500,17292,10438520,6126347,-2164372,3343889,-5508261
3948084,業主蝕讓，還價即成,長沙灣,洋樓/恒基,8300000,479,2,1,中層,開放式廚房,5,喜居物業(宇宙商場),https://i1.28hse.com/2026/07/202607271305356050615_thumb.jpg,https://www.28hse.com/buy/apartment/property-3948084,2026-08-06T17:33:59.496264+00:00,2026-08-06T18:07:07.757351+00:00,家壹,,九龍長沙灣家壹 元州街342-356號,西南兩房，鄰近地鐵，民生配套齊全,22.337873,114.156433,,,,,,2026-07-27T13:07:51+08:00,2026-07-27T13:07:51+08:00,2026-09-25T13:07:51+08:00,"[""https://i1.28hse.com/2026/07/202607271305357383937_large.jpg"", ""https://i1.28hse.com/2026/07/202607271305365679570_large.jpg"", ""https://i1.28hse.com/2026/07/202607271305361069194_large.jpg"", ""https://i1.28hse.com/2026/07/202607271305372090704_large.jpg"", ""https://i1.28hse.com/2026/07/20260727130537779673_large.jpg"", ""https://i1.28hse.com/2026/07/202607271305385856632_large.jpg"", ""https://i1.28hse.com/2026/07/202607271305386094288_large.jpg"", ""https://i1.28hse.com/estate_data/63/22972/FLOOR/22972_20250328152101278943_thumb.jpg"", ""https://i1.28hse.com/estate_data/63/22972/UNIT/22972_20250328152138622412_thumb.jpg""]",,,29871,4576,34447,2863500,17292,10438520,6126347,-2164372,3343889,-5508261
3950285,"隣近港鐵, 生活方便",長沙灣,私人屋苑/香港房協,8300000,505,2,,,,9,中原地產-泓景臺分行,https://i1.28hse.com/2026/07/20260728203841706049_thumb.jpg,https://www.28hse.com/buy/apartment/property-3950285,2026-08-06T17:33:59.496264+00:00,2026-08-06T18:06:59.913504+00:00,喜薈,,九龍長沙灣喜薈 青山道399號,"有更多優質單位可以推介, 歡迎隨時查詢",22.339191,114.15535,,,,,,2026-07-28T20:39:07+08:00,2026-07-28T20:39:07+08:00,2026-08-27T20:39:07+08:00,"[""https://i1.28hse.com/2026/07/20260728203842379578_large.jpg"", ""https://i1.28hse.com/2026/07/202607282038468257367_large.jpg"", ""https://i1.28hse.com/2026/07/202607282038482389037_large.jpg"", ""https://i1.28hse.com/2026/07/202607282038486530315_large.jpg"", ""https://i1.28hse.com/2026/07/202607282038547341053_large.jpg"", ""https://i1.28hse.com/estate_data/63/8616/FLOOR/8616_20231205130851598113_thumb.jpg"", ""https://i1.28hse.com/estate_data/63/8616/UNIT/8616_20231205130907884932_thumb.jpg""]",,,29871,4693,34564,2863500,17292,10479972,6126347,-2244733,3343889,-5588623
3958838,【$800萬】【即走兩房】 【還價即成】,長沙灣,私人屋苑/恒基,8300000,479,2,1,中層,,5,美聯物業代理有限公司,https://i1.28hse.com/2026/08/202608032340205258328_thumb.jpg,https://www.28hse.com/buy/apartment/property-3958838,2026-08-06T17:33:59.496264+00:00,2026-08-06T18:06:33.789880+00:00,家壹,,九龍長沙灣家壹 元州街342-356号,"歡迎24小時致電或what's app查詢
️ 提供專業 親切 誠懇一條龍服務
屋苑最新成交紀錄
二手筍盤推介
買賣/租賃流程及所有開支講解
銀行估價，按揭壓力測試，首期和供款細節, 免費按揭轉介
律師行介紹及免費法律諮詢
全港一手新盤資訊免費專車接送睇樓
售後服務包括：水,電,煤,差餉,地租轉名, 驗樓等...
盤源充足
承諾跟貼底價 您的置業好幫手
多個查詢，多個筍盤機會",22.337873,114.15643299999999,,,,,,2026-08-03T23:40:22+08:00,2026-08-03T23:40:22+08:00,2026-09-02T23:40:22+08:00,"[""https://i1.28hse.com/2026/08/202608032340206160126_large.jpg"", ""https://i1.28hse.com/2026/08/202608032340217153606_large.jpg"", ""https://i1.28hse.com/2026/08/202608032340211571601_large.jpg"", ""https://i1.28hse.com/2026/08/202608032340213299656_large.jpg"", ""https://i1.28hse.com/2026/08/20260803234021827045_large.jpg"", ""https://i1.28hse.com/2026/08/202608032340217749054_large.jpg"", ""https://i1.28hse.com/estate_data/63/22972/FLOOR/22972_20250328152101278943_thumb.jpg"", ""https://i1.28hse.com/estate_data/63/22972/UNIT/22972_20250328152138622412_thumb.jpg""]",,,29871,4576,34447,2863500,17292,10438520,6126347,-2164372,3343889,-5508261
3886124,《800萬 靚裝 海景 買到賺到》,荔枝角,私人屋苑/長實,8320000,490,2,,中層,,23,香港置業西九龍,https://i1.28hse.com/2026/06/202606111439243079134_thumb.jpg,https://www.28hse.com/buy/apartment/property-3886124,2026-08-06T17:33:59.496264+00:00,2026-08-06T18:11:19.175132+00:00,泓景臺,647,九龍荔枝角泓景臺 荔枝角道863號,真盤源,22.334477999999997,114.14759799999999,,,,,,2026-06-11T14:39:46+08:00,2026-07-14T17:28:18+08:00,2026-08-10T14:39:46+08:00,"[""https://i1.28hse.com/2026/06/202606111439257801246_large.jpg"", ""https://i1.28hse.com/2026/06/202606111439258174109_large.jpg"", ""https://i1.28hse.com/2026/06/202606111439252283160_large.jpg"", ""https://i1.28hse.com/2026/06/202606111439255819731_large.jpg"", ""https://i1.28hse.com/2026/06/202606111439263204979_large.jpg"", ""https://i1.28hse.com/2026/06/202606111439332677843_large.jpg"", ""https://i1.28hse.com/2026/06/202606111439337513174_large.jpg"", ""https://i1.28hse.com/estate_data/64/2451/FLOOR/2451_20231116195513817638_thumb.jpg"", ""https://i1.28hse.com/estate_data/64/2451/UNIT/2451_20231116195652335987_thumb.jpg""]",,,29943,4632,34575,2870400,17333,10479370,6141109,-2208076,3343889,-5551966
3917222,朝南維港煙花海景,油麻地,私人屋苑,8380000,459,1,1,中層,,12,世紀21卓建物業,https://i1.28hse.com/2026/07/202607041215308912808_thumb.jpg,https://www.28hse.com/buy/apartment/property-3917222,2026-08-06T17:33:59.496264+00:00,2026-08-06T17:56:09.085490+00:00,御金國峯,587,九龍油麻地御金國峯 友翔道1號,豪華會所，綠化環繞，環境優美，鬧市中的綠洲,22.310324,114.165863,,,明火煮食,,,2026-07-04T12:15:34+08:00,2026-07-04T12:15:34+08:00,2026-09-02T12:15:34+08:00,"[""https://i1.28hse.com/2026/07/202607041215304207348_large.jpg"", ""https://i1.28hse.com/2026/07/202607041215317552850_large.jpg"", ""https://i1.28hse.com/2026/07/202607041215318735430_large.jpg"", ""https://i1.28hse.com/2026/07/202607041215323522451_large.jpg"", ""https://i1.28hse.com/2026/07/202607041215327089702_large.jpg"", ""https://i1.28hse.com/2026/07/202607041215326500495_large.jpg"", ""https://i1.28hse.com/2026/07/202607041215336420432_large.jpg"", ""https://i1.28hse.com/2026/07/202607041215334036514_large.jpg"", ""https://i1.28hse.com/2026/07/202607041215332203207_large.jpg"", ""https://i1.28hse.com/2026/07/20260704121534270919_large.jpg"", ""https://i1.28hse.com/estate_data/72/6768/FLOOR/6768_20231117004455699131_thumb.jpg"", ""https://i1.28hse.com/estate_data/72/6768/UNIT/6768_20231117005232461439_thumb.jpg""]",,,30159,4510,34669,2891100,17458,10499885,6185396,-2141377,3343889,-5485267
3908421,“正宗東南氣候爽” 收租自用-爽、夾、妥,紅磡,私人屋苑/新鴻基,8380000,432,2,1,中層,,23,福興地產代理有限公司,https://i1.28hse.com/2026/07/202607051655233634786_thumb.jpg,https://www.28hse.com/buy/apartment/property-3908421,2026-08-06T17:33:59.496264+00:00,2026-08-06T17:49:11.203548+00:00,海濱南岸,559,九龍紅磡海濱南岸 愛景街8號,"本人專營紅磡區樓宇租售
不論搵樓、還是放盤，都一定幫到手
熱線 & whats app: [REDACTED]
Wechat: [REDACTED]",22.302675,114.18694300000001,,,,,,2026-07-31T13:00:47+08:00,2026-07-31T13:00:47+08:00,2026-08-30T13:00:47+08:00,"[""https://i1.28hse.com/2026/07/202607051655247468267_large.jpg"", ""https://i1.28hse.com/2026/07/202607051655261512247_large.jpg"", ""https://i1.28hse.com/2026/07/202607051655263285322_large.jpg"", ""https://i1.28hse.com/2026/07/202607051655271573374_large.jpg"", ""https://i1.28hse.com/2026/07/20260705165527454893_large.jpg"", ""https://i1.28hse.com/2026/07/202607051655288641290_large.jpg"", ""https://i1.28hse.com/estate_data/75/3061/FLOOR/3061_20231121124725537427_thumb.jpg"", ""https://i1.28hse.com/estate_data/75/3061/UNIT/3061_20231121125406993731_thumb.jpg""]",,,30159,4388,34547,2891100,17458,10456838,6185396,-2057925,3343889,-5401815
3914312,【𝟏房】$𝟖𝟐𝟎萬♡銀行估突♡成租$𝟐𝟐𝐊♡歡迎約睇,荃灣,私人屋苑/新世界,8380000,421,1,1,中層,開放式廚房,7,中原地產代理限公司,https://i1.28hse.com/2026/07/202607021603324992869_thumb.jpg,https://www.28hse.com/buy/apartment/property-3914312,2026-08-06T17:33:59.496264+00:00,2026-08-06T18:36:11.044343+00:00,柏傲灣,,新界荃灣柏傲灣 永順街51號,"●真盤源歡迎客戶查詢
●大量優質筍盤提供
●最新最快最Update價錢
●歡迎行家合作
●誠邀業主放盤
●免費拍攝VR
●立即查詢盡快回覆
●提供一條龍售後服務
●售前壓測，首期，預算
●銀行按揭上會
●法律咨詢
●律師轉介
●裝修轉介
●水電煤差餉地租轉名
●收樓驗樓
●租務管理",22.366022,114.112686,,,明火煮食,,,2026-07-02T16:03:34+08:00,2026-07-28T17:50:28+08:00,2026-08-31T16:03:34+08:00,"[""https://i1.28hse.com/2026/07/20260702160333964212_large.jpg"", ""https://i1.28hse.com/2026/07/202607021603335718117_large.jpg"", ""https://i1.28hse.com/2026/07/202607021603333743134_large.jpg"", ""https://i1.28hse.com/2026/07/202607021603347086696_large.jpg"", ""https://i1.28hse.com/2026/07/202607021603343007092_large.jpg"", ""https://i1.28hse.com/estate_data/113/22100/FLOOR/22100_20240208104522957567_thumb.jpg"", ""https://i1.28hse.com/estate_data/113/22100/UNIT/22100_20240208104646415825_thumb.jpg""]",,,30159,4339,34498,2891100,17458,10439300,6185396,-2023926,3343889,-5367816
3922979,可睇樓+柏傲灣+全海景樓王+一房+保證實盤+歡迎致電或Whatsapp查詢,荃灣,私人屋苑/新世界,8380000,421,1,1,,開放式廚房,8,利嘉閣,https://i1.28hse.com/2026/07/20260708121622706703_thumb.jpg,https://www.28hse.com/buy/apartment/property-3922979,2026-08-06T17:33:59.496264+00:00,2026-08-06T18:35:33.733369+00:00,柏傲灣,,新界荃灣柏傲灣 永順街51號,"海景一房 無敵夕陽景 歡迎查詢 荃灣實盤 
荃灣
集交通便利,商場配套完善,是荃灣優質型屋苑之一㊣
歡迎查詢，專業安排
荃灣區大量二手荀盤獨家盤
還價即成，本人直接聯絡業主
按揭查詢、專車接送，隨時睇樓請聯絡我
無論買樓自住，投資升值，區內換樓，放盤收租
*本人均為貴客提供一條龍服務,買賣及售後服務
首次置業
售前壓測，首期，供款計算
銀行按揭上會
法律咨詢
律師轉介
裝修轉介
水電煤，差餉地租轉名
收樓驗樓
售後放租務管理",22.366022,114.112686,,,,,,2026-07-08T12:19:47+08:00,2026-07-08T12:19:47+08:00,2026-08-07T12:19:47+08:00,"[""https://i1.28hse.com/2026/07/202607081216243390696_large.jpg"", ""https://i1.28hse.com/2026/07/202607081216276664504_large.jpg"", ""https://i1.28hse.com/2026/07/202607081216286796691_large.jpg"", ""https://i1.28hse.com/2026/07/202607081216302204179_large.jpg"", ""https://i1.28hse.com/2026/07/202607081216328109488_large.jpg"", ""https://i1.28hse.com/estate_data/113/22100/FLOOR/22100_20240208104522957567_thumb.jpg"", ""https://i1.28hse.com/estate_data/113/22100/UNIT/22100_20240208104646415825_thumb.jpg""]",,,30159,4339,34498,2891100,17458,10439300,6185396,-2023926,3343889,-5367816
3942575,開陽望海「新裝修」一買即用,荔枝角,私人屋苑/恒隆,8380000,505,2,,中層,,22,中原地產代理有限公司,https://i1.28hse.com/2026/07/202607221931013134433_thumb.jpg,https://www.28hse.com/buy/apartment/property-3942575,2026-08-06T17:33:59.496264+00:00,2026-08-06T18:10:18.021149+00:00,碧海藍天,679,九龍荔枝角碧海藍天 深盛路8號,"筍價出售, 開揚, 遠景, 設施齊備, 間隔四正, 新樓會所, 廳大房大",22.332731,114.148529,,,,,,2026-07-22T19:31:18+08:00,2026-07-22T19:31:18+08:00,2026-08-21T19:31:18+08:00,"[""https://i1.28hse.com/2026/07/202607221931033585682_large.jpg"", ""https://i1.28hse.com/2026/07/202607221931047623189_large.jpg"", ""https://i1.28hse.com/2026/07/202607221931052218851_large.jpg"", ""https://i1.28hse.com/2026/07/20260722193106136416_large.jpg"", ""https://i1.28hse.com/estate_data/64/2380/FLOOR/2380_20240219180249832243_thumb.jpg"", ""https://i1.28hse.com/estate_data/64/2380/UNIT/2380_20240219180644299128_thumb.jpg""]",,,30159,4717,34876,2891100,17458,10573224,6185396,-2283555,3343889,-5627444
3946826,開陽望海「新裝修」一買即用,荔枝角,私人屋苑/恒隆,8380000,505,2,,中層,,22,中原地產代理有限公司,https://i1.28hse.com/2026/07/202607252143228376782_thumb.jpg,https://www.28hse.com/buy/apartment/property-3946826,2026-08-06T17:33:59.496264+00:00,2026-08-06T18:10:12.994650+00:00,碧海藍天,679,九龍荔枝角碧海藍天 深盛路8號,"筍價出售, 開揚, 遠景, 設施齊備, 間隔四正, 新樓會所, 廳大房大",22.332731,114.14852900000001,,,,,,2026-07-25T21:43:24+08:00,2026-07-25T21:43:24+08:00,2026-08-24T21:43:24+08:00,"[""https://i1.28hse.com/2026/07/202607252143237832707_large.jpg"", ""https://i1.28hse.com/2026/07/202607252143236336559_large.jpg"", ""https://i1.28hse.com/2026/07/20260725214323153472_large.jpg"", ""https://i1.28hse.com/2026/07/202607252143242720813_large.jpg"", ""https://i1.28hse.com/estate_data/64/2380/FLOOR/2380_20240219180249832243_thumb.jpg"", ""https://i1.28hse.com/estate_data/64/2380/UNIT/2380_20240219180644299128_thumb.jpg""]",,,30159,4717,34876,2891100,17458,10573224,6185396,-2283555,3343889,-5627444
3957176,16000呎價，買大2房，必走盤。。,荔枝角,私人屋苑/信德,8380000,517,2,,中層,,22,中原地產代理有限公司,https://i1.28hse.com/2026/08/202608021951008062361_thumb.jpg,https://www.28hse.com/buy/apartment/property-3957176,2026-08-06T17:33:59.496264+00:00,2026-08-06T18:09:52.844872+00:00,昇悅居,685,九龍荔枝角昇悅居 荔枝角道833號,筍價出售,22.334587,114.148849,,,,,,2026-08-02T19:51:53+08:00,2026-08-02T19:51:53+08:00,2026-10-01T19:51:53+08:00,"[""https://i1.28hse.com/2026/08/202608021951013432163_large.jpg"", ""https://i1.28hse.com/2026/08/202608021951012154960_large.jpg"", ""https://i1.28hse.com/2026/08/202608021951041507592_large.jpg"", ""https://i1.28hse.com/2026/08/202608021951014279309_large.jpg"", ""https://i1.28hse.com/2026/08/202608021951025075077_large.jpg"", ""https://i1.28hse.com/2026/08/202608021951021662177_large.jpg"", ""https://i1.28hse.com/2026/08/202608021951023680329_large.jpg"", ""https://i1.28hse.com/estate_data/64/2510/FLOOR/2510_20231116200248388485_thumb.jpg"", ""https://i1.28hse.com/estate_data/64/2510/UNIT/2510_20231116200402474722_thumb.jpg""]",,,30159,4771,34930,2891100,17458,10592356,6185396,-2320645,3343889,-5664534
3957646,開陽望海「新裝修」一買即用,荔枝角,私人屋苑/恒隆,8380000,505,2,,中層,,22,中原地產代理有限公司,https://i1.28hse.com/2026/08/202608031256157751904_thumb.jpg,https://www.28hse.com/buy/apartment/property-3957646,2026-08-06T17:33:59.496264+00:00,2026-08-06T18:09:49.513437+00:00,碧海藍天,679,九龍荔枝角碧海藍天 深盛路8號,"筍價出售, 開揚, 遠景, 設施齊備, 間隔四正, 新樓會所, 廳大房大",22.332731,114.14852900000001,,,,,,2026-08-03T12:56:17+08:00,2026-08-03T12:56:17+08:00,2026-09-02T12:56:17+08:00,"[""https://i1.28hse.com/2026/08/202608031256168525905_large.jpg"", ""https://i1.28hse.com/2026/08/202608031256167805045_large.jpg"", ""https://i1.28hse.com/2026/08/202608031256167613488_large.jpg"", ""https://i1.28hse.com/2026/08/202608031256175144047_large.jpg"", ""https://i1.28hse.com/estate_data/64/2380/FLOOR/2380_20240219180249832243_thumb.jpg"", ""https://i1.28hse.com/estate_data/64/2380/UNIT/2380_20240219180644299128_thumb.jpg""]",,,30159,4717,34876,2891100,17458,10573224,6185396,-2283555,3343889,-5627444
3705797,專營窩8 駿發地產 罕見露台 二人世界 WhatsApp 預約 即買即住,油麻地,私人屋苑/新鴻基,8400000,464,1,1,中層,,22,駿發地產有限公司,https://i1.28hse.com/2026/06/20260614223646862353_thumb.jpg,https://www.28hse.com/buy/apartment/property-3705797,2026-08-06T17:33:59.496264+00:00,2026-08-06T17:55:34.398254+00:00,窩打老道8號,598,九龍油麻地窩打老道8號 窩打老道8號,必走盤,22.312309,114.16985300000003,,,,,,2026-07-19T06:23:35+08:00,2026-07-19T06:23:35+08:00,2026-08-18T06:23:35+08:00,"[""https://i1.28hse.com/2026/06/202606142236473058129_large.jpg"", ""https://i1.28hse.com/2026/06/202606142235418676081_large.jpg"", ""https://i1.28hse.com/2026/06/202606142235427187759_large.jpg"", ""https://i1.28hse.com/2026/06/202606142235435650670_large.jpg"", ""https://i1.28hse.com/2026/06/202606142235448032985_large.jpg"", ""https://i1.28hse.com/2026/06/202606142235465176162_large.jpg"", ""https://i1.28hse.com/2026/06/202606142235474568727_large.jpg"", ""https://i1.28hse.com/2026/03/202603051350393690125_large.jpg""]",,,30231,4538,34769,2898000,17500,10531169,6200158,-2166537,3343889,-5510426
3925786,有密碼即睇樓～有票有得傾*再有750都笑死人，呃人出去睇樓～睇愛海頌搵我長註在此,深水埗,私人屋苑/長實,8400000,505,2,1,中層,開放式廚房,5,利嘉閣地產有限公司,https://i1.28hse.com/2026/07/202607100011312815226_thumb.jpg,https://www.28hse.com/buy/apartment/property-3925786,2026-08-06T17:33:59.496264+00:00,2026-08-06T18:13:31.118746+00:00,愛海頌,,九龍深水埗愛海頌 海壇街201號、203號及218號,"愛海頌 有會所～
泳池 健身房
親自帶你睇會所～",22.328236,114.158615,,,,,,2026-07-10T00:12:39+08:00,2026-07-10T00:12:39+08:00,2026-08-09T00:12:39+08:00,"[""https://i1.28hse.com/2026/07/202607100011332491389_large.jpg"", ""https://i1.28hse.com/2026/07/202607100011355860418_large.jpg"", ""https://i1.28hse.com/2026/07/202607100011312815226_large.jpg"", ""https://i1.28hse.com/estate_data/62/23170/FLOOR/23170_20231218130209418126_thumb.jpg"", ""https://i1.28hse.com/estate_data/62/23170/UNIT/23170_20231218130238552877_thumb.jpg""]",,,30231,4722,34953,2898000,17500,10596536,6200158,-2293260,3343889,-5637150
3903542,Belgravia Place 全新高層三房出售！豪華會所，鄰近地鐵，成熟社區！,長沙灣,私人屋苑/恒基,8480000,425,3,1,高層,開放式廚房,1,中原地產-南昌分行B組,https://i1.28hse.com/2026/06/202606240347583886084_thumb.jpg,https://www.28hse.com/buy/apartment/property-3903542,2026-08-06T17:33:59.496264+00:00,2026-08-06T18:08:53.042035+00:00,Belgravia Place 1期,,九龍長沙灣Belgravia Place1期 巴域街1號,"新委托, 有匙即約即睇",22.331188,114.166275,,,明火煮食,,,2026-06-24T03:48:12+08:00,2026-07-06T19:05:09+08:00,2026-08-23T03:48:12+08:00,"[""https://i1.28hse.com/2026/06/202606240347586152571_large.jpg"", ""https://i1.28hse.com/2026/06/202606240347585958432_large.jpg"", ""https://i1.28hse.com/2026/06/202606240347598876932_large.jpg"", ""https://i1.28hse.com/2026/06/202606240347593469650_large.jpg"", ""https://i1.28hse.com/2026/06/202606240347598190920_large.jpg"", ""https://i1.28hse.com/2026/06/202606240348002235979_large.jpg"", ""https://i1.28hse.com/2026/06/202606240348001863705_large.jpg"", ""https://i1.28hse.com/2026/06/202606240348001964012_large.jpg"", ""https://i1.28hse.com/2026/06/202606240348014826194_large.jpg"", ""https://i1.28hse.com/2026/06/202606240348016150538_large.jpg"", ""https://i1.28hse.com/2026/06/202606240348018464306_large.jpg"", ""https://i1.28hse.com/2026/06/20260624034802682540_large.jpg"", ""https://i1.28hse.com/2026/06/202606240348023833899_large.jpg"", ""https://i1.28hse.com/2026/06/202606240348031026444_large.jpg"", ""https://i1.28hse.com/2026/06/202606240348038954404_large.jpg"", ""https://i1.28hse.com/2026/06/202606240348038630982_large.jpg"", ""https://i1.28hse.com/2026/06/202606240348047794062_large.jpg"", ""https://i1.28hse.com/2026/06/20260624034804797760_large.jpg"", ""https://i1.28hse.com/2026/06/20260624034804974337_large.jpg"", ""https://i1.28hse.com/2026/06/20260624034805509166_large.jpg"", ""https://i1.28hse.com/2026/06/202606240348052663254_large.jpg"", ""https://i1.28hse.com/2026/06/202606240348051843980_large.jpg"", ""https://i1.28hse.com/2026/06/202606240348063210598_large.jpg"", ""https://i1.28hse.com/2026/06/202606240348065822248_large.jpg"", ""https://i1.28hse.com/2026/06/202606240348067584724_large.jpg"", ""https://i1.28hse.com/2026/06/202606240348075790950_large.jpg"", ""https://i1.28hse.com/2026/06/202606240348077298989_large.jpg"", ""https://i1.28hse.com/2026/06/202606240348073267878_large.jpg"", ""https://i1.28hse.com/2026/06/202606240348088205044_large.jpg"", ""https://i1.28hse.com/2026/06/202606240348081452347_large.jpg"", ""https://i1.28hse.com/2026/06/202606240348097928658_large.jpg"", ""https://i1.28hse.com/2026/06/202606240348092847783_large.jpg"", ""https://i1.28hse.com/2026/06/202606240348091182092_large.jpg"", ""https://i1.28hse.com/2026/06/202606240348101936149_large.jpg"", ""https://i1.28hse.com/2026/06/20260624034810269631_large.jpg"", ""https://i1.28hse.com/2026/06/202606240348105620261_large.jpg"", ""https://i1.28hse.com/2026/06/202606240348111233162_large.jpg"", ""https://i1.28hse.com/2026/06/202606240348117328109_large.jpg"", ""https://i1.28hse.com/2026/06/202606240348111075608_large.jpg"", ""https://i1.28hse.com/2026/06/202606240347583886084_large.jpg"", ""https://i1.28hse.com/estate_data/63/26694/FLOOR/26694_20240226134403776842_thumb.jpg"", ""https://i1.28hse.com/estate_data/63/26694/UNIT/26694_20240226134438281756_thumb.jpg""]",,,30519,4386,34905,2925600,17667,10562242,6259207,-2084817,3343889,-5428706
3925791,*有密碼即睇樓～全新樓未入住3房 東北 山景～有煤氣開廚～樓下已賣816 有成交,長沙灣,私人屋苑/恒基,8480000,425,3,1,高層,開放式廚房,1,利嘉閣地產有限公司,https://i1.28hse.com/2026/07/202607100024148783277_thumb.jpg,https://www.28hse.com/buy/apartment/property-3925791,2026-08-06T17:33:59.496264+00:00,2026-08-06T18:08:05.561940+00:00,Belgravia Place 1期,,九龍長沙灣Belgravia Place1期 巴域街1號,"恒基樓 大會所
歡迎睇樓呀～～",22.331188,114.166275,,,明火煮食,,,2026-07-10T00:26:38+08:00,2026-07-10T00:26:38+08:00,2026-08-09T00:26:38+08:00,"[""https://i1.28hse.com/2026/07/202607100026114647037_large.jpg"", ""https://i1.28hse.com/2026/07/202607100026123830908_large.jpg"", ""https://i1.28hse.com/2026/07/202607100026261532646_large.jpg"", ""https://i1.28hse.com/2026/07/202607100024148783277_large.jpg"", ""https://i1.28hse.com/estate_data/63/26694/FLOOR/26694_20240226134403776842_thumb.jpg"", ""https://i1.28hse.com/estate_data/63/26694/UNIT/26694_20240226134438281756_thumb.jpg""]",,,30519,4386,34905,2925600,17667,10562242,6259207,-2084817,3343889,-5428706
3925793,【820萬】【三房套】【3.5米樓底】【有票即成】,長沙灣,私人屋苑/恒基,8480000,425,3,,高層,,1,美聯物業代理有限公司,https://i1.28hse.com/2026/07/202607100031266324186_thumb.jpg,https://www.28hse.com/buy/apartment/property-3925793,2026-08-06T17:33:59.496264+00:00,2026-08-06T18:08:04.898969+00:00,Belgravia Place 1期,,九龍長沙灣Belgravia Place1期 巴域街1號,"歡迎24小時致電或what's app查詢
️ 提供專業 親切 誠懇一條龍服務
屋苑最新成交紀錄
二手筍盤推介
買賣/租賃流程及所有開支講解
銀行估價，按揭壓力測試，首期和供款細節, 免費按揭轉介
律師行介紹及免費法律諮詢
全港一手新盤資訊免費專車接送睇樓
售後服務包括：水,電,煤,差餉,地租轉名, 驗樓等...
盤源充足
承諾跟貼底價 您的置業好幫手
多個查詢，多個筍盤機會",22.331188,114.166275,,,,,,2026-07-10T00:31:28+08:00,2026-07-10T00:31:39+08:00,2026-08-09T00:31:28+08:00,"[""https://i1.28hse.com/2026/07/20260710003126457960_large.jpg"", ""https://i1.28hse.com/2026/07/202607100031267714328_large.jpg"", ""https://i1.28hse.com/2026/07/202607100031278878269_large.jpg"", ""https://i1.28hse.com/2026/07/202607100031275656905_large.jpg"", ""https://i1.28hse.com/2026/07/202607100031274881286_large.jpg"", ""https://i1.28hse.com/2026/07/202607100031275221732_large.jpg"", ""https://i1.28hse.com/2026/07/202607100031285610525_large.jpg"", ""https://i1.28hse.com/2026/07/202607100031285062117_large.jpg"", ""https://i1.28hse.com/estate_data/63/26694/FLOOR/26694_20240226134403776842_thumb.jpg"", ""https://i1.28hse.com/estate_data/63/26694/UNIT/26694_20240226134438281756_thumb.jpg""]",,,30519,4386,34905,2925600,17667,10562242,6259207,-2084817,3343889,-5428706
3931318,"「筍,見票再傾」2房價錢3房享受, 4分鐘港鐵！",長沙灣,私人屋苑/恒基,8480000,425,3,1,,開放式廚房,1,利嘉閣地產有限公司,https://i1.28hse.com/2026/07/202607141225036575430_thumb.jpg,https://www.28hse.com/buy/apartment/property-3931318,2026-08-06T17:33:59.496264+00:00,2026-08-06T18:07:53.976709+00:00,Belgravia Place 1期,,九龍長沙灣Belgravia Place1期 巴域街1號,"筍價出售, 新樓未住過, 連露台, 近港鐵站, 有匙即約即睇, 吉售, 罕有放盤, 開揚, 大型屋村, 大型商場, 中心旺地, 旺中帶靜, 罕有放盤, 全新未住, 交通便利, 設施齊備, 開揚清爽, 間隔四正, 新樓會所, 管理完善, 遠望山景, 廳大房大",22.331188,114.166275,,,,,,2026-07-14T12:25:25+08:00,2026-07-14T12:25:25+08:00,2026-08-13T12:25:25+08:00,"[""https://i1.28hse.com/2026/07/202607141225041207418_large.jpg"", ""https://i1.28hse.com/2026/07/202607141225051112684_large.jpg"", ""https://i1.28hse.com/2026/07/202607141225063186777_large.jpg"", ""https://i1.28hse.com/2026/07/20260714122507762475_large.jpg"", ""https://i1.28hse.com/2026/07/20260714122508534787_large.jpg"", ""https://i1.28hse.com/2026/07/202607141225095863094_large.jpg"", ""https://i1.28hse.com/2026/07/202607141225116081156_large.jpg"", ""https://i1.28hse.com/2026/07/202607141225123457652_large.jpg"", ""https://i1.28hse.com/estate_data/63/26694/FLOOR/26694_20240226134403776842_thumb.jpg"", ""https://i1.28hse.com/estate_data/63/26694/UNIT/26694_20240226134438281756_thumb.jpg""]",,,30519,4386,34905,2925600,17667,10562242,6259207,-2084817,3343889,-5428706
3931447,【$848萬再傾●最平呢間●有票再有驚喜】,長沙灣,私人屋苑/恒基,8480000,425,3,1,高層,開放式廚房,1,美聯物業代理有限公司,https://i1.28hse.com/2026/07/202607141345336026098_thumb.jpg,https://www.28hse.com/buy/apartment/property-3931447,2026-08-06T17:33:59.496264+00:00,2026-08-06T18:07:52.484249+00:00,Belgravia Place 1期,,九龍長沙灣Belgravia Place1期 巴域街1號,"歡迎致電/Whatsapp/WeChat查詢
許生：6368O681 24小時 即時回覆
微信號：barryhui6368O681
無論任何一手新盤/二手樓盤
大量筍盤作比較 篩選最啱您的樓盤
本人均可為貴客提供全套買賣及售後服務
首次置業
售前壓測,首期,供款計算
銀行按揭上會
法律咨詢
律師轉介
裝修轉介
水電煤,差餉地租轉名
收樓驗樓
售後租務管理",22.331188,114.166275,,,明火煮食,,,2026-07-14T13:42:23+08:00,2026-07-14T13:45:42+08:00,2026-08-13T13:42:23+08:00,"[""https://i1.28hse.com/2026/07/20260714134211550325_large.jpg"", ""https://i1.28hse.com/2026/07/202607141342111329958_large.jpg"", ""https://i1.28hse.com/2026/07/202607141342112766486_large.jpg"", ""https://i1.28hse.com/2026/07/2026071413421148612_large.jpg"", ""https://i1.28hse.com/2026/07/202607141342127157529_large.jpg"", ""https://i1.28hse.com/2026/07/202607141342126278213_large.jpg"", ""https://i1.28hse.com/estate_data/63/26694/FLOOR/26694_20240226134403776842_thumb.jpg"", ""https://i1.28hse.com/estate_data/63/26694/UNIT/26694_20240226134438281756_thumb.jpg""]",,,30519,4386,34905,2925600,17667,10562242,6259207,-2084817,3343889,-5428706
3932505,［帝后地產-專營上環］帝后華庭優質實用兩房連租約出售，齊家電！有意來電查詢！,上環,私人屋苑/單幢式大廈/新世界,8500000,393,2,,中層,,23,帝后地產有限公司,https://i1.28hse.com/2026/07/202607150939386125961_thumb.jpg,https://www.28hse.com/buy/apartment/property-3932505,2026-08-06T17:33:59.496264+00:00,2026-08-06T17:45:26.677592+00:00,帝后華庭,564,香港島上環帝后華庭 皇后街1號,"近地鐵交通，步行4分鐘即到西營盤地鐵站
有管理公司
設施：兒童遊樂場/兒童遊戲室",22.286963,114.147285,,,,,,2026-07-15T09:46:35+08:00,2026-07-15T10:50:02+08:00,2026-09-13T09:46:35+08:00,"[""https://i1.28hse.com/2026/07/202607150939384567516_large.jpg"", ""https://i1.28hse.com/2026/07/202607150939398767137_large.jpg"", ""https://i1.28hse.com/2026/07/202607150939395366487_large.jpg"", ""https://i1.28hse.com/2026/07/202607150939408659187_large.jpg"", ""https://i1.28hse.com/2026/07/202607150939424886784_large.jpg"", ""https://i1.28hse.com/2026/07/202607150939428737332_large.jpg"", ""https://i1.28hse.com/estate_data/18/552/FLOOR/552_20231116125724249458_thumb.jpg"", ""https://i1.28hse.com/estate_data/18/552/UNIT/552_20231229104837991849_thumb.jpg""]",,,30591,4248,34838,2932500,17708,10534536,6273969,-1995616,3343889,-5339506
3897981,喇沙利道2房罕售，上車收租筍盤,何文田,私人屋苑/福晟,8500000,402,2,,中層,,8,香港置業,https://i1.28hse.com/2026/06/202606191805437510824_thumb.jpg,https://www.28hse.com/buy/apartment/property-3897981,2026-08-06T17:33:59.496264+00:00,2026-08-06T18:15:48.451794+00:00,晟林,,九龍何文田晟林 喇沙利道6號,34名校網，購物方便，交通方便，罕有放盤,22.326635,114.182053,,,,,,2026-06-19T18:06:12+08:00,2026-06-19T18:06:12+08:00,2026-08-18T18:06:12+08:00,"[""https://i1.28hse.com/estate_data/60/23042/FLOOR/23042_20231117032507717678_thumb.jpg"", ""https://i1.28hse.com/estate_data/60/23042/UNIT/23042_20231117032524769286_thumb.jpg""]",,,30591,4288,34879,2932500,17708,10548885,6273969,-2023434,3343889,-5367323
3932500,獨家 開揚靚景 收租王 匯璽850萬 睇樓call 陳生 [REDACTED],南昌,私人屋苑/新鴻基,8500000,350,1,,中層,,8,買樓易,https://i1.28hse.com/2026/07/202607150938497800330_thumb.jpg,https://www.28hse.com/buy/apartment/property-3932500,2026-08-06T17:33:59.496264+00:00,2026-08-06T18:13:08.929469+00:00,匯璽 匯璽(2A期),,九龍南昌匯璽匯璽(2A期) 深旺道28號,"睇樓/查詢可致電及 Whatsapp：陳生 [REDACTED]
另有18區合價筍盤 歡迎查詢及比較
合價即走 一閃即逝
間隔四正 開揚光猛 環境清幽
配套完善 民生一應俱全
歡迎 7X24 香港買房線上查詢
本公司可以為廣大客戶提供一站式、交易及售後服務
首購手把手、售前壓力測試、首付計算
銀行轉介推薦、律師推薦
水、電、煤、差餉、地租轉名
專業貼心的一站式服務",22.326479,114.155045,,,,,,2026-07-15T09:39:06+08:00,2026-07-15T09:39:06+08:00,2026-09-13T09:39:06+08:00,"[""https://i1.28hse.com/2026/07/202607150938484694018_large.jpg"", ""https://i1.28hse.com/2026/07/202607150938484743146_large.jpg"", ""https://i1.28hse.com/2026/07/202607150938482482780_large.jpg"", ""https://i1.28hse.com/2026/07/202607150938486228902_large.jpg"", ""https://i1.28hse.com/2026/07/202607150938496586831_large.jpg"", ""https://i1.28hse.com/estate_data/26333/22185/FLOOR/22185_20231208163558487813_thumb.jpg"", ""https://i1.28hse.com/estate_data/26333/22185/UNIT/22185_20231208163819774521_thumb.jpg""]",,,30591,4054,34645,2932500,17708,10465980,6273969,-1862711,3343889,-5206601
3952217,柏蔚森 8XX海景兩房 最平$800萬,啟德,私人屋苑/新世界,8500000,391,2,1,中層,開放式廚房,,辰川地產有限公司,https://i1.28hse.com/2026/07/202607301504336730956_thumb.jpg,https://www.28hse.com/buy/apartment/property-3952217,2026-08-06T17:33:59.496264+00:00,2026-08-06T18:17:25.597890+00:00,柏蔚森 柏蔚森 I,,九龍啟德柏蔚森柏蔚森 I 承景街2 號,西南/正南海景兩房,22.310789,114.209717,,,,,,2026-07-30T15:08:46+08:00,2026-07-30T15:08:46+08:00,2026-08-29T15:08:46+08:00,"[""https://i1.28hse.com/2026/07/202607301504353003771_large.jpg"", ""https://i1.28hse.com/2026/07/202607301504388929893_large.jpg"", ""https://i1.28hse.com/2026/07/202607301504405879249_large.jpg"", ""https://i1.28hse.com/2026/07/202607301504418522382_large.jpg"", ""https://i1.28hse.com/2026/07/202607301504434862957_large.jpg"", ""https://i1.28hse.com/2026/07/202607301504453533902_large.jpg"", ""https://i1.28hse.com/2026/07/202607301504471017703_large.jpg"", ""https://i1.28hse.com/2026/07/202607301504485127510_large.jpg"", ""https://i1.28hse.com/estate_data/82/26929/FLOOR/26929_20240628172057879557_thumb.jpg"", ""https://i1.28hse.com/estate_data/82/26929/UNIT/26929_20240628172138454788_thumb.jpg""]",,,30591,4239,34829,2932500,17708,10531348,6273969,-1989435,3343889,-5333324
3935707,可試$838萬 開揚市景兩房 有匙即睇 歡迎查詢,荃灣,私人屋苑/億京,8500000,423,2,1,中層,開放式廚房,6,利嘉閣地產有限公司,https://i1.28hse.com/2026/07/202607191701151888285_thumb.jpg,https://www.28hse.com/buy/apartment/property-3935707,2026-08-06T17:33:59.496264+00:00,2026-08-06T18:34:09.828762+00:00,映日灣,,新界荃灣映日灣 楊屋道88號,可試$838萬 開揚市景兩房 有匙即睇 歡迎查詢,22.366989,114.1175,,,,,,2026-07-17T15:52:09+08:00,2026-07-19T17:02:21+08:00,2026-08-16T15:52:09+08:00,"[""https://i1.28hse.com/2026/07/202607191701167288639_large.jpg"", ""https://i1.28hse.com/2026/07/202607191701176537780_large.jpg"", ""https://i1.28hse.com/2026/07/202607191701185118816_large.jpg"", ""https://i1.28hse.com/2026/07/202607191701192770804_large.jpg"", ""https://i1.28hse.com/2026/07/202607191701195780989_large.jpg"", ""https://i1.28hse.com/2026/07/202607191701193836508_large.jpg"", ""https://i1.28hse.com/estate_data/113/23035/FLOOR/23035_20231213161356481357_thumb.jpg"", ""https://i1.28hse.com/estate_data/113/23035/UNIT/23035_20231213161526274944_thumb.jpg""]",,,30591,4383,34973,2932500,17708,10582366,6273969,-2088341,3343889,-5432230
3961011,了解市場走勢專業推介 誠信可靠 耐心解答 田小姐98l53359,荃灣,私人屋苑/新世界,8500000,421,1,,中層,,8,中原地產,https://i1.28hse.com/2026/08/202608051629227800277_thumb.jpg,https://www.28hse.com/buy/apartment/property-3961011,2026-08-06T17:33:59.496264+00:00,2026-08-06T18:30:29.055683+00:00,柏傲灣,,新界荃灣柏傲灣 永順街51號,"有海景, 罕有放盤, 海景, 中心旺地",22.366022,114.112686,,,,,,2026-08-05T16:29:36+08:00,2026-08-05T16:29:36+08:00,2026-09-04T16:29:36+08:00,"[""https://i1.28hse.com/2026/08/202608051629231245715_large.jpg"", ""https://i1.28hse.com/2026/08/202608051629241274097_large.jpg"", ""https://i1.28hse.com/2026/08/202608051629258590850_large.jpg"", ""https://i1.28hse.com/2026/08/202608051629277583491_large.jpg"", ""https://i1.28hse.com/2026/08/20260805162928824103_large.jpg"", ""https://i1.28hse.com/estate_data/113/22100/FLOOR/22100_20240208104522957567_thumb.jpg"", ""https://i1.28hse.com/estate_data/113/22100/UNIT/22100_20240208104646415825_thumb.jpg""]",,,30591,4374,34964,2932500,17708,10579177,6273969,-2082159,3343889,-5426049
3821322,市區全新樓實用大2房*旺中帶靜*罕有主教山景!,長沙灣,私人屋苑/洋樓/單幢式大廈/恒基,8500000,411,2,1,中層,開放式廚房,1,鴻發地產物業,https://i1.28hse.com/2026/04/202604232343186251019_thumb.jpg,https://www.28hse.com/buy/apartment/property-3821322,2026-08-06T17:33:59.496264+00:00,2026-08-06T18:07:49.152895+00:00,曉柏峰,,九龍長沙灣曉柏峰 西洋菜北街456號,連約,22.329708,114.16713,,,,,,2026-07-15T13:52:15+08:00,2026-07-15T13:52:15+08:00,2026-09-13T13:52:15+08:00,"[""https://i1.28hse.com/2026/04/202604232343188131563_large.jpg"", ""https://i1.28hse.com/2026/04/202604232343183380476_large.jpg"", ""https://i1.28hse.com/2026/04/202604232343194206068_large.jpg"", ""https://i1.28hse.com/2026/04/202604232343192023533_large.jpg"", ""https://i1.28hse.com/2026/04/202604232343203531711_large.jpg"", ""https://i1.28hse.com/2026/04/202604232343203457399_large.jpg"", ""https://i1.28hse.com/2026/04/202604232343202323824_large.jpg"", ""https://i1.28hse.com/2026/04/202604232343214247973_large.jpg"", ""https://i1.28hse.com/2026/04/202604232343217005996_large.jpg"", ""https://i1.28hse.com/2026/04/202604232343221445384_large.jpg""]",,,30591,4329,34919,2932500,17708,10563234,6273969,-2051251,3343889,-5395141
3939570,「真實盤源·帶票睇樓」激荀2房，歡迎約睇,長沙灣,私人屋苑/中國恒大,8500000,408,2,1,中層,開放式廚房,5,香港置業,https://i1.28hse.com/2026/07/202607201521594407121_thumb.jpg,https://www.28hse.com/buy/apartment/property-3939570,2026-08-06T17:33:59.496264+00:00,2026-08-06T18:07:30.568462+00:00,睿峰,,九龍長沙灣睿峰 東京街29 號,"-------24小時接聽回覆Whatsapp-------------
ღ專業可靠貼心一站式服務ღ
專車接送
售前壓測,首期,供款計算
物業估價
銀行按揭上會
法律咨詢",22.336008,114.158035,,,明火煮食,,,2026-07-20T15:22:08+08:00,2026-07-20T15:22:08+08:00,2026-09-18T15:22:08+08:00,"[""https://i1.28hse.com/2026/07/202607201521597049572_large.jpg"", ""https://i1.28hse.com/2026/07/2026072015215973154_large.jpg"", ""https://i1.28hse.com/2026/07/202607201522001081606_large.jpg"", ""https://i1.28hse.com/2026/07/202607201522008566697_large.jpg"", ""https://i1.28hse.com/2026/07/202607201522007729661_large.jpg"", ""https://i1.28hse.com/estate_data/63/23218/FLOOR/23218_20231221163520112958_thumb.jpg"", ""https://i1.28hse.com/estate_data/63/23218/UNIT/23218_20231221163549254366_thumb.jpg""]",,,30591,4315,34906,2932500,17708,10558451,6273969,-2041979,3343889,-5385868
3941245,業主急售/地鐵旁市區半新樓/劈價筍盤/睿峰東南兩房/靚層數/收租皇/投資自住精選,長沙灣,私人屋苑/中國恒大,8500000,408,2,1,中層,開放式廚房,5,中原地產代理限公司,https://i1.28hse.com/2026/07/202607211929043560478_thumb.jpg,https://www.28hse.com/buy/apartment/property-3941245,2026-08-06T17:33:59.496264+00:00,2026-08-06T18:07:24.976537+00:00,睿峰,,九龍長沙灣睿峰 東京街29 號,"Christina Leung 67!38826 成交議價專家，星級代理
獲公司認證：「最佳服務獎」「優質服務好評」最多最齊真實筍盤，最有效率、最貼市 專業置業顧問
提供物業估價，按揭轉介及法律諮詢，售後服務 租務管理、驗樓裝修、水電煤 差餉轉名一條龍服務
24小時查詢 即時回覆 ，有問必答，有效解決問題，把握機會！",22.336008,114.158035,,,明火煮食,,,2026-07-21T19:29:10+08:00,2026-07-21T19:29:10+08:00,2026-08-20T19:29:10+08:00,"[""https://i1.28hse.com/2026/07/202607211929047833838_large.jpg"", ""https://i1.28hse.com/2026/07/20260721192905805060_large.jpg"", ""https://i1.28hse.com/2026/07/202607211929057138204_large.jpg"", ""https://i1.28hse.com/2026/07/202607211929068506462_large.jpg"", ""https://i1.28hse.com/2026/07/202607211929061685692_large.jpg"", ""https://i1.28hse.com/2026/07/202607211929067332882_large.jpg"", ""https://i1.28hse.com/2026/07/202607211929072691691_large.jpg"", ""https://i1.28hse.com/2026/07/202607211929075893677_large.jpg"", ""https://i1.28hse.com/2026/07/202607211929077964995_large.jpg"", ""https://i1.28hse.com/2026/07/202607211929082228807_large.jpg"", ""https://i1.28hse.com/2026/07/202607211929084898137_large.jpg"", ""https://i1.28hse.com/2026/07/202607211929091703913_large.jpg"", ""https://i1.28hse.com/2026/07/202607211929098596121_large.jpg"", ""https://i1.28hse.com/2026/07/202607211929098170902_large.jpg"", ""https://i1.28hse.com/estate_data/63/23218/FLOOR/23218_20231221163520112958_thumb.jpg"", ""https://i1.28hse.com/estate_data/63/23218/UNIT/23218_20231221163549254366_thumb.jpg""]",,,30591,4315,34906,2932500,17708,10558451,6273969,-2041979,3343889,-5385868
3944064,"平絕低水二房,接近全新,有票還價即成,收租神器,投資首選.",長沙灣,私人屋苑/萬科香港,8500000,401,2,,,,,利嘉閣地產有限公司,https://i1.28hse.com/2026/07/202607232000216823824_thumb.jpg,https://www.28hse.com/buy/apartment/property-3944064,2026-08-06T17:33:59.496264+00:00,2026-08-06T18:07:17.610470+00:00,連方 連方 I,,九龍長沙灣連方連方 I 醫局街233號,"筍價出售,價錢可議 
歡迎24小時致電6677O465或WhatsApp 查詢
提供專業一條龍服務
最新成交記錄
一二手筍盤推介
買賣/租賃.......",22.329311,114.158195,,,,,,2026-07-23T20:00:37+08:00,2026-07-23T20:00:37+08:00,2026-08-22T20:00:37+08:00,"[""https://i1.28hse.com/2026/07/202607232000227872916_large.jpg"", ""https://i1.28hse.com/2026/07/202607232000226992600_large.jpg"", ""https://i1.28hse.com/2026/07/2026072320002275513_large.jpg"", ""https://i1.28hse.com/2026/07/202607232000238461674_large.jpg"", ""https://i1.28hse.com/2026/07/202607232000234125431_large.jpg"", ""https://i1.28hse.com/2026/07/202607232000231671064_large.jpg"", ""https://i1.28hse.com/2026/07/202607232000241136504_large.jpg"", ""https://i1.28hse.com/2026/07/202607232000243211978_large.jpg"", ""https://i1.28hse.com/2026/07/202607232000252902178_large.jpg"", ""https://i1.28hse.com/2026/07/202607232000265586599_large.jpg"", ""https://i1.28hse.com/2026/07/202607232000271013891_large.jpg"", ""https://i1.28hse.com/estate_data/63/25455/FLOOR/25455_20231117043004658757_thumb.jpg"", ""https://i1.28hse.com/estate_data/63/25455/UNIT/25455_20231117043016468331_thumb.jpg""]",,,30591,4284,34874,2932500,17708,10547291,6273969,-2020343,3343889,-5364232
3942743,【南昌站頂】【可試$828萬有票儘傾】【即買即收租】【回報超4%】【來電儘傾】,南昌,私人屋苑/新鴻基,8550000,362,1,,中層,,8,中原地產-長沙灣映築分行,https://i1.28hse.com/2026/07/202607222312082986197_thumb.jpg,https://www.28hse.com/buy/apartment/property-3942743,2026-08-06T17:33:59.496264+00:00,2026-08-06T18:12:28.411158+00:00,匯璽 匯璽II(3期),,九龍南昌匯璽匯璽II(3期)  深旺道28號,"微信号：ivanyiphk
专营西九龙一二手买卖及租务
欢迎致电 / Whatsapp / WeChat 查询
买卖流程、按揭资讯、律师支援24小时服务
●最新最快最贴市场价钱
●立即查询尽快回覆
●大量优质笋盘提供
●免费物业转按查询
●免费物业按揭服务
●免费律师转介
●免费装修转介
●免费水电煤差饷地租转名",22.326479,114.155045,,,,,,2026-07-22T23:14:22+08:00,2026-07-22T23:14:22+08:00,2026-08-21T23:14:22+08:00,"[""https://i1.28hse.com/2026/07/202607222312088832240_large.jpg"", ""https://i1.28hse.com/2026/07/202607222312095305565_large.jpg"", ""https://i1.28hse.com/2026/07/202607222312096219459_large.jpg"", ""https://i1.28hse.com/2026/07/202607222312101849002_large.jpg"", ""https://i1.28hse.com/2026/07/202607222312104011655_large.jpg"", ""https://i1.28hse.com/2026/07/20260722231211618372_large.jpg"", ""https://i1.28hse.com/2026/07/202607222312118940557_large.jpg"", ""https://i1.28hse.com/2026/07/20260722231212133125_large.jpg"", ""https://i1.28hse.com/2026/07/202607222312128320556_large.jpg"", ""https://i1.28hse.com/estate_data/26333/22185/FLOOR/22185_20231208163613945931_thumb.jpg"", ""https://i1.28hse.com/estate_data/26333/22185/UNIT/22185_20231208163902339972_thumb.jpg""]",,,30771,4123,34894,2949750,17812,10543394,6310875,-1924065,3343889,-5267954
