listing_id,title,district,property_type,price_hkd,usable_area_sqft,bedrooms,bathrooms,agency,image_url,url,fetched_at
3962888,上環荷里活道聚賢居荀盤,上環,聚賢居,8500000,400,2,1,利嘉閣地產有限公司,https://i1.28hse.com/2026/08/202608061917105851083_thumb.jpg,https://www.28hse.com/buy/apartment/property-3962888,2026-08-06T17:33:59.496264+00:00
3961467,"中環半山，大大間2房戶, 自住清靜首選",上環,裕林臺3號,6980000,480,2,,美聯物業,https://i1.28hse.com/2026/08/202608051933547582681_thumb.jpg,https://www.28hse.com/buy/apartment/property-3961467,2026-08-06T17:33:59.496264+00:00
3961438,近地鐵，實用型2房， 20多年樓齡，大廳大房格局,上環,英華閣,8300000,466,2,,美聯物業,https://i1.28hse.com/2026/08/202608051919188817168_thumb.jpg,https://www.28hse.com/buy/apartment/property-3961438,2026-08-06T17:33:59.496264+00:00
3956675,告別將就！在上環市中心，給自己一個「一步到位」的家,上環,新成大廈,6380000,436,2,1,金诚物业代理有限公司,https://i1.28hse.com/2026/08/202608021603351482462_thumb.jpg,https://www.28hse.com/buy/apartment/property-3956675,2026-08-06T17:33:59.496264+00:00
3956069,靚裝修一房鄰近中環PMQ,上環,匡景居,7400000,367,1,,利嘉閣地產有限公司,https://i1.28hse.com/2026/08/202608021126585631094_thumb.jpg,https://www.28hse.com/buy/apartment/property-3956069,2026-08-06T17:33:59.496264+00:00
3618532,✿核心地段❀實用兩室✿開陽光猛❀歡迎查詢✿,上環,新成大廈,4880000,367,2,1,世紀21聯動(西環),https://i1.28hse.com/2026/06/202606162330418004797_thumb.jpg,https://www.28hse.com/buy/apartment/property-3618532,2026-08-06T17:33:59.496264+00:00
3955280,"筍盤, 地點優靜",上環,欣翠閣,8000000,525,3,1,宜居物業顧問有限公司,https://i1.28hse.com/2026/08/202608011658294282443_thumb.jpg,https://www.28hse.com/buy/apartment/property-3955280,2026-08-06T17:33:59.496264+00:00
3954965,還價即成｜上環荀盤｜新成大廈｜兩房八成實用｜上車首選,上環,新成大廈,4860000,367,2,1,天立地產有限公司,https://i1.28hse.com/2026/08/202608011434562285205_thumb.jpg,https://www.28hse.com/buy/apartment/property-3954965,2026-08-06T17:33:59.496264+00:00
3954936,上環荀盤｜新成大廈｜皇后大道西｜中高層兩房｜光猛四正｜八成實用｜上車首選,上環,新成大廈,6360000,436,2,1,天立地產有限公司,https://i1.28hse.com/2026/08/202608011419195851804_thumb.jpg,https://www.28hse.com/buy/apartment/property-3954936,2026-08-06T17:33:59.496264+00:00
3954563,**低於估價 平過成交** 優質地段 名牌屋苑,上環,聚賢居,8500000,400,2,1,利嘉閣地產有限公司,https://i1.28hse.com/2026/08/202608011055488083392_thumb.jpg,https://www.28hse.com/buy/apartment/property-3954563,2026-08-06T17:33:59.496264+00:00
3684730,上環《康威花園 2房 放售》有裝修,上環,康威花園,6800000,425,2,1,富裕地產,https://i1.28hse.com/2026/04/202604102326327829001_thumb.jpg,https://www.28hse.com/buy/apartment/property-3684730,2026-08-06T17:33:59.496264+00:00
3949789,［帝后地產-專營上環］筍盤|欣翠閣|522呎實用三房|近地鐵近學校|投資自住皆宜,上環,欣翠閣,8000000,525,3,,帝后地產有限公司,https://i1.28hse.com/2026/07/202607281636002994630_thumb.jpg,https://www.28hse.com/buy/apartment/property-3949789,2026-08-06T17:33:59.496264+00:00
3948807,匡景居1房新裝修,上環,匡景居,7400000,367,1,1,中寶物業代理,https://i1.28hse.com/2026/07/202607271823555983686_thumb.jpg,https://www.28hse.com/buy/apartment/property-3948807,2026-08-06T17:33:59.496264+00:00
3685674,罕有放盤！實用大一房 大廈已維修 近上環站！,上環,豪景臺,6700000,393,1,1,擎天地產代理,https://i1.28hse.com/2026/02/202602231821388820658_thumb.jpg,https://www.28hse.com/buy/apartment/property-3685674,2026-08-06T17:33:59.496264+00:00
2989698,⧬ 拎包入住⧭ 優越地理位置⧬ 輕奢大一室⧭ 歡迎查詢⧬,上環,匡景居,7400000,367,1,1,世紀21聯動(西環),https://i1.28hse.com/2026/07/202607271513127914272_thumb.jpg,https://www.28hse.com/buy/apartment/property-2989698,2026-08-06T17:33:59.496264+00:00
3946375,靚裝中上環Soho區 交通方便,上環,匡景居,7400000,367,1,1,三寶地產有限公司,https://i1.28hse.com/2026/07/202607251636545888022_thumb.jpg,https://www.28hse.com/buy/apartment/property-3946375,2026-08-06T17:33:59.496264+00:00
3946355,"1房@中環,近Soho,PMQ,靚裝修1房,自住式收租精選",上環,匡景居,7400000,367,1,1,盈家物業代理有限公司,https://i1.28hse.com/2026/07/202607251629354172486_thumb.jpg,https://www.28hse.com/buy/apartment/property-3946355,2026-08-06T17:33:59.496264+00:00
3946110,"鄰近港鐵, 隔間實用",上環,康威花園,6800000,425,2,1,宜居物業顧問有限公司,https://i1.28hse.com/2026/07/202607251432285779215_thumb.jpg,https://www.28hse.com/buy/apartment/property-3946110,2026-08-06T17:33:59.496264+00:00
3945373,"2房改一房,上環(四方街),有裝修！",上環,豪景臺,6700000,393,1,1,立信地產,https://i1.28hse.com/2026/07/20260724184545717456_thumb.jpg,https://www.28hse.com/buy/apartment/property-3945373,2026-08-06T17:33:59.496264+00:00
3942573,。。相熟業主 可交吉有視頻 約我看。。,上環,豪景臺,7000000,396,1,1,盈家物業代理有限公司,https://i1.28hse.com/2026/07/202607221929265446255_thumb.jpg,https://www.28hse.com/buy/apartment/property-3942573,2026-08-06T17:33:59.496264+00:00
3940938,中環PMQ大一房 近扶手梯 上車首選,上環,匡景居,7400000,367,1,1,擎天地產代理,https://i1.28hse.com/2026/07/202607211658402206980_thumb.jpg,https://www.28hse.com/buy/apartment/property-3940938,2026-08-06T17:33:59.496264+00:00
3940463,中環大1房，旺中帶靜，可以交吉,上環,匡景居,7400000,367,1,1,風信地產,https://i1.28hse.com/2026/07/202607211308066393072_thumb.jpg,https://www.28hse.com/buy/apartment/property-3940463,2026-08-06T17:33:59.496264+00:00
3938964,近地鉄，有裝修、兩房改一房，好收租,上環,寶泰大廈,5500000,357,1,,上環地產代理有限公司,https://i1.28hse.com/2026/07/202607191956454387564_thumb.jpg,https://www.28hse.com/buy/apartment/property-3938964,2026-08-06T17:33:59.496264+00:00
3936788,中環福蔭閣高層2房｜全新裝修實用393呎｜步行達中環站,中環,福蔭閣,7280000,409,2,,利嘉閣地產有限公司,https://i1.28hse.com/2026/07/202607181135124374249_thumb.jpg,https://www.28hse.com/buy/apartment/property-3936788,2026-08-06T17:33:59.496264+00:00
3934879,[[*上車盤*]] 大型屋苑帝后華庭，價錢可議，啱晒一家大細住,上環,帝后華庭,8500000,393,2,1,柏嶺地產代理有限公司,https://i1.28hse.com/2026/07/202607162030436470388_thumb.jpg,https://www.28hse.com/buy/apartment/property-3934879,2026-08-06T17:33:59.496264+00:00
3933393,設計師裝修 大窗設計 採光度高 | 中環核心地段,上環,中央大廈,6980000,600,1,1,專業地產,https://i1.28hse.com/2026/07/202607151810104887211_thumb.jpg,https://www.28hse.com/buy/apartment/property-3933393,2026-08-06T17:33:59.496264+00:00
3835697,上環指標屋苑 帝后華庭 2房靚裝,上環,帝后華庭,8500000,393,2,1,金誠物業代理有限公司,https://i1.28hse.com/2026/06/202606061153346655980_thumb.jpg,https://www.28hse.com/buy/apartment/property-3835697,2026-08-06T17:33:59.496264+00:00
3887512,2房2廳 間格實用 可自製3房 已做大維修,上環,新成大廈,6380000,436,2,1,金誠物業代理有限公司,https://i1.28hse.com/2026/06/202606121319221710191_thumb.jpg,https://www.28hse.com/buy/apartment/property-3887512,2026-08-06T17:33:59.496264+00:00
3932505,［帝后地產-專營上環］帝后華庭優質實用兩房連租約出售，齊家電！有意來電查詢！,上環,帝后華庭,8500000,393,2,,帝后地產有限公司,https://i1.28hse.com/2026/07/202607150939386125961_thumb.jpg,https://www.28hse.com/buy/apartment/property-3932505,2026-08-06T17:33:59.496264+00:00
3928608,中環一房精選︱黃金核心地段︱可步行至IFC︱歡迎預約,上環,匡景居,7400000,367,1,1,利嘉閣地產有限公司,https://i1.28hse.com/2026/07/202607221940164610789_thumb.jpg,https://www.28hse.com/buy/apartment/property-3928608,2026-08-06T17:33:59.496264+00:00
3926958,合隆大廈｜高陞街｜兩房｜新裝企理｜近港鐵｜可約睇樓,上環,合隆大廈,4380000,495,2,1,天立地產有限公司,https://i1.28hse.com/2026/07/202607101855152047591_thumb.jpg,https://www.28hse.com/buy/apartment/property-3926958,2026-08-06T17:33:59.496264+00:00
3924748,中環核心地段 | 低水筍盤 收租首選 回報理想,中環,萬城閣,6880000,397,1,1,專業地產,https://i1.28hse.com/2026/07/202607091441516870800_thumb.jpg,https://www.28hse.com/buy/apartment/property-3924748,2026-08-06T17:33:59.496264+00:00
3923120,上環難得筍盤，隨時可以約看,上環,金閣大廈,4880000,358,2,,利嘉閣地產有限公司,https://i1.28hse.com/2026/07/20260708134133222806_thumb.jpg,https://www.28hse.com/buy/apartment/property-3923120,2026-08-06T17:33:59.496264+00:00
3922685,✿超實用❀可改三房✿強勁11校網❀歡迎預約✿,上環,新成大廈,6500000,436,2,1,世紀21聯動(西環),https://i1.28hse.com/2026/07/20260707230601923793_thumb.jpg,https://www.28hse.com/buy/apartment/property-3922685,2026-08-06T17:33:59.496264+00:00
3919710,上環筍盤！美意居兩房 帝后華庭對面 連租約買 戶型方正 到價即簽,上環,美意居,6200000,372,2,1,利嘉閣地產有限公司,https://i1.28hse.com/2026/07/202607052015044568760_thumb.jpg,https://www.28hse.com/buy/apartment/property-3919710,2026-08-06T17:33:59.496264+00:00
3918304,原則兩房改大一房 梗廚明厠 全屋雅緻靚裝 優質貼估價貨！必走！歡迎約睇！,上環,匡景居,7400000,367,1,1,利嘉閣地產有限公司,https://i1.28hse.com/2026/07/202607291827181465630_thumb.jpg,https://www.28hse.com/buy/apartment/property-3918304,2026-08-06T17:33:59.496264+00:00
3916533,金閣大廈 2房雅裝 鄰近上環站,上環,金閣大廈,4880000,358,2,1,金誠物業代理有限公司,https://i1.28hse.com/2026/07/202607131804307547018_thumb.jpg,https://www.28hse.com/buy/apartment/property-3916533,2026-08-06T17:33:59.496264+00:00
3915633,［帝后地產-專營上環］新成大廈中層大兩房有售，齊家電採光好，靚裝即住，上車首選！,上環,新成大廈,6580000,438,2,,帝后地產有限公司,https://i1.28hse.com/2026/07/202607051431538668326_thumb.jpg,https://www.28hse.com/buy/apartment/property-3915633,2026-08-06T17:33:59.496264+00:00
3914535,中環核心區罕有放售@12xxx,中環,榮華大廈,5000000,403,2,1,中原地產代理有限公司,https://i1.28hse.com/2026/07/20260702171726868123_thumb.jpg,https://www.28hse.com/buy/apartment/property-3914535,2026-08-06T17:33:59.496264+00:00
3909653,【CBD中環地段】✮豪裝兩房✮【高層開陽多窗】【 市場罕有 】,中環,福蔭閣,7280000,409,2,1,駿景地產代理有限公司,https://i1.28hse.com/2026/06/2026062821504721679_thumb.jpg,https://www.28hse.com/buy/apartment/property-3909653,2026-08-06T17:33:59.496264+00:00
3808396,蘇豪區上車盤 自住投資皆可,上環,匡景居,7380000,351,2,1,柏嶺地產代理有限公司,https://i1.28hse.com/2026/05/20260522181759195120_thumb.jpg,https://www.28hse.com/buy/apartment/property-3808396,2026-08-06T17:33:59.496264+00:00
3901257,Soho 核心地段 毗鄰半山扶手電梯 | 清新簡約裝修 實用舒適,中環,些利街14號,6500000,501,2,2,專業地產,https://i1.28hse.com/2026/07/202607291414388197468_thumb.jpg,https://www.28hse.com/buy/apartment/property-3901257,2026-08-06T17:33:59.496264+00:00
3900769,*** 投資首選：美意居 激筍1房 即買即收租 ***,上環,美意居,6500000,372,1,1,金诚物业代理有限公司,https://i1.28hse.com/2026/06/202606211925477084131_thumb.jpg,https://www.28hse.com/buy/apartment/property-3900769,2026-08-06T17:33:59.496264+00:00
3736335,♛上環核心地段⦿屋苑管理♛兩房間隔⦿歡迎查詢♛,上環,康威花園,6480000,412,2,1,世紀21聯動(西環),https://i1.28hse.com/2026/03/202603282233207990883_thumb.jpg,https://www.28hse.com/buy/apartment/property-3736335,2026-08-06T17:33:59.496264+00:00
3895330,[[*保證實盤*]] 月內必走盤，中上環1房，即買即住即收租,上環,匡景居,7400000,367,1,1,柏嶺地產代理有限公司,https://i1.28hse.com/2026/07/202607251841384131076_thumb.jpg,https://www.28hse.com/buy/apartment/property-3895330,2026-08-06T17:33:59.496264+00:00
3810452,2房、已換新電梯、5分鐘地鐵、衣食住行應有盡有,上環,永生大廈,5100000,412,2,1,富裕地產,https://i1.28hse.com/2026/07/202607221712288013418_thumb.jpg,https://www.28hse.com/buy/apartment/property-3810452,2026-08-06T17:33:59.496264+00:00
3891310,一大房高層新裝近地鐵,上環,安榮大廈,5350000,356,1,1,,https://i1.28hse.com/2026/06/202606141753204663817_thumb.jpg,https://www.28hse.com/buy/apartment/property-3891310,2026-08-06T17:33:59.496264+00:00
3890161,上環方正實用3房 樓齡新 歡迎參觀,上環,欣翠閣,8000000,525,3,1,柏嶺地產代理有限公司,https://i1.28hse.com/2026/07/202607202131486528583_thumb.jpg,https://www.28hse.com/buy/apartment/property-3890161,2026-08-06T17:33:59.496264+00:00
3890126,上环业主急售！元创方对面大一房原两房｜业主平价跟银行估价放售,上環,匡景居,7400000,367,1,,利嘉閣地產有限公司,https://i1.28hse.com/2026/08/202608022021096452424_thumb.jpg,https://www.28hse.com/buy/apartment/property-3890126,2026-08-06T17:33:59.496264+00:00
3890070,預約看|銀行估足價|鄰近地鐵站|中層兩房|11校網,上環,英華閣,8300000,466,2,,美聯物業,https://i1.28hse.com/2026/06/202606131808162626599_thumb.jpg,https://www.28hse.com/buy/apartment/property-3890070,2026-08-06T17:33:59.496264+00:00
3799689,富裕推介靚盤~順景雅庭-大房大廳｜實用367呎｜上環近荷李活道｜還價即成快者得,上環,順景雅庭,7200000,367,1,1,富裕地產,https://i1.28hse.com/2026/04/202604061256131321590_thumb.jpg,https://www.28hse.com/buy/apartment/property-3799689,2026-08-06T17:33:59.496264+00:00
3888408,上環地鐵站旁，永輝大廈極高層單位,上環,永輝大廈,6500000,421,2,2,利嘉閣地產有限公司,https://i1.28hse.com/2026/07/202607301521166525290_thumb.jpg,https://www.28hse.com/buy/apartment/property-3888408,2026-08-06T17:33:59.496264+00:00
3888024,『Fanny推介』上車投資，soho area 歡迎約睇,上環,雍翠臺,7500000,378,1,1,柏嶺地產代理有限公司,https://i1.28hse.com/2026/06/202606181854332167995_thumb.jpg,https://www.28hse.com/buy/apartment/property-3888024,2026-08-06T17:33:59.496264+00:00
3885427,高層靓裝，開陽景觀，三房改一房,上環,雍翠臺,7500000,378,1,1,柏嶺地產代理有限公司,https://i1.28hse.com/2026/07/202607191439058486563_thumb.jpg,https://www.28hse.com/buy/apartment/property-3885427,2026-08-06T17:33:59.496264+00:00
3731230,2房、已換新電梯、已做大維修、3分鐘地鐵,上環,金閣大廈,4880000,358,2,1,富裕地產,https://i1.28hse.com/2026/07/202607021017296969806_thumb.jpg,https://www.28hse.com/buy/apartment/property-3731230,2026-08-06T17:33:59.496264+00:00
3799903,"2房@上環筍盤,有lift,獨家代理",上環,永生大廈,4600000,412,2,1,盈家物業代理有限公司,https://i1.28hse.com/2026/04/202604061502218026283_thumb.jpg,https://www.28hse.com/buy/apartment/property-3799903,2026-08-06T17:33:59.496264+00:00
3881308,中環核心雅盈峰旁2房梗廚700萬荀盤收租回報4里隨時約睇價格可議,中環,福蔭閣,7000000,409,2,,利嘉閣地產有限公司,https://i1.28hse.com/2026/07/202607151714424007975_thumb.jpg,https://www.28hse.com/buy/apartment/property-3881308,2026-08-06T17:33:59.496264+00:00
3881257,中上環兩房︱罕有放盤︱雅緻裝修,上環,雍翠臺,7500000,378,2,1,利嘉閣地產有限公司,https://i1.28hse.com/2026/06/202606071923472821250_thumb.jpg,https://www.28hse.com/buy/apartment/property-3881257,2026-08-06T17:33:59.496264+00:00
3880662,中環靚裝1房,上環,匡景居,7400000,367,1,1,柏嶺地產代理有限公司,https://i1.28hse.com/2026/08/202608011712288318840_thumb.jpg,https://www.28hse.com/buy/apartment/property-3880662,2026-08-06T17:33:59.496264+00:00
3962784,**即約即睇** 兩房靚則近地鐵 年頭價錢 超筍價,西營盤,怡豐閣,7000000,438,2,1,利嘉閣地產有限公司,https://i1.28hse.com/2026/08/202608061831068670400_thumb.jpg,https://www.28hse.com/buy/apartment/property-3962784,2026-08-06T17:33:59.496264+00:00
3962719,11名校網， 3房 開揚 筍！,西營盤,怡豐閣,7000000,438,2,1,匯璟物業代理有限公司,https://i1.28hse.com/2026/08/202608061812275125719_thumb.jpg,https://www.28hse.com/buy/apartment/property-3962719,2026-08-06T17:33:59.496264+00:00
3962625,罕有三房，438尺原積三房一廳合投資近港大（筍）！！！,西營盤,怡豐閣,7000000,438,3,1,美滿地產,https://i1.28hse.com/2026/08/202608061730458867015_thumb.jpg,https://www.28hse.com/buy/apartment/property-3962625,2026-08-06T17:33:59.496264+00:00
3961743,業主割愛自讓，3間套房，租金可觀，容易管理，自用皆可，可博收購,石塘咀,得富大樓,6380000,670,3,3,,https://i1.28hse.com/2026/08/202608060114206032404_thumb.jpg,https://www.28hse.com/buy/apartment/property-3961743,2026-08-06T17:33:59.496264+00:00
3960833,中西區 四正實用 上車/投資首選,西營盤,良基大廈,5350000,382,2,,集成物業,https://i1.28hse.com/2026/08/202608051513513387519_thumb.jpg,https://www.28hse.com/buy/apartment/property-3960833,2026-08-06T17:33:59.496264+00:00
3862997,港大地鐵站 均益一期 靚裝修向南兩房大廳即住,石塘咀,均益大廈1期,4480000,370,2,1,卓越地產有限公司,https://i1.28hse.com/2026/05/202605260042167832288_thumb.jpg,https://www.28hse.com/buy/apartment/property-3862997,2026-08-06T17:33:59.496264+00:00
3955703,【西營盤極罕】HKU旁精緻2房 低總價高投報！僅售$560萬,西營盤,真光大廈,5600000,417,2,1,金诚物业代理有限公司,https://i1.28hse.com/2026/08/202608012014487337585_thumb.jpg,https://www.28hse.com/buy/apartment/property-3955703,2026-08-06T17:33:59.496264+00:00
3953120,中西區 西營盤 三房 四正實用 投資自用首選,西營盤,恆輝大廈,5400000,468,3,1,集成物業,https://i1.28hse.com/2026/07/202607311100091320410_thumb.jpg,https://www.28hse.com/buy/apartment/property-3953120,2026-08-06T17:33:59.496264+00:00
3952188,罕有放盤2房四正大房大廳,西營盤,良基大廈,5350000,382,2,,集成物業,https://i1.28hse.com/2026/07/202607301457137122973_thumb.jpg,https://www.28hse.com/buy/apartment/property-3952188,2026-08-06T17:33:59.496264+00:00
3857670,實用2房，鄰近地鐵站，名校網區，歡迎約睇,西營盤,真光大廈,5600000,417,2,1,尚越物業,https://i1.28hse.com/2026/05/202605211738183485992_thumb.jpg,https://www.28hse.com/buy/apartment/property-3857670,2026-08-06T17:33:59.496264+00:00
3949068,大道西唐3樓近地鐵站 2年前全新裝修已做3套房 合投資,西營盤,,4500000,368,3,3,良基置業,https://i1.28hse.com/2026/07/202607272355518369890_thumb.jpg,https://www.28hse.com/buy/apartment/property-3949068,2026-08-06T17:33:59.496264+00:00
3948064,1大房（可2房） 高層， 開揚， 實用， 近地鐵,西營盤,怡豐閣,5680000,354,1,,金暉物業,https://i1.28hse.com/2026/07/202607271251004667410_thumb.jpg,https://www.28hse.com/buy/apartment/property-3948064,2026-08-06T17:33:59.496264+00:00
3947308,**特平呎價** 開揚一房 鄰近大學 收租精選,西營盤,高雋閣,5380000,367,1,1,利嘉閣地產有限公司,https://i1.28hse.com/2026/07/202607261652177175666_thumb.jpg,https://www.28hse.com/buy/apartment/property-3947308,2026-08-06T17:33:59.496264+00:00
3947278,**短期交吉** 高街地標 新裝修 自住投資精選,西營盤,高雅閣,6500000,365,2,1,利嘉閣地產有限公司,https://i1.28hse.com/2026/07/202607261640424779476_thumb.jpg,https://www.28hse.com/buy/apartment/property-3947278,2026-08-06T17:33:59.496264+00:00
3837354,"2房@西營盤,高街,交通方便",西營盤,星輝大廈,5800000,424,2,1,盈家物業代理有限公司,https://i1.28hse.com/2026/07/202607252121366095796_thumb.jpg,https://www.28hse.com/buy/apartment/property-3837354,2026-08-06T17:33:59.496264+00:00
3940493,微信： [REDACTED] 一大房（可做兩房）靚裝，近梯旁， 地鐵,西營盤,楊華閣,7680000,375,1,1,金暉物業,https://i1.28hse.com/2026/07/202607211332147890659_thumb.jpg,https://www.28hse.com/buy/apartment/property-3940493,2026-08-06T17:33:59.496264+00:00
3940447,#金暉物業 | 2房連入契平台，近地鐵、港大，中西校網！,西營盤,真光大廈,5800000,381,2,1,金暉物業,https://i1.28hse.com/2026/07/202607211258108754888_thumb.jpg,https://www.28hse.com/buy/apartment/property-3940447,2026-08-06T17:33:59.496264+00:00
3939312,兩房開揚 雅致裝修 有匙即睇,西營盤,錦明閣,6350000,378,2,1,豪景地產公司,https://i1.28hse.com/2026/07/20260720120211200623_thumb.jpg,https://www.28hse.com/buy/apartment/property-3939312,2026-08-06T17:33:59.496264+00:00
3894392,高层向南清静有票即走,石塘咀,美新樓,4700000,366,2,1,西區物業顧問行,https://i1.28hse.com/2026/06/202606162301502651632_thumb.jpg,https://www.28hse.com/buy/apartment/property-3894392,2026-08-06T17:33:59.496264+00:00
3936743,#金暉物業 高層 連約出售 可2房,西營盤,怡豐閣,5580000,354,1,1,金暉物業,https://i1.28hse.com/2026/07/202607181058357009373_thumb.jpg,https://www.28hse.com/buy/apartment/property-3936743,2026-08-06T17:33:59.496264+00:00
3936411,罕有高層，實用率高，鄰近香港大學及港鐵站，自住投資首選,西營盤,怡景花園,6980000,399,2,1,尚越物業,https://i1.28hse.com/2026/07/202607171942278571052_thumb.jpg,https://www.28hse.com/buy/apartment/property-3936411,2026-08-06T17:33:59.496264+00:00
3810628,近港鐵站，非常實用,石塘咀,得富大樓,6300000,618,2,1,三寶地產有限公司,https://i1.28hse.com/2026/04/202604151301116853117_thumb.jpg,https://www.28hse.com/buy/apartment/property-3810628,2026-08-06T17:33:59.496264+00:00
3933921,2房一厅，向南高层可3房抵买，还价即成,石塘咀,美新樓,4700000,366,2,1,西區物業顧問行,https://i1.28hse.com/2026/07/20260721234915485728_thumb.jpg,https://www.28hse.com/buy/apartment/property-3933921,2026-08-06T17:33:59.496264+00:00
2967320,少見低價,西營盤,均益大廈3期,4100000,374,1,1,大昌地產代理公司,https://i1.28hse.com/2026/04/202604301140012711732_thumb.jpg,https://www.28hse.com/buy/apartment/property-2967320,2026-08-06T17:33:59.496264+00:00
3704041,德東樓三房一廳大單位,西營盤,德東樓,5300000,583,3,1,豪景地產,https://i1.28hse.com/2026/03/202603191251183144339_thumb.jpg,https://www.28hse.com/buy/apartment/property-3704041,2026-08-06T17:33:59.496264+00:00
3930429,單邊多窗清靜3房,石塘咀,再發大廈,4500000,466,3,,集成物業,https://i1.28hse.com/2026/07/20260730150610592157_thumb.jpg,https://www.28hse.com/buy/apartment/property-3930429,2026-08-06T17:33:59.496264+00:00
3928545,皇后大道西393號,西營盤,皇后大道西393號,3980000,353,1,1,,https://i1.28hse.com/2026/07/202607121530565967939_thumb.jpg,https://www.28hse.com/buy/apartment/property-3928545,2026-08-06T17:33:59.496264+00:00
3928639,西園終於有盤放，可以隨時約睇樓,西營盤,西園,7500000,426,2,,利嘉閣地產有限公司,https://i1.28hse.com/2026/07/20260719141558151923_thumb.jpg,https://www.28hse.com/buy/apartment/property-3928639,2026-08-06T17:33:59.496264+00:00
3928603,近對上成交！西營盤第三街兩房！投資收租皆宜 可約看,西營盤,裕新大廈,6100000,408,2,2,利嘉閣地產有限公司,https://i1.28hse.com/2026/07/202607271836267049456_thumb.jpg,https://www.28hse.com/buy/apartment/property-3928603,2026-08-06T17:33:59.496264+00:00
3928424,學區房 高層 近香港大學,西營盤,廣豐台,8280000,465,2,1,築家物業有限公司,https://i1.28hse.com/2026/07/202607111825361779222_thumb.jpg,https://www.28hse.com/buy/apartment/property-3928424,2026-08-06T17:33:59.496264+00:00
3928350,"平租！業昌3房$630萬,大量高樂，均益，威利,翰林峰，曉譽藝里坊，泓都，寶翠園",石塘咀,業昌大廈,6300000,520,3,1,飛達物業代理,https://i1.28hse.com/2026/07/202607111753566631694_thumb.jpg,https://www.28hse.com/buy/apartment/property-3928350,2026-08-06T17:33:59.496264+00:00
3927748,✪ 至荀兩房✪直達港大B2口 ✪ 自住收租一流✪ 有匙即睇✪,石塘咀,生昌大廈,4380000,357,2,1,世紀21聯動(西環),https://i1.28hse.com/2026/07/202607111332108821223_thumb.jpg,https://www.28hse.com/buy/apartment/property-3927748,2026-08-06T17:33:59.496264+00:00
3927456,**地鐵出口 可約睇** 已維修 四正兩房 貼近成交,西營盤,裕新大廈,6100000,408,2,1,利嘉閣地產有限公司,https://i1.28hse.com/2026/07/202607111102144702355_thumb.jpg,https://www.28hse.com/buy/apartment/property-3927456,2026-08-06T17:33:59.496264+00:00
3926553,✿港大鐵路站旁❀收租首選✿三房一廳❀歡迎查詢✿,石塘咀,新景樓,7000000,559,3,1,世紀21聯動(西環),https://i1.28hse.com/2026/07/20260721184459146722_thumb.jpg,https://www.28hse.com/buy/apartment/property-3926553,2026-08-06T17:33:59.496264+00:00
3883198,西半山榮華大厦2房放售,西營盤,榮華大廈,5800000,391,2,1,一置物業,https://i1.28hse.com/2026/06/202606091311078732394_thumb.jpg,https://www.28hse.com/buy/apartment/property-3883198,2026-08-06T17:33:59.496264+00:00
3843422,近香港大學步5分鐘，清靜 2房筍！,西營盤,居仁閣,6380000,395,2,1,匯璟物業代理有限公司,https://i1.28hse.com/2026/05/202605102233436643393_thumb.jpg,https://www.28hse.com/buy/apartment/property-3843422,2026-08-06T17:33:59.496264+00:00
3776072,實用1房,西營盤,縉城峰,8500000,374,1,1,世紀21中聯地產,https://i1.28hse.com/2026/03/202603311743378014453_thumb.jpg,https://www.28hse.com/buy/apartment/property-3776072,2026-08-06T17:33:59.496264+00:00
3921708,西营盘B1出口：3房,西營盤,恆輝大廈,5500000,468,3,1,通達物業,https://i1.28hse.com/2026/07/202607241504251092707_thumb.jpg,https://www.28hse.com/buy/apartment/property-3921708,2026-08-06T17:33:59.496264+00:00
3921472,"大劈價！東利2房$428萬，大量三多樓，創業,光前均益，高樂錦華，嘉輝威利翰林峰",西營盤,東利大樓,4280000,390,2,1,飛達物業代理,https://i1.28hse.com/2026/07/202607071002546477823_thumb.jpg,https://www.28hse.com/buy/apartment/property-3921472,2026-08-06T17:33:59.496264+00:00
3921241,業主急走套現！近西營盤出口 有裝修兩房單位 可交吉 可約看 平過高位兩球！,西營盤,寶立閣,6500000,447,2,1,利嘉閣地產有限公司,https://i1.28hse.com/2026/07/202607181846313675707_thumb.jpg,https://www.28hse.com/buy/apartment/property-3921241,2026-08-06T17:33:59.496264+00:00
3277735,高層全新裝 三房靚海景,西營盤,豐盛大廈,8300000,539,3,1,豪景地產公司,https://i1.28hse.com/2025/03/202503041159414493134_thumb.jpg,https://www.28hse.com/buy/apartment/property-3277735,2026-08-06T17:33:59.496264+00:00
3827470,可三室✧大廈已維修✦間隔實用✧近港大✦歡迎查詢✧,西營盤,東南大廈,6980000,437,2,1,世紀21聯動(西環),https://i1.28hse.com/2026/04/202604291313088423143_thumb.jpg,https://www.28hse.com/buy/apartment/property-3827470,2026-08-06T17:33:59.496264+00:00
3915546,單邊多窗高層任你裝修,西營盤,恆輝大廈,5500000,468,3,,集成物業,https://i1.28hse.com/2026/07/202607121734505686919_thumb.jpg,https://www.28hse.com/buy/apartment/property-3915546,2026-08-06T17:33:59.496264+00:00
3861895,西區名校網、交通便利、實客還價即成,西營盤,豐盛大廈,5580000,381,2,1,誠信物業代理,https://i1.28hse.com/2026/05/202605242046326402204_thumb.jpg,https://www.28hse.com/buy/apartment/property-3861895,2026-08-06T17:33:59.496264+00:00
3613847,✯荀㊣中層 兩房✰連租約✪小海景 開揚多窗✯可約看,西營盤,金坤大廈,4950000,442,2,1,港業地產代理,https://i1.28hse.com/2025/10/202510201634272458468_thumb.jpg,https://www.28hse.com/buy/apartment/property-3613847,2026-08-06T17:33:59.496264+00:00
3909161,郭先生,西營盤,高雅閣,7000000,365,1,1,,https://i1.28hse.com/2026/06/202606281556148644564_thumb.jpg,https://www.28hse.com/buy/apartment/property-3909161,2026-08-06T17:33:59.496264+00:00
3626710,⧲ 心曠神怡⧳ 實用兩室⧲近港大推介⧳ 歡迎查詢⧲,西營盤,寶林閣,7800000,460,2,1,世紀21聯動(西環),https://i1.28hse.com/2026/05/202605211802366341829_thumb.jpg,https://www.28hse.com/buy/apartment/property-3626710,2026-08-06T17:33:59.496264+00:00
3824890,近港鐵站，非常實用,石塘咀,得富大樓,6300000,618,2,1,三寶地產有限公司,https://i1.28hse.com/2026/04/202604262225487869357_thumb.jpg,https://www.28hse.com/buy/apartment/property-3824890,2026-08-06T17:33:59.496264+00:00
3907457,****極罕放盤**鳥語花香**投資回報高***超實用***,西營盤,育賢樓,7500000,650,2,1,居家置業有限公司,https://i1.28hse.com/2026/06/202606270108317541859_thumb.jpg,https://www.28hse.com/buy/apartment/property-3907457,2026-08-06T17:33:59.496264+00:00
3905881,錦明閣 - 罕有2房單位放盤 校網一流 極近港大 還價即成,西營盤,錦明閣,6380000,382,2,1,嘉豐物業代理有限公司,https://i1.28hse.com/2026/06/202606251915551298142_thumb.jpg,https://www.28hse.com/buy/apartment/property-3905881,2026-08-06T17:33:59.496264+00:00
3905358,間格四正交通方便,西營盤,東利大樓,4280000,390,2,1,集成物業,https://i1.28hse.com/2026/06/202606251525502366979_thumb.jpg,https://www.28hse.com/buy/apartment/property-3905358,2026-08-06T17:33:59.496264+00:00
3904868,港大附近～ 靚裝2房1廳 長期收租 即買可即住,石塘咀,創業中心,5500000,376,2,,五福地產有限公司,https://i1.28hse.com/2026/06/202606250447184059379_thumb.jpg,https://www.28hse.com/buy/apartment/property-3904868,2026-08-06T17:33:59.496264+00:00
1749831,价钱可仪. 近港铁站.海景,石塘咀,龍豐閣,7980000,440,3,,創興地產公司,/assets/img/loadingphoto170_125.jpg,https://www.28hse.com/buy/apartment/property-1749831,2026-08-06T17:33:59.496264+00:00
3898655,"價錢可議, 近港鐵站,",石塘咀,生昌大廈,4380000,357,2,,創興地產公司,/assets/img/loadingphoto170_125.jpg,https://www.28hse.com/buy/apartment/property-3898655,2026-08-06T17:33:59.496264+00:00
3898314,近香港大學站B2出口 3房間隔 易出租 罕有出售,西營盤,新安大樓,5000000,501,3,1,杰宏地產,https://i1.28hse.com/2026/06/202606192327451314541_thumb.jpg,https://www.28hse.com/buy/apartment/property-3898314,2026-08-06T17:33:59.496264+00:00
3892549,【Chill級私人空間】金坤大廈特色戶 內置靚裝連特大平台 打造你嘅私人空中花園,西營盤,金坤大廈,5680000,358,2,1,智高物業,https://i1.28hse.com/2026/06/202606151717445499965_thumb.jpg,https://www.28hse.com/buy/apartment/property-3892549,2026-08-06T17:33:59.496264+00:00
3891465,[獨家] 怡景花園 兩房大廳 香港大學站 有匙可看,西營盤,怡景花園,6980000,399,2,1,豪景地產,https://i1.28hse.com/2026/06/202606141914254957223_thumb.jpg,https://www.28hse.com/buy/apartment/property-3891465,2026-08-06T17:33:59.496264+00:00
3891277,⁕港大學區 ⁕ 實用兩室⁕ 通勤方便⁕ 歡迎查詢⁕,石塘咀,美新樓,4700000,366,2,1,世紀21聯動(西環),https://i1.28hse.com/2026/06/20260614172836959722_thumb.jpg,https://www.28hse.com/buy/apartment/property-3891277,2026-08-06T17:33:59.496264+00:00
3890535,均益三期高層海景靚裝修即住送傢俬售538萬！,西營盤,均益大廈3期,5380000,372,2,,良基置業,https://i1.28hse.com/2026/06/20260614100626620078_thumb.jpg,https://www.28hse.com/buy/apartment/property-3890535,2026-08-06T17:33:59.496264+00:00
3890038,西區2房單位,西營盤,真光大廈,5600000,417,2,1,利嘉閣地產有限公司,https://i1.28hse.com/2026/07/202607201734518582421_thumb.jpg,https://www.28hse.com/buy/apartment/property-3890038,2026-08-06T17:33:59.496264+00:00
3888309,3房 東南陽光,西營盤,均益大廈3期,4980000,421,3,1,大昌地產代理公司,https://i1.28hse.com/2026/08/202608051833086424024_thumb.jpg,https://www.28hse.com/buy/apartment/property-3888309,2026-08-06T17:33:59.496264+00:00
3888067,高層開揚罕有放盤一閃即逝,西營盤,怡景花園,6880000,417,2,1,集成物業,https://i1.28hse.com/2026/06/202606121633502365469_thumb.jpg,https://www.28hse.com/buy/apartment/property-3888067,2026-08-06T17:33:59.496264+00:00
2066762,➹罕有三室兩衞小陽台➹港大核心地段➹收租自住一流➹歡迎預約睇樓,石塘咀,順景樓,6500000,497,3,2,世紀21聯動(西環),https://i1.28hse.com/2026/04/202604131035211722700_thumb.jpg,https://www.28hse.com/buy/apartment/property-2066762,2026-08-06T17:33:59.496264+00:00
3627217,✧港大學區✦三室一衛✧優秀地段✦歡迎預約睇樓✧,西營盤,麗景閣,7090000,428,3,1,世紀21聯動(西環),https://i1.28hse.com/2026/05/202605292249593959887_thumb.jpg,https://www.28hse.com/buy/apartment/property-3627217,2026-08-06T17:33:59.496264+00:00
3669079,✷ 近港大✸ 靚裝兩房✷收租高回報✸歡迎查詢 ✷,西營盤,居仁閣,6300000,395,2,1,世紀21聯動(西環),https://i1.28hse.com/2026/05/202605231554086024543_thumb.jpg,https://www.28hse.com/buy/apartment/property-3669079,2026-08-06T17:33:59.496264+00:00
3886244,恆輝大廈｜薄扶林道｜三房一廳罕有｜西區名校網｜有匙,西營盤,恆輝大廈,5400000,469,3,1,天立地產有限公司,https://i1.28hse.com/2026/08/202608031158283894628_thumb.jpg,https://www.28hse.com/buy/apartment/property-3886244,2026-08-06T17:33:59.496264+00:00
3801879,海昇1座已经做大维修，有装修,西營盤,海昇大廈,5980000,369,2,1,通達物業,https://i1.28hse.com/2026/05/202605271541178930485_thumb.jpg,https://www.28hse.com/buy/apartment/property-3801879,2026-08-06T17:33:59.496264+00:00
3882268,大廈已維修 西營盤名牌屋苑 實用兩房,西營盤,裕新大廈,6300000,408,2,1,智高物業,https://i1.28hse.com/2026/06/202606091824187252577_thumb.jpg,https://www.28hse.com/buy/apartment/property-3882268,2026-08-06T17:33:59.496264+00:00
3881240,西區實用兩房︱鄰近港鐵站︱11區校網,西營盤,高雅閣,6500000,365,2,1,利嘉閣地產有限公司,https://i1.28hse.com/2026/06/202606071905231108496_thumb.jpg,https://www.28hse.com/buy/apartment/property-3881240,2026-08-06T17:33:59.496264+00:00
3781409,靚裝修，實用兩房，鄰近地鐵,石塘咀,創業中心,5600000,376,2,1,力嘉物業顧問有限公司,https://i1.28hse.com/2026/03/202603211843203121147_thumb.jpg,https://www.28hse.com/buy/apartment/property-3781409,2026-08-06T17:33:59.496264+00:00
3960595,天后區 2房 有裝修 12灣仔校網,天后,英皇道51-53號,3850000,370,2,1,栢景地產,https://i1.28hse.com/2026/08/20260805125701613815_thumb.jpg,https://www.28hse.com/buy/apartment/property-3960595,2026-08-06T17:33:59.496264+00:00
3708700,鄰近地鐵站 交通方便 步行可維園、銅鑼灣購物中心,天后,萬愷大廈,4300000,369,2,1,冠逸地產代理有限公司,https://i1.28hse.com/2026/06/202606262320333135285_thumb.jpg,https://www.28hse.com/buy/apartment/property-3708700,2026-08-06T17:33:59.496264+00:00
3959230,【維景花園 12校網 靚地段 收租/自住 】,天后,維景花園,7400000,422,2,1,香港置業,https://i1.28hse.com/2026/08/202608041324375796231_thumb.jpg,https://www.28hse.com/buy/apartment/property-3959230,2026-08-06T17:33:59.496264+00:00
3959215,【靚地段 12校網 收租/自住 】,天后,海景軒,8380000,356,2,1,香港置業,https://i1.28hse.com/2026/08/202608041315178298618_thumb.jpg,https://www.28hse.com/buy/apartment/property-3959215,2026-08-06T17:33:59.496264+00:00
3876217,{獨家王}} 海景 豪裝 12校網,大坑,海麗軒,7200000,431,2,1,世紀21日昇地產代理,https://i1.28hse.com/2026/06/202606041758193665730_thumb.jpg,https://www.28hse.com/buy/apartment/property-3876217,2026-08-06T17:33:59.496264+00:00
3958121,興裕大廈興裕大廈中層21室,天后,興裕大廈,6300000,612,3,1,香港置業,https://i1.28hse.com/2026/08/202608031626265228711_thumb.jpg,https://www.28hse.com/buy/apartment/property-3958121,2026-08-06T17:33:59.496264+00:00
3957647,獨家有匙12校網高層23室,天后,興裕大廈,5880000,612,3,2,聯合地產,https://i1.28hse.com/2026/08/202608041840075237244_thumb.jpg,https://www.28hse.com/buy/apartment/property-3957647,2026-08-06T17:33:59.496264+00:00
3957279,【開陽景觀】✮靚則山景兩房✮【平地lift】【 12校網 】,大坑,蓮花園,5990000,357,2,1,駿景地產代理有限公司,https://i1.28hse.com/2026/08/202608022213121527078_thumb.jpg,https://www.28hse.com/buy/apartment/property-3957279,2026-08-06T17:33:59.496264+00:00
3956321,筍盤! 大坑2大房 12校網 800萬可連車位,大坑,浣紗花園,6680000,527,2,1,世紀21北山,https://i1.28hse.com/2026/08/202608021340055623585_thumb.jpg,https://www.28hse.com/buy/apartment/property-3956321,2026-08-06T17:33:59.496264+00:00
3955357,｛荀盤｝一房靚裝 高於銀行估價 快約睇樓,天后,君悅華庭,6950000,406,1,1,日耀地產,https://i1.28hse.com/2026/08/20260801173214316252_thumb.jpg,https://www.28hse.com/buy/apartment/property-3955357,2026-08-06T17:33:59.496264+00:00
3955217,天后精品，豪宅地段，品味裝修，環境清靜,天后,景暉閣,6800000,400,2,1,利嘉閣地產有限公司,https://i1.28hse.com/2026/08/202608011628345645785_thumb.jpg,https://www.28hse.com/buy/apartment/property-3955217,2026-08-06T17:33:59.496264+00:00
3953030,高層大單邊 / 12校網 / 寵物友善,大坑,高景大廈,6900000,567,1,1,怡嘉地產,https://i1.28hse.com/2026/07/202607310226123612941_thumb.jpg,https://www.28hse.com/buy/apartment/property-3953030,2026-08-06T17:33:59.496264+00:00
3950488,"近天后地鐵站, 交通方便",天后,萬愷大廈,4300000,369,2,1,旭立國際地產公司,https://i1.28hse.com/2026/07/202607290927402289427_thumb.jpg,https://www.28hse.com/buy/apartment/property-3950488,2026-08-06T17:33:59.496264+00:00
3948258,僑興大廈僑興大廈低層S室,天后,僑興大廈,5800000,565,2,1,香港置業,https://i1.28hse.com/2026/07/202607271431582885740_thumb.jpg,https://www.28hse.com/buy/apartment/property-3948258,2026-08-06T17:33:59.496264+00:00
3948247,景暉閣景暉閣高層B室,天后,景暉閣,6800000,400,1,1,香港置業,https://i1.28hse.com/2026/07/202607271428174887557_thumb.jpg,https://www.28hse.com/buy/apartment/property-3948247,2026-08-06T17:33:59.496264+00:00
3947994,"扺住三房,旺中帶靜,自住投資佳宜",大坑,浣紗街9號,6180000,638,3,1,力嘉物業顧問有限公司,https://i1.28hse.com/2026/07/202607271208396936245_thumb.jpg,https://www.28hse.com/buy/apartment/property-3947994,2026-08-06T17:33:59.496264+00:00
3945502,即買即住 雅致裝修 對流窗,天后,景暉閣,6800000,400,1,1,栢景地產,https://i1.28hse.com/2026/07/202607241949306699760_thumb.jpg,https://www.28hse.com/buy/apartment/property-3945502,2026-08-06T17:33:59.496264+00:00
3945347,12區校網 臨近地鐵站 間格實用,天后,維景花園,7400000,422,2,,中原地產,https://i1.28hse.com/2026/07/202607241834024105221_thumb.jpg,https://www.28hse.com/buy/apartment/property-3945347,2026-08-06T17:33:59.496264+00:00
3944812,業主免佣 大坑名校網 旺中帶靜全幢六層高 詳情租客 自住投資隹宜,大坑,唐樓,6130000,638,3,1,,https://i1.28hse.com/2026/07/202607241457545334420_thumb.jpg,https://www.28hse.com/buy/apartment/property-3944812,2026-08-06T17:33:59.496264+00:00
3850014,市場罕有連天台，3房，單位靜中帶旺,天后,佳景大廈,7380000,502,3,,新世紀物業,https://i1.28hse.com/2026/05/202605151831487565146_thumb.jpg,https://www.28hse.com/buy/apartment/property-3850014,2026-08-06T17:33:59.496264+00:00
3942029,天后2房 對面地鐵 大廈已維修 平地電梯,天后,興漢大廈,7000000,428,2,2,世紀21北山,https://i1.28hse.com/2026/07/202607221602331252016_thumb.jpg,https://www.28hse.com/buy/apartment/property-3942029,2026-08-06T17:33:59.496264+00:00
3942028,"靚裝修,四正實用,交通便利",天后,僑興大廈,7180000,565,2,1,力嘉物業顧問有限公司,https://i1.28hse.com/2026/07/202607221601483254383_thumb.jpg,https://www.28hse.com/buy/apartment/property-3942028,2026-08-06T17:33:59.496264+00:00
3941983,"有匙即睇 獨家 平!平$10,XXX/呎 天后廟道 3房 12校網 3分鍾地鐵",天后,鴻安大廈,6980000,671,3,1,世紀21北山,https://i1.28hse.com/2026/08/202608041855232051337_thumb.jpg,https://www.28hse.com/buy/apartment/property-3941983,2026-08-06T17:33:59.496264+00:00
3941970,"天后廟道, 5分鐘可到天后地鐵維園, 靜中帶旺, 高層靚裝2房, 即住及收租",天后,景暉閣,6800000,400,2,1,置業佳地產有限公司,https://i1.28hse.com/2026/07/20260722153721434303_thumb.jpg,https://www.28hse.com/buy/apartment/property-3941970,2026-08-06T17:33:59.496264+00:00
3575621,12校網，實用兩房，環境清靜,大坑,龍濤苑,6930000,513,2,1,力嘉物業顧問有限公司,https://i1.28hse.com/2026/07/202607291502332584626_thumb.jpg,https://www.28hse.com/buy/apartment/property-3575621,2026-08-06T17:33:59.496264+00:00
3941562,"蝕讓,靚裝修,交通便利,大廈已維修",天后,僑興大廈,6800000,544,2,1,力嘉物業顧問有限公司,https://i1.28hse.com/2026/07/202607221113577269403_thumb.jpg,https://www.28hse.com/buy/apartment/property-3941562,2026-08-06T17:33:59.496264+00:00
3940797,中層三房 裝修企理 校網 方便,天后,興裕大廈,6150000,612,3,1,天生地產有限公司,https://i1.28hse.com/2026/07/20260721155555332214_thumb.jpg,https://www.28hse.com/buy/apartment/property-3940797,2026-08-06T17:33:59.496264+00:00
3939882,天后廟道 高尚地段,天后,景暉閣,6800000,400,2,1,利嘉閣地產有限公司,https://i1.28hse.com/2026/07/20260724131744232752_thumb.jpg,https://www.28hse.com/buy/apartment/property-3939882,2026-08-06T17:33:59.496264+00:00
3939301,"投資首選,裝修雅致,四正實用",大坑,勤輝大廈,6380000,410,2,1,力嘉物業顧問有限公司,https://i1.28hse.com/2026/07/202607201206571709236_thumb.jpg,https://www.28hse.com/buy/apartment/property-3939301,2026-08-06T17:33:59.496264+00:00
3938429,$780，最筍1房梗廚，5分鐘天后站,大坑,尚巒,8000000,404,1,1,中原地產,https://i1.28hse.com/2026/07/202607191503332926183_thumb.jpg,https://www.28hse.com/buy/apartment/property-3938429,2026-08-06T17:33:59.496264+00:00
3935597,✿天后地段✿實用2房✿歡迎預約參觀！,天后,興漢大廈,7080000,428,2,1,世紀21日昇地產,https://i1.28hse.com/2026/07/202607221149184048269_thumb.jpg,https://www.28hse.com/buy/apartment/property-3935597,2026-08-06T17:33:59.496264+00:00
3935195,興漢大廈興漢大廈低層F室,天后,興漢大廈,7300000,504,3,1,香港置業,https://i1.28hse.com/2026/07/202607171131414962625_thumb.jpg,https://www.28hse.com/buy/apartment/property-3935195,2026-08-06T17:33:59.496264+00:00
3935193,佳景大廈佳景大廈低層1室,天后,佳景大廈,6500000,510,3,1,香港置業,https://i1.28hse.com/2026/07/202607171130295415968_thumb.jpg,https://www.28hse.com/buy/apartment/property-3935193,2026-08-06T17:33:59.496264+00:00
3935176,興漢大廈興漢大廈中層G室,天后,興漢大廈,7000000,428,2,1,香港置業,https://i1.28hse.com/2026/07/202607171122358916342_thumb.jpg,https://www.28hse.com/buy/apartment/property-3935176,2026-08-06T17:33:59.496264+00:00
3932579,｛房利你｝天后區搶手盤，3分鐘地鐵站，近維園休閒不用煩，銅鑼灣購物方便，12校網,天后,興漢大廈,7000000,428,2,1,世紀21日昇地產,https://i1.28hse.com/2026/07/202607151129426625209_thumb.jpg,https://www.28hse.com/buy/apartment/property-3932579,2026-08-06T17:33:59.496264+00:00
3827661,特色單位 「海麗軒」連327呎特大平台 可養寵物 名校網區 靜中帶旺,大坑,海麗軒,7700000,424,1,1,駿輝地產國際有限公司,https://i1.28hse.com/2026/04/20260429151524707004_thumb.jpg,https://www.28hse.com/buy/apartment/property-3827661,2026-08-06T17:33:59.496264+00:00
3930720,"港島核心地區, 12校網, 10分鐘到銅鑼灣商業區 5分鐘到港鐵站",天后,永安苑,5080000,616,3,,利嘉閣地產有限公司,https://i1.28hse.com/2026/07/202607131743548619463_thumb.jpg,https://www.28hse.com/buy/apartment/property-3930720,2026-08-06T17:33:59.496264+00:00
3886371,(獨家) 全苑最平! 平過維景! 天后2房 12校網 靚裝寧靜 近鐵 有泳池,天后,莊苑,6700000,413,2,1,世紀21北山,https://i1.28hse.com/2026/06/202606111615258741463_thumb.jpg,https://www.28hse.com/buy/apartment/property-3886371,2026-08-06T17:33:59.496264+00:00
3929183,天后站對面 方便實用,天后,興漢大廈,7000000,428,2,1,香港置業,https://i1.28hse.com/2026/07/202607121514043297678_thumb.jpg,https://www.28hse.com/buy/apartment/property-3929183,2026-08-06T17:33:59.496264+00:00
3831119,高回報 黃金地段 投資 自住佳宜,大坑,尚巒,7880000,404,1,1,地產平台,https://i1.28hse.com/2026/05/202605021136267920663_thumb.jpg,https://www.28hse.com/buy/apartment/property-3831119,2026-08-06T17:33:59.496264+00:00
3845857,獨家靚修靚装修,大坑,蓮花園,6480000,368,2,1,聯合地產,https://i1.28hse.com/2026/05/202605121902473998075_thumb.jpg,https://www.28hse.com/buy/apartment/property-3845857,2026-08-06T17:33:59.496264+00:00
3839321,"大坑區, 環境幽靜, 靜中帶旺, 12區校網,（可連有蓋車位800萬）",大坑,浣紗花園,6700000,527,2,1,置業佳地產有限公司,https://i1.28hse.com/2026/05/202605072351225470687_thumb.jpg,https://www.28hse.com/buy/apartment/property-3839321,2026-08-06T17:33:59.496264+00:00
3926354,天后兩房，環境清靜,天后,景暉閣,6300000,400,2,1,力嘉物業顧問有限公司,https://i1.28hse.com/2026/07/202607101528597351096_thumb.jpg,https://www.28hse.com/buy/apartment/property-3926354,2026-08-06T17:33:59.496264+00:00
3922204,12校網 即買即住 是正三房,天后,佳景大廈,6500000,510,3,1,香港置業,https://i1.28hse.com/2026/07/202607071701348086275_thumb.jpg,https://www.28hse.com/buy/apartment/property-3922204,2026-08-06T17:33:59.496264+00:00
3922127,3房 2廳 開放式廚房。雅致裝修。,天后,興漢大廈,7300000,504,3,1,栢景地產,https://i1.28hse.com/estate_data/40/1082/FLOOR/1082_20240410111320982412_thumb.jpg,https://www.28hse.com/buy/apartment/property-3922127,2026-08-06T17:33:59.496264+00:00
3921689,"大坑12校網,兩房海景",大坑,海麗軒,7280000,424,2,,力嘉物業顧問有限公司,https://i1.28hse.com/2026/07/202607071318157427738_thumb.jpg,https://www.28hse.com/buy/apartment/property-3921689,2026-08-06T17:33:59.496264+00:00
3921400,3房新裝修，少有放盤，12名校網，合家庭，位置優越,天后,單幢樓房,6300000,612,3,1,一行地產,https://i1.28hse.com/2026/07/202607070056308840818_thumb.jpg,https://www.28hse.com/buy/apartment/property-3921400,2026-08-06T17:33:59.496264+00:00
2605026,三房 校網 交通便利,天后,僑興大廈,5550000,540,3,1,天生地產有限公司,https://i1.28hse.com/2026/07/202607061940135760623_thumb.jpg,https://www.28hse.com/buy/apartment/property-2605026,2026-08-06T17:33:59.496264+00:00
3920038,最平三房！上車首選！交通便利,天后,僑興大廈,5500000,540,3,1,力嘉物業顧問有限公司,https://i1.28hse.com/2026/07/202607061134251198257_thumb.jpg,https://www.28hse.com/buy/apartment/property-3920038,2026-08-06T17:33:59.496264+00:00
3918156,獨家12校網移民豪裝傢電齊拎包入住,天后,寶德樓,6500000,404,3,1,聯合地產,https://i1.28hse.com/2026/07/202607041824063127261_thumb.jpg,https://www.28hse.com/buy/apartment/property-3918156,2026-08-06T17:33:59.496264+00:00
3918072,1分鐘到地鐵，平路出入，極方便，廳大房大,天后,百利大廈,6980000,670,3,1,香港置業,https://i1.28hse.com/2026/07/202607041754183101866_thumb.jpg,https://www.28hse.com/buy/apartment/property-3918072,2026-08-06T17:33:59.496264+00:00
3912977,12校網，上車首選，方正實用,大坑,浣紗花園,6680000,527,2,1,力嘉物業顧問有限公司,https://i1.28hse.com/2026/07/202607011611006774364_thumb.jpg,https://www.28hse.com/buy/apartment/property-3912977,2026-08-06T17:33:59.496264+00:00
3912555,【極高層山景】✮實用兩大房✮【有露台】【 環境清靜 】,大坑,龍濤苑,6980000,513,2,1,駿景地產代理有限公司,https://i1.28hse.com/2026/07/202607011323373022128_thumb.jpg,https://www.28hse.com/buy/apartment/property-3912555,2026-08-06T17:33:59.496264+00:00
3909666,^^旺中帶靜！一房大廳！已做大廈維修,天后,福華大廈,3980000,382,1,1,環球物業 (香港),https://i1.28hse.com/2026/06/202606282209106549013_thumb.jpg,https://www.28hse.com/buy/apartment/property-3909666,2026-08-06T17:33:59.496264+00:00
3907618,跑馬地山畔，靚裝修靚景一房單位,大坑,海麗軒,7480000,424,2,1,香港置業,https://i1.28hse.com/2026/06/20260627114921106118_thumb.jpg,https://www.28hse.com/buy/apartment/property-3907618,2026-08-06T17:33:59.496264+00:00
3904273,有key即看，收租一流，旺中帶靜,大坑,尚巒,8000000,404,1,,中原地產,https://i1.28hse.com/2026/06/202606241654474536123_thumb.jpg,https://www.28hse.com/buy/apartment/property-3904273,2026-08-06T17:33:59.496264+00:00
3903971,大坑2房，山景寧靜,大坑,蓮花園,5990000,357,2,1,力嘉物業顧問有限公司,https://i1.28hse.com/2026/06/202606241500077708645_thumb.jpg,https://www.28hse.com/buy/apartment/property-3903971,2026-08-06T17:33:59.496264+00:00
3903409,近天后站，廳大房大,天后,永安苑,5080000,616,3,,利嘉閣地產有限公司,https://i1.28hse.com/2026/06/202606232038323822554_thumb.jpg,https://www.28hse.com/buy/apartment/property-3903409,2026-08-06T17:33:59.496264+00:00
3902897,【海麗軒】鄰近天后站♡特色平台327呎♡企理裝修♡交通方便♡還價即成♡,大坑,海麗軒,7700000,424,1,1,駿輝地產安業有限公司,https://i1.28hse.com/2026/06/202606231624242925487_thumb.jpg,https://www.28hse.com/buy/apartment/property-3902897,2026-08-06T17:33:59.496264+00:00
3901071,"大坑區,機不可失, 可預約看, 靜中帶旺,環境舒適,人口稀少,6分鐘到天后維園",大坑,蓮花園,6000000,357,2,1,置業佳地產有限公司,https://i1.28hse.com/2026/06/202606221132297696378_thumb.jpg,https://www.28hse.com/buy/apartment/property-3901071,2026-08-06T17:33:59.496264+00:00
3901028,筍價 靚裝 交通方便,天后,單幢樓房,6150000,612,3,1,永恒地產香港有限公司,https://i1.28hse.com/2026/06/202606241526312824538_thumb.jpg,https://www.28hse.com/buy/apartment/property-3901028,2026-08-06T17:33:59.496264+00:00
3897848,地段優越 交通方便 一房露台 清静雅装 銀行估凸,天后,君悅華庭,6980000,406,1,1,嘉峰地產代理有限公司,https://i1.28hse.com/2026/07/202607101701417863661_thumb.jpg,https://www.28hse.com/buy/apartment/property-3897848,2026-08-06T17:33:59.496264+00:00
3893823,大減價！！收購重地！！新裝多窗 連入契天台 罕有放盤 位置優越,天后,唐樓,3500000,396,2,1,宇晴地產,https://i1.28hse.com/2026/06/20260616164153777240_thumb.jpg,https://www.28hse.com/buy/apartment/property-3893823,2026-08-06T17:33:59.496264+00:00
3891890,12校網 荀價大兩房 近天后站,大坑,浣紗花園,6700000,527,2,1,力嘉物業顧問有限公司,https://i1.28hse.com/2026/06/202606151143276987756_thumb.jpg,https://www.28hse.com/buy/apartment/property-3891890,2026-08-06T17:33:59.496264+00:00
3883206,"名校網 ，天后廟道極少兩房放, 投資自用精選",天后,景暉閣,6700000,400,2,,利嘉閣地產有限公司,https://i1.28hse.com/2026/06/202606091313023187882_thumb.jpg,https://www.28hse.com/buy/apartment/property-3883206,2026-08-06T17:33:59.496264+00:00
3882862,平過新界，天后區12校網，1分鐘地鐵站，生活配套10分完善，裝修企理，約睇,天后,永安苑,5280000,616,3,,利嘉閣地產有限公司,https://i1.28hse.com/2026/06/202606082319535151165_thumb.jpg,https://www.28hse.com/buy/apartment/property-3882862,2026-08-06T17:33:59.496264+00:00
3882507,"天后地段 《12校網》 具收購潛力,歡迎約看!!!",天后,永安苑,5380000,616,3,1,利嘉閣地產有限公司,https://i1.28hse.com/2026/06/202606281924196098993_thumb.jpg,https://www.28hse.com/buy/apartment/property-3882507,2026-08-06T17:33:59.496264+00:00
3882496,【天后三房兩廁】✮巨廳三房兩廁✮【3分鐘到地鐵站】【 呎價超平 】,天后,唐樓,5080000,657,3,2,駿景地產代理有限公司,https://i1.28hse.com/2026/06/202606081757068590948_thumb.jpg,https://www.28hse.com/buy/apartment/property-3882496,2026-08-06T17:33:59.496264+00:00
3882493,"天后廟道,2房改1房, 近地鐵 !!!",天后,景暉閣,6700000,400,1,1,利嘉閣地產有限公司,https://i1.28hse.com/2026/06/202606081755526082731_thumb.jpg,https://www.28hse.com/buy/apartment/property-3882493,2026-08-06T17:33:59.496264+00:00
3882111,天后12校網 平靚正方便,天后,永興新樓,3770000,357,2,1,力嘉物業顧問有限公司,https://i1.28hse.com/2026/06/202606081547142672334_thumb.jpg,https://www.28hse.com/buy/apartment/property-3882111,2026-08-06T17:33:59.496264+00:00
3881427,12校網，鄰近天后地鐵站，實用三房,天后,僑興大廈,5500000,540,3,1,力嘉物業顧問有限公司,https://i1.28hse.com/2026/07/202607041753551970073_thumb.jpg,https://www.28hse.com/buy/apartment/property-3881427,2026-08-06T17:33:59.496264+00:00
3758646,地理位置極佳，交通方便,大坑,,3600000,390,2,1,新意域地產有限公司,https://i1.28hse.com/2026/05/202605291948594729136_thumb.jpg,https://www.28hse.com/buy/apartment/property-3758646,2026-08-06T17:33:59.496264+00:00
3962121,"全屋靚裝修,東南兩房,樓下地鐵,銀行估到價",黃埔,黃埔花園,6400000,389,2,,太陽物業,https://i1.28hse.com/2026/08/202608061315042553565_thumb.jpg,https://www.28hse.com/buy/apartment/property-3962121,2026-08-06T17:33:59.496264+00:00
3962030,『平霸之選』 預算唔高想買最大兩房、呢間非你莫熟！精選推介！,黃埔,黃埔花園,6600000,505,2,1,富恒地產,https://i1.28hse.com/2026/08/202608061236173556101_thumb.jpg,https://www.28hse.com/buy/apartment/property-3962030,2026-08-06T17:33:59.496264+00:00
3961894,黃埔地鐵 內園 大兩房,黃埔,黃埔花園,6590000,505,2,,太陽物業,https://i1.28hse.com/2026/08/202608061115034519693_thumb.jpg,https://www.28hse.com/buy/apartment/property-3961894,2026-08-06T17:33:59.496264+00:00
3961825,業主急售，有匙即睇,黃埔,黃埔花園,6600000,505,2,,太陽物業,https://i1.28hse.com/2026/08/202608061015046082599_thumb.jpg,https://www.28hse.com/buy/apartment/property-3961825,2026-08-06T17:33:59.496264+00:00
3960980,黃埔2房積皇 東南高層內園 罕有放售 即約即睇,黃埔,黃埔花園,7580000,503,2,,太陽物業,https://i1.28hse.com/2026/08/202608051615045848197_thumb.jpg,https://www.28hse.com/buy/apartment/property-3960980,2026-08-06T17:33:59.496264+00:00
3960879,業主誠意出售必走樓盤,黃埔,黃埔花園,7500000,503,2,1,迎富地產代理有限公司,https://i1.28hse.com/2026/08/202608051525584220815_thumb.jpg,https://www.28hse.com/buy/apartment/property-3960879,2026-08-06T17:33:59.496264+00:00
3960839,"黃埔花園 (正南, 2房)",黃埔,黃埔花園,7500000,503,2,1,星匯物業有限公司,https://i1.28hse.com/2026/08/202608051508073773450_thumb.jpg,https://www.28hse.com/buy/apartment/property-3960839,2026-08-06T17:33:59.496264+00:00
3960827,新淨靚裝 怡人園景 唔洗兩分鐘到黃埔D出口 配套完善,黃埔,黃埔花園,7500000,503,2,1,星匯物業有限公司,https://i1.28hse.com/2026/08/202608051500041975647_thumb.jpg,https://www.28hse.com/buy/apartment/property-3960827,2026-08-06T17:33:59.496264+00:00
3960717,近年最優質*靚装 中高層 正南坐向* 必買之選 歡迎約睇 AEON樓上 最方便,黃埔,黃埔花園,7500000,503,2,1,星匯物業有限公司,https://i1.28hse.com/2026/08/202608051411054703722_thumb.jpg,https://www.28hse.com/buy/apartment/property-3960717,2026-08-06T17:33:59.496264+00:00
3960508,黃埔地鐵 高層 東南 大兩房 內園景,黃埔,黃埔花園,7450000,503,2,,太陽物業,https://i1.28hse.com/2026/08/202608051215035401632_thumb.jpg,https://www.28hse.com/buy/apartment/property-3960508,2026-08-06T17:33:59.496264+00:00
3960432,【簡約裝修+清靜內園】極力推介五期半完美向南大兩房！,黃埔,黃埔花園,7500000,503,2,1,捷昇置業有限公司,https://i1.28hse.com/2026/08/202608051122585218278_thumb.jpg,https://www.28hse.com/buy/apartment/property-3960432,2026-08-06T17:33:59.496264+00:00
3959323,風水樓盤 黃埔三大房最平,黃埔,黃埔花園,7500000,680,3,,太陽物業,https://i1.28hse.com/2026/08/20260804141504604368_thumb.jpg,https://www.28hse.com/buy/apartment/property-3959323,2026-08-06T17:33:59.496264+00:00
3959249,焦點所在 巨廳巨兩房 絕對要關注 有匙即睇,黃埔,黃埔花園,7500000,503,2,1,萬霖物業,https://i1.28hse.com/2026/08/202608041335473749245_thumb.jpg,https://www.28hse.com/buy/apartment/property-3959249,2026-08-06T17:33:59.496264+00:00
3959028,實盤必賣 實用兩房 企理裝修 大型商場 地鐵站近來咫尺,黃埔,黃埔花園,7200000,470,2,1,萬霖物業,https://i1.28hse.com/2026/08/202608041118591776998_thumb.jpg,https://www.28hse.com/buy/apartment/property-3959028,2026-08-06T17:33:59.496264+00:00
3958300,"獨家大兩房,清靜內園",黃埔,黃埔花園,7580000,503,2,1,迎富地產代理有限公司,https://i1.28hse.com/2026/08/202608031723212793261_thumb.jpg,https://www.28hse.com/buy/apartment/property-3958300,2026-08-06T17:33:59.496264+00:00
3958062,內園清靜，景觀開揚,黃埔,黃埔花園,7500000,503,2,1,富恒物業(黃埔),https://i1.28hse.com/2026/08/202608031612047391217_thumb.jpg,https://www.28hse.com/buy/apartment/property-3958062,2026-08-06T17:33:59.496264+00:00
3957587,"收租之霸盤~高樓層,2房,連租約放售",黃埔,黃埔花園,6500000,389,2,,太陽物業,https://i1.28hse.com/2026/08/202608031215107336544_thumb.jpg,https://www.28hse.com/buy/apartment/property-3957587,2026-08-06T17:33:59.496264+00:00
3957578,"上車首選,樓層雖然不高,但勝在夠開揚,即收租冇問題",黃埔,黃埔花園,5800000,389,2,1,富恒物業(黃埔),https://i1.28hse.com/2026/08/202608031211595948336_thumb.jpg,https://www.28hse.com/buy/apartment/property-3957578,2026-08-06T17:33:59.496264+00:00
3957029,必走內園靚裝修快，切勿錯過快快快,黃埔,黃埔花園,5280000,503,2,,太陽物業,https://i1.28hse.com/2026/08/202608021816388520600_thumb.jpg,https://www.28hse.com/buy/apartment/property-3957029,2026-08-06T17:33:59.496264+00:00
3957022,必走園景兩房靚裝修快快快,黃埔,黃埔花園,5800000,389,2,,太陽物業,https://i1.28hse.com/2026/08/202608021816046553268_thumb.jpg,https://www.28hse.com/buy/apartment/property-3957022,2026-08-06T17:33:59.496264+00:00
3956702,上車首選，收租一流，大內園,黃埔,黃埔花園,5880000,388,2,,太陽物業,https://i1.28hse.com/2026/08/202608021615597599296_thumb.jpg,https://www.28hse.com/buy/apartment/property-3956702,2026-08-06T17:33:59.496264+00:00
3956559,"高層向南,仲有海景,交吉筍盤",黃埔,黃埔花園,7200000,505,2,1,富恒物業(黃埔),https://i1.28hse.com/2026/08/202608021517232577069_thumb.jpg,https://www.28hse.com/buy/apartment/property-3956559,2026-08-06T17:33:59.496264+00:00
3956451,"即買即住,開揚高層之選",黃埔,黃埔花園,7500000,466,2,1,富恒物業(黃埔),https://i1.28hse.com/2026/08/202608021435455562580_thumb.jpg,https://www.28hse.com/buy/apartment/property-3956451,2026-08-06T17:33:59.496264+00:00
3956401,獨家代理黃埔花園，2房單位，靚裝修，業主求售,黃埔,黃埔花園,6380000,389,2,,太陽物業,https://i1.28hse.com/2026/08/202608021415175233897_thumb.jpg,https://www.28hse.com/buy/apartment/property-3956401,2026-08-06T17:33:59.496264+00:00
3956051,平 平 靚裝大2房 市場最筍 約睇 平 平,黃埔,黃埔花園,7200000,470,2,,太陽物業,https://i1.28hse.com/2026/08/20260802111503292770_thumb.jpg,https://www.28hse.com/buy/apartment/property-3956051,2026-08-06T17:33:59.496264+00:00
3955750,靚裝修 即買即住,黃埔,黃埔花園,8100000,466,2,1,中原地產代理有限公司,https://i1.28hse.com/2026/08/202608012057132348041_thumb.jpg,https://www.28hse.com/buy/apartment/property-3955750,2026-08-06T17:33:59.496264+00:00
3955692,市場最平 極罕有 手快有手慢冇,黃埔,黃埔花園,6100000,389,2,,中原地產代理有限公司,https://i1.28hse.com/2026/08/202608011959517260907_thumb.jpg,https://www.28hse.com/buy/apartment/property-3955692,2026-08-06T17:33:59.496264+00:00
3954223,實用大兩房，高層非頂樓,黃埔,黃埔花園,7380000,466,2,,太陽物業,https://i1.28hse.com/2026/07/20260731201539614551_thumb.jpg,https://www.28hse.com/buy/apartment/property-3954223,2026-08-06T17:33:59.496264+00:00
3954220,必走高層靚裝修兩房，切勿睇漏，快快快,黃埔,黃埔花園,7180000,505,2,,太陽物業,https://i1.28hse.com/2026/07/202607312015142750720_thumb.jpg,https://www.28hse.com/buy/apartment/property-3954220,2026-08-06T17:33:59.496264+00:00
3953911,非顶楼，花园2房，厅房开扬，高层光猛,黃埔,黃埔花園,7800000,466,2,,中原地產代理有限公司,https://i1.28hse.com/2026/07/20260731173501223025_thumb.jpg,https://www.28hse.com/buy/apartment/property-3953911,2026-08-06T17:33:59.496264+00:00
3953133,黃埔地鐵 又高 又平,黃埔,黃埔花園,5690000,389,2,,太陽物業,https://i1.28hse.com/2026/07/202607311115043176409_thumb.jpg,https://www.28hse.com/buy/apartment/property-3953133,2026-08-06T17:33:59.496264+00:00
3952439,東南內園收租王劈價出售,黃埔,黃埔花園,6100000,389,2,,中原地產代理有限公司,https://i1.28hse.com/2026/07/202607301634434155227_thumb.jpg,https://www.28hse.com/buy/apartment/property-3952439,2026-08-06T17:33:59.496264+00:00
3901888,(獨家) 中層開揚內園 吉之島上蓋 交吉有樓睇,黃埔,黃埔花園,7580000,503,2,1,迎富地產代理有限公司,https://i1.28hse.com/2026/06/202606221805104584131_thumb.jpg,https://www.28hse.com/buy/apartment/property-3901888,2026-08-06T17:33:59.496264+00:00
3951464,罕有高層,黃埔,黃埔花園,6100000,389,2,1,中原地產代理有限公司,https://i1.28hse.com/2026/07/202607291910001025935_thumb.jpg,https://www.28hse.com/buy/apartment/property-3951464,2026-08-06T17:33:59.496264+00:00
3948482,黃埔花園兩房，地鐵站上蓋，上車首選，銀行估凸價,黃埔,黃埔花園,6180000,389,2,1,迎富地產代理有限公司,https://i1.28hse.com/2026/07/202607271617038381982_thumb.jpg,https://www.28hse.com/buy/apartment/property-3948482,2026-08-06T17:33:59.496264+00:00
3948234,「有匙即睇 低過估價」 地鐵站頭兩房 即住易收租,黃埔,黃埔花園,6180000,389,2,1,迎富地產代理有限公司,https://i1.28hse.com/2026/07/202607271424373503165_thumb.jpg,https://www.28hse.com/buy/apartment/property-3948234,2026-08-06T17:33:59.496264+00:00
3947454,(獨家)(筍盤) 高層開揚 望內園 廳大房大,黃埔,黃埔花園,7200000,466,2,1,迎富地產代理有限公司,https://i1.28hse.com/2026/07/202607261750176952228_thumb.jpg,https://www.28hse.com/buy/apartment/property-3947454,2026-08-06T17:33:59.496264+00:00
3946817,可睇樓 特大兩房平價,黃埔,黃埔花園,7680000,466,2,,太陽物業,https://i1.28hse.com/2026/07/202607252215031337509_thumb.jpg,https://www.28hse.com/buy/apartment/property-3946817,2026-08-06T17:33:59.496264+00:00
3946481,必走三房高層東南園景快快快,黃埔,黃埔花園,7350000,607,3,,太陽物業,https://i1.28hse.com/2026/07/202607251715086773475_thumb.jpg,https://www.28hse.com/buy/apartment/property-3946481,2026-08-06T17:33:59.496264+00:00
3946480,必走高層兩房園景靚裝修快快快,黃埔,黃埔花園,6880000,466,2,,太陽物業,https://i1.28hse.com/2026/07/202607251715043104144_thumb.jpg,https://www.28hse.com/buy/apartment/property-3946480,2026-08-06T17:33:59.496264+00:00
3946325,高層開楊，即時約睇，大膽還價,黃埔,黃埔花園,6800000,466,2,,太陽物業,https://i1.28hse.com/2026/07/202607251615078179444_thumb.jpg,https://www.28hse.com/buy/apartment/property-3946325,2026-08-06T17:33:59.496264+00:00
3946072,"全屋靚裝修,高層兩房,銀行估凸價,有匙即睇",黃埔,黃埔花園,6280000,389,2,,太陽物業,https://i1.28hse.com/2026/07/202607251415031229394_thumb.jpg,https://www.28hse.com/buy/apartment/property-3946072,2026-08-06T17:33:59.496264+00:00
3944666,"黃埔花園 (超級大內園, 鳳凰樓層)",黃埔,黃埔花園,6380000,389,2,1,星匯物業有限公司,https://i1.28hse.com/2026/07/20260724134358902415_thumb.jpg,https://www.28hse.com/buy/apartment/property-3944666,2026-08-06T17:33:59.496264+00:00
3944468,"東南靚景, 日日可以打卡,樓下地鐵站",黃埔,黃埔花園,8300000,466,2,1,富恒物業(黃埔),https://i1.28hse.com/2026/07/202607241137414659320_thumb.jpg,https://www.28hse.com/buy/apartment/property-3944468,2026-08-06T17:33:59.496264+00:00
3944085,大膽還價 求出貨 高層 靚裝大2房 有匙即睇,黃埔,黃埔花園,7500000,466,2,,太陽物業,https://i1.28hse.com/2026/07/20260723201512888613_thumb.jpg,https://www.28hse.com/buy/apartment/property-3944085,2026-08-06T17:33:59.496264+00:00
3943672,獨家代理 一睇就知值得 東南 清靜 高挑 靚則,黃埔,黃埔花園,7680000,503,2,,太陽物業,https://i1.28hse.com/2026/07/202607231715085800247_thumb.jpg,https://www.28hse.com/buy/apartment/property-3943672,2026-08-06T17:33:59.496264+00:00
3940563,高層開揚，地鐵上蓋,黃埔,黃埔花園,5680000,388,2,,太陽物業,https://i1.28hse.com/2026/07/202607211415124962371_thumb.jpg,https://www.28hse.com/buy/apartment/property-3940563,2026-08-06T17:33:59.496264+00:00
3940373,高層三房，開楊景觀，有匙即睇,黃埔,黃埔花園,6900000,487,3,,太陽物業,https://i1.28hse.com/2026/07/202607211215098004864_thumb.jpg,https://www.28hse.com/buy/apartment/property-3940373,2026-08-06T17:33:59.496264+00:00
3939051,肯定係最平的三房單位 有匙即睇,黃埔,黃埔花園,6900000,487,3,,太陽物業,https://i1.28hse.com/2026/07/202607192215171845934_thumb.jpg,https://www.28hse.com/buy/apartment/property-3939051,2026-08-06T17:33:59.496264+00:00
3807693,皇牌屋苑，鄰近港鐵站，光線充足,黃埔,黃埔花園,7500000,470,2,1,尚臻物業有限公司,https://i1.28hse.com/2026/04/202604122044106402175_thumb.jpg,https://www.28hse.com/buy/apartment/property-3807693,2026-08-06T17:33:59.496264+00:00
3889795,「獨家」”有裝修、大內園、東南向” 點都住得舒服啲,黃埔,黃埔花園,6380000,389,2,1,福興地產代理有限公司,https://i1.28hse.com/2026/06/20260613163646166090_thumb.jpg,https://www.28hse.com/buy/apartment/property-3889795,2026-08-06T17:33:59.496264+00:00
3803244,# 獨家代理 # 兩房開揚 鳳凰樓 歡迎合作,黃埔,黃埔花園,7500000,466,2,1,華峰物業有限公司,https://i1.28hse.com/2026/04/202604091334423885388_thumb.jpg,https://www.28hse.com/buy/apartment/property-3803244,2026-08-06T17:33:59.496264+00:00
3936955,內園超靜 上車首選,黃埔,黃埔花園,6180000,389,2,,太陽物業,https://i1.28hse.com/2026/07/202607181315098143900_thumb.jpg,https://www.28hse.com/buy/apartment/property-3936955,2026-08-06T17:33:59.496264+00:00
3695077,兩房 銀行估突價 租金回報高,黃埔,黃埔花園,5800000,389,2,1,迎富地產代理有限公司,https://i1.28hse.com/2026/07/202607141526095608395_thumb.jpg,https://www.28hse.com/buy/apartment/property-3695077,2026-08-06T17:33:59.496264+00:00
3935336,正東南望五期全內園『贏絕同類型單位』優點盡在眼簾…不妨過嚟睇下呢間，包你喜歡,黃埔,黃埔花園,7380000,503,2,1,富恒地產,https://i1.28hse.com/2026/07/202607171257317227678_thumb.jpg,https://www.28hse.com/buy/apartment/property-3935336,2026-08-06T17:33:59.496264+00:00
3934567,【本週必搶】最新高層向南網球場加海景，現有真正最具質素兩房！,黃埔,黃埔花園,7200000,505,2,1,捷昇置業有限公司,https://i1.28hse.com/2026/07/202607161751376675913_thumb.jpg,https://www.28hse.com/buy/apartment/property-3934567,2026-08-06T17:33:59.496264+00:00
3933355,兩房 銀行估突價 高回報 把握上車機會,黃埔,黃埔花園,5800000,389,2,1,迎富地產代理有限公司,https://i1.28hse.com/2026/07/202607151755194710225_thumb.jpg,https://www.28hse.com/buy/apartment/property-3933355,2026-08-06T17:33:59.496264+00:00
3932421,"上車首選，收租一流,高層開楊",黃埔,黃埔花園,5600000,388,2,,太陽物業,https://i1.28hse.com/2026/07/202607142315058828112_thumb.jpg,https://www.28hse.com/buy/apartment/property-3932421,2026-08-06T17:33:59.496264+00:00
3931508,誠意出售 還價即成,黃埔,黃埔花園,5980000,389,2,,太陽物業,https://i1.28hse.com/2026/07/202607141415214587106_thumb.jpg,https://www.28hse.com/buy/apartment/property-3931508,2026-08-06T17:33:59.496264+00:00
3931423,保證實盤，黃埔花園兩房樓王，船景開揚，可遇不可求，歡迎預約參觀,黃埔,黃埔花園,8180000,466,2,1,萬霖物業,https://i1.28hse.com/2026/07/202607141325353201860_thumb.jpg,https://www.28hse.com/buy/apartment/property-3931423,2026-08-06T17:33:59.496264+00:00
3931238,黃埔花園，兩房，高層，開揚，船景，連約出售！,黃埔,黃埔花園,6800000,389,2,1,龍輝地產,https://i1.28hse.com/2026/07/202607141138316492966_thumb.jpg,https://www.28hse.com/buy/apartment/property-3931238,2026-08-06T17:33:59.496264+00:00
3833851,罕有闊內園，即買即收租，歡迎隨時約睇,黃埔,黃埔花園,5800000,389,2,1,迎富地產代理有限公司,https://i1.28hse.com/2026/05/202605041421108268327_thumb.jpg,https://www.28hse.com/buy/apartment/property-3833851,2026-08-06T17:33:59.496264+00:00
3930051,"最後機會買到平,筍,售盤最後通知各大買家~此價618萬,快買",黃埔,黃埔花園,6180000,389,2,,太陽物業,https://i1.28hse.com/2026/07/202607131215043278769_thumb.jpg,https://www.28hse.com/buy/apartment/property-3930051,2026-08-06T17:33:59.496264+00:00
3928882,平 平 有匙即睇 靚裝2房 內園景 平 平,黃埔,黃埔花園,5900000,389,2,,太陽物業,https://i1.28hse.com/2026/07/202607251115067865428_thumb.jpg,https://www.28hse.com/buy/apartment/property-3928882,2026-08-06T17:33:59.496264+00:00
3928693,大內園 新裝修，即買即住 快 快 快,黃埔,黃埔花園,6000000,389,2,,太陽物業,https://i1.28hse.com/2026/07/202607112215043399118_thumb.jpg,https://www.28hse.com/buy/apartment/property-3928693,2026-08-06T17:33:59.496264+00:00
3928658,開揚靚裝,黃埔,黃埔花園,8000000,466,2,,太陽物業,https://i1.28hse.com/2026/07/202607112115165015230_thumb.jpg,https://www.28hse.com/buy/apartment/property-3928658,2026-08-06T17:33:59.496264+00:00
3927103,必走高層靚裝修兩房，切勿睇漏，快快快,黃埔,黃埔花園,7180000,505,2,,太陽物業,https://i1.28hse.com/2026/07/202607102015123217912_thumb.jpg,https://www.28hse.com/buy/apartment/property-3927103,2026-08-06T17:33:59.496264+00:00
3927102,必走高層靚景靚裝修快，切勿錯過,黃埔,黃埔花園,6080000,389,2,,太陽物業,https://i1.28hse.com/2026/07/202607102015045029501_thumb.jpg,https://www.28hse.com/buy/apartment/property-3927102,2026-08-06T17:33:59.496264+00:00
3926782,［實盤有匙］高層開揚 業主Firm 賣！,黃埔,黃埔花園,7550000,466,2,1,迎富地產代理有限公司,https://i1.28hse.com/2026/07/202607101756244204337_thumb.jpg,https://www.28hse.com/buy/apartment/property-3926782,2026-08-06T17:33:59.496264+00:00
3926760,即買即住,黃埔,黃埔花園,6380000,389,2,1,福興地產代理有限公司,https://i1.28hse.com/2026/07/202607101752223976400_thumb.jpg,https://www.28hse.com/buy/apartment/property-3926760,2026-08-06T17:33:59.496264+00:00
3925159,【黃埔VIP籃球中層看台!】過咗晚上7點靜到蚊飛都聽到!現有全屋苑最平一間,黃埔,黃埔花園,5780000,389,2,1,捷昇置業有限公司,https://i1.28hse.com/2026/07/202607091711095824556_thumb.jpg,https://www.28hse.com/buy/apartment/property-3925159,2026-08-06T17:33:59.496264+00:00
3881532,｛ 皇牌 ｝筍盤 2房 靚裝修 勿失良機,黃埔,黃埔花園,5780000,389,2,1,新港地產代理有限公司,https://i1.28hse.com/2026/07/202607092100428749434_thumb.jpg,https://www.28hse.com/buy/apartment/property-3881532,2026-08-06T17:33:59.496264+00:00
3923072,高層開揚 全苑最筍,黃埔,黃埔花園,5550000,389,2,,太陽物業,https://i1.28hse.com/2026/07/202607081315043565690_thumb.jpg,https://www.28hse.com/buy/apartment/property-3923072,2026-08-06T17:33:59.496264+00:00
3922968,高層東南，兩房則王，有匙即睇,黃埔,黃埔花園,7300000,503,2,,太陽物業,https://i1.28hse.com/2026/07/202607081815064659886_thumb.jpg,https://www.28hse.com/buy/apartment/property-3922968,2026-08-06T17:33:59.496264+00:00
3922493,黃埔地鐵D出口直出商場可回家，真方便,黃埔,黃埔花園,7480000,466,2,1,尖沙咀分行,https://i1.28hse.com/2026/07/202607071912092913601_thumb.jpg,https://www.28hse.com/buy/apartment/property-3922493,2026-08-06T17:33:59.496264+00:00
3920460,園景大兩房，有匙即睇,黃埔,黃埔花園,6880000,505,2,,太陽物業,https://i1.28hse.com/2026/07/202607061515042233534_thumb.jpg,https://www.28hse.com/buy/apartment/property-3920460,2026-08-06T17:33:59.496264+00:00
3919312,"居高臨下,無敵靚景, 私隱度高,業主割愛",黃埔,黃埔花園,7550000,503,2,1,富恒物業(黃埔),https://i1.28hse.com/2026/07/202607051650071663010_thumb.jpg,https://www.28hse.com/buy/apartment/property-3919312,2026-08-06T17:33:59.496264+00:00
3919048,『平霸之選』 預算唔高想買最大兩房、呢間非你莫熟！精選推介！,黃埔,黃埔花園,6650000,505,2,1,富恒地產,https://i1.28hse.com/2026/07/202607051454198264526_thumb.jpg,https://www.28hse.com/buy/apartment/property-3919048,2026-08-06T17:33:59.496264+00:00
3918280,業主急賣,黃埔,黃埔花園,5780000,389,2,,太陽物業,https://i1.28hse.com/2026/07/202607041915042172012_thumb.jpg,https://www.28hse.com/buy/apartment/property-3918280,2026-08-06T17:33:59.496264+00:00
3916731,獨家 靚裝修 即買即住,黃埔,黃埔花園,5880000,389,2,,太陽物業,https://i1.28hse.com/2026/07/202607032115041329155_thumb.jpg,https://www.28hse.com/buy/apartment/property-3916731,2026-08-06T17:33:59.496264+00:00
3916397,必走向南船景快兩房，切勿睇漏老細,黃埔,黃埔花園,6000000,389,2,,太陽物業,https://i1.28hse.com/2026/07/202607031815152137216_thumb.jpg,https://www.28hse.com/buy/apartment/property-3916397,2026-08-06T17:33:59.496264+00:00
3916393,地鐵上蓋、企理裝修、超筍價、有匙即看,黃埔,黃埔花園,6180000,389,2,,太陽物業,https://i1.28hse.com/2026/07/202607141115044775355_thumb.jpg,https://www.28hse.com/buy/apartment/property-3916393,2026-08-06T17:33:59.496264+00:00
3915257,靚裝兩房，清靜園景,黃埔,黃埔花園,5980000,388,2,,太陽物業,https://i1.28hse.com/2026/07/202607031115038741904_thumb.jpg,https://www.28hse.com/buy/apartment/property-3915257,2026-08-06T17:33:59.496264+00:00
3914206,東南高層 地鐵上蓋,黃埔,黃埔花園,7980000,503,2,,太陽物業,https://i1.28hse.com/2026/07/20260702151507900573_thumb.jpg,https://www.28hse.com/buy/apartment/property-3914206,2026-08-06T17:33:59.496264+00:00
3825404,名厦屋苑 ，交通便利，地鐵站，靚装修 商場購物方便,黃埔,黃埔花園,6600000,389,2,1,六馬顧問有限公司,https://i1.28hse.com/2026/07/202607012331033609991_thumb.jpg,https://www.28hse.com/buy/apartment/property-3825404,2026-08-06T17:33:59.496264+00:00
3913500,專營黃埔花園，2房，高層東南，靚積，業主求售,黃埔,黃埔花園,7450000,503,2,,太陽物業,https://i1.28hse.com/2026/07/202607062015036161591_thumb.jpg,https://www.28hse.com/buy/apartment/property-3913500,2026-08-06T17:33:59.496264+00:00
3826515,黃埔二期 高層海景靚單位 (直接業主盤),黃埔,黃埔花園,6680000,389,2,1,,https://i1.28hse.com/2026/04/202604281441426362938_thumb.jpg,https://www.28hse.com/buy/apartment/property-3826515,2026-08-06T17:33:59.496264+00:00
3906878,黃埔地鐵 高層 東 內園,黃埔,黃埔花園,6090000,389,2,,太陽物業,https://i1.28hse.com/2026/06/202606261715067688916_thumb.jpg,https://www.28hse.com/buy/apartment/property-3906878,2026-08-06T17:33:59.496264+00:00
3902125,單邊靚裝,黃埔,黃埔花園,6300000,389,2,,太陽物業,https://i1.28hse.com/2026/06/202606222115041284176_thumb.jpg,https://www.28hse.com/buy/apartment/property-3902125,2026-08-06T17:33:59.496264+00:00
3900063,三面單邊 闊園景 平價出售,黃埔,黃埔花園,6080000,389,2,,太陽物業,https://i1.28hse.com/2026/06/202606211315035441479_thumb.jpg,https://www.28hse.com/buy/apartment/property-3900063,2026-08-06T17:33:59.496264+00:00
3899179,東南高層兩房,黃埔,黃埔花園,6100000,389,2,1,富恒地產,https://i1.28hse.com/2026/06/202606201631594236519_thumb.jpg,https://www.28hse.com/buy/apartment/property-3899179,2026-08-06T17:33:59.496264+00:00
3899115,『靚景必選』心動不如行動！高層東南向最靚內園！最後一間,黃埔,黃埔花園,6100000,389,2,1,富恒地產,https://i1.28hse.com/2026/06/202606201609094279025_thumb.jpg,https://www.28hse.com/buy/apartment/property-3899115,2026-08-06T17:33:59.496264+00:00
3899108,沒沒沒有握手窗，高層雙雙內園景！接近完美景觀的細兩房！,黃埔,黃埔花園,6100000,389,2,1,富恒地產,https://i1.28hse.com/2026/06/202606201605302295122_thumb.jpg,https://www.28hse.com/buy/apartment/property-3899108,2026-08-06T17:33:59.496264+00:00
3896173,黃埔花園 (大2房),黃埔,黃埔花園,7450000,466,2,1,星匯物業有限公司,https://i1.28hse.com/2026/06/202606181339112731863_thumb.jpg,https://www.28hse.com/buy/apartment/property-3896173,2026-08-06T17:33:59.496264+00:00
3895872,專營黃埔花園，2房單位，企理裝修業主求售,黃埔,黃埔花園,7480000,466,2,,太陽物業,https://i1.28hse.com/2026/06/20260625181508670424_thumb.jpg,https://www.28hse.com/buy/apartment/property-3895872,2026-08-06T17:33:59.496264+00:00
3895016,【100%全特闊園景】沒有握手窗、向東高層!黃埔兩房頭號選擇!,黃埔,黃埔花園,6100000,389,2,1,捷昇置業有限公司,https://i1.28hse.com/2026/06/202606171516571757816_thumb.jpg,https://www.28hse.com/buy/apartment/property-3895016,2026-08-06T17:33:59.496264+00:00
3894526,性價比之巔 上車之選 坐擁清幽內園景觀 匙盤即睇,黃埔,黃埔花園,5780000,389,2,1,萬霖物業,https://i1.28hse.com/2026/06/202606171052235483204_thumb.jpg,https://www.28hse.com/buy/apartment/property-3894526,2026-08-06T17:33:59.496264+00:00
3894361,1分鐘地鐵 全苑最筍,黃埔,黃埔花園,5780000,389,2,,太陽物業,https://i1.28hse.com/2026/06/202606162215048014548_thumb.jpg,https://www.28hse.com/buy/apartment/property-3894361,2026-08-06T17:33:59.496264+00:00
3891576,筍到爆 高層 靚裝大2房 景緻開揚 有匙即睇,黃埔,黃埔花園,7800000,466,2,,太陽物業,https://i1.28hse.com/2026/07/202607191115052797372_thumb.jpg,https://www.28hse.com/buy/apartment/property-3891576,2026-08-06T17:33:59.496264+00:00
3890415,內園清幽 罕有靚盤,黃埔,黃埔花園,6500000,389,2,,太陽物業,https://i1.28hse.com/2026/06/202606132215041414592_thumb.jpg,https://www.28hse.com/buy/apartment/property-3890415,2026-08-06T17:33:59.496264+00:00
3890229,超筍兩房，銀行估突價，寧靜內園，見票即簽,黃埔,黃埔花園,5800000,389,2,,太陽物業,https://i1.28hse.com/2026/06/20260613191514481829_thumb.jpg,https://www.28hse.com/buy/apartment/property-3890229,2026-08-06T17:33:59.496264+00:00
3890228,專營黃埔花園，2房單位，企理裝修業主求售,黃埔,黃埔花園,7550000,466,2,,太陽物業,https://i1.28hse.com/2026/06/202606131915088290355_thumb.jpg,https://www.28hse.com/buy/apartment/property-3890228,2026-08-06T17:33:59.496264+00:00
3890068,*獨家代理* 鳳凰樓層，東南，靚裝修，交吉！,黃埔,黃埔花園,6600000,389,2,1,福興地產代理有限公司,https://i1.28hse.com/2026/06/202606131808233791064_thumb.jpg,https://www.28hse.com/buy/apartment/property-3890068,2026-08-06T17:33:59.496264+00:00
3887890,"黃埔花園 (超級大內園, 鳳凰樓層)",黃埔,黃埔花園,6600000,389,2,1,星匯物業有限公司,https://i1.28hse.com/2026/06/202606121543588504941_thumb.jpg,https://www.28hse.com/buy/apartment/property-3887890,2026-08-06T17:33:59.496264+00:00
3885496,雅裝即住 收租自用之選,黃埔,黃埔花園,5800000,389,2,,太陽物業,https://i1.28hse.com/2026/06/202606110115046886933_thumb.jpg,https://www.28hse.com/buy/apartment/property-3885496,2026-08-06T17:33:59.496264+00:00
3884836,超筍盤715万，真係最平最抵買，高層開揚景，豐盛地產獨家代理,黃埔,黃埔花園,7150000,466,2,1,豐盛地產代理有限公司,https://i1.28hse.com/2026/06/202606101515411729082_thumb.jpg,https://www.28hse.com/buy/apartment/property-3884836,2026-08-06T17:33:59.496264+00:00
3963157,《寶新大厦》高層兩房 間隔實用 交通方便 约睇,紅磡,寶新大廈,5080000,426,2,1,匯誠物業有限公司,https://i1.28hse.com/2026/08/202608070005531015303_thumb.jpg,https://www.28hse.com/buy/apartment/property-3963157,2026-08-06T17:33:59.496264+00:00
3962857,終於等到兩房 「紅磡灣中心」 仲要高層內園景 歡迎睇樓,紅磡,紅磡灣中心,5780000,411,2,1,富榮地產代理有限公司,https://i1.28hse.com/2026/08/202608061905093988742_thumb.jpg,https://www.28hse.com/buy/apartment/property-3962857,2026-08-06T17:33:59.496264+00:00
3962818,地鐵站零距離＃鳳凰樓層＃銀行估凸價#兩房~企裝修~睇完仲可傾#可睇,紅磡,興華大廈,3480000,350,2,1,富成置業顧問有限公司,https://i1.28hse.com/2026/08/202608062008301029435_thumb.jpg,https://www.28hse.com/buy/apartment/property-3962818,2026-08-06T17:33:59.496264+00:00
3961780,《實盤•還價即成》全區資訊最快•盤源最多•搵齊筍盤•傾價專家•盡心盡力幫到你,紅磡,碧麗花園,7080000,476,3,2,匯誠物業有限公司,https://i1.28hse.com/2026/08/20260806081040861205_thumb.jpg,https://www.28hse.com/buy/apartment/property-3961780,2026-08-06T17:33:59.496264+00:00
3961297,「行多兩步、地鐵係到!」得利閣 445 3房,紅磡,得利閣,6680000,445,3,1,捷昇置業有限公司,https://i1.28hse.com/2026/08/202608051819438762112_thumb.jpg,https://www.28hse.com/buy/apartment/property-3961297,2026-08-06T17:33:59.496264+00:00
3960938,"罕有3房兩廁 ,最搶手 ，平地電梯,中層山景,35校網，何文田站附近,",紅磡,得利閣,6680000,463,3,2,生利達物業代理,https://i1.28hse.com/2026/08/202608051600153704085_thumb.jpg,https://www.28hse.com/buy/apartment/property-3960938,2026-08-06T17:33:59.496264+00:00
3959628,《得利閣》3房2廁 高山公園 平地電梯 地鐵站只需5分鐘,紅磡,得利閣,5980000,463,3,2,天晋物業有限公司,https://i1.28hse.com/2026/08/202608041626398687389_thumb.jpg,https://www.28hse.com/buy/apartment/property-3959628,2026-08-06T17:33:59.496264+00:00
3959214,優質黃埔新邨三房* 鄰近地鐵 優惠價錢 罕有中高層況* 可以交吉出售 企理裝修,紅磡,黃埔新村,6200000,494,3,1,星匯物業有限公司,https://i1.28hse.com/2026/08/202608041315105197978_thumb.jpg,https://www.28hse.com/buy/apartment/property-3959214,2026-08-06T17:33:59.496264+00:00
3958722,《實盤實盤，中層三房二厠》得利閣 原則三房兩廳兩廁 雅裝31年樓 約睇 九成按揭,紅磡,得利閣,5980000,463,3,2,天晋物業有限公司,https://i1.28hse.com/2026/08/202608032056592239891_thumb.jpg,https://www.28hse.com/buy/apartment/property-3958722,2026-08-06T17:33:59.496264+00:00
3958716,《真的有海景，中層又東南》碧麗花園 會德豐屋苑 三房兩廁 中層雅裝 三層停車場,紅磡,碧麗花園,7350000,476,3,2,天晋物業有限公司,https://i1.28hse.com/2026/08/202608032051495620901_thumb.jpg,https://www.28hse.com/buy/apartment/property-3958716,2026-08-06T17:33:59.496264+00:00
3958071,"藍籌市區樓,一盤難求!一站式滿足你的""安樂窩""住處",紅磡,黃埔新村,5380000,401,2,,太陽物業,https://i1.28hse.com/2026/08/202608031615142056043_thumb.jpg,https://www.28hse.com/buy/apartment/property-3958071,2026-08-06T17:33:59.496264+00:00
3957541,連同一個戶外嘅特色平台！雖然不是自己的，但是只有你可以享用,紅磡,紅磡灣中心,6500000,492,3,1,富恒地產,https://i1.28hse.com/2026/08/202608031151157789208_thumb.jpg,https://www.28hse.com/buy/apartment/property-3957541,2026-08-06T17:33:59.496264+00:00
3957030,1分鐘到地鐵 罕有東南開揚 超大平台 3房實用高,紅磡,黃埔新村,6880000,498,3,,太陽物業,https://i1.28hse.com/2026/08/202608021816411670539_thumb.jpg,https://www.28hse.com/buy/apartment/property-3957030,2026-08-06T17:33:59.496264+00:00
3957021,必走一房海景高層靚裝修快,紅磡,半島豪庭,7400000,442,2,,太陽物業,https://i1.28hse.com/2026/08/202608021815236215639_thumb.jpg,https://www.28hse.com/buy/apartment/property-3957021,2026-08-06T17:33:59.496264+00:00
3066383,《自住/收租/割套房/等收購》興發大廈 高層開陽 間隔任改 可收租可自住 等收購,紅磡,興發大廈,2780000,429,2,1,天晋物業有限公司,https://i1.28hse.com/2026/08/202608021753122759985_thumb.jpg,https://www.28hse.com/buy/apartment/property-3066383,2026-08-06T17:33:59.496264+00:00
3956948,《爆荀，1分鐘何文田站》興華大廈 原裝兩房 中層超開陽 自己計計呎價 約睇交吉,紅磡,興華大廈,3280000,376,2,1,天晋物業有限公司,https://i1.28hse.com/2026/08/202608021744477218446_thumb.jpg,https://www.28hse.com/buy/apartment/property-3956948,2026-08-06T17:33:59.496264+00:00
3956548,絕無取巧，遠景，,紅磡,半島豪庭,7680000,442,1,,太陽物業,https://i1.28hse.com/2026/08/202608021616042306210_thumb.jpg,https://www.28hse.com/buy/apartment/property-3956548,2026-08-06T17:33:59.496264+00:00
3955702,《真的又海景又東南又太陽》碧麗花園 會德豐屋苑 三房兩廁 中層雅裝 三層停車場,紅磡,碧麗花園,7080000,476,3,2,天晋物業有限公司,https://i1.28hse.com/2026/08/202608012014154224102_thumb.jpg,https://www.28hse.com/buy/apartment/property-3955702,2026-08-06T17:33:59.496264+00:00
3955701,【高山道3房樓王】30年樓3房2廁 即買即住,紅磡,得利閣,6680000,445,3,1,天晋物業有限公司,https://i1.28hse.com/2026/08/202608021103523994287_thumb.jpg,https://www.28hse.com/buy/apartment/property-3955701,2026-08-06T17:33:59.496264+00:00
3907126,"6分鐘何文田站, 明廚、梗廚, 靚戶型",紅磡,昇御門,7280000,409,1,1,迎富地產代理有限公司,https://i1.28hse.com/2026/08/202608062122436892365_thumb.jpg,https://www.28hse.com/buy/apartment/property-3907126,2026-08-06T17:33:59.496264+00:00
3955048,必走一房海景高層靚裝修快,紅磡,半島豪庭,7400000,442,2,,太陽物業,https://i1.28hse.com/2026/08/202608011515094742511_thumb.jpg,https://www.28hse.com/buy/apartment/property-3955048,2026-08-06T17:33:59.496264+00:00
3954926,必走靚裝修三房，超誠意出售 快勿錯過,紅磡,黃埔新村,5800000,498,3,,太陽物業,https://i1.28hse.com/2026/08/202608011415125352672_thumb.jpg,https://www.28hse.com/buy/apartment/property-3954926,2026-08-06T17:33:59.496264+00:00
3954719,原來真係咁多人鐘意丶即買即住！家庭客必選名牌屋苑,紅磡,碧麗花園,7080000,476,3,2,富恒地產,https://i1.28hse.com/2026/08/202608011226385606132_thumb.jpg,https://www.28hse.com/buy/apartment/property-3954719,2026-08-06T17:33:59.496264+00:00
3954522,真．獨家盤！非凶宅同層！保證真實未賣！正東清靜一房！,紅磡,昇御門,5980000,366,1,1,昇譽物業代理,https://i1.28hse.com/2026/08/202608021137141338894_thumb.jpg,https://www.28hse.com/buy/apartment/property-3954522,2026-08-06T17:33:59.496264+00:00
3954450,《高層大兩房＋黃埔配套》寶新大廈 高層單邊大兩房 稱得上紅磡單幢樓王 交吉約睇,紅磡,寶新大廈,4980000,426,2,1,天晋物業有限公司,https://i1.28hse.com/2026/08/202608010059471024734_thumb.jpg,https://www.28hse.com/buy/apartment/property-3954450,2026-08-06T17:33:59.496264+00:00
3954243,【想向海嗰邊?睇呢間】海景三房兩廁梗廚無改過間隔!,紅磡,碧麗花園,7080000,467,3,2,捷昇置業有限公司,https://i1.28hse.com/2026/08/202608011505194012982_thumb.jpg,https://www.28hse.com/buy/apartment/property-3954243,2026-08-06T17:33:59.496264+00:00
3830740,市區擁有600呎平台花園　有幾招積？,紅磡,黃埔新村,6880000,498,2,1,迎富地產代理有限公司,https://i1.28hse.com/2026/05/202605011936571641287_thumb.jpg,https://www.28hse.com/buy/apartment/property-3830740,2026-08-06T17:33:59.496264+00:00
3953631,《碧麗花園》三房兩廁 東南海景 酒店式大堂 約睇,紅磡,碧麗花園,7080000,476,3,1,天晋物業有限公司,https://i1.28hse.com/2026/08/202608021401448115998_thumb.jpg,https://www.28hse.com/buy/apartment/property-3953631,2026-08-06T17:33:59.496264+00:00
3953560,【又大又新又唔近大酒店】高層超開揚 426呎大大間 黃埔核心,紅磡,寶新大廈,5080000,426,2,1,天晋物業有限公司,https://i1.28hse.com/2026/07/202607311532191995180_thumb.jpg,https://www.28hse.com/buy/apartment/property-3953560,2026-08-06T17:33:59.496264+00:00
3953510,《一減再減·益街坊·有買趁此好機會》 黃埔新村,紅磡,黃埔新村,5480000,401,2,1,天晋物業有限公司,https://i1.28hse.com/2026/07/202607311512056460450_thumb.jpg,https://www.28hse.com/buy/apartment/property-3953510,2026-08-06T17:33:59.496264+00:00
3953351,"市區樓@6500,仲要電梯高層近港鐵站",紅磡,興發大廈,2800000,429,2,1,錦隆物業代理,https://i1.28hse.com/2026/08/202608011839325433616_thumb.jpg,https://www.28hse.com/buy/apartment/property-3953351,2026-08-06T17:33:59.496264+00:00
3908421,“正宗東南氣候爽” 收租自用-爽、夾、妥,紅磡,海濱南岸,8380000,432,2,1,福興地產代理有限公司,https://i1.28hse.com/2026/07/202607051655233634786_thumb.jpg,https://www.28hse.com/buy/apartment/property-3908421,2026-08-06T17:33:59.496264+00:00
3952914,新鴻基名牌 少有梗廚一房，3分鐘地鐵站,紅磡,昇御門,6700000,366,1,,美聯物業,https://i1.28hse.com/2026/07/202607302157447412493_thumb.jpg,https://www.28hse.com/buy/apartment/property-3952914,2026-08-06T17:33:59.496264+00:00
3838835,電梯洋樓罕有平售，呎價五千幾。已間3個一房一廳，現收租$15000 連約平售。,紅磡,福家大廈,2880000,488,3,3,美意物業,https://i1.28hse.com/2026/05/202605071735346495284_thumb.jpg,https://www.28hse.com/buy/apartment/property-3838835,2026-08-06T17:33:59.496264+00:00
3952038,間隔贏晒新村紅磡灣、樓齡仲新十幾年！必嘉坊一帶【巨廳兩房】,紅磡,寶新大廈,5080000,426,2,1,捷昇置業有限公司,https://i1.28hse.com/2026/07/202607301331551689427_thumb.jpg,https://www.28hse.com/buy/apartment/property-3952038,2026-08-06T17:33:59.496264+00:00
3951912,「一千零一間、唔通等下間?」碧麗花園 476呎 3房1,紅磡,碧麗花園,7400000,476,3,2,捷昇置業有限公司,https://i1.28hse.com/2026/07/202607301222367315479_thumb.jpg,https://www.28hse.com/buy/apartment/property-3951912,2026-08-06T17:33:59.496264+00:00
3951339,"超筍兩房,全城最平,企理裝修",紅磡,悅目,7100000,430,2,,太陽物業,https://i1.28hse.com/2026/07/202607291815363066649_thumb.jpg,https://www.28hse.com/buy/apartment/property-3951339,2026-08-06T17:33:59.496264+00:00
3950870,九龍區三房 *家庭首選*,紅磡,碧麗花園,7400000,476,3,,中原地產,https://i1.28hse.com/2026/07/202607291456027801419_thumb.jpg,https://www.28hse.com/buy/apartment/property-3950870,2026-08-06T17:33:59.496264+00:00
3863481,"筍盤:實用2房,雅潔靚裝,星級會所",紅磡,海逸豪園,7800000,426,2,1,如意不動產有限公司,https://i1.28hse.com/2026/06/20260612110548612904_thumb.jpg,https://www.28hse.com/buy/apartment/property-3863481,2026-08-06T17:33:59.496264+00:00
3949042,【全屋靚裝】保證交吉！新鴻基5星級豪宅！紅磡凱旋門！空中會所＋超高樓底！,紅磡,昇御門,6700000,389,1,1,新港地產代理有限公司,https://i1.28hse.com/2026/07/202607272250417771699_thumb.jpg,https://www.28hse.com/buy/apartment/property-3949042,2026-08-06T17:33:59.496264+00:00
3948343,"豪華裝修, 預約參觀",紅磡,半島豪庭,7800000,492,1,,太陽物業,https://i1.28hse.com/2026/07/202607271515048812774_thumb.jpg,https://www.28hse.com/buy/apartment/property-3948343,2026-08-06T17:33:59.496264+00:00
3946905,急售黃埔地鐵站上蓋唔怕貨比貨最怕不識貨樣樣齊市區樓費用平養老好地方,紅磡,黃埔新村,5480000,413,2,,太陽物業,https://i1.28hse.com/2026/07/20260726181505381782_thumb.jpg,https://www.28hse.com/buy/apartment/property-3946905,2026-08-06T17:33:59.496264+00:00
3946815,靚裝修，淸靜，開揚，鄰近地鐵站,紅磡,高發大廈,3900000,418,2,,太陽物業,https://i1.28hse.com/2026/07/202607252115042853243_thumb.jpg,https://www.28hse.com/buy/apartment/property-3946815,2026-08-06T17:33:59.496264+00:00
3945577,紅磡大廈平地電梯471呎2房約睇，價錢有得傾,紅磡,紅磡大廈,4600000,471,2,1,家旺物業大埔道,https://i1.28hse.com/2026/07/202607242055048028312_thumb.jpg,https://www.28hse.com/buy/apartment/property-3945577,2026-08-06T17:33:59.496264+00:00
3900093,紅磡灣中心 (2房),紅磡,紅磡灣中心,5800000,411,2,1,星匯物業有限公司,https://i1.28hse.com/2026/06/202606211341492538030_thumb.jpg,https://www.28hse.com/buy/apartment/property-3900093,2026-08-06T17:33:59.496264+00:00
3817147,獨家筍盤 環境清靜 實用兩房 5分鐘直達何文田站,紅磡,福星大樓,4150000,417,2,1,領高地產代理有限公司,https://i1.28hse.com/2026/04/202604201715196945482_thumb.jpg,https://www.28hse.com/buy/apartment/property-3817147,2026-08-06T17:33:59.496264+00:00
3944325,「豪華裝修，開陽舒服，市場罕有」1房半島豪庭,紅磡,半島豪庭,7600000,492,1,,太陽物業,https://i1.28hse.com/2026/07/202607240215047049156_thumb.jpg,https://www.28hse.com/buy/apartment/property-3944325,2026-08-06T17:33:59.496264+00:00
3943601,獨家代理靚裝修 寛大實用 仿似入戶花園 緣意？然,紅磡,半島豪庭,7800000,492,1,,太陽物業,https://i1.28hse.com/2026/07/202607231647593200158_thumb.jpg,https://www.28hse.com/buy/apartment/property-3943601,2026-08-06T17:33:59.496264+00:00
3943599,"獨家代理,全屋靚裝修大一房,歡迎約睇",紅磡,半島豪庭,7800000,492,1,,太陽物業,https://i1.28hse.com/2026/07/202607231647456451681_thumb.jpg,https://www.28hse.com/buy/apartment/property-3943599,2026-08-06T17:33:59.496264+00:00
3942588,【高層有裝修 匙盤易約睇】裝修好即買即住 不睇後悔 最後一間,紅磡,紅磡灣中心,5780000,411,2,1,天晋物業有限公司,https://i1.28hse.com/2026/07/20260722194025979044_thumb.jpg,https://www.28hse.com/buy/apartment/property-3942588,2026-08-06T17:33:59.496264+00:00
3942104,近何文田站最平兩房有裝修有露台單位！重出江湖開揚景,紅磡,高發大廈,4000000,418,2,,捷昇置業有限公司,https://i1.28hse.com/2026/07/202607221629582655835_thumb.jpg,https://www.28hse.com/buy/apartment/property-3942104,2026-08-06T17:33:59.496264+00:00
3940377,《寶新大廈》平靚正 兩房開放廚 黃埔配套交通方便 約睇,紅磡,寶新大廈,5080000,426,2,1,天晋物業有限公司,https://i1.28hse.com/2026/07/202607311605034090322_thumb.jpg,https://www.28hse.com/buy/apartment/property-3940377,2026-08-06T17:33:59.496264+00:00
3939283,迷人海景，罕有放盤，移民急讓，有意還價即成交！有匙即睇，保證未賣可以睇，即買即住,紅磡,環海東岸,6780000,375,1,1,世紀21領先置業代理,https://i1.28hse.com/2026/07/202607201154161238268_thumb.jpg,https://www.28hse.com/buy/apartment/property-3939283,2026-08-06T17:33:59.496264+00:00
3939081,《大家庭恩物＋黃埔配套》黃埔唐樓 平地電梯 原裝三房 中層開陽 大街入口 約睇,紅磡,黃埔唐樓,3780000,423,3,1,天晋物業有限公司,https://i1.28hse.com/2026/07/202607192325067060782_thumb.jpg,https://www.28hse.com/buy/apartment/property-3939081,2026-08-06T17:33:59.496264+00:00
3939078,《一邊住一邊等收購》福星大廈 中層兩房 雙重效益 邊住邊等收購 馬頭圍道黃金位置,紅磡,福星大廈,3180000,361,2,1,天晋物業有限公司,https://i1.28hse.com/2026/07/202607192323461327076_thumb.jpg,https://www.28hse.com/buy/apartment/property-3939078,2026-08-06T17:33:59.496264+00:00
3938808,黃埔地鐵 高層 東南 有裝修,紅磡,黃埔新村,4850000,453,3,,太陽物業,https://i1.28hse.com/2026/07/20260719181503260742_thumb.jpg,https://www.28hse.com/buy/apartment/property-3938808,2026-08-06T17:33:59.496264+00:00
3938642,【好過買必嘉坊！】半新樓高樓底有露台2房梗廚 ！3鐵路優勢！即約即睇！,紅磡,城中匯,7680000,423,2,1,新港地產代理有限公司,https://i1.28hse.com/2026/07/20260719164750423588_thumb.jpg,https://www.28hse.com/buy/apartment/property-3938642,2026-08-06T17:33:59.496264+00:00
3938614,最大一房廳 向東靚海景 梗廚房 會所設施齊備 有匙即睇,紅磡,環海東岸,7280000,375,1,1,新港地產代理有限公司,https://i1.28hse.com/2026/08/202608010810066380408_thumb.jpg,https://www.28hse.com/buy/apartment/property-3938614,2026-08-06T17:33:59.496264+00:00
3884904,"獨家向南,只此一家",紅磡,悅目,7300000,430,2,1,世紀21領先置業代理,https://i1.28hse.com/2026/06/202606101548161662616_thumb.jpg,https://www.28hse.com/buy/apartment/property-3884904,2026-08-06T17:33:59.496264+00:00
3937946,【恆基真正兩房靚樓】鳳凰層3.3米高樓底梗廚兩房,紅磡,城中匯,7690000,423,2,1,捷昇置業有限公司,https://i1.28hse.com/2026/07/202607190016496055184_thumb.jpg,https://www.28hse.com/buy/apartment/property-3937946,2026-08-06T17:33:59.496264+00:00
3937864,呎價最平@8500 不再有,紅磡,黃埔唐樓,4550000,533,3,,太陽物業,https://i1.28hse.com/2026/07/202607182115151341412_thumb.jpg,https://www.28hse.com/buy/apartment/property-3937864,2026-08-06T17:33:59.496264+00:00
3889838,“精緻裝修+大平台” 招呼親朋戚友唔失禮,紅磡,黃埔新村,6880000,498,2,1,福興地產代理有限公司,https://i1.28hse.com/2026/06/202606131650043818771_thumb.jpg,https://www.28hse.com/buy/apartment/property-3889838,2026-08-06T17:33:59.496264+00:00
3936548,必走靚裝修三房，超誠意出售 快勿錯過,紅磡,黃埔新村,5750000,498,3,,太陽物業,https://i1.28hse.com/2026/07/202607172215096059631_thumb.jpg,https://www.28hse.com/buy/apartment/property-3936548,2026-08-06T17:33:59.496264+00:00
3936547,必走一房海景高層靚裝修快,紅磡,半島豪庭,7400000,442,2,,太陽物業,https://i1.28hse.com/2026/07/202607172215035301000_thumb.jpg,https://www.28hse.com/buy/apartment/property-3936547,2026-08-06T17:33:59.496264+00:00
3936424,"東南內園景,景觀開揚,極抵買，有裝修",紅磡,紅磡灣中心,5790000,415,2,,太陽物業,https://i1.28hse.com/2026/08/202608062215046470241_thumb.jpg,https://www.28hse.com/buy/apartment/property-3936424,2026-08-06T17:33:59.496264+00:00
3936110,(平盤放售）紅磡洋樓交吉售，還價即成，可睇樓！先到先得！,紅磡,福年新樓,2500000,366,3,3,龍輝地產,https://i1.28hse.com/2026/07/202607171758468748993_thumb.jpg,https://www.28hse.com/buy/apartment/property-3936110,2026-08-06T17:33:59.496264+00:00
3935925,「本人獨家代理」豪裝大兩房 即買即住即租,紅磡,黃埔新村,5880000,356,2,1,迎富地產代理有限公司,https://i1.28hse.com/2026/07/202607171708156927906_thumb.jpg,https://www.28hse.com/buy/apartment/property-3935925,2026-08-06T17:33:59.496264+00:00
3935695,馬頭圍道洋樓 中層 兩房大廳 開陽光猛 5分鐘到地鐵站,紅磡,福星大廈,3180000,361,2,1,信威地產代理公司,/assets/img/loadingphoto170_125.jpg,https://www.28hse.com/buy/apartment/property-3935695,2026-08-06T17:33:59.496264+00:00
3935498,紅磡花園*罕有平台特色戶,紅磡,紅磡花園,5800000,386,2,1,富業地產代理有限公司,https://i1.28hse.com/2026/07/202607171353123902495_thumb.jpg,https://www.28hse.com/buy/apartment/property-3935498,2026-08-06T17:33:59.496264+00:00
3935036,【高層海景】【1房＋儲物房】做1房/2房都得！即約即睇！,紅磡,環海東岸,6800000,362,1,1,新港地產代理有限公司,https://i1.28hse.com/2026/07/202607170046274033031_thumb.jpg,https://www.28hse.com/buy/apartment/property-3935036,2026-08-06T17:33:59.496264+00:00
3934903,《高層開陽＋黃埔配套》黃埔唐樓 平地電梯洋樓 原裝三房 單邊彩光度高 交吉約睇,紅磡,黃埔唐樓,3780000,394,3,1,天晋物業有限公司,https://i1.28hse.com/2026/07/202607162055113885928_thumb.jpg,https://www.28hse.com/buy/apartment/property-3934903,2026-08-06T17:33:59.496264+00:00
3934582,《一房＋可建複式＋雙露台＋梗廚》寶御 東南全海景 樓底超過11呎 可自製複式,紅磡,寶御,7080000,410,1,1,天晋物業有限公司,https://i1.28hse.com/2026/07/20260716175342183323_thumb.jpg,https://www.28hse.com/buy/apartment/property-3934582,2026-08-06T17:33:59.496264+00:00
3934536,꧁ 區內最實用兩房半新樓꧂「悅目」正南向採光極好✧紅磡熱門屋苑之一✧,紅磡,悅目,7300000,430,2,1,新港地產代理有限公司,https://i1.28hse.com/2026/07/202607161742337609702_thumb.jpg,https://www.28hse.com/buy/apartment/property-3934536,2026-08-06T17:33:59.496264+00:00
3934090,正南中層實用兩房 開放廚 可約睇,紅磡,悅目,7100000,430,2,1,富恒地產,https://i1.28hse.com/2026/07/202607161404194308224_thumb.jpg,https://www.28hse.com/buy/apartment/property-3934090,2026-08-06T17:33:59.496264+00:00
3934023,悅目【激筍推介】開放廚房單邊中層、非常靚仔！只此一間！,紅磡,悅目,7180000,430,2,1,富恒地產,https://i1.28hse.com/2026/07/202607161322553670031_thumb.jpg,https://www.28hse.com/buy/apartment/property-3934023,2026-08-06T17:33:59.496264+00:00
3933963,踢波唔得?種花養狗都得掛!【紅磡城市綠洲、隱世靚樓屋苑】新裝修兩房連大平台!,紅磡,紅磡花園,5800000,386,2,1,捷昇置業有限公司,https://i1.28hse.com/2026/07/202607161241006169023_thumb.jpg,https://www.28hse.com/buy/apartment/property-3933963,2026-08-06T17:33:59.496264+00:00
3933879,半島豪庭，大單邊同時城市夜景！豪宅一房平民價錢推介，精神精選精選！保證你滿意,紅磡,半島豪庭,7600000,492,1,1,富恒地產,https://i1.28hse.com/2026/07/20260724113927902183_thumb.jpg,https://www.28hse.com/buy/apartment/property-3933879,2026-08-06T17:33:59.496264+00:00
3933347,《爆荀，1分鐘何文田站》興華大廈 原裝兩房 中層超開陽 自己計計呎價 約睇交吉,紅磡,興華大廈,3280000,376,2,1,天晋物業有限公司,https://i1.28hse.com/2026/08/202608021737051166448_thumb.jpg,https://www.28hse.com/buy/apartment/property-3933347,2026-08-06T17:33:59.496264+00:00
3932119,樓新 有會所 旺中有靜,紅磡,悅目,7260000,429,2,,太陽物業,https://i1.28hse.com/2026/07/202607141815201144663_thumb.jpg,https://www.28hse.com/buy/apartment/property-3932119,2026-08-06T17:33:59.496264+00:00
3932118,靚會所 大2房 最平入門版,紅磡,海濱南岸,7590000,481,2,,太陽物業,https://i1.28hse.com/2026/07/202607141815144524128_thumb.jpg,https://www.28hse.com/buy/apartment/property-3932118,2026-08-06T17:33:59.496264+00:00
3931102,《極高層巨型大宅，享受天倫之樂》崇字大樓 崇儉樓 原裝巨廳三房 恆隆屋苑 已維修,紅磡,崇儉樓,4990000,616,3,2,天晋物業有限公司,https://i1.28hse.com/2026/07/202607140141467499214_thumb.jpg,https://www.28hse.com/buy/apartment/property-3931102,2026-08-06T17:33:59.496264+00:00
3928406,"* 巨廳則皇兩房, 東南位, 極筍價出售 *",紅磡,海濱南岸,7500000,481,2,1,迎富地產代理有限公司,https://i1.28hse.com/2026/07/202607111818217965056_thumb.jpg,https://www.28hse.com/buy/apartment/property-3928406,2026-08-06T17:33:59.496264+00:00
3928371,【中層已售 仲有間高層】靚裝即住 已夾錢換兩部新電梯,紅磡,寶怡大廈,4980000,413,2,1,天晋物業有限公司,https://i1.28hse.com/2026/07/202607111806196698390_thumb.jpg,https://www.28hse.com/buy/apartment/property-3928371,2026-08-06T17:33:59.496264+00:00
3927930,【會德豐屋苑3房】【痴住東維港發展無得輸】歡迎約睇！,紅磡,碧麗花園,7150000,467,3,1,新港地產代理有限公司,https://i1.28hse.com/2026/07/202607111454382150063_thumb.jpg,https://www.28hse.com/buy/apartment/property-3927930,2026-08-06T17:33:59.496264+00:00
3927864,獨家！罕有【大花園平台＋工人房】全屋靚裝 錯過不再有！,紅磡,黃埔新村,6200000,442,2,1,迎富地產代理有限公司,https://i1.28hse.com/2026/07/202607111427083111999_thumb.jpg,https://www.28hse.com/buy/apartment/property-3927864,2026-08-06T17:33:59.496264+00:00
3927698,《 半新樓呢度最啱· 3房2廁·高品質·低價錢 》碧麗花園,紅磡,碧麗花園,7180000,467,3,1,天晋物業有限公司,https://i1.28hse.com/2026/07/20260711130421122033_thumb.jpg,https://www.28hse.com/buy/apartment/property-3927698,2026-08-06T17:33:59.496264+00:00
3926757,"洋樓極高層東南實用三房,已吉即睇",紅磡,崇儉樓,5000000,616,3,1,錦隆物業代理,https://i1.28hse.com/2026/07/202607101751148707865_thumb.jpg,https://www.28hse.com/buy/apartment/property-3926757,2026-08-06T17:33:59.496264+00:00
3926715,【恆基屋苑3房】超實用雅裝3房！東南少海！好過買新樓！,紅磡,榮輝大廈,6980000,517,3,1,新港地產代理有限公司,https://i1.28hse.com/2026/07/202607101737582216115_thumb.jpg,https://www.28hse.com/buy/apartment/property-3926715,2026-08-06T17:33:59.496264+00:00
3925772,全新裝修，企理雅緻三房，中高層，有匙引看，罕有放盤，業主自讓免佣,紅磡,黃埔新村,6600000,490,3,1,,https://i1.28hse.com/2026/07/202607100313437696368_thumb.jpg,https://www.28hse.com/buy/apartment/property-3925772,2026-08-06T17:33:59.496264+00:00
3924953,「獨家代理」上車首選 地鐵站口距離兩分鐘 兩年新裝即買即住 旺中帶靜大兩房,紅磡,黃埔新村,5580000,413,2,1,迎富地產代理有限公司,https://i1.28hse.com/2026/07/202607091605011645092_thumb.jpg,https://www.28hse.com/buy/apartment/property-3924953,2026-08-06T17:33:59.496264+00:00
3924879,**獨家靚裝，罕有出售！花園平台，任意剪裁！**,紅磡,黃埔新村,6150000,442,3,1,迎富地產代理有限公司,https://i1.28hse.com/2026/07/202607091534404550656_thumb.jpg,https://www.28hse.com/buy/apartment/property-3924879,2026-08-06T17:33:59.496264+00:00
3924267,《三房兩廳＋東南海景》榮輝大廈 雅裝三房 中層東南小海景 屋苑式入場 找不到缺點,紅磡,榮輝大廈,6900000,517,3,1,天晋物業有限公司,https://i1.28hse.com/2026/07/202607090109535278401_thumb.jpg,https://www.28hse.com/buy/apartment/property-3924267,2026-08-06T17:33:59.496264+00:00
3924265,《三房則王 兩站之間 一閃即逝》崇義樓 崇字大屋苑 原裝三房 單邊開陽 平地電梯,紅磡,崇義樓,4480000,462,3,1,天晋物業有限公司,https://i1.28hse.com/2026/07/202607090106444423515_thumb.jpg,https://www.28hse.com/buy/apartment/property-3924265,2026-08-06T17:33:59.496264+00:00
3923878,【即時交吉!】保守又怕後悔?最後機會筍價買全紅磡性價比最高兩房!,紅磡,悅目,7100000,430,2,1,捷昇置業有限公司,https://i1.28hse.com/2026/07/202607161247341598847_thumb.jpg,https://www.28hse.com/buy/apartment/property-3923878,2026-08-06T17:33:59.496264+00:00
3923348,高層2房 企理裝修,紅磡,紅磡灣中心,5800000,411,2,,太陽物業,https://i1.28hse.com/2026/07/20260708151513868990_thumb.jpg,https://www.28hse.com/buy/apartment/property-3923348,2026-08-06T17:33:59.496264+00:00
3923347,黃埔新村-大2房-單邊內街-東南靚裝-約睇,紅磡,黃埔新村,5600000,413,2,,太陽物業,https://i1.28hse.com/2026/07/202607081515047641016_thumb.jpg,https://www.28hse.com/buy/apartment/property-3923347,2026-08-06T17:33:59.496264+00:00
3923283,獨家罕見2房連工人房 另有大花園,紅磡,黃埔新村,6200000,442,2,1,迎富地產代理有限公司,https://i1.28hse.com/2026/07/202607081451531192435_thumb.jpg,https://www.28hse.com/buy/apartment/property-3923283,2026-08-06T17:33:59.496264+00:00
3923126,"旺中帶靜,三分鍾可到地鐵站",紅磡,黃埔新村,5180000,401,2,1,龍輝地產,https://i1.28hse.com/2026/07/202607081339504870960_thumb.jpg,https://www.28hse.com/buy/apartment/property-3923126,2026-08-06T17:33:59.496264+00:00
3923123,罕有特色平台，豪華裝修！即買即收租，幫你慳錢慳時間,紅磡,黃埔新村,5180000,401,2,1,富恒地產,https://i1.28hse.com/2026/07/202607081343265478010_thumb.jpg,https://www.28hse.com/buy/apartment/property-3923123,2026-08-06T17:33:59.496264+00:00
3923077,【小心貪平買錯凶宅同層】正常單位可以睇樓 2座海景樓王,紅磡,昇御門,6680000,366,1,1,天晋物業有限公司,https://i1.28hse.com/2026/07/202607081323023472676_thumb.jpg,https://www.28hse.com/buy/apartment/property-3923077,2026-08-06T17:33:59.496264+00:00
3862808,平價2房 出租回報高,紅磡,黃埔新村,4980000,401,2,1,迎富地產代理有限公司,https://i1.28hse.com/2026/07/202607081253506694103_thumb.jpg,https://www.28hse.com/buy/apartment/property-3862808,2026-08-06T17:33:59.496264+00:00
3922612,「難得有三、直望九龍灣！」榮輝大廈 517呎 3房2,紅磡,榮輝大廈,6950000,517,3,2,捷昇置業有限公司,https://i1.28hse.com/2026/07/202607072108541694552_thumb.jpg,https://www.28hse.com/buy/apartment/property-3922612,2026-08-06T17:33:59.496264+00:00
3922416,【大量獨家！382呎大兩房】新盤對面 盡享配套 高層靚裝,紅磡,東海雅園,4480000,382,2,1,天晋物業有限公司,https://i1.28hse.com/2026/07/202607071835163361800_thumb.jpg,https://www.28hse.com/buy/apartment/property-3922416,2026-08-06T17:33:59.496264+00:00
3922156,昇御門(向東南)、實盤[REDACTED],紅磡,,6700000,364,1,1,富運物業代理,https://i1.28hse.com/2026/07/202607071644553471070_thumb.jpg,https://www.28hse.com/buy/apartment/property-3922156,2026-08-06T17:33:59.496264+00:00
3845793,《自住/收租/投資/間套房》福年新樓 現成三間獨立套房 極高投資回報 兩座屋苑,紅磡,福年新樓,2800000,366,3,3,天晋物業有限公司,https://i1.28hse.com/2026/05/202605182047472280346_thumb.jpg,https://www.28hse.com/buy/apartment/property-3845793,2026-08-06T17:33:59.496264+00:00
3921851,《 最緊要大間．平到笑．一見即合 》崇潔街,紅磡,崇義樓,4480000,462,2,1,天晋物業有限公司,https://i1.28hse.com/2026/07/202607071437083993895_thumb.jpg,https://www.28hse.com/buy/apartment/property-3921851,2026-08-06T17:33:59.496264+00:00
3921821,《 海景· 3房單位·可遇不可求· 》榮輝大廈,紅磡,榮輝大廈,6950000,517,3,1,天晋物業有限公司,https://i1.28hse.com/2026/07/202607071423587772864_thumb.jpg,https://www.28hse.com/buy/apartment/property-3921821,2026-08-06T17:33:59.496264+00:00
3921501,保證實盤未賣！真實單位相片！獨家約睇！有票再幫你傾！,紅磡,悅目,7250000,430,2,1,昇譽物業代理,https://i1.28hse.com/2026/07/202607091240363535051_thumb.jpg,https://www.28hse.com/buy/apartment/property-3921501,2026-08-06T17:33:59.496264+00:00
1676949,《碧麗花園》平到大癲 3房靚單位 有買襯手 5分鐘直達直達雙鐵 機會可一不可再,紅磡,碧麗花園,7180000,476,3,2,天晋物業有限公司,https://i1.28hse.com/2026/06/202606291304027587804_thumb.jpg,https://www.28hse.com/buy/apartment/property-1676949,2026-08-06T17:33:59.496264+00:00
3921160,【實景拍攝 東南全海】兩座屋苑 未來土瓜灣全新發展區 罕有放盤,紅磡,榮輝大廈,6900000,517,3,1,天晋物業有限公司,https://i1.28hse.com/2026/07/202607061938581782851_thumb.jpg,https://www.28hse.com/buy/apartment/property-3921160,2026-08-06T17:33:59.496264+00:00
3921022,【小小海景+學校球場景】東維港灣區、恆基優質屋苑超實用三房！,紅磡,榮輝大廈,6950000,517,3,1,捷昇置業有限公司,https://i1.28hse.com/2026/07/202607061833285310973_thumb.jpg,https://www.28hse.com/buy/apartment/property-3921022,2026-08-06T17:33:59.496264+00:00
3920362,【蒙頭入閘買筍盤】紅磡凱旋門一房連露台梗廚明火煮食！,紅磡,昇御門,6000000,366,1,1,捷昇置業有限公司,https://i1.28hse.com/2026/07/202607061436252122829_thumb.jpg,https://www.28hse.com/buy/apartment/property-3920362,2026-08-06T17:33:59.496264+00:00
3920307,【附近貴幾球嘅瑜一都無梗廚丫】紅磡凱旋門、高樓底靚會所、有海景非凶宅樓層放盤!,紅磡,昇御門,6700000,366,1,1,捷昇置業有限公司,https://i1.28hse.com/2026/07/202607061407498895318_thumb.jpg,https://www.28hse.com/buy/apartment/property-3920307,2026-08-06T17:33:59.496264+00:00
3919804,《紅磡心臟大兩房》福運大廈 中層開陽兩房 雅致裝修 內街清靜 豪宅包圍 九成按揭,紅磡,福運大廈,3850000,382,2,1,天晋物業有限公司,https://i1.28hse.com/2026/07/202607052212231754137_thumb.jpg,https://www.28hse.com/buy/apartment/property-3919804,2026-08-06T17:33:59.496264+00:00
3919537,【大屋苑3房戶】大單邊平地電梯 匙盤即睇,紅磡,崇義樓,4480000,462,3,1,天晋物業有限公司,https://i1.28hse.com/2026/07/202607051821543347714_thumb.jpg,https://www.28hse.com/buy/apartment/property-3919537,2026-08-06T17:33:59.496264+00:00
3919020,【唔好誤會、唔對天橋】呎價極低兩房開揚景,紅磡,高發大廈,3650000,418,2,1,捷昇置業有限公司,https://i1.28hse.com/2026/07/202607051441348516149_thumb.jpg,https://www.28hse.com/buy/apartment/property-3919020,2026-08-06T17:33:59.496264+00:00
3918937,唔好浪費時間響假盤度！保證實盤未賣！特高樓底兩房連大衣櫃！,紅磡,啟岸,7380000,391,2,1,昇譽物業代理,https://i1.28hse.com/2026/07/202607051351196449023_thumb.jpg,https://www.28hse.com/buy/apartment/property-3918937,2026-08-06T17:33:59.496264+00:00
3918752,"洋樓中層實用兩房,近土瓜灣站",紅磡,福星大廈,3180000,361,2,1,錦隆物業代理,https://i1.28hse.com/2026/07/202607311303532732062_thumb.jpg,https://www.28hse.com/buy/apartment/property-3918752,2026-08-06T17:33:59.496264+00:00
3918748,【罕有明火光廁2房】超高樓底＋空中會所泳池！自住約睇！6分鐘到地鐵站！,紅磡,啟岸,7180000,381,2,1,新港地產代理有限公司,https://i1.28hse.com/2026/07/202607051207483614607_thumb.jpg,https://www.28hse.com/buy/apartment/property-3918748,2026-08-06T17:33:59.496264+00:00
3809750,《自住/收租/投資/等收購》福星大廈 高層三房 幾重效益 邊住邊等收購 黃金位置,紅磡,福星大廈,4780000,559,2,1,天晋物業有限公司,https://i1.28hse.com/2026/04/202604141627284779303_thumb.jpg,https://www.28hse.com/buy/apartment/property-3809750,2026-08-06T17:33:59.496264+00:00
3918530,【超靚裝修 高層兩房】做左大維修！平地兩部lift！5分鐘到地鐵站！,紅磡,寶怡大廈,5000000,413,2,1,新港地產代理有限公司,https://i1.28hse.com/2026/07/202607042321485820999_thumb.jpg,https://www.28hse.com/buy/apartment/property-3918530,2026-08-06T17:33:59.496264+00:00
3918528,清靜內園景，豪華會所,紅磡,海逸豪園,7950000,425,2,,太陽物業,https://i1.28hse.com/2026/07/202607042315344254415_thumb.jpg,https://www.28hse.com/buy/apartment/property-3918528,2026-08-06T17:33:59.496264+00:00
3918351,【靜靜地不好嗎？】海濱南岸現有最值得買的向東大兩房!,紅磡,海濱南岸,8100000,481,2,1,捷昇置業有限公司,https://i1.28hse.com/2026/07/202607041951165896533_thumb.jpg,https://www.28hse.com/buy/apartment/property-3918351,2026-08-06T17:33:59.496264+00:00
3917676,《寶御》 1房靚景 高層開揚 獨立廚房 戶戶雙露台 東南全海景,紅磡,寶御,7080000,410,1,1,天晋物業有限公司,https://i1.28hse.com/2026/07/202607171649531134197_thumb.jpg,https://www.28hse.com/buy/apartment/property-3917676,2026-08-06T17:33:59.496264+00:00
3916483,大單邊兩房 「黃埔新村」高層遠景 黃埔站旁,紅磡,黃埔新村,5480000,398,2,1,富榮地產代理有限公司,https://i1.28hse.com/2026/07/202607031841491504634_thumb.jpg,https://www.28hse.com/buy/apartment/property-3916483,2026-08-06T17:33:59.496264+00:00
3916066,《碧麗花園》 3房1廁 屋苑泳池 近地鐵 約睇,紅磡,碧麗花園,7180000,476,3,1,天晋物業有限公司,https://i1.28hse.com/2026/07/202607031648474075210_thumb.jpg,https://www.28hse.com/buy/apartment/property-3916066,2026-08-06T17:33:59.496264+00:00
3915189,極罕有放盤！高層海景1房+儲物房！歡迎約睇！有票再幫你傾！,紅磡,環海東岸,6800000,362,1,1,昇譽物業代理,https://i1.28hse.com/2026/07/202607171136468960623_thumb.jpg,https://www.28hse.com/buy/apartment/property-3915189,2026-08-06T17:33:59.496264+00:00
3913836,【借到先好買，咪掉錢落海】借到錢嘅舊樓組別冠軍！市建局新樓範圍！,紅磡,福運大廈,3650000,382,2,1,捷昇置業有限公司,https://i1.28hse.com/2026/07/202607021201114511361_thumb.jpg,https://www.28hse.com/buy/apartment/property-3913836,2026-08-06T17:33:59.496264+00:00
3913310,「紅磡想望山？首選係呢間！」首利大廈 410呎 大兩房,紅磡,首利大廈,4900000,410,2,1,捷昇置業有限公司,https://i1.28hse.com/2026/07/20260701183334154410_thumb.jpg,https://www.28hse.com/buy/apartment/property-3913310,2026-08-06T17:33:59.496264+00:00
2702145,《衝擊紅磡最平呎價！》高發大廈 兩房兩廳 中層開陽 不向天橋 幽靜怡居 兩座屋苑,紅磡,高發大廈,3650000,424,2,1,天晋物業有限公司,https://i1.28hse.com/2026/07/202607011746535861785_thumb.jpg,https://www.28hse.com/buy/apartment/property-2702145,2026-08-06T17:33:59.496264+00:00
3913155,《全紅磡最平最荀最細霖心！》長樂大廈 兩房中高層 無敵開陽 何文田站旁 交吉約睇,紅磡,長樂大廈,2400000,374,2,1,天晋物業有限公司,https://i1.28hse.com/2026/07/202607011721223168002_thumb.jpg,https://www.28hse.com/buy/apartment/property-3913155,2026-08-06T17:33:59.496264+00:00
3913007,【平地電梯 唐樓價錢】中層開揚 新屋苑首岸旁邊 盡享地利,紅磡,福星大廈,3180000,361,2,1,天晋物業有限公司,https://i1.28hse.com/2026/07/202607011621142614854_thumb.jpg,https://www.28hse.com/buy/apartment/property-3913007,2026-08-06T17:33:59.496264+00:00
3912985,《又平又大又實用＋黃埔配套》寶石戲院大廈 中高層大兩房 單邊開陽 黃埔配套 約睇,紅磡,寶石戲院大廈,3680000,358,2,1,天晋物業有限公司,https://i1.28hse.com/2026/07/20260701161521378736_thumb.jpg,https://www.28hse.com/buy/apartment/property-3912985,2026-08-06T17:33:59.496264+00:00
3912701,【新樓價太癲、舊樓要大裝修?】紅磡區性價比最高!何文田站10年樓向南拎包入住!,紅磡,悅目,7180000,430,2,1,捷昇置業有限公司,https://i1.28hse.com/2026/07/202607011426597709487_thumb.jpg,https://www.28hse.com/buy/apartment/property-3912701,2026-08-06T17:33:59.496264+00:00
3912657,己補地價公務員樓>>特高樓底!三房二廁+工人房環境清幽~鄰近何文田站!!高山劇場,紅磡,長豐園,6280000,705,3,1,金達地產,https://i1.28hse.com/2026/07/202607011408275273149_thumb.jpg,https://www.28hse.com/buy/apartment/property-3912657,2026-08-06T17:33:59.496264+00:00
3912460,「依然半新樓、連靚裝出售！」悅目 430呎 1.5/2房,紅磡,悅目,7300000,430,2,1,捷昇置業有限公司,https://i1.28hse.com/2026/07/202607011230105801055_thumb.jpg,https://www.28hse.com/buy/apartment/property-3912460,2026-08-06T17:33:59.496264+00:00
3912086,【一年升咗100萬 實力屋苑保證】3房2廁屋苑配套 大型發展區旁,紅磡,碧麗花園,7180000,476,3,1,天晋物業有限公司,https://i1.28hse.com/2026/06/202606302052163290357_thumb.jpg,https://www.28hse.com/buy/apartment/property-3912086,2026-08-06T17:33:59.496264+00:00
3911763,靚裝好收租，回報超五厘，可交吉賣,紅磡,長樂大廈,2400000,374,2,,德榮地產代理公司,https://i1.28hse.com/2026/06/20260630174406832845_thumb.jpg,https://www.28hse.com/buy/apartment/property-3911763,2026-08-06T17:33:59.496264+00:00
3911535,【高層有裝修 終於有一間】成年都冇一間 仲要有鎖匙 即約即睇,紅磡,紅磡灣中心,5780000,411,2,1,天晋物業有限公司,https://i1.28hse.com/2026/06/202606301601483866224_thumb.jpg,https://www.28hse.com/buy/apartment/property-3911535,2026-08-06T17:33:59.496264+00:00
2609627,「買樓送租收 !」隆基大樓 414呎 兩房,紅磡,隆基大樓,4100000,414,2,1,捷昇置業有限公司,https://i1.28hse.com/2025/12/202512101433223385446_thumb.jpg,https://www.28hse.com/buy/apartment/property-2609627,2026-08-06T17:33:59.496264+00:00
3827656,"洋樓高層實用三房,四分鐘到港鐵站,已吉即約即睇",紅磡,福星大廈,4800000,558,3,1,錦隆物業代理,https://i1.28hse.com/2026/06/20260630132046638768_thumb.jpg,https://www.28hse.com/buy/apartment/property-3827656,2026-08-06T17:33:59.496264+00:00
3910958,靓收租洋楼出售,紅磡,福家大廈,3280000,488,3,3,,https://i1.28hse.com/2026/06/202606300918127793811_thumb.jpg,https://www.28hse.com/buy/apartment/property-3910958,2026-08-06T17:33:59.496264+00:00
3413600,會德豐屋苑>> 中層三房兩廁~三層停車場 ~有平台泳池住客免費享用,紅磡,碧麗花園,6800000,467,3,2,金達地產,https://i1.28hse.com/2025/04/202504251203254178810_thumb.jpg,https://www.28hse.com/buy/apartment/property-3413600,2026-08-06T17:33:59.496264+00:00
3618027,則王>>特大兩房~大廈更換全新電梯~即買即住~三面單邊!!超開陽,紅磡,寶怡大廈,4800000,394,2,1,金達地產,https://i1.28hse.com/2025/10/202510281125148215852_thumb.jpg,https://www.28hse.com/buy/apartment/property-3618027,2026-08-06T17:33:59.496264+00:00
3909904,《寶怡大廈》極高層2房 間隔四正 梗厨 實用開揚 交吉約睇,紅磡,寶怡大廈,4980000,413,2,1,天晋物業有限公司,https://i1.28hse.com/2026/06/202606291146557475377_thumb.jpg,https://www.28hse.com/buy/apartment/property-3909904,2026-08-06T17:33:59.496264+00:00
3909746,《真係超大間！適合大家庭！》崇字大樓 崇信樓 中層巨三房巨廳 恆隆屋苑 已大維修,紅磡,崇信樓,5280000,616,3,2,天晋物業有限公司,https://i1.28hse.com/2026/06/202606290229385966910_thumb.jpg,https://www.28hse.com/buy/apartment/property-3909746,2026-08-06T17:33:59.496264+00:00
3909743,《獨家約睇！一見必合！》會德豐屋苑 三房兩廁 中層雅裝 三層停車場 九成按揭,紅磡,碧麗花園,7280000,476,3,2,天晋物業有限公司,https://i1.28hse.com/2026/06/202606290223498001488_thumb.jpg,https://www.28hse.com/buy/apartment/property-3909743,2026-08-06T17:33:59.496264+00:00
3909737,《一邊住一邊等收購》福星大廈 中層兩房 雙重效益 邊住邊等收購 馬頭圍道黃金位置,紅磡,福星大廈,3180000,361,2,1,天晋物業有限公司,https://i1.28hse.com/2026/06/202606290201133699070_thumb.jpg,https://www.28hse.com/buy/apartment/property-3909737,2026-08-06T17:33:59.496264+00:00
3909595,高層開楊，罕有三房，即時約睇,紅磡,黃埔新村,6180000,494,3,,太陽物業,https://i1.28hse.com/2026/06/202606282015105440876_thumb.jpg,https://www.28hse.com/buy/apartment/property-3909595,2026-08-06T17:33:59.496264+00:00
3909496,LILY推介>连租约三房一厕 中层 平地LIFT 非常企理 租紧比好客,紅磡,寶石戲院大廈,3780000,392,3,1,星光物業顧問公司,https://i1.28hse.com/2026/06/202606281851271488096_thumb.jpg,https://www.28hse.com/buy/apartment/property-3909496,2026-08-06T17:33:59.496264+00:00
3635699,【豪華靚裝巨型3房】紅磡核心位置 新商場對面 港鐵站旁邊,紅磡,機利士大廈,4080000,512,3,1,天晋物業有限公司,https://i1.28hse.com/2025/11/202511161715205399857_thumb.jpg,https://www.28hse.com/buy/apartment/property-3635699,2026-08-06T17:33:59.496264+00:00
3908826,原來真係咁多人鐘意丶海景即買即住！家庭客必選名牌屋苑,紅磡,碧麗花園,7150000,467,3,2,富恒地產,https://i1.28hse.com/2026/06/202606281228002353682_thumb.jpg,https://www.28hse.com/buy/apartment/property-3908826,2026-08-06T17:33:59.496264+00:00
3908712,獨家代理！保證實盤未賣！梗廚明廁！特高樓底！有票再幫你傾！,紅磡,寶御,6100000,381,1,1,昇譽物業代理,https://i1.28hse.com/2026/08/202608011114502084047_thumb.jpg,https://www.28hse.com/buy/apartment/property-3908712,2026-08-06T17:33:59.496264+00:00
3908635,「業主唔熟市、低水開賣！」福星大廈 兩房,紅磡,福星大廈,3200000,361,2,1,捷昇置業有限公司,https://i1.28hse.com/2026/06/202606280032348792025_thumb.jpg,https://www.28hse.com/buy/apartment/property-3908635,2026-08-06T17:33:59.496264+00:00
3908559,*正東南，有海景* 收租定係自用，絕對優質！,紅磡,海濱南岸,8380000,432,2,1,福興地產代理有限公司,https://i1.28hse.com/2026/07/202607061557431771192_thumb.jpg,https://www.28hse.com/buy/apartment/property-3908559,2026-08-06T17:33:59.496264+00:00
3908338,實用大三房 還價即成,紅磡,黃埔新村,6200000,494,3,,太陽物業,https://i1.28hse.com/2026/06/20260627181507476978_thumb.jpg,https://www.28hse.com/buy/apartment/property-3908338,2026-08-06T17:33:59.496264+00:00
3907142,【新地大屋苑】3房616呎 新電梯已換 有裝修易約睇,紅磡,崇信樓,5280000,616,3,1,天晋物業有限公司,https://i1.28hse.com/2026/06/202606261910133834029_thumb.jpg,https://www.28hse.com/buy/apartment/property-3907142,2026-08-06T17:33:59.496264+00:00
3907124,【二人世界盃】兩房無露台無窗台、向南兼球場開揚園景,紅磡,悅目,7300000,430,2,1,捷昇置業有限公司,https://i1.28hse.com/2026/06/202606261859197905752_thumb.jpg,https://www.28hse.com/buy/apartment/property-3907124,2026-08-06T17:33:59.496264+00:00
3906585,必走靚裝修三房，超誠意出售 快勿錯過,紅磡,黃埔新村,5780000,498,3,,太陽物業,https://i1.28hse.com/2026/06/202606261515077313979_thumb.jpg,https://www.28hse.com/buy/apartment/property-3906585,2026-08-06T17:33:59.496264+00:00
3906407,《黃埔唐樓》靚兩房 (有升降機) 開揚 5分鐘何文田站,紅磡,黃埔唐樓,3550000,372,2,1,天晋物業有限公司,https://i1.28hse.com/2026/06/202606261327564561072_thumb.jpg,https://www.28hse.com/buy/apartment/property-3906407,2026-08-06T17:33:59.496264+00:00
3864448,獨家代理，有鎖匙，即睇 罕有三房放盤,紅磡,碧麗花園,7050000,467,3,1,金達地產,https://i1.28hse.com/2026/05/202605271217453101221_thumb.jpg,https://www.28hse.com/buy/apartment/property-3864448,2026-08-06T17:33:59.496264+00:00
3906329,【氹氹轉，菊花園】市場最優質的新鴻基靚屋苑大一房全園景,紅磡,半島豪庭,7800000,492,1,1,捷昇置業有限公司,https://i1.28hse.com/2026/07/20260724183915197526_thumb.jpg,https://www.28hse.com/buy/apartment/property-3906329,2026-08-06T17:33:59.496264+00:00
3906118,《巨廳巨兩房＋開陽向寶其利街》黃埔唐樓 電梯洋樓 中層兩房 黃埔配套 收購就發達,紅磡,黃埔唐樓,3480000,372,2,1,天晋物業有限公司,https://i1.28hse.com/2026/06/202606260225257608162_thumb.jpg,https://www.28hse.com/buy/apartment/property-3906118,2026-08-06T17:33:59.496264+00:00
3905922,裝修企理>>大房大廳 原積三房間隔!!鄰近何文田地鐵站及土瓜灣地鐵站,紅磡,安居樓,5500000,590,2,1,金達地產,https://i1.28hse.com/2026/07/202607081511547864571_thumb.jpg,https://www.28hse.com/buy/apartment/property-3905922,2026-08-06T17:33:59.496264+00:00
3905841,【鳳凰樓 高層電梯】平地大堂 新商場對面 380呎超實用,紅磡,源成大廈,3250000,380,2,1,天晋物業有限公司,https://i1.28hse.com/2026/06/2026062518573160499_thumb.jpg,https://www.28hse.com/buy/apartment/property-3905841,2026-08-06T17:33:59.496264+00:00
3904634,《被豪宅包圍的雅裝必走盤》明華閣 原裝兩房可三房 高層單邊 旺中帶靜 交吉約睇,紅磡,明華閣,4780000,400,2,1,天晋物業有限公司,https://i1.28hse.com/2026/06/202606241925233984350_thumb.jpg,https://www.28hse.com/buy/apartment/property-3904634,2026-08-06T17:33:59.496264+00:00
3904617,黃埔地鐵 高層 3房,紅磡,黃埔新村,6190000,494,3,,太陽物業,https://i1.28hse.com/2026/06/20260624191504193498_thumb.jpg,https://www.28hse.com/buy/apartment/property-3904617,2026-08-06T17:33:59.496264+00:00
3903573,急售黃埔地鐵站上蓋唔怕貨比貨最怕不識貨樣樣齊市區樓費用平養老好地方,紅磡,黃埔新村,5600000,413,2,,太陽物業,https://i1.28hse.com/2026/06/202606240915041782982_thumb.jpg,https://www.28hse.com/buy/apartment/property-3903573,2026-08-06T17:33:59.496264+00:00
3903476,最平大兩房，有匙即睇,紅磡,海濱南岸,7600000,481,2,,太陽物業,https://i1.28hse.com/2026/06/202606232315096184027_thumb.jpg,https://www.28hse.com/buy/apartment/property-3903476,2026-08-06T17:33:59.496264+00:00
3903095,長樂大廈2房*西南*間隔四正*近何文田地鐵站,紅磡,長樂大廈,2600000,374,2,1,樺毅地產代理公司,https://i1.28hse.com/2026/06/202606231737236546015_thumb.jpg,https://www.28hse.com/buy/apartment/property-3903095,2026-08-06T17:33:59.496264+00:00
3902551,連同一個戶外嘅特色平台！雖然不是自己的，但是只有你可以享用,紅磡,紅磡灣中心,6500000,492,3,1,富恒地產,https://i1.28hse.com/2026/06/202606231342065823605_thumb.jpg,https://www.28hse.com/buy/apartment/property-3902551,2026-08-06T17:33:59.496264+00:00
3902478,車位價錢，住宅享受（而且是兩房間隔）。仲要市中心近地鐵站,紅磡,長樂大廈,2300000,365,2,1,富恒地產,https://i1.28hse.com/2026/06/202606231259388217371_thumb.jpg,https://www.28hse.com/buy/apartment/property-3902478,2026-08-06T17:33:59.496264+00:00
3902020,大型會所，鄰近地鐵站,紅磡,海濱南岸,7580000,481,2,,太陽物業,https://i1.28hse.com/2026/06/202606221915051322993_thumb.jpg,https://www.28hse.com/buy/apartment/property-3902020,2026-08-06T17:33:59.496264+00:00
3901889,海濱南岸-絕對實盤-最平最筍-約睇,紅磡,海濱南岸,7600000,481,2,,太陽物業,https://i1.28hse.com/2026/06/202606221815041987636_thumb.jpg,https://www.28hse.com/buy/apartment/property-3901889,2026-08-06T17:33:59.496264+00:00
3900754,[售] 紅磡/ 黃埔 黃埔新村 2房1廳 靚裝實用,紅磡,黃埔新村,5780000,401,2,1,天富物業,https://i1.28hse.com/2026/06/202606211913091490032_thumb.jpg,https://www.28hse.com/buy/apartment/property-3900754,2026-08-06T17:33:59.496264+00:00
3900749,[售］紅磡灣中心 2房1廳高層內園 保證實盤,紅磡,紅磡灣中心,5800000,411,2,1,天富物業,https://i1.28hse.com/2026/06/202606211910296544113_thumb.jpg,https://www.28hse.com/buy/apartment/property-3900749,2026-08-06T17:33:59.496264+00:00
3900276,專營黃埔新村，2房單位，高層開揚，靚裝修業主求售,紅磡,黃埔新村,5680000,410,2,,太陽物業,https://i1.28hse.com/2026/06/202606221515061392091_thumb.jpg,https://www.28hse.com/buy/apartment/property-3900276,2026-08-06T17:33:59.496264+00:00
3900121,《紅磡灣中心》原則2房 內園開揚 旺中帶靜 歡迎約睇,紅磡,紅磡灣中心,5800000,411,2,1,天晋物業有限公司,https://i1.28hse.com/2026/06/202606211354216110246_thumb.jpg,https://www.28hse.com/buy/apartment/property-3900121,2026-08-06T17:33:59.496264+00:00
3899948,《真正係筍盤．趁平上車好時機·》悅目,紅磡,悅目,7300000,430,2,1,天晋物業有限公司,https://i1.28hse.com/2026/06/202606211149551944900_thumb.jpg,https://www.28hse.com/buy/apartment/property-3899948,2026-08-06T17:33:59.496264+00:00
3899861,"2房, 有鎖匙可以看, 收租一流",紅磡,海濱南岸,7600000,481,2,,太陽物業,https://i1.28hse.com/2026/07/202607041215041865988_thumb.jpg,https://www.28hse.com/buy/apartment/property-3899861,2026-08-06T17:33:59.496264+00:00
3899797,《平到衝出國際！》源成大廈 原裝兩房 高層單邊開陽 必嘉坊配套 即買即住即收租,紅磡,源成大廈,3250000,380,2,1,天晋物業有限公司,https://i1.28hse.com/2026/06/202606210026548291321_thumb.jpg,https://www.28hse.com/buy/apartment/property-3899797,2026-08-06T17:33:59.496264+00:00
3899794,《全紅磡最平最荀最細霖心！》長樂大廈 兩房高層 無敵開陽 何文田站旁 交吉約睇,紅磡,長樂大廈,2300000,365,2,1,天晋物業有限公司,https://i1.28hse.com/2026/06/202606210021202393053_thumb.jpg,https://www.28hse.com/buy/apartment/property-3899794,2026-08-06T17:33:59.496264+00:00
3899657,【高層2房】【園景清靜】,紅磡,紅磡灣中心,5800000,411,2,1,加樂地產,https://i1.28hse.com/2026/06/202606202026501739602_thumb.jpg,https://www.28hse.com/buy/apartment/property-3899657,2026-08-06T17:33:59.496264+00:00
3899620,【掛住睇世界盃無時間執屋!】高層內街一定啱、裝修唔算差!1分鐘直到黃埔站!,紅磡,黃埔新村,5600000,490,3,1,捷昇置業有限公司,https://i1.28hse.com/2026/06/202606201949272123924_thumb.jpg,https://www.28hse.com/buy/apartment/property-3899620,2026-08-06T17:33:59.496264+00:00
3899601,【嚴選紅磡區第一】高樓底、明廁、梗廚、房大、廳大、東南、海景！閣樓做好可當兩房用,紅磡,寶御,7080000,410,1,1,捷昇置業有限公司,https://i1.28hse.com/2026/06/202606201937126178702_thumb.jpg,https://www.28hse.com/buy/apartment/property-3899601,2026-08-06T17:33:59.496264+00:00
3899216,正南中層實用兩房 開放廚 可約睇,紅磡,悅目,7100000,430,2,1,富恒地產,https://i1.28hse.com/2026/07/202607161403277447515_thumb.jpg,https://www.28hse.com/buy/apartment/property-3899216,2026-08-06T17:33:59.496264+00:00
3899149,【靚到絕】中高樓層丶豪華裝修！睇咗未？榮字高層我有啊。保證滿意！,紅磡,黃埔新村,5700000,413,2,1,富恒地產,https://i1.28hse.com/2026/06/202606201617458935377_thumb.jpg,https://www.28hse.com/buy/apartment/property-3899149,2026-08-06T17:33:59.496264+00:00
3899127,【罕有至極】沙漠中竟有一點泉水、市埸渴求中高層大兩房,紅磡,紅磡灣中心,5800000,411,2,1,富恒地產,https://i1.28hse.com/2026/06/202606201612506933717_thumb.jpg,https://www.28hse.com/buy/apartment/property-3899127,2026-08-06T17:33:59.496264+00:00
3899106,【碧麗專家】即約即睇！雅裝屋苑3房！有游泳池！還價即成！,紅磡,碧麗花園,6500000,476,3,1,新港地產代理有限公司,https://i1.28hse.com/2026/07/202607051254532919779_thumb.jpg,https://www.28hse.com/buy/apartment/property-3899106,2026-08-06T17:33:59.496264+00:00
3898615,港版後室(°ﾛ°）抵到嚇親 優質校網 民生齊全 交通極方便 上車一流,紅磡,紅磡灣中心,5800000,411,2,1,星匯物業有限公司,https://i1.28hse.com/2026/06/202606201221443560069_thumb.jpg,https://www.28hse.com/buy/apartment/property-3898615,2026-08-06T17:33:59.496264+00:00
3898563,高層寧靜實用兩房,紅磡,紅磡灣中心,5800000,411,2,1,富恒地產,https://i1.28hse.com/2026/06/202606201157254001625_thumb.jpg,https://www.28hse.com/buy/apartment/property-3898563,2026-08-06T17:33:59.496264+00:00
3898485,《黃埔新邨》2房榮字中層 靚裝開揚 近地鐵,紅磡,黃埔新村,5780000,413,2,1,天晋物業有限公司,https://i1.28hse.com/2026/06/202606201112405529890_thumb.jpg,https://www.28hse.com/buy/apartment/property-3898485,2026-08-06T17:33:59.496264+00:00
3898375,「中高層，開陽舒服，市場罕有」兩房海濱南岸,紅磡,海濱南岸,8080000,432,2,,太陽物業,https://i1.28hse.com/2026/06/202606200215188886003_thumb.jpg,https://www.28hse.com/buy/apartment/property-3898375,2026-08-06T17:33:59.496264+00:00
3898374,「高層，市場罕有，獨家代理，內園景觀」兩房紅磡灣中心,紅磡,紅磡灣中心,5600000,411,2,,太陽物業,https://i1.28hse.com/2026/06/202606200215101127590_thumb.jpg,https://www.28hse.com/buy/apartment/property-3898374,2026-08-06T17:33:59.496264+00:00
3898166,高層開楊，罕有兩房，有匙即睇,紅磡,紅磡灣中心,5780000,411,2,,太陽物業,https://i1.28hse.com/2026/06/202606192015044891989_thumb.jpg,https://www.28hse.com/buy/apartment/property-3898166,2026-08-06T17:33:59.496264+00:00
3898138,【海景難求，唔會被擋！】會德豐有泳池有停車場東南海景三房,紅磡,碧麗花園,7000000,476,3,2,捷昇置業有限公司,https://i1.28hse.com/2026/06/202606221704598362808_thumb.jpg,https://www.28hse.com/buy/apartment/property-3898138,2026-08-06T17:33:59.496264+00:00
3898019,【養狗人最愛】四正房大非常光猛！即買可以即住即收租！,紅磡,紅磡灣中心,5790000,411,2,1,捷昇置業有限公司,https://i1.28hse.com/2026/06/202606191831267595860_thumb.jpg,https://www.28hse.com/buy/apartment/property-3898019,2026-08-06T17:33:59.496264+00:00
3897998,黃埔地鐵 高層 2房 內園,紅磡,紅磡灣中心,5790000,411,2,,太陽物業,https://i1.28hse.com/2026/06/202606191815031116800_thumb.jpg,https://www.28hse.com/buy/apartment/property-3897998,2026-08-06T17:33:59.496264+00:00
3897859,"罕有兩房放售,高層內園,有鎖匙即約即睇",紅磡,紅磡灣中心,5800000,411,2,,太陽物業,https://i1.28hse.com/2026/06/202606191715358317897_thumb.jpg,https://www.28hse.com/buy/apartment/property-3897859,2026-08-06T17:33:59.496264+00:00
3897782,新地地標名廈 ，高層有海景,紅磡,昇御門,6600000,364,1,1,德榮地產代理公司,https://i1.28hse.com/2026/06/202606191647104686620_thumb.jpg,https://www.28hse.com/buy/apartment/property-3897782,2026-08-06T17:33:59.496264+00:00
3896143,【就係咁靚、無花無假】土瓜灣站加附近新樓配套無敵咁實用兩房!,紅磡,寶怡大廈,5000000,413,2,1,捷昇置業有限公司,https://i1.28hse.com/2026/06/202606181313391292555_thumb.jpg,https://www.28hse.com/buy/apartment/property-3896143,2026-08-06T17:33:59.496264+00:00
3895551,黃埔新邨 三房高層極筍盤 兩房價錢買三房 快搶,紅磡,黃埔新村,5600000,490,3,1,富榮地產代理有限公司,https://i1.28hse.com/2026/06/202606171845518163658_thumb.jpg,https://www.28hse.com/buy/apartment/property-3895551,2026-08-06T17:33:59.496264+00:00
3894029,【首岸後面，恆基都做唔到四百幾呎三房套！】全區最平信和屋苑自行發揮裝修小宇宙,紅磡,陽光廣場,5700000,433,3,2,捷昇置業有限公司,https://i1.28hse.com/2026/06/202606161757417973680_thumb.jpg,https://www.28hse.com/buy/apartment/property-3894029,2026-08-06T17:33:59.496264+00:00
3893397,【黃埔新村冠軍級期數榮字樓】靚樓層靚則靚景靚裝修!100%你未睇過!,紅磡,黃埔新村,5600000,401,2,1,捷昇置業有限公司,https://i1.28hse.com/2026/06/20260617152645848495_thumb.jpg,https://www.28hse.com/buy/apartment/property-3893397,2026-08-06T17:33:59.496264+00:00
3892962,【近黃埔】【2房高層開揚】【唐樓】,紅磡,保基大廈,3100000,368,3,1,加樂地產,https://i1.28hse.com/2026/07/202607191613371660587_thumb.jpg,https://www.28hse.com/buy/apartment/property-3892962,2026-08-06T17:33:59.496264+00:00
3891942,中層東南、雅裝闊景、平地lift 、,紅磡,黃埔新村,5680000,401,2,,太陽物業,https://i1.28hse.com/2026/06/202606151215087688876_thumb.jpg,https://www.28hse.com/buy/apartment/property-3891942,2026-08-06T17:33:59.496264+00:00
3891894,有電梯紅磡舊樓樓皇、皇牌收租之選! 睇樓量上升，買家入市意慾上升,紅磡,黃埔唐樓,3550000,372,2,1,富恒地產,https://i1.28hse.com/2026/06/202606251458354844446_thumb.jpg,https://www.28hse.com/buy/apartment/property-3891894,2026-08-06T17:33:59.496264+00:00
3891614,【贏了同類九條街】性價比極高優質舊樓！煥然貳居啟岸等新樓包圍,紅磡,福運大廈,4500000,465,2,1,捷昇置業有限公司,https://i1.28hse.com/2026/06/202606142204012312976_thumb.jpg,https://www.28hse.com/buy/apartment/property-3891614,2026-08-06T17:33:59.496264+00:00
3891189,大家都想買的新村榮字樓、絕版靚則 市場極小高層放盤 手慢即無,紅磡,黃埔新村,5500000,398,2,1,富恒地產,https://i1.28hse.com/2026/06/202606141651072817916_thumb.jpg,https://www.28hse.com/buy/apartment/property-3891189,2026-08-06T17:33:59.496264+00:00
3891004,《碧麗花園》 3房1廁 屋苑泳池 近地鐵 約睇,紅磡,碧麗花園,7280000,476,3,1,天晋物業有限公司,https://i1.28hse.com/2026/07/202607031639464582479_thumb.jpg,https://www.28hse.com/buy/apartment/property-3891004,2026-08-06T17:33:59.496264+00:00
3890999,《隆基大樓》 平地大堂 2房 明火煮食 雅緻裝修 歡迎約睇,紅磡,隆基大樓,3780000,357,2,1,天晋物業有限公司,https://i1.28hse.com/2026/06/202606141540278512837_thumb.jpg,https://www.28hse.com/buy/apartment/property-3890999,2026-08-06T17:33:59.496264+00:00
3890682,"洋樓中層單邊開揚可改三房,預約睇樓",紅磡,福運大廈,4500000,465,2,1,錦隆物業代理,https://i1.28hse.com/2026/06/202606141229163257405_thumb.jpg,https://www.28hse.com/buy/apartment/property-3890682,2026-08-06T17:33:59.496264+00:00
3890479,《兩房雅裝＋新鴻基屋苑》隆基大樓 兩房可三房 單邊開陽 已換全新電梯 交吉約睇,紅磡,隆基大樓,3780000,357,2,1,天晋物業有限公司,https://i1.28hse.com/2026/06/20260614002422933232_thumb.jpg,https://www.28hse.com/buy/apartment/property-3890479,2026-08-06T17:33:59.496264+00:00
3890475,《何文田站口，尺數啱啱好》福家大廈 三房巨廳 中層開陽 大街入口 一家人齊齊整整,紅磡,福家大廈,3280000,488,3,1,天晋物業有限公司,https://i1.28hse.com/2026/06/202606140015567353780_thumb.jpg,https://www.28hse.com/buy/apartment/property-3890475,2026-08-06T17:33:59.496264+00:00
3889404,黃埔地鐵 高層 3房,紅磡,黃埔新村,5600000,490,3,,太陽物業,https://i1.28hse.com/2026/06/202606181115048355048_thumb.jpg,https://www.28hse.com/buy/apartment/property-3889404,2026-08-06T17:33:59.496264+00:00
3889022,新鴻基舊樓樓皇！馬頭圍道屋苑之霸！實用稱王丶最佳選擇,紅磡,隆基大樓,3980000,415,2,1,富恒地產,https://i1.28hse.com/2026/06/202606131034186527140_thumb.jpg,https://www.28hse.com/buy/apartment/property-3889022,2026-08-06T17:33:59.496264+00:00
3888544,【中層已售 仲有間高層】靚裝即住 已夾錢換兩部新電梯,紅磡,寶怡大廈,4980000,413,2,1,天晋物業有限公司,https://i1.28hse.com/2026/06/2026061219064735528_thumb.jpg,https://www.28hse.com/buy/apartment/property-3888544,2026-08-06T17:33:59.496264+00:00
3888046,黃埔新村 (三房之選),紅磡,黃埔新村,6000000,490,3,1,星匯物業有限公司,https://i1.28hse.com/2026/06/202606121626531423362_thumb.jpg,https://www.28hse.com/buy/apartment/property-3888046,2026-08-06T17:33:59.496264+00:00
3887588,《你要買大大間·又要筍價的呢度有一間 》隆基大樓 約睇,紅磡,隆基大樓,3980000,415,2,1,天晋物業有限公司,https://i1.28hse.com/2026/06/202606121358387058927_thumb.jpg,https://www.28hse.com/buy/apartment/property-3887588,2026-08-06T17:33:59.496264+00:00
3886817,有鎖匙!!即睇~罕有東南放盤!!平地電梯大堂!!,紅磡,崇義樓,4480000,462,3,1,金達地產,https://i1.28hse.com/2026/06/202606111852151352087_thumb.jpg,https://www.28hse.com/buy/apartment/property-3886817,2026-08-06T17:33:59.496264+00:00
3886704,黃埔地鐵 高層3房 靚裝 向南,紅磡,黃埔新村,4880000,453,3,,太陽物業,https://i1.28hse.com/2026/07/202607191815065447334_thumb.jpg,https://www.28hse.com/buy/apartment/property-3886704,2026-08-06T17:33:59.496264+00:00
3886116,東南靚裝中層兩房,紅磡,黃埔新村,5600000,401,2,1,富恒地產,https://i1.28hse.com/2026/07/202607201324171604185_thumb.jpg,https://www.28hse.com/buy/apartment/property-3886116,2026-08-06T17:33:59.496264+00:00
3885796,極罕日字廳 絕版靚則 市場極小放盤 手慢即無！,紅磡,黃埔新村,5200000,401,2,1,富恒地產,https://i1.28hse.com/2026/06/202606111142405181121_thumb.jpg,https://www.28hse.com/buy/apartment/property-3885796,2026-08-06T17:33:59.496264+00:00
3885199,東南企理兩房 「黃埔新村」交吉可睇樓 黃埔站旁,紅磡,黃埔新村,5150000,380,2,1,富榮地產代理有限公司,https://i1.28hse.com/2026/06/202606101740585904978_thumb.jpg,https://www.28hse.com/buy/apartment/property-3885199,2026-08-06T17:33:59.496264+00:00
3884943,"洋樓已𢵧三個套房可交吉,近土瓜灣站",紅磡,昌盛金鋪大樓,3750000,478,3,3,錦隆物業代理,https://i1.28hse.com/2026/06/202606101603172137225_thumb.jpg,https://www.28hse.com/buy/apartment/property-3884943,2026-08-06T17:33:59.496264+00:00
3731645,【上車首選兩房 性價比極高 】間隔實用 生活便利 同業主相熟 可約看!,紅磡,悅目,6980000,430,2,1,世紀21領先置業代理,https://i1.28hse.com/2026/04/202604091533121130824_thumb.jpg,https://www.28hse.com/buy/apartment/property-3731645,2026-08-06T17:33:59.496264+00:00
3883804,王牌屋苑 實用三房一廳 開陽直望東南海景 裝修企理 生活配套齊全 有票盡傾！即約,紅磡,碧麗花園,7130000,467,3,1,廣信地產顧問有限公司,https://i1.28hse.com/2026/06/202606091727115749046_thumb.jpg,https://www.28hse.com/buy/apartment/property-3883804,2026-08-06T17:33:59.496264+00:00
3883784,真盤！有樓睇 極高層開陽兩房 唔好走寶把握機會！業主急售還價即成！即約即看！,紅磡,啟岸,7430000,381,2,1,廣信地產顧問有限公司,https://i1.28hse.com/2026/06/202606091721052264101_thumb.jpg,https://www.28hse.com/buy/apartment/property-3883784,2026-08-06T17:33:59.496264+00:00
3883244,實盤約睇 同類型單位當中最靚裝修 內街清靜,紅磡,黃埔新村,5780000,401,2,1,萬霖物業,https://i1.28hse.com/2026/06/202606202039463208865_thumb.jpg,https://www.28hse.com/buy/apartment/property-3883244,2026-08-06T17:33:59.496264+00:00
3882748,高層開楊，有裝修，市場罕有,紅磡,半島豪庭,7700000,442,1,,太陽物業,https://i1.28hse.com/2026/06/20260608201503660269_thumb.jpg,https://www.28hse.com/buy/apartment/property-3882748,2026-08-06T17:33:59.496264+00:00
3881907,3鐵匯聚 近大型屋苑 呎價平,紅磡,福家大廈,3380000,488,3,,太陽物業,https://i1.28hse.com/2026/06/202606081415236544496_thumb.jpg,https://www.28hse.com/buy/apartment/property-3881907,2026-08-06T17:33:59.496264+00:00
3881836,《紅磡心臟大兩房》福運大廈 中層開陽兩房 雅致裝修 內街清靜 豪宅包圍 九成按揭,紅磡,福運大廈,3850000,382,2,1,天晋物業有限公司,https://i1.28hse.com/2026/06/202606081340317331126_thumb.jpg,https://www.28hse.com/buy/apartment/property-3881836,2026-08-06T17:33:59.496264+00:00
3881710,"六月主打真實盤,黃埔新村2房,接受真實買家約睇樓",紅磡,黃埔新村,5780000,401,2,,太陽物業,https://i1.28hse.com/2026/06/202606081215094306867_thumb.jpg,https://www.28hse.com/buy/apartment/property-3881710,2026-08-06T17:33:59.496264+00:00
3881421,高層優質 精選兩房 一分鐘黃埔地鐵站,紅磡,黃埔新村,5780000,401,2,,太陽物業,https://i1.28hse.com/2026/06/20260607221520626567_thumb.jpg,https://www.28hse.com/buy/apartment/property-3881421,2026-08-06T17:33:59.496264+00:00
2770767,【大量獨家！382呎大兩房】新盤對面 盡享配套 高層靚裝,紅磡,東海雅園,4480000,382,2,1,天晋物業有限公司,https://i1.28hse.com/2023/11/202311091839501399752_thumb.jpg,https://www.28hse.com/buy/apartment/property-2770767,2026-08-06T17:33:59.496264+00:00
3880852,獨家 !!!!! 獨家罕有荀盤 超實用大廳2房 高層開揚,紅磡,黃埔新村,5600000,401,2,,太陽物業,https://i1.28hse.com/2026/06/202606071615113039740_thumb.jpg,https://www.28hse.com/buy/apartment/property-3880852,2026-08-06T17:33:59.496264+00:00
3880288,【鬧市中隱世屋苑】跪求業主全屋苑唯一真放盤!高層梗廚兩房,紅磡,紅磡花園,5500000,386,2,1,捷昇置業有限公司,https://i1.28hse.com/2026/06/202606071153436578464_thumb.jpg,https://www.28hse.com/buy/apartment/property-3880288,2026-08-06T17:33:59.496264+00:00
3962653,火熱上車 強勢潛力 柯士甸道高層3房 優質校網,尖沙咀,帝寶樓,4600000,521,3,1,金國置業,https://i1.28hse.com/2026/08/202608061744533105833_thumb.jpg,https://www.28hse.com/buy/apartment/property-3962653,2026-08-06T17:33:59.496264+00:00
3959969,"平地雙電梯,秒到地鐵.特式500呎平台",尖沙咀,永樂大樓,6500000,659,2,3,富榮地產代理,https://i1.28hse.com/2026/08/202608041838045055255_thumb.jpg,https://www.28hse.com/buy/apartment/property-3959969,2026-08-06T17:33:59.496264+00:00
3693521,滄海遺珠 趁低吸納 正南公園小海景,尖沙咀,凱譽,7300000,363,1,1,領高地產代理有限公司,https://i1.28hse.com/2026/01/202601021322522653660_thumb.jpg,https://www.28hse.com/buy/apartment/property-3693521,2026-08-06T17:33:59.496264+00:00
3959651,【尖沙咀華寶大廈】413呎實用｜靚裝兩房｜連傢俬即住｜,尖沙咀,華寶大廈,4380000,413,2,1,中興地產有限公司,https://i1.28hse.com/2026/08/202608041633005766907_thumb.jpg,https://www.28hse.com/buy/apartment/property-3959651,2026-08-06T17:33:59.496264+00:00
3785166,業主放盤、近地鐵、中高層、景觀開揚,尖沙咀,華寶大廈,4600000,413,2,1,,https://i1.28hse.com/2026/08/202608051024335123328_thumb.jpg,https://www.28hse.com/buy/apartment/property-3785166,2026-08-06T17:33:59.496264+00:00
3959328,新鴻基樓 靚裝實用2房 超筍價放售>,尖沙咀,華寶大廈,4380000,413,2,1,金國置業,https://i1.28hse.com/2026/08/202608041412004176384_thumb.jpg,https://www.28hse.com/buy/apartment/property-3959328,2026-08-06T17:33:59.496264+00:00
3958948,歡迎約睇,尖沙咀,漢光大廈,6180000,635,2,1,殷盛地產代理,https://i1.28hse.com/2026/08/202608040944597283520_thumb.jpg,https://www.28hse.com/buy/apartment/property-3958948,2026-08-06T17:33:59.496264+00:00
3957902,🩵三月🩵【連天台196尺 ● 多窗兩房 ● 匙盤】大廈已做大維修^^,尖沙咀,恆運大廈,4300000,363,2,1,三月地產,https://i1.28hse.com/2026/08/202608031517596841306_thumb.jpg,https://www.28hse.com/buy/apartment/property-3957902,2026-08-06T17:33:59.496264+00:00
3957630,31名校網 靚裝2房 交吉可約睇,尖沙咀,華寶大廈,4380000,413,2,1,金國置業,https://i1.28hse.com/2026/08/202608031241137286429_thumb.jpg,https://www.28hse.com/buy/apartment/property-3957630,2026-08-06T17:33:59.496264+00:00
3957133,2房1廳！413尺！尖沙咀地段【華寶大廈】靚裝！有電梯 約睇 收租一流,尖沙咀,,4380000,413,2,1,駿輝地產發展有限公司,https://i1.28hse.com/2026/08/202608021914192388808_thumb.jpg,https://www.28hse.com/buy/apartment/property-3957133,2026-08-06T17:33:59.496264+00:00
3725384,✮低估價筍盤✮激抵✮【紀德樓】 高層靚裝修! 業主豪裝! 尖沙咀最靚地段!,尖沙咀,紀德樓,5200000,493,2,1,駿輝地產有限公司,https://i1.28hse.com/2026/01/202601291946113162905_thumb.jpg,https://www.28hse.com/buy/apartment/property-3725384,2026-08-06T17:33:59.496264+00:00
3954707,探索尖沙咀核心隱世奢居，凱譽中層D室現正震撼放盤！,尖沙咀,凱譽,7000000,363,1,1,利嘉閣地產有限公司,https://i1.28hse.com/2026/08/202608011215304947158_thumb.jpg,https://www.28hse.com/buy/apartment/property-3954707,2026-08-06T17:33:59.496264+00:00
3953828,油尖旺上車盤 31名校網 實用2房 有心還價即成,尖沙咀,華寶大廈,4480000,404,2,1,金國置業,https://i1.28hse.com/2026/07/202607311710501345373_thumb.jpg,https://www.28hse.com/buy/apartment/property-3953828,2026-08-06T17:33:59.496264+00:00
3953539,"荀價出售,還價即成",尖沙咀,華寶大廈,4480000,404,2,1,金國置業,https://i1.28hse.com/2026/07/202607311522385570565_thumb.jpg,https://www.28hse.com/buy/apartment/property-3953539,2026-08-06T17:33:59.496264+00:00
3953119,天文台圍環海大廈,尖沙咀,環海大廈,3800000,521,2,1,金華地產,https://i1.28hse.com/2026/07/202607311205045473197_thumb.jpg,https://www.28hse.com/buy/apartment/property-3953119,2026-08-06T17:33:59.496264+00:00
3953003,旺中之旺市區，靚裝即買即住,尖沙咀,華寶大廈,4380000,413,2,1,,https://i1.28hse.com/2026/07/20260731012448166105_thumb.jpg,https://www.28hse.com/buy/apartment/property-3953003,2026-08-06T17:33:59.496264+00:00
3855069,一減再減 ▷尖沙咀 大則兩房𝟲𝟮𝟵'◁【加發大廈】靚地段 歡迎約睇,尖沙咀,加發大廈,4850000,629,2,1,駿輝地產專業有限公司,https://i1.28hse.com/2026/05/202605191740081908470_thumb.jpg,https://www.28hse.com/buy/apartment/property-3855069,2026-08-06T17:33:59.496264+00:00
2959220,尖沙咀金馬倫道福僑大廈(實盤)，特色戶連天台633呎，市場罕有交吉出售。,尖沙咀,福僑大廈,6800000,700,2,1,曉煒物業顧問有限公司,https://i1.28hse.com/2024/02/202402291427133845396_thumb.jpg,https://www.28hse.com/buy/apartment/property-2959220,2026-08-06T17:33:59.496264+00:00
3864706,尖沙咀山林道洋樓，一大房大廳靓裝修高層大單邊，自用或投资，罕有吉售548萬，有匙,尖沙咀,,5500000,437,1,1,文華行物業顧問公司,https://i1.28hse.com/2026/06/202606180059055443872_thumb.jpg,https://www.28hse.com/buy/apartment/property-3864706,2026-08-06T17:33:59.496264+00:00
3949106,"【業主佛系放售，只求買家還價】零距離香港理工大學,豪華裝修兩房一廳單位",尖沙咀,紀德樓,5200000,493,2,1,駿輝地產世一有限公司,https://i1.28hse.com/2026/07/202607280207328670515_thumb.jpg,https://www.28hse.com/buy/apartment/property-3949106,2026-08-06T17:33:59.496264+00:00
3949026,【尖沙咀核心】$430萬買「兩房＋私家天台」理大步程8分鐘 上車/投資神盤現身！,尖沙咀,恆運大廈,4300000,363,2,1,金诚物业代理有限公司,https://i1.28hse.com/2026/07/202607272214361930124_thumb.jpg,https://www.28hse.com/buy/apartment/property-3949026,2026-08-06T17:33:59.496264+00:00
3947318,"交吉高層開揚,投資每報一流",尖沙咀,友聯大廈,7080000,839,2,,中興地產有限公司,https://i1.28hse.com/2026/07/202607261656045001486_thumb.jpg,https://www.28hse.com/buy/apartment/property-3947318,2026-08-06T17:33:59.496264+00:00
3947248,極高收租回報 平地電梯 兩房大廳實用無虛位 中高樓層,尖沙咀,樂福大廈,5800000,450,2,1,駿輝地產皓譽有限公司,https://i1.28hse.com/2026/07/202607261627246724073_thumb.jpg,https://www.28hse.com/buy/apartment/property-3947248,2026-08-06T17:33:59.496264+00:00
3947229,市區極為罕見 核心黃金地段 566呎實用3房2廁 特大入契平台,尖沙咀,黃達榮大廈,7000000,566,3,1,駿輝地產皓譽有限公司,https://i1.28hse.com/2026/07/202607261620051270902_thumb.jpg,https://www.28hse.com/buy/apartment/property-3947229,2026-08-06T17:33:59.496264+00:00
3946674,精裝2房2廳，平地電梯，樹景清靜,尖沙咀,嘉寶大廈,5500000,432,2,1,金國置業,https://i1.28hse.com/2026/07/202607251835313352467_thumb.jpg,https://www.28hse.com/buy/apartment/property-3946674,2026-08-06T17:33:59.496264+00:00
3945924,超筍2房！！！業主割愛 還價即成 勿走寶,尖沙咀,凱譽,7980000,472,2,,美聯物業,https://i1.28hse.com/2026/07/202607251248336328575_thumb.jpg,https://www.28hse.com/buy/apartment/property-3945924,2026-08-06T17:33:59.496264+00:00
3945332,【連城閣】買少見少 尖沙咀兩房 市場難求 歡迎約睇,尖沙咀,連城閣,3950000,351,2,1,駿輝地產世一有限公司,https://i1.28hse.com/2026/07/20260725172205669156_thumb.jpg,https://www.28hse.com/buy/apartment/property-3945332,2026-08-06T17:33:59.496264+00:00
3944827,市場難求! 尖沙咀罕有37年樓靚裝實用2房連平台,尖沙咀,秀華閣,6800000,473,2,1,金國置業,https://i1.28hse.com/2026/07/202607241504176051007_thumb.jpg,https://www.28hse.com/buy/apartment/property-3944827,2026-08-06T17:33:59.496264+00:00
3944784,*罕有高層 【連城閣 ~ $100稅+可9成按】*實用兩房 銀行估突,尖沙咀,連城閣,3950000,351,2,1,駿輝地產建榮有限公司,https://i1.28hse.com/2026/07/202607241449186803946_thumb.jpg,https://www.28hse.com/buy/apartment/property-3944784,2026-08-06T17:33:59.496264+00:00
3944744,【連城閣】$100稅 可9成按 極高層2房 歡迎約睇,尖沙咀,連城閣,3950000,351,2,1,駿輝地產發展有限公司,https://i1.28hse.com/2026/07/202607241428266424473_thumb.jpg,https://www.28hse.com/buy/apartment/property-3944744,2026-08-06T17:33:59.496264+00:00
3944636,罕有高層 實用兩房 銀行估突 還價即成【連城閣】致電約睇,尖沙咀,連城閣,3950000,351,2,1,駿輝地產皓譽有限公司,https://i1.28hse.com/2026/07/202607241326283531055_thumb.jpg,https://www.28hse.com/buy/apartment/property-3944636,2026-08-06T17:33:59.496264+00:00
3943809,【連城閣】尖沙咀高層兩房！罕有銀行估突價！企理多窗有電梯近地鐵！,尖沙咀,連城閣,3950000,351,2,1,駿輝地產有限公司,https://i1.28hse.com/2026/07/202607231803477451125_thumb.jpg,https://www.28hse.com/buy/apartment/property-3943809,2026-08-06T17:33:59.496264+00:00
3943698,尖沙咀核心 平地電梯 靚裝3房2廁 投資自用 配套齊全,尖沙咀,天文閣,7500000,616,3,2,金國置業,https://i1.28hse.com/2026/07/202607231717213146164_thumb.jpg,https://www.28hse.com/buy/apartment/property-3943698,2026-08-06T17:33:59.496264+00:00
3943495,尖沙咀 良士大廈 良士大廈 中層,尖沙咀,良士大廈,5980000,693,3,1,金國置業,https://i1.28hse.com/2026/07/202607231617533662990_thumb.jpg,https://www.28hse.com/buy/apartment/property-3943495,2026-08-06T17:33:59.496264+00:00
3943243,尖沙咀！3房2廁！616尺【天文閣】平地電梯！罕有放盤！有片！歡迎還價,尖沙咀,天文閣,7500000,616,3,2,駿輝地產發展有限公司,https://i1.28hse.com/2026/07/202607231430301170305_thumb.jpg,https://www.28hse.com/buy/apartment/property-3943243,2026-08-06T17:33:59.496264+00:00
3858054,【天文閣】 尖沙咀 平地電梯 616尺 歡迎還價,尖沙咀,天文閣,7500000,616,3,2,駿輝地產世一有限公司,https://i1.28hse.com/2026/06/202606050100264315137_thumb.jpg,https://www.28hse.com/buy/apartment/property-3858054,2026-08-06T17:33:59.496264+00:00
3940149,實盤放租 歡迎睇樓 鬧市中送你473呎平台觀星賞月 自設活動空間,尖沙咀,黃達榮大廈,7000000,566,3,2,華美國際集團,https://i1.28hse.com/2026/07/202607202311455311035_thumb.jpg,https://www.28hse.com/buy/apartment/property-3940149,2026-08-06T17:33:59.496264+00:00
3939850,尖沙咀核心大3房 回報高達3.7厘 投資自住兩相宜,尖沙咀,柯士甸大廈,6800000,851,3,2,金國置業,https://i1.28hse.com/2026/07/202607201739333895134_thumb.jpg,https://www.28hse.com/buy/apartment/property-3939850,2026-08-06T17:33:59.496264+00:00
3898259,尖沙咀耀邦大廈，鳥語花香，單邊窗，大廈已維修，新換電梯，一減再減,尖沙咀,耀邦大廈,4180000,419,2,1,安居置業,https://i1.28hse.com/2026/06/202606192200046597381_thumb.jpg,https://www.28hse.com/buy/apartment/property-3898259,2026-08-06T17:33:59.496264+00:00
3814315,近尖沙咀地鐵罕有高層連天台+開揚新裝2房,尖沙咀,恆運大廈,4300000,363,2,1,金國置業,https://i1.28hse.com/2026/04/202604180921373041698_thumb.jpg,https://www.28hse.com/buy/apartment/property-3814315,2026-08-06T17:33:59.496264+00:00
3302982,市場難求! 尖沙咀罕有37年樓靚裝實用2房連千呎大平台,尖沙咀,秀華閣,6800000,447,2,1,金國置業,https://i1.28hse.com/2025/01/202501111829557115279_thumb.jpg,https://www.28hse.com/buy/apartment/property-3302982,2026-08-06T17:33:59.496264+00:00
3939235,（BBQ、毛孩樂園、私人派對任您開）尖沙咀秀華閣 特大平台特色戶，空間感爆燈！,尖沙咀,秀華閣,6800000,447,2,1,大三元地產,https://i1.28hse.com/2026/07/2026072011184743590_thumb.jpg,https://www.28hse.com/buy/apartment/property-3939235,2026-08-06T17:33:59.496264+00:00
3938668,尖沙咀核心 旺中帶靜 高實用率大空間 3房1廳 一梯兩伙 已大維修,尖沙咀,紀德樓,5700000,493,3,1,駿輝地產皓譽有限公司,https://i1.28hse.com/2026/07/202607191705276961356_thumb.jpg,https://www.28hse.com/buy/apartment/property-3938668,2026-08-06T17:33:59.496264+00:00
3935648,**新裝企理兩房!!【恒運大廈】尖沙咀高層連天台 電梯直達極罕放售!!,尖沙咀,恆運大廈,4300000,363,2,1,駿輝地產投資有限公司,https://i1.28hse.com/2026/07/202607171537013285176_thumb.jpg,https://www.28hse.com/buy/apartment/property-3935648,2026-08-06T17:33:59.496264+00:00
3854836,尖沙咀▷罕有𝟯房𝟮廁 實用𝟲𝟭𝟲'◁【天文閣】平地電梯 靚地段 有匙,尖沙咀,天文閣,7500000,616,3,2,駿輝地產專業有限公司,https://i1.28hse.com/2026/06/202606201724344839888_thumb.jpg,https://www.28hse.com/buy/apartment/property-3854836,2026-08-06T17:33:59.496264+00:00
3934761,"平地電梯,單邊兩面窗,1分鐘尖沙咀站",尖沙咀,恆星樓,3000000,384,2,1,富榮地產代理,https://i1.28hse.com/2026/07/202607161903357336827_thumb.jpg,https://www.28hse.com/buy/apartment/property-3934761,2026-08-06T17:33:59.496264+00:00
3934038,罕有山林道全樹景大平台地鐵上蓋3房1套裝齊傢電,尖沙咀,黃達榮大廈,7200000,566,3,1,金國置業,https://i1.28hse.com/2026/07/202607161331374685408_thumb.jpg,https://www.28hse.com/buy/apartment/property-3934038,2026-08-06T17:33:59.496264+00:00
3834198,尖沙咀溫莎大廈，超近地鐵站3房2廁,尖沙咀,溫莎大廈,6980000,699,3,2,安居置業,https://i1.28hse.com/2026/05/202605041644258083437_thumb.jpg,https://www.28hse.com/buy/apartment/property-3834198,2026-08-06T17:33:59.496264+00:00
3932943,罕有放盤，星級地段，一閃即逝,尖沙咀,恆星樓,3300000,406,2,1,廣信地產顧問有限公司,https://i1.28hse.com/2026/07/202607151537476568849_thumb.jpg,https://www.28hse.com/buy/apartment/property-3932943,2026-08-06T17:33:59.496264+00:00
3932362,"尖沙咀洋樓但清靜,近地鐵站3房2廁,另連入契平台473呎,靚裝相熟業主歡迎約睇.",尖沙咀,黃達榮大廈,7000000,566,3,2,富樂地產物業有限公司,https://i1.28hse.com/2026/07/202607142125081455403_thumb.jpg,https://www.28hse.com/buy/apartment/property-3932362,2026-08-06T17:33:59.496264+00:00
3932209,加拿芬道正市中心開揚景兩房新裝投資商住極高價值,尖沙咀,加發大廈,4850000,629,2,1,金國置業,https://i1.28hse.com/2026/07/202607141859102820191_thumb.jpg,https://www.28hse.com/buy/apartment/property-3932209,2026-08-06T17:33:59.496264+00:00
3931332,✭✭罕有放盤 東南開揚 廳大房大 四正實用 平地電梯 近地鐵商場✭✭,尖沙咀,僑豐大廈,7800000,865,3,2,千億物業 太子分行,https://i1.28hse.com/2026/07/202607141231522628362_thumb.jpg,https://www.28hse.com/buy/apartment/property-3931332,2026-08-06T17:33:59.496264+00:00
3930962,中心旺地，近高鐵,尖沙咀,金巴利道26號,6780000,388,1,1,信富地產,https://i1.28hse.com/2026/07/202607132016152867667_thumb.jpg,https://www.28hse.com/buy/apartment/property-3930962,2026-08-06T17:33:59.496264+00:00
3930521,保證實盤【園景大廈】有匙可睇 非平地電梯,尖沙咀,紀德樓,5200000,493,2,1,駿輝地產發展有限公司,https://i1.28hse.com/2026/07/202607231430235023778_thumb.jpg,https://www.28hse.com/buy/apartment/property-3930521,2026-08-06T17:33:59.496264+00:00
3930444,尖沙咀罕見特式平台約500呎靚裝3房2廳2浴室,尖沙咀,黃達榮大廈,7000000,566,3,2,金國置業,https://i1.28hse.com/2026/07/202607131545438976359_thumb.jpg,https://www.28hse.com/buy/apartment/property-3930444,2026-08-06T17:33:59.496264+00:00
3930328,尖沙咀核心隱世高層！紀德樓放盤,尖沙咀,紀德樓,5280000,495,2,1,利嘉閣地產有限公司,https://i1.28hse.com/2026/07/202607131453035670464_thumb.jpg,https://www.28hse.com/buy/apartment/property-3930328,2026-08-06T17:33:59.496264+00:00
3847051,尖沙咀核心 3房1廳 收租自用 商住皆宜,尖沙咀,雅士洋樓,4980000,496,3,1,中興地產有限公司,https://i1.28hse.com/2026/05/202605131744115346021_thumb.jpg,https://www.28hse.com/buy/apartment/property-3847051,2026-08-06T17:33:59.496264+00:00
3425603,尖沙咀樂道，罕連天台，地鐵上蓋，旅遊熱點，商住皆宜，生財旺地。,尖沙咀,嘉樂大廈,5500000,536,2,1,利基物業代理有限公司,https://i1.28hse.com/2026/05/202605141041516876116_thumb.jpg,https://www.28hse.com/buy/apartment/property-3425603,2026-08-06T17:33:59.496264+00:00
3881831,投資 自住必選 兩房雙鐵 交通方便,尖沙咀,南海大廈,4600000,490,2,1,建富物業,https://i1.28hse.com/2026/06/202606081336138763516_thumb.jpg,https://www.28hse.com/buy/apartment/property-3881831,2026-08-06T17:33:59.496264+00:00
3927127,尖沙咀靚地段 商住兩用 收租必選 實用間格,尖沙咀,加發大廈,4980000,629,2,1,廣信地產顧問有限公司,https://i1.28hse.com/2026/07/202607102029503489728_thumb.jpg,https://www.28hse.com/buy/apartment/property-3927127,2026-08-06T17:33:59.496264+00:00
3926576,✶區內極罕✶38年樓✶靚裝2房✶商場林立✶可遇不可求✶,尖沙咀,秀華閣,5580000,447,2,1,駿輝地產發展有限公司,https://i1.28hse.com/2026/07/202607101653302065431_thumb.jpg,https://www.28hse.com/buy/apartment/property-3926576,2026-08-06T17:33:59.496264+00:00
3535418,尖沙咀罕有37年樓 靚裝實用2房,尖沙咀,秀華閣,5380000,447,2,1,金國置業,https://i1.28hse.com/2025/08/202508091920404059782_thumb.jpg,https://www.28hse.com/buy/apartment/property-3535418,2026-08-06T17:33:59.496264+00:00
3925313,【黃達榮大廈】3房套 + 巨無霸平台 賣一間少一間 歡迎查詢,尖沙咀,黃達榮大廈,7000000,566,3,2,駿輝地產發展有限公司,https://i1.28hse.com/2026/07/202607091811254550417_thumb.jpg,https://www.28hse.com/buy/apartment/property-3925313,2026-08-06T17:33:59.496264+00:00
3922527,3房主人套特大平台473呎寵物樂園BBQ聖地,尖沙咀,黃達榮大廈,7000000,566,3,2,金國置業,https://i1.28hse.com/2026/07/202607071934225299450_thumb.jpg,https://www.28hse.com/buy/apartment/property-3922527,2026-08-06T17:33:59.496264+00:00
3922080,尖沙咀！2房1廳！493尺【紀德樓】品味裝修 位置寧靜 即買即住 歡迎約睇,尖沙咀,紀德樓,5280000,493,2,1,駿輝地產發展有限公司,https://i1.28hse.com/2026/07/202607071618167199469_thumb.jpg,https://www.28hse.com/buy/apartment/property-3922080,2026-08-06T17:33:59.496264+00:00
3920907,"核心地段,新裝修,投資自用皆宜",尖沙咀,加發大廈,4850000,629,2,1,金國置業,https://i1.28hse.com/2026/07/202607061751258196826_thumb.jpg,https://www.28hse.com/buy/apartment/property-3920907,2026-08-06T17:33:59.496264+00:00
3920660,《單身一房｜清幽無噪音 開揚景觀 穩收租 回報優秀｜尖沙咀｜西九高鐵》,尖沙咀,凱譽,6980000,363,1,1,香港置業,https://i1.28hse.com/2026/07/202607061629181989676_thumb.jpg,https://www.28hse.com/buy/apartment/property-3920660,2026-08-06T17:33:59.496264+00:00
1742781,尖沙咀彌敦道地鐵上蓋，商住皆宜,尖沙咀,華源大廈,4100000,478,1,1,利基物業代理有限公司,https://i1.28hse.com/2026/07/202607061127486250835_thumb.jpg,https://www.28hse.com/buy/apartment/property-1742781,2026-08-06T17:33:59.496264+00:00
2596167,尖沙咀彌敦道，地鐵上蓋，三房兩廁，商住皆宜,尖沙咀,華源大廈,6100000,742,3,2,利基物業代理有限公司,https://i1.28hse.com/2026/07/202607061114521945095_thumb.jpg,https://www.28hse.com/buy/apartment/property-2596167,2026-08-06T17:33:59.496264+00:00
3919959,近理大 私信有片,尖沙咀,永利大樓,4800000,408,2,1,金國置業,https://i1.28hse.com/2026/07/202607061014073349015_thumb.jpg,https://www.28hse.com/buy/apartment/property-3919959,2026-08-06T17:33:59.496264+00:00
3919939,$7xxx/呎買新裝尖沙咀核心地段2房,尖沙咀,加發大廈,4850000,629,2,1,金國置業,https://i1.28hse.com/2026/07/202607060928492682886_thumb.jpg,https://www.28hse.com/buy/apartment/property-3919939,2026-08-06T17:33:59.496264+00:00
3919780,尖沙咀舊樓＼＼有裝潢＼＼ 真盤源＼＼歡迎查詢,尖沙咀,加發大廈,4980000,629,2,1,駿輝地產投資有限公司,https://i1.28hse.com/2026/07/202607052131434664978_thumb.jpg,https://www.28hse.com/buy/apartment/property-3919780,2026-08-06T17:33:59.496264+00:00
3919282,【華源大廈】多窗採光 實用3房2廁 位置優越 黃金地段 回報率高 地鐵站旁,尖沙咀,華源大廈,6100000,742,3,2,駿輝地產港一有限公司,https://i1.28hse.com/2026/07/202607051635595323899_thumb.jpg,https://www.28hse.com/buy/apartment/property-3919282,2026-08-06T17:33:59.496264+00:00
3442772,「罕有放售」2房1廳2廁，4厘幾回報！,尖沙咀,良士大廈,6200000,649,2,2,兆傲物業顧問有限公司,https://i1.28hse.com/2025/05/202505201805263979896_thumb.jpg,https://www.28hse.com/buy/apartment/property-3442772,2026-08-06T17:33:59.496264+00:00
3918915,【華源大廈】尖沙咀 樓下地鐵站 附近近理工大學 收租回報高 相熟業主 歡迎約睇,尖沙咀,華源大廈,6050000,742,3,1,駿輝地產世一有限公司,https://i1.28hse.com/2026/07/202607051338323327132_thumb.jpg,https://www.28hse.com/buy/apartment/property-3918915,2026-08-06T17:33:59.496264+00:00
3918106,品味裝修，2房2廳，自住投資皆宜,尖沙咀,樂福大廈,5800000,447,2,1,金國置業,https://i1.28hse.com/2026/07/202607041805175238152_thumb.jpg,https://www.28hse.com/buy/apartment/property-3918106,2026-08-06T17:33:59.496264+00:00
3917271,尖沙咀核心 收租首選,尖沙咀,遠東大廈,6000000,695,3,3,金國置業,https://i1.28hse.com/2026/07/20260704123544541531_thumb.jpg,https://www.28hse.com/buy/apartment/property-3917271,2026-08-06T17:33:59.496264+00:00
3917027,新鴻基樓 靚裝實用2房 超筍價放售>,尖沙咀,華寶大廈,4390000,413,2,1,金國置業,https://i1.28hse.com/2026/07/202607041045038513180_thumb.jpg,https://www.28hse.com/buy/apartment/property-3917027,2026-08-06T17:33:59.496264+00:00
3916735,**尖沙咀地鐵上蓋**罕有三房 煙花靚景 特大空間 交通總滙,尖沙咀,友聯大廈,6990000,839,3,2,金港物業,https://i1.28hse.com/2026/07/202607120739111246332_thumb.jpg,https://www.28hse.com/buy/apartment/property-3916735,2026-08-06T17:33:59.496264+00:00
3757974,超筍尖沙咀靚裝2房363呎，頂樓電梯到，連約200呎天台，有匙引看,尖沙咀,恆運大廈,4300000,363,2,1,家旺物業大埔道,https://i1.28hse.com/2026/03/20260303215146318117_thumb.jpg,https://www.28hse.com/buy/apartment/property-3757974,2026-08-06T17:33:59.496264+00:00
3916016,【大大大】【紀德樓】尖沙咀住宅地買少見少 睇落去似800呎 連,尖沙咀,紀德樓,5200000,493,2,1,駿輝地產建榮有限公司,https://i1.28hse.com/2026/07/202607031632351954917_thumb.jpg,https://www.28hse.com/buy/apartment/property-3916016,2026-08-06T17:33:59.496264+00:00
3915974,【華源大廈】位置方便 間隔好用 多窗光線好 歡迎約睇,尖沙咀,華源大廈,6100000,742,3,2,駿輝地產世一有限公司,https://i1.28hse.com/2026/07/202607031619328142282_thumb.jpg,https://www.28hse.com/buy/apartment/property-3915974,2026-08-06T17:33:59.496264+00:00
3912676,[樂芬大廈] 中層靚裝多窗兩房 自住一流 投資回報高,尖沙咀,樂芬大廈,4680000,435,2,1,駿輝地產建榮有限公司,https://i1.28hse.com/2026/07/202607011415293947571_thumb.jpg,https://www.28hse.com/buy/apartment/property-3912676,2026-08-06T17:33:59.496264+00:00
3911940,"鄰近紅磡,佐敦站,高層靚裝,3.6厘回報,即買即收租",尖沙咀,嘉華大廈,6200000,779,2,2,金國置業,https://i1.28hse.com/2026/06/202606301901414076471_thumb.jpg,https://www.28hse.com/buy/apartment/property-3911940,2026-08-06T17:33:59.496264+00:00
3911023,3房主人套 尖沙咀靚公園景,尖沙咀,友聯大廈,7030000,839,3,2,金國置業,https://i1.28hse.com/2026/06/202606301059124007031_thumb.jpg,https://www.28hse.com/buy/apartment/property-3911023,2026-08-06T17:33:59.496264+00:00
3909244,黃金地段，好收租，有裝修，18 K租金.2樓8伙,尖沙咀,秀華閣,5580000,447,2,1,世紀21啟豐物業代理,https://i1.28hse.com/2026/06/202606281641218337606_thumb.jpg,https://www.28hse.com/buy/apartment/property-3909244,2026-08-06T17:33:59.496264+00:00
3909111,荀價！尖沙咀！2房1廳 ！629尺 黃金地段【加發大廈】空間夠大！有電梯,尖沙咀,加發大廈,4850000,629,2,1,駿輝地產發展有限公司,https://i1.28hse.com/2026/06/202606281535553599661_thumb.jpg,https://www.28hse.com/buy/apartment/property-3909111,2026-08-06T17:33:59.496264+00:00
3908966,全屋豪華靚裝修 兩房套廛 尖沙咀核心地段 環境開陽光猛 即買即住,尖沙咀,金瓊樓,5350000,438,2,2,廣信地產顧問有限公司,https://i1.28hse.com/2026/06/202606281400263863930_thumb.jpg,https://www.28hse.com/buy/apartment/property-3908966,2026-08-06T17:33:59.496264+00:00
3908404,尖沙咀2房1廳！ 連天台！特色單位【恆運大廈】 新淨裝修 有電梯 加連威老道,尖沙咀,恆運大廈,4300000,363,2,1,駿輝地產發展有限公司,https://i1.28hse.com/2026/06/20260627185527685131_thumb.jpg,https://www.28hse.com/buy/apartment/property-3908404,2026-08-06T17:33:59.496264+00:00
3908396,2房大廳！435尺！【樂芬大廈】乾淨裝修 諾士佛臺 投資收租首選 平地電梯,尖沙咀,樂芬大廈,4680000,435,2,1,駿輝地產發展有限公司,https://i1.28hse.com/2026/06/202606271850167240562_thumb.jpg,https://www.28hse.com/buy/apartment/property-3908396,2026-08-06T17:33:59.496264+00:00
3908331,2房1廳！413尺！尖沙咀地段【華寶大廈】有電梯 約睇 收租一流,尖沙咀,華寶大廈,4600000,413,2,1,駿輝地產發展有限公司,https://i1.28hse.com/2026/06/202606271808368442603_thumb.jpg,https://www.28hse.com/buy/apartment/property-3908331,2026-08-06T17:33:59.496264+00:00
3907600,*銀行估足價* 可約睇 尖沙咀核心位置 新鴻基樓 呎價平 實用兩房有裝修,尖沙咀,華寶大廈,4390000,413,2,,富榮地產代理,https://i1.28hse.com/2026/06/202606271141017301153_thumb.jpg,https://www.28hse.com/buy/apartment/property-3907600,2026-08-06T17:33:59.496264+00:00
3907432,【超級收租神器，大家快啲出手啦】零距離尖沙咀地鐵站，豪華裝修兩房一廳單位,尖沙咀,加發大廈,4850000,629,2,1,駿輝地產世一有限公司,https://i1.28hse.com/2026/06/202606270005431776434_thumb.jpg,https://www.28hse.com/buy/apartment/property-3907432,2026-08-06T17:33:59.496264+00:00
3907058,低價入手尖沙咀3房收租王,尖沙咀,柯士甸大廈,6800000,851,3,2,金國置業,https://i1.28hse.com/2026/06/202606261822138795421_thumb.jpg,https://www.28hse.com/buy/apartment/property-3907058,2026-08-06T17:33:59.496264+00:00
3906990,市中心黃金地段 巨廳2房套+露台,尖沙咀,嘉華大廈,6200000,779,2,2,金國置業,https://i1.28hse.com/2026/06/202606261755432824738_thumb.jpg,https://www.28hse.com/buy/apartment/property-3906990,2026-08-06T17:33:59.496264+00:00
3906898,超荀價入手尖沙咀收租王｜豪裝2房套連大露台,尖沙咀,嘉華大廈,6200000,779,2,2,金國置業,https://i1.28hse.com/2026/06/202606261720124635900_thumb.jpg,https://www.28hse.com/buy/apartment/property-3906898,2026-08-06T17:33:59.496264+00:00
3706668,交吉／高层／2房2厅／近地铁站交通方便／附近K11大型商场,尖沙咀,連城閣,3950000,350,2,1,世紀置業,https://i1.28hse.com/2026/07/202607132343526013208_thumb.jpg,https://www.28hse.com/buy/apartment/property-3706668,2026-08-06T17:33:59.496264+00:00
3903182,尖沙咀環海大廈頂層出售,尖沙咀,環海大廈,5400000,747,2,1,舒文國際有限公司,https://i1.28hse.com/2026/06/202606231754344462449_thumb.jpg,https://www.28hse.com/buy/apartment/property-3903182,2026-08-06T17:33:59.496264+00:00
3902557,【嘉寶大廈】尖沙咀2房 諾士佛台 42年 向天文台 靚裝 平地電梯,尖沙咀,嘉寶大廈,5980000,432,2,1,駿輝地產發展有限公司,https://i1.28hse.com/2026/06/202606231345565977225_thumb.jpg,https://www.28hse.com/buy/apartment/property-3902557,2026-08-06T17:33:59.496264+00:00
3901368,罕有高層無敵開掦煙花景 實用3房2廁,尖沙咀,永業大廈,5500000,469,2,1,金國置業,https://i1.28hse.com/2026/06/202606221454441391557_thumb.jpg,https://www.28hse.com/buy/apartment/property-3901368,2026-08-06T17:33:59.496264+00:00
3901019,細價位買尖沙咀中心點，置業首選，放租回報率高,尖沙咀,華寶大廈,4600000,413,2,,金國置業,https://i1.28hse.com/2026/06/202606221015365988565_thumb.jpg,https://www.28hse.com/buy/apartment/property-3901019,2026-08-06T17:33:59.496264+00:00
3597097,業主急走 一減再減 有票即收 上車首選 多窗實用 平地電梯【樂福大廈】致電約睇,尖沙咀,樂福大廈,5800000,450,2,1,駿輝地產世一有限公司,https://i1.28hse.com/2026/07/20260724141222897135_thumb.jpg,https://www.28hse.com/buy/apartment/property-3597097,2026-08-06T17:33:59.496264+00:00
3899296,罕有放售 尖沙咀 K-11 旁 單邊高層 平地電梯洋樓 $100厘印 低總價,尖沙咀,嘉芬大廈,3780000,436,2,1,廣信地產顧問有限公司,https://i1.28hse.com/2026/06/20260620172236333081_thumb.jpg,https://www.28hse.com/buy/apartment/property-3899296,2026-08-06T17:33:59.496264+00:00
3896316,旺中帶靜• 靚裝• 交通便利•,尖沙咀,紀德樓,5280000,495,2,1,富榮地產代理,https://i1.28hse.com/2026/06/202606181458253322598_thumb.jpg,https://www.28hse.com/buy/apartment/property-3896316,2026-08-06T17:33:59.496264+00:00
3895452,查詢有影片尖沙咀韓國街平地電梯24小時保安可做高成多窗罕有3房2廁筍賣,尖沙咀,天文閣,7500000,616,3,2,駿輝地產有限公司,https://i1.28hse.com/2026/06/202606171803575056498_thumb.jpg,https://www.28hse.com/buy/apartment/property-3895452,2026-08-06T17:33:59.496264+00:00
3813189,"近港鐵站交通方便, 尖中核心, 連天台",尖沙咀,嘉樂大廈,5020000,536,2,1,金國置業,https://i1.28hse.com/2026/04/202604171233387134323_thumb.jpg,https://www.28hse.com/buy/apartment/property-3813189,2026-08-06T17:33:59.496264+00:00
3714291,尖沙咀核心地段 四正實用優質2房 配套齊全,尖沙咀,雅士洋樓,5600000,496,2,1,金國置業,https://i1.28hse.com/2026/01/202601191615044920711_thumb.jpg,https://www.28hse.com/buy/apartment/property-3714291,2026-08-06T17:33:59.496264+00:00
3893891,實用兩房***尖沙咀寧靜段,尖沙咀,華寶大廈,4600000,413,2,1,駿輝地產投資有限公司,https://i1.28hse.com/2026/06/202606161700267654863_thumb.jpg,https://www.28hse.com/buy/apartment/property-3893891,2026-08-06T17:33:59.496264+00:00
3792859,精裝2房，間格寬敞，有匙引看,尖沙咀,紀德樓,5200000,493,2,1,金國置業,https://i1.28hse.com/2026/04/20260422100105544083_thumb.jpg,https://www.28hse.com/buy/apartment/property-3792859,2026-08-06T17:33:59.496264+00:00
3649395,超筍價買尖沙咀核心地段 +3房罕有,尖沙咀,瓊林閣,5000000,473,3,1,金國置業,https://i1.28hse.com/2025/11/202511202049582650034_thumb.jpg,https://www.28hse.com/buy/apartment/property-3649395,2026-08-06T17:33:59.496264+00:00
3891656,查詢睇影片 *尖沙咀新鴻基樓* 保值之選,尖沙咀,華寶大廈,4600000,413,2,1,駿輝地產世一有限公司,https://i1.28hse.com/2026/06/202606142249006445295_thumb.jpg,https://www.28hse.com/buy/apartment/property-3891656,2026-08-06T17:33:59.496264+00:00
3891563,罕有三房兩廁！巨廳、多窗、齊設備、投資自住都贏,尖沙咀,天文閣,7500000,616,3,2,駿輝地產旺角有限公司,https://i1.28hse.com/2026/06/202606142107165092995_thumb.jpg,https://www.28hse.com/buy/apartment/property-3891563,2026-08-06T17:33:59.496264+00:00
3891515,核心地段!! 罕有大積 !! 唐樓尺價!! 筍到爆 !!,尖沙咀,重慶大廈,4300000,894,1,1,宇晴地產,https://i1.28hse.com/2026/07/202607211832344297255_thumb.jpg,https://www.28hse.com/buy/apartment/property-3891515,2026-08-06T17:33:59.496264+00:00
3891380,地段極佳 極筍推介 投資自住極品,尖沙咀,樂芬大廈,3600000,435,2,,中興地產有限公司,https://i1.28hse.com/2026/06/202606141834482889098_thumb.jpg,https://www.28hse.com/buy/apartment/property-3891380,2026-08-06T17:33:59.496264+00:00
3802849,【尖沙咀】實用高︎大廳大房!!落本靚裝仔尖沙咀無須再裝修,尖沙咀,紀德樓,5280000,493,2,1,駿輝地產安業有限公司,https://i1.28hse.com/2026/04/202604082218372728400_thumb.jpg,https://www.28hse.com/buy/apartment/property-3802849,2026-08-06T17:33:59.496264+00:00
3814469,尖沙咀靚地段! 銀行估凸! 罕有高層開揚靚裝2房,尖沙咀,紀德樓,5200000,494,2,1,金國置業,https://i1.28hse.com/2026/04/202604181159275901986_thumb.jpg,https://www.28hse.com/buy/apartment/property-3814469,2026-08-06T17:33:59.496264+00:00
3757621,"地鐵站出口投資首選,交吉放售",尖沙咀,美麗都大廈,4980000,620,2,1,中興地產有限公司,https://i1.28hse.com/2026/03/202603031746291117282_thumb.jpg,https://www.28hse.com/buy/apartment/property-3757621,2026-08-06T17:33:59.496264+00:00
3889961,地理位置優越！近地鐵站，交通方便。,尖沙咀,華寶大廈,4400000,413,2,1,中興地產有限公司,https://i1.28hse.com/2026/06/20260625155024256240_thumb.jpg,https://www.28hse.com/buy/apartment/property-3889961,2026-08-06T17:33:59.496264+00:00
3889278,!!尖沙咀罕有靚裝!!【紀德樓】極罕有地段放售,尖沙咀,紀德樓,5200000,493,2,1,駿輝地產安業有限公司,https://i1.28hse.com/2026/06/202606131315043119995_thumb.jpg,https://www.28hse.com/buy/apartment/property-3889278,2026-08-06T17:33:59.496264+00:00
3729732,尖沙咀帝寳樓3房，高層3房筍盤平售,尖沙咀,帝寶樓,4550000,521,3,1,泓圖資産管理香港公司,https://i1.28hse.com/2026/02/202602030045151303383_thumb.jpg,https://www.28hse.com/buy/apartment/property-3729732,2026-08-06T17:33:59.496264+00:00
3887266,尖沙咀罕有一梯兩伙 高層開揚2改1大房 收租自住皆相宜,尖沙咀,金瓊樓,5350000,438,1,1,金國置業,https://i1.28hse.com/2026/06/202606121031094242054_thumb.jpg,https://www.28hse.com/buy/apartment/property-3887266,2026-08-06T17:33:59.496264+00:00
3791349,尖沙咀靚裝修 兩房兩廁 有電梯 鄰近大型超市 交吉可睇樓,尖沙咀,金瓊樓,5350000,438,2,2,駿輝地產旺角有限公司,https://i1.28hse.com/2026/03/202603301703174147621_thumb.jpg,https://www.28hse.com/buy/apartment/property-3791349,2026-08-06T17:33:59.496264+00:00
3886270,尖沙咀！3房2廁！616尺【天文閣】平地電梯！罕有放盤！有片！歡迎還價,尖沙咀,天文閣,7500000,616,3,2,駿輝地產發展有限公司,https://i1.28hse.com/2026/06/202606131907413750685_thumb.jpg,https://www.28hse.com/buy/apartment/property-3886270,2026-08-06T17:33:59.496264+00:00
3883646,OMG!尖沙嘴罕有放賣 明火梗廚 實用兩房 靚裝修自住投資都一流 可以9成按,尖沙咀,耀邦大廈,5380000,419,2,1,駿輝地產旺角有限公司,https://i1.28hse.com/2026/06/202606091719148065708_thumb.jpg,https://www.28hse.com/buy/apartment/property-3883646,2026-08-06T17:33:59.496264+00:00
3466348,新鴻基樓 靚裝實用2房 超筍價放售>,尖沙咀,華寶大廈,4480000,413,2,1,金國置業,https://i1.28hse.com/2025/06/202506092209085624825_thumb.jpg,https://www.28hse.com/buy/apartment/property-3466348,2026-08-06T17:33:59.496264+00:00
3882758,【華寶大廈】兩面彩光 光線十足 廳大房大 歡迎約睇,尖沙咀,華寶大廈,4600000,413,2,1,駿輝地產世一有限公司,https://i1.28hse.com/2026/06/202606082038454562326_thumb.jpg,https://www.28hse.com/buy/apartment/property-3882758,2026-08-06T17:33:59.496264+00:00
3802569,尖沙咀【樂芬大廈】靚地段♡2房1廳♡平地電梯,尖沙咀,樂芬大廈,4700000,435,2,1,駿輝地產安業有限公司,https://i1.28hse.com/2026/04/202604081824045892822_thumb.jpg,https://www.28hse.com/buy/apartment/property-3802569,2026-08-06T17:33:59.496264+00:00
3881521,還價即成！鎖匙盤 【紀德樓】W Hotel級裝修！即買即住！一梯兩伙！歡迎合作！,尖沙咀,紀德樓,5200000,493,2,1,駿輝地產旺角有限公司,https://i1.28hse.com/2026/06/202606080020558311835_thumb.jpg,https://www.28hse.com/buy/apartment/property-3881521,2026-08-06T17:33:59.496264+00:00
3880909,【天文閣】三面多窗 業主割愛 還價即成 歡迎約睇,尖沙咀,天文閣,7500000,616,3,2,駿輝地產世一有限公司,https://i1.28hse.com/2026/06/202606071642251502928_thumb.jpg,https://www.28hse.com/buy/apartment/property-3880909,2026-08-06T17:33:59.496264+00:00
3811979,鄰近地鐵站食肆 配套齊全,尖沙咀,嘉樂大廈,5500000,536,2,1,金國置業,https://i1.28hse.com/2026/04/202604161353074006011_thumb.jpg,https://www.28hse.com/buy/apartment/property-3811979,2026-08-06T17:33:59.496264+00:00
3831806,全新豪華裝修，1分鐘到佐敦地鐵口，5分鐘到高鐵站，傢電齊全，拎包入住,佐敦,康寧大廈,4000000,362,3,1,世紀21卓建物業,https://i1.28hse.com/2026/05/202605021743156182352_thumb.jpg,https://www.28hse.com/buy/apartment/property-3831806,2026-08-06T17:33:59.496264+00:00
3870856,❢ 獨家❢高層永無遮擋❢ 靚景高層望拔萃❢ 木球會草地滾球會❢ 景觀十分開揚❢,佐敦,德威大廈,6600000,455,2,1,富裕地產,https://i1.28hse.com/2026/07/202607281538465477702_thumb.jpg,https://www.28hse.com/buy/apartment/property-3870856,2026-08-06T17:33:59.496264+00:00
3960575,超筍罕有靚裝3房套 即買即住,佐敦,文蔚樓,5100000,665,3,2,金國置業,https://i1.28hse.com/2026/08/20260805124307531165_thumb.jpg,https://www.28hse.com/buy/apartment/property-3960575,2026-08-06T17:33:59.496264+00:00
3957752,16年樓 開揚靚景靚裝2房,佐敦,翠匯軒,7000000,417,2,1,金國置業,https://i1.28hse.com/2026/08/202608031401425879681_thumb.jpg,https://www.28hse.com/buy/apartment/property-3957752,2026-08-06T17:33:59.496264+00:00
3957669,高鐵出口，少海景，公園景,佐敦,瑞香園大廈,4680000,462,1,1,世紀21卓建物業,https://i1.28hse.com/2026/08/202608031309598509389_thumb.jpg,https://www.28hse.com/buy/apartment/property-3957669,2026-08-06T17:33:59.496264+00:00
3956438,核心地段，交通方便。四鐵線路匯聚！,佐敦,聯德大廈,3900000,390,2,1,中興地產有限公司,https://i1.28hse.com/2026/08/202608021430175293385_thumb.jpg,https://www.28hse.com/buy/apartment/property-3956438,2026-08-06T17:33:59.496264+00:00
3956334,高層開陽靚景！交通方便！有匙即睇！尺價平,佐敦,聯德大廈,3850000,390,2,1,中興地產有限公司,https://i1.28hse.com/2026/08/202608021347165855712_thumb.jpg,https://www.28hse.com/buy/apartment/property-3956334,2026-08-06T17:33:59.496264+00:00
3955589,"獨家盤, 新委托, 有匙即約即睇",佐敦,永盛大廈,3600000,375,2,1,世紀21置業易,https://i1.28hse.com/2026/08/202608011909593343308_thumb.jpg,https://www.28hse.com/buy/apartment/property-3955589,2026-08-06T17:33:59.496264+00:00
3771853,"價錢可議, 開揚, 清雅裝修, 間隔四正, 實用率高",佐敦,金淞大廈,4480000,356,2,1,家滙地產香港有限公司,https://i1.28hse.com/2026/03/202603132157372731756_thumb.jpg,https://www.28hse.com/buy/apartment/property-3771853,2026-08-06T17:33:59.496264+00:00
3953441,開揚公園靚景 花園秀閣處處春 投資自住萬勿錯過 有匙睇樓,佐敦,文蔚樓,5480000,620,3,,景鴻地產,https://i1.28hse.com/2026/07/202607311432032068021_thumb.jpg,https://www.28hse.com/buy/apartment/property-3953441,2026-08-06T17:33:59.496264+00:00
3949388,廟街唐樓 重點重建範圍 收租等升值 趁低吸納,佐敦,唐樓,2000000,384,2,1,三月地產,https://i1.28hse.com/2026/07/202607281331058235520_thumb.jpg,https://www.28hse.com/buy/apartment/property-3949388,2026-08-06T17:33:59.496264+00:00
3949132,繁華興世外桃源轉眼間 自住投資不言自明,佐敦,煒亨大廈,5680000,452,2,,中興地產有限公司,https://i1.28hse.com/2026/07/20260728082104703107_thumb.jpg,https://www.28hse.com/buy/apartment/property-3949132,2026-08-06T17:33:59.496264+00:00
3948057,高層開揚 公園靚景 難求靚盤 合自住投資 萬勿錯過,佐敦,文蔚樓,5480000,640,3,2,景鴻地產,https://i1.28hse.com/2026/07/202607271247497587490_thumb.jpg,https://www.28hse.com/buy/apartment/property-3948057,2026-08-06T17:33:59.496264+00:00
3810141,绿色公园景，［翠汇轩］近柯士站（屯马线）,佐敦,翠匯軒,6180000,414,2,1,世紀21卓建物業,https://i1.28hse.com/2026/04/202604141950316324219_thumb.jpg,https://www.28hse.com/buy/apartment/property-3810141,2026-08-06T17:33:59.496264+00:00
3944649,《自住一流》 業主真心賣 還價即走,佐敦,文蔚樓,5600000,640,3,1,晴天置業有限公司,https://i1.28hse.com/2026/07/202607241329031115891_thumb.jpg,https://www.28hse.com/buy/apartment/property-3944649,2026-08-06T17:33:59.496264+00:00
3944374,31號校網 3分鐘到佐敦站 高層3房,佐敦,華志大廈,5400000,354,3,1,金國置業,https://i1.28hse.com/2026/07/202607240952517591710_thumb.jpg,https://www.28hse.com/buy/apartment/property-3944374,2026-08-06T17:33:59.496264+00:00
3204412,"佐敦核心交通方便,平地電梯地鐵站一分鐘",佐敦,百誠大廈,4480000,468,2,1,中興地產有限公司,https://i1.28hse.com/2026/08/202608031413107228728_thumb.jpg,https://www.28hse.com/buy/apartment/property-3204412,2026-08-06T17:33:59.496264+00:00
3943770,【耀棠閣】實用兩房 平地電梯 1分鐘地鐵 連入契平台,佐敦,耀棠閣,6480000,593,2,2,駿輝地產發展有限公司,https://i1.28hse.com/2026/07/202607231748581571214_thumb.jpg,https://www.28hse.com/buy/apartment/property-3943770,2026-08-06T17:33:59.496264+00:00
3943280,鄰近高鐵站！市中心旺地！旺中帶靜！高層有海！有匙即睇！,佐敦,煒亨大廈,5680000,452,2,1,中興地產有限公司,https://i1.28hse.com/2026/07/202607231450178253788_thumb.jpg,https://www.28hse.com/buy/apartment/property-3943280,2026-08-06T17:33:59.496264+00:00
3943201,高層筍盤盤約睇！獨立單位！還價即成！估價到,佐敦,文蔚樓,5600000,640,3,2,中興地產有限公司,https://i1.28hse.com/2026/07/202607231413198662632_thumb.jpg,https://www.28hse.com/buy/apartment/property-3943201,2026-08-06T17:33:59.496264+00:00
3309521,近九龍站罕有高層3房2廁 廳大房大 間隔四正,佐敦,文華樓,6500000,510,3,2,金國置業,https://i1.28hse.com/2025/01/202501181250502640535_thumb.jpg,https://www.28hse.com/buy/apartment/property-3309521,2026-08-06T17:33:59.496264+00:00
3942964,"近地鐵,彌敦道商住兩用,中層2房,歡迎來電約睇,還價即簽,投資自用必選,快者得!",佐敦,金勳大廈,4280000,509,2,,富榮地產代理,https://i1.28hse.com/2026/07/202607291135165230020_thumb.jpg,https://www.28hse.com/buy/apartment/property-3942964,2026-08-06T17:33:59.496264+00:00
3942508,新委託**有匙即睇,佐敦,富裕臺,6700000,509,2,1,世紀21卓建物業,https://i1.28hse.com/2026/07/20260722184534385078_thumb.jpg,https://www.28hse.com/buy/apartment/property-3942508,2026-08-06T17:33:59.496264+00:00
3942035,佐敦地鐵站口 自住收租回報高 實用2房靚裝,佐敦,金寶樓,4500000,394,2,1,金國置業,https://i1.28hse.com/2026/07/202607221605153299973_thumb.jpg,https://www.28hse.com/buy/apartment/property-3942035,2026-08-06T17:33:59.496264+00:00
3941529,高層開揚 公園靚景 難求靚盤 合自住投資 萬勿錯過,佐敦,文蔚樓,5480000,640,3,2,景鴻地產,https://i1.28hse.com/2026/07/202607221036526457334_thumb.jpg,https://www.28hse.com/buy/apartment/property-3941529,2026-08-06T17:33:59.496264+00:00
3940440,佐敦2房，大露台，翠綠公園景，健身,佐敦,翠匯軒,6100000,414,2,1,世紀21卓建物業,https://i1.28hse.com/2026/07/202607221728465731000_thumb.jpg,https://www.28hse.com/buy/apartment/property-3940440,2026-08-06T17:33:59.496264+00:00
3940221,全區極少見連超大私人平台單位！租金回報約3.1厘,佐敦,華志大廈,6280000,354,2,1,金國置業,https://i1.28hse.com/2026/07/2026072409344538097_thumb.jpg,https://www.28hse.com/buy/apartment/property-3940221,2026-08-06T17:33:59.496264+00:00
3939884,近九龍站罕有靚裝2房2廁 廳大房大 間隔四正,佐敦,文華樓,6200000,665,2,2,金國置業,https://i1.28hse.com/2026/07/202607201759568634568_thumb.jpg,https://www.28hse.com/buy/apartment/property-3939884,2026-08-06T17:33:59.496264+00:00
3850873,獨家有匙即睇！實用兩房 位處便利生活地點 連租約出售,佐敦,翠匯軒,6100000,452,2,1,世紀21卓建物業,https://i1.28hse.com/2026/05/202605161451038918074_thumb.jpg,https://www.28hse.com/buy/apartment/property-3850873,2026-08-06T17:33:59.496264+00:00
3936972,豪宅為鄰文華樓洋樓3大房2巨廳2浴室,佐敦,文華樓,6500000,750,3,2,金國置業,https://i1.28hse.com/2026/07/202607181319136822860_thumb.jpg,https://www.28hse.com/buy/apartment/property-3936972,2026-08-06T17:33:59.496264+00:00
3936715,佐敦站2房 梗廚明廁 (有匙即到),佐敦,富裕臺,6700000,521,2,1,天域地產代理有限公司,https://i1.28hse.com/2026/07/202607271414306643722_thumb.jpg,https://www.28hse.com/buy/apartment/property-3936715,2026-08-06T17:33:59.496264+00:00
3935403,罕有獨立3房單位出售！預約參觀,佐敦,文蔚樓,5600000,620,3,,中興地產有限公司,https://i1.28hse.com/2026/07/202607171353094755701_thumb.jpg,https://www.28hse.com/buy/apartment/property-3935403,2026-08-06T17:33:59.496264+00:00
3439924,近九龍站罕有高層3房2廁 廳大房大 間隔四正,佐敦,文華樓,6500000,750,3,2,金國置業,https://i1.28hse.com/2025/05/202505172120475819085_thumb.jpg,https://www.28hse.com/buy/apartment/property-3439924,2026-08-06T17:33:59.496264+00:00
3934701,罕有極高層三面大單邊光猛交吉誠意出售,佐敦,文華樓,6400000,710,3,2,金城堡地產,https://i1.28hse.com/2026/07/202607161836151069964_thumb.jpg,https://www.28hse.com/buy/apartment/property-3934701,2026-08-06T17:33:59.496264+00:00
3934626,近西鐵高鐵靚裝2房 收祖自住等收購,佐敦,文苑樓,4000000,395,2,1,金國置業,https://i1.28hse.com/2026/07/202607161804558725766_thumb.jpg,https://www.28hse.com/buy/apartment/property-3934626,2026-08-06T17:33:59.496264+00:00
3932436,尖沙咀黃金地段 罕見2房儲物室,佐敦,好安樓,7000000,602,2,1,金國置業,https://i1.28hse.com/2026/07/202607142356523988375_thumb.jpg,https://www.28hse.com/buy/apartment/property-3932436,2026-08-06T17:33:59.496264+00:00
3931824,《投資高回報》 業主真心賣 還價即走,佐敦,文昌樓,6800000,830,3,1,晴天置業有限公司,https://i1.28hse.com/2026/07/202607181653598562372_thumb.jpg,https://www.28hse.com/buy/apartment/property-3931824,2026-08-06T17:33:59.496264+00:00
3931605,公園景觀，有鎖匙,佐敦,翠匯軒,6180000,379,2,1,世紀21卓建物業,https://i1.28hse.com/2026/07/202607141459388300983_thumb.jpg,https://www.28hse.com/buy/apartment/property-3931605,2026-08-06T17:33:59.496264+00:00
3931395,*唐樓4/F*大單邊*開揚多窗*1/2房*自住/投資首選*歡迎約睇*,佐敦,官涌大樓,3500000,456,2,2,廣信地產顧問有限公司,https://i1.28hse.com/2026/07/202607141307026813634_thumb.jpg,https://www.28hse.com/buy/apartment/property-3931395,2026-08-06T17:33:59.496264+00:00
3931103,銀行估突！性價比之王！免裝修！翠匯軒罕有兩房開揚盤，企理即租即住,佐敦,翠匯軒,6100000,414,2,1,世紀21卓建物業,https://i1.28hse.com/2026/07/202607140141342575252_thumb.jpg,https://www.28hse.com/buy/apartment/property-3931103,2026-08-06T17:33:59.496264+00:00
3931000,佐敦洋樓 實用2房 平地電梯 鄰近地鐵 周邊配套齊備 自住投資首選,佐敦,永盛大廈,3590000,379,2,1,廣信地產顧問有限公司,https://i1.28hse.com/2026/07/202607132120492793037_thumb.jpg,https://www.28hse.com/buy/apartment/property-3931000,2026-08-06T17:33:59.496264+00:00
1914432,"鄰近港鐵, 旅遊熱點",佐敦,唐樓,2980000,364,2,1,世紀21星鑄(尖沙咀)有限公司,https://i1.28hse.com/2026/07/20260713170418609395_thumb.jpg,https://www.28hse.com/buy/apartment/property-1914432,2026-08-06T17:33:59.496264+00:00
3927217,大二房 新装修 近地鐵站 高鐵站,佐敦,永盛大廈,3580000,379,2,1,尖沙咀分行,https://i1.28hse.com/2026/07/20260710215410442315_thumb.jpg,https://www.28hse.com/buy/apartment/property-3927217,2026-08-06T17:33:59.496264+00:00
3923729,業主移民 單位開揚 還價即成,佐敦,聯德大廈,3950000,390,2,1,中興地產有限公司,https://i1.28hse.com/2026/07/20260708172218722731_thumb.jpg,https://www.28hse.com/buy/apartment/property-3923729,2026-08-06T17:33:59.496264+00:00
3920286,極筍 極筍 極筍 還是極筍 萬勿錯過,佐敦,儉德大廈,3180000,611,3,1,中興地產有限公司,https://i1.28hse.com/2026/07/202607061359181399037_thumb.jpg,https://www.28hse.com/buy/apartment/property-3920286,2026-08-06T17:33:59.496264+00:00
3920213,典雅溫馨 休閑寫意 極大平台 品味生活 地鐵站口,佐敦,金寶樓,5780000,350,2,,中興地產有限公司,https://i1.28hse.com/2026/07/202607061315084984669_thumb.jpg,https://www.28hse.com/buy/apartment/property-3920213,2026-08-06T17:33:59.496264+00:00
3919817,極筍推介 投資收租 等待收購 回報不言而喻,佐敦,文英樓,4680000,665,3,2,景鴻地產,https://i1.28hse.com/2026/07/202607052237561609988_thumb.jpg,https://www.28hse.com/buy/apartment/property-3919817,2026-08-06T17:33:59.496264+00:00
3814522,雅緻裝修即買即住 近西鐵高鐵3房 收祖自住等收購,佐敦,文苑樓,4990000,565,3,1,金國置業,https://i1.28hse.com/2026/07/202607091146525691187_thumb.jpg,https://www.28hse.com/buy/apartment/property-3814522,2026-08-06T17:33:59.496264+00:00
3917317,[金威廣場] 27年樓 三鐵滙聚 2房高層 靚積實用 歡迎約看,佐敦,金威廣場,6500000,477,2,1,順景置業(香港)有限公司,https://i1.28hse.com/2026/07/202607041247407393684_thumb.jpg,https://www.28hse.com/buy/apartment/property-3917317,2026-08-06T17:33:59.496264+00:00
3917010,近西鐵高鐵3房 收祖自住等收購 還價即成!,佐敦,文苑樓,5500000,565,3,1,金國置業,https://i1.28hse.com/2026/07/202607041035387156750_thumb.jpg,https://www.28hse.com/buy/apartment/property-3917010,2026-08-06T17:33:59.496264+00:00
3916992,近西鐵高鐵3房連特色平台 收祖自住等收購,佐敦,文苑樓,7800000,850,3,1,金國置業,https://i1.28hse.com/2026/07/202607041019275114670_thumb.jpg,https://www.28hse.com/buy/apartment/property-3916992,2026-08-06T17:33:59.496264+00:00
3914703,精裝3房巨廳，間格寬敞，剛大維修,佐敦,文苑樓,7800000,850,3,1,金國置業,https://i1.28hse.com/2026/07/202607021825265497505_thumb.jpg,https://www.28hse.com/buy/apartment/property-3914703,2026-08-06T17:33:59.496264+00:00
3735627,（相熟業主) 2分鐘佐敦站 歡迎預約及查詢,佐敦,金威廣場,6680000,477,2,1,大三元地產,https://i1.28hse.com/2026/05/202605201116111157252_thumb.jpg,https://www.28hse.com/buy/apartment/property-3735627,2026-08-06T17:33:59.496264+00:00
3913774,把握機會!,佐敦,文英樓,4480000,565,3,,殷盛地產代理,https://i1.28hse.com/2026/07/202607021119037817899_thumb.jpg,https://www.28hse.com/buy/apartment/property-3913774,2026-08-06T17:33:59.496264+00:00
3913244,*佐敦地鐵上蓋 房大廳大 實用靚裝 多窗開揚 歡迎約睇*,佐敦,金百龍大廈,4180000,477,2,1,廣信地產顧問有限公司,https://i1.28hse.com/2026/07/202607011814327985900_thumb.jpg,https://www.28hse.com/buy/apartment/property-3913244,2026-08-06T17:33:59.496264+00:00
3912288,開揚公園靚景 花園秀閣處處春 投資自住萬勿錯過 有匙睇樓,佐敦,文蔚樓,5600000,620,3,,景鴻地產,https://i1.28hse.com/2026/07/202607010817065485832_thumb.jpg,https://www.28hse.com/buy/apartment/property-3912288,2026-08-06T17:33:59.496264+00:00
3910511,"唐樓價錢,洋樓享受,鄰近佐敦站,收租,自選之選",佐敦,儉德大廈,3200000,611,2,1,金國置業,https://i1.28hse.com/2026/06/202606291728567443904_thumb.jpg,https://www.28hse.com/buy/apartment/property-3910511,2026-08-06T17:33:59.496264+00:00
3910136,佐敦地鐵3分鐘四正實用2房雅致平地電梯,佐敦,大觀樓,3880000,460,2,1,金海物業公司,https://i1.28hse.com/2026/07/202607011055404416843_thumb.jpg,https://www.28hse.com/buy/apartment/property-3910136,2026-08-06T17:33:59.496264+00:00
3907649,特平賣盤,佐敦,文苑樓,6080000,850,1,1,置富物業,https://i1.28hse.com/2026/06/202606271208112122983_thumb.jpg,https://www.28hse.com/buy/apartment/property-3907649,2026-08-06T17:33:59.496264+00:00
3907268,千億基建 黃金地段 新淨裝修 大廈已維修 高息回報 投資收選,佐敦,單幢樓房,2980000,442,3,2,廣信地產顧問有限公司,https://i1.28hse.com/2026/06/202606262018375721016_thumb.jpg,https://www.28hse.com/buy/apartment/property-3907268,2026-08-06T17:33:59.496264+00:00
3903585,精裝2房2廁，間格寬敞，已大維修,佐敦,文華樓,6200000,665,2,2,金國置業,https://i1.28hse.com/2026/07/20260719150941194944_thumb.jpg,https://www.28hse.com/buy/apartment/property-3903585,2026-08-06T17:33:59.496264+00:00
3903558,優質樓盤 自住投資 萬勿錯過,佐敦,文輝樓,5180000,665,3,2,景鴻地產,https://i1.28hse.com/2026/06/202606240813253439334_thumb.jpg,https://www.28hse.com/buy/apartment/property-3903558,2026-08-06T17:33:59.496264+00:00
3903112,【 高層靚裝 】 1房有裝修 即買即住 柯士甸站上蓋,佐敦,偉安大廈,3980000,374,1,1,三月地產,https://i1.28hse.com/2026/06/202606231740176178621_thumb.jpg,https://www.28hse.com/buy/apartment/property-3903112,2026-08-06T17:33:59.496264+00:00
3902949,城市中心 家電齊全 帶包入住 2房可租4人學生,佐敦,金百龍大廈,4180000,477,2,1,金國置業,https://i1.28hse.com/2026/06/202606231634375474120_thumb.jpg,https://www.28hse.com/buy/apartment/property-3902949,2026-08-06T17:33:59.496264+00:00
3902882,[文苑樓] 3房實用 收租/自用皆宜 還價即成,佐敦,文苑樓,4800000,565,3,1,順景置業(香港)有限公司,https://i1.28hse.com/2026/06/202606231618434408768_thumb.jpg,https://www.28hse.com/buy/apartment/property-3902882,2026-08-06T17:33:59.496264+00:00
3902802,佐敦核心 $100厘印 收租首選,佐敦,唐樓,3880000,577,3,1,金國置業,https://i1.28hse.com/2026/07/202607041134322975423_thumb.jpg,https://www.28hse.com/buy/apartment/property-3902802,2026-08-06T17:33:59.496264+00:00
3901779,低成本入市投資! $100厘印罕有2房連平台,佐敦,唐樓,3380000,428,2,1,金國置業,https://i1.28hse.com/2026/06/202606221721025538809_thumb.jpg,https://www.28hse.com/buy/apartment/property-3901779,2026-08-06T17:33:59.496264+00:00
3164834,全新豪裝盤~『63年1房374呎』【偉安大廈】要岀電梯行一層樓梯,佐敦,偉安大廈,3980000,374,1,1,駿輝地產專業有限公司,https://i1.28hse.com/2026/03/202603121748584284876_thumb.jpg,https://www.28hse.com/buy/apartment/property-3164834,2026-08-06T17:33:59.496264+00:00
3901454,指定代理。。單位企理。。簡潔裝修。。歡迎參觀,佐敦,文苑樓,4600000,565,2,1,中聯集團,https://i1.28hse.com/2026/06/202606221546106505662_thumb.jpg,https://www.28hse.com/buy/apartment/property-3901454,2026-08-06T17:33:59.496264+00:00
3802994,指定代理 佐敦港铁 2分钟直達 旺中帶靜 两房价钱買3房單位 筍,佐敦,德威大廈,5600000,455,3,1,中聯集團,https://i1.28hse.com/2026/07/202607091241101758864_thumb.jpg,https://www.28hse.com/buy/apartment/property-3802994,2026-08-06T17:33:59.496264+00:00
3898190,佐敦千億高鐵項目 投資價值高 靚裝唐樓 即買即住 歡迎約睇,佐敦,單幢樓房,3100000,501,2,1,廣信地產顧問有限公司,https://i1.28hse.com/2026/06/202606192042562556537_thumb.jpg,https://www.28hse.com/buy/apartment/property-3898190,2026-08-06T17:33:59.496264+00:00
3897128,连大平台1200尺，近地铁，2房,佐敦,永發大廈,5990000,379,2,1,中聯集團,https://i1.28hse.com/2026/06/202606191015274978409_thumb.jpg,https://www.28hse.com/buy/apartment/property-3897128,2026-08-06T17:33:59.496264+00:00
3896930,*位於港景峰對面 高層靚裝 亁濕廁 三鐵匯聚 人見人愛 歡迎約睇*,佐敦,偉安大廈,3980000,374,1,1,廣信地產顧問有限公司,https://i1.28hse.com/2026/06/202606181951083253912_thumb.jpg,https://www.28hse.com/buy/apartment/property-3896930,2026-08-06T17:33:59.496264+00:00
3896878,指定代理。實用2房。鄰近女拔萃。。佐敦地鐵站,佐敦,德威大廈,5590000,455,2,1,中聯集團,https://i1.28hse.com/2026/07/202607021145505294767_thumb.jpg,https://www.28hse.com/buy/apartment/property-3896878,2026-08-06T17:33:59.496264+00:00
3896863,指定代理。。罕有 1200呎 大平台。。市場唯一放售。。相逢時刻。。把握緣份,佐敦,永發大廈,5990000,379,2,1,中聯集團,https://i1.28hse.com/2026/06/202606181922302314610_thumb.jpg,https://www.28hse.com/buy/apartment/property-3896863,2026-08-06T17:33:59.496264+00:00
3896786,超高回報 投資首選,佐敦,永發大廈,5200000,404,2,1,領高地產代理有限公司,https://i1.28hse.com/2026/06/202606181826487130313_thumb.jpg,https://www.28hse.com/buy/apartment/property-3896786,2026-08-06T17:33:59.496264+00:00
3810886,獨家代理 地點優越 收購在即 5厘回報,佐敦,,3280000,428,2,1,領高地產代理有限公司,https://i1.28hse.com/2026/04/202604151525222565672_thumb.jpg,https://www.28hse.com/buy/apartment/property-3810886,2026-08-06T17:33:59.496264+00:00
3895177,指定代理。實用837呎。單邊。240度景觀。剛剛完成大維修。,佐敦,文苑樓,7800000,837,3,1,中聯集團,https://i1.28hse.com/2026/06/202606171626137703429_thumb.jpg,https://www.28hse.com/buy/apartment/property-3895177,2026-08-06T17:33:59.496264+00:00
3894410,【再唔買佢隔籬老黃就要出手啦】零距離佐敦地鐵站，豪華裝修兩房一廳單位,佐敦,德威大廈,5950000,455,2,1,駿輝地產世一有限公司,https://i1.28hse.com/2026/06/202606162358595006763_thumb.jpg,https://www.28hse.com/buy/apartment/property-3894410,2026-08-06T17:33:59.496264+00:00
3894210,佐敦文輝樓罕有荀盤放售,佐敦,文輝樓,4450000,600,3,2,景鴻地產,https://i1.28hse.com/2026/06/202606161933095627498_thumb.jpg,https://www.28hse.com/buy/apartment/property-3894210,2026-08-06T17:33:59.496264+00:00
3894163,*可間3房【德威大廈 ~ 近拔萃】**相熟業主**極罕有放盤,佐敦,德威大廈,5880000,455,2,1,駿輝地產建榮有限公司,https://i1.28hse.com/2026/06/202606161859151294365_thumb.jpg,https://www.28hse.com/buy/apartment/property-3894163,2026-08-06T17:33:59.496264+00:00
3894106,【德威大廈】**相熟業主**極罕有放盤!2房!見票即賣!,佐敦,德威大廈,5950000,455,3,1,駿輝地產置業有限公司,https://i1.28hse.com/2026/06/202606202006021813504_thumb.jpg,https://www.28hse.com/buy/apartment/property-3894106,2026-08-06T17:33:59.496264+00:00
3892303,【德威大廈】2房+1儲物房！靚裝 455尺！近地鐵 拔萃旁,佐敦,德威大廈,5950000,455,2,1,駿輝地產發展有限公司,https://i1.28hse.com/2026/06/202606151804416450040_thumb.jpg,https://www.28hse.com/buy/apartment/property-3892303,2026-08-06T17:33:59.496264+00:00
3892010,指定代理。3房。典雅装修。環境清幽。即買即住。,佐敦,文苑樓,5480000,565,3,1,中聯集團,https://i1.28hse.com/2026/06/202606151301584060215_thumb.jpg,https://www.28hse.com/buy/apartment/property-3892010,2026-08-06T17:33:59.496264+00:00
3891272,"高質地段,旺中帶靜,交通方便",佐敦,好安樓,8000000,602,2,1,金國置業,https://i1.28hse.com/2026/06/202606141727455953575_thumb.jpg,https://www.28hse.com/buy/apartment/property-3891272,2026-08-06T17:33:59.496264+00:00
3890351,臨近多個地鐵，大型商場,佐敦,文景樓,5050000,565,3,3,世紀21卓建物業,https://i1.28hse.com/2026/06/202606221343426284518_thumb.jpg,https://www.28hse.com/buy/apartment/property-3890351,2026-08-06T17:33:59.496264+00:00
3889861,三房全新裝修 近地鉄,佐敦,嘉和大廈,5280000,473,3,1,尖沙咀分行,https://i1.28hse.com/2026/06/202606131702103029125_thumb.jpg,https://www.28hse.com/buy/apartment/property-3889861,2026-08-06T17:33:59.496264+00:00
3889721,指定代理。3房有裝。。市場熱賣,佐敦,文苑樓,5480000,565,3,1,中聯集團,https://i1.28hse.com/2026/06/202606162002253836032_thumb.jpg,https://www.28hse.com/buy/apartment/property-3889721,2026-08-06T17:33:59.496264+00:00
3475046,即買即住 鄰近港鐵 把握機會 投資精選,佐敦,偉安大廈,4050000,374,2,1,金國置業,https://i1.28hse.com/2025/06/202506170610028077298_thumb.jpg,https://www.28hse.com/buy/apartment/property-3475046,2026-08-06T17:33:59.496264+00:00
3889043,{有匙} 優質地段 近九龍站/高鐵站 高層有海 多窗觀景開揚,佐敦,煒亨大廈,5680000,455,2,1,中興地產有限公司,https://i1.28hse.com/2026/07/202607281411388927832_thumb.jpg,https://www.28hse.com/buy/apartment/property-3889043,2026-08-06T17:33:59.496264+00:00
3889002,**筍盤推介** 中層2房 靚地段/近九龍站 投資自住一流 一瞬即逝,佐敦,偉安大廈,4060000,376,2,1,中興地產有限公司,https://i1.28hse.com/2026/06/202606131008326576989_thumb.jpg,https://www.28hse.com/buy/apartment/property-3889002,2026-08-06T17:33:59.496264+00:00
3888609,"位置優越,罕有放盤",佐敦,根德大廈,5800000,575,2,2,金國置業,https://i1.28hse.com/2026/06/202606121927273866944_thumb.jpg,https://www.28hse.com/buy/apartment/property-3888609,2026-08-06T17:33:59.496264+00:00
3887581,筍價入市!! 實用2房 景觀開揚,佐敦,金勳大廈,4300000,509,2,1,金國置業,https://i1.28hse.com/2026/06/202606121352582948771_thumb.jpg,https://www.28hse.com/buy/apartment/property-3887581,2026-08-06T17:33:59.496264+00:00
3614585,[根德大廈] 2房 雅裝實用 3鐵交匯,佐敦,根德大廈,5880000,575,2,1,順景置業(香港)有限公司,https://i1.28hse.com/2026/02/20260203163051714118_thumb.jpg,https://www.28hse.com/buy/apartment/property-3614585,2026-08-06T17:33:59.496264+00:00
3885876,**筍盤推介** 中層2房 靚地段/近九龍站 投資自住一流 一瞬即逝,佐敦,偉安大廈,4060000,376,2,1,中興地產有限公司,https://i1.28hse.com/2026/06/20260611123345706054_thumb.jpg,https://www.28hse.com/buy/apartment/property-3885876,2026-08-06T17:33:59.496264+00:00
3850009,$100蚊印花，高鐵站旁全新裝修，大廈維修中,佐敦,偉安大廈,3980000,374,1,1,富榮地產代理,https://i1.28hse.com/2026/05/202605151828543269386_thumb.jpg,https://www.28hse.com/buy/apartment/property-3850009,2026-08-06T17:33:59.496264+00:00
3440856,高層開揚實用3房 間隔四正 2分鐘到港鐵站 配套齊全,佐敦,康源閣,7990000,577,3,1,金國置業,https://i1.28hse.com/2025/05/202505190716062873843_thumb.jpg,https://www.28hse.com/buy/apartment/property-3440856,2026-08-06T17:33:59.496264+00:00
3883608,業主重新裝修三房近地鐵站,佐敦,嘉和大廈,5300000,473,3,1,中興地產有限公司,https://i1.28hse.com/2026/06/202606091618012461081_thumb.jpg,https://www.28hse.com/buy/apartment/property-3883608,2026-08-06T17:33:59.496264+00:00
3883197,"唐1/F,近港鐵線，屯馬線，高鐵",佐敦,,2480000,480,3,3,龍鳳地產公司,https://i1.28hse.com/2026/06/202606221008237490619_thumb.jpg,https://www.28hse.com/buy/apartment/property-3883197,2026-08-06T17:33:59.496264+00:00
3963120,《有片》 油麻地 地鐵站旁 翻新裝修 2房1廳+儲物室,油麻地,得如樓大廈,3480000,361,2,1,駿輝地產建榮有限公司,https://i1.28hse.com/2026/08/202608062315586559118_thumb.jpg,https://www.28hse.com/buy/apartment/property-3963120,2026-08-06T17:33:59.496264+00:00
3963023,*平呎價洋樓 開揚多窗*實用三房 鄰近地鐵 投資自住皆宜 歡迎約睇*,油麻地,麗都樓,2620000,442,3,1,廣信地產顧問有限公司,https://i1.28hse.com/2026/08/202608062056094051345_thumb.jpg,https://www.28hse.com/buy/apartment/property-3963023,2026-08-06T17:33:59.496264+00:00
3962580,佐敦地段近地鐵 三房方正,油麻地,寶翠大樓,7600000,801,3,2,天域地產代理有限公司,https://i1.28hse.com/2026/08/202608061920405753060_thumb.jpg,https://www.28hse.com/buy/apartment/property-3962580,2026-08-06T17:33:59.496264+00:00
3962465,兩分鐘地鐵［得如樓大廈］光猛開揚 回收價值極高 投資自用首選,油麻地,得如樓大廈,3480000,361,2,1,駿輝地產國際有限公司,https://i1.28hse.com/2026/08/20260806162509825270_thumb.jpg,https://www.28hse.com/buy/apartment/property-3962465,2026-08-06T17:33:59.496264+00:00
3962045,精選$100稅【富昌大廈】多窗開揚．平地電梯．臨近地鐵,油麻地,富昌大廈,4000000,360,2,1,駿輝地產發展有限公司,https://i1.28hse.com/2026/08/202608061242074814787_thumb.jpg,https://www.28hse.com/buy/apartment/property-3962045,2026-08-06T17:33:59.496264+00:00
3866121,*獨家投資盤 業主退休平賣 收租回報高*,油麻地,立德大樓,3380000,439,2,1,金業地產有限公司,https://i1.28hse.com/2026/05/2026052816101369214_thumb.jpg,https://www.28hse.com/buy/apartment/property-3866121,2026-08-06T17:33:59.496264+00:00
3961676,筍盤 有匙！還價必成 近地鐵站 一梯一伙 唐4/F 大單邊,油麻地,唐樓,3000000,666,3,2,世紀21廣發,https://i1.28hse.com/2026/08/202608052319336354533_thumb.jpg,https://www.28hse.com/buy/apartment/property-3961676,2026-08-06T17:33:59.496264+00:00
3961561,*低總價 地鐵上蓋物業 商住兩用 平地電梯 24小時保安 有匙即睇*,油麻地,寶寧大廈,3500000,388,2,1,廣信地產顧問有限公司,https://i1.28hse.com/2026/08/202608052056084101459_thumb.jpg,https://www.28hse.com/buy/apartment/property-3961561,2026-08-06T17:33:59.496264+00:00
3961523,油麻地地鐵站上蓋！平呎價! 商住兩用 3房2廁巨廳 平地電梯 24小時保安,油麻地,寶寧大廈,6000000,760,3,2,廣信地產顧問有限公司,https://i1.28hse.com/2026/08/202608052023312031178_thumb.jpg,https://www.28hse.com/buy/apartment/property-3961523,2026-08-06T17:33:59.496264+00:00
3961460,*39年樓 中層光猛多窗 雅裝實用兩房 近地鐵 歡迎約睇!!,油麻地,富昌大廈,3980000,360,2,1,廣信地產顧問有限公司,https://i1.28hse.com/2026/08/202608051929253962229_thumb.jpg,https://www.28hse.com/buy/apartment/property-3961460,2026-08-06T17:33:59.496264+00:00
3716371,查詢有影片油麻地31年樓平地電梯1俤兩伙靚仔有裝修兩房快走筍賣,油麻地,德昌閣,4380000,354,2,1,駿輝地產有限公司,https://i1.28hse.com/2026/01/202601211340548081047_thumb.jpg,https://www.28hse.com/buy/apartment/property-3716371,2026-08-06T17:33:59.496264+00:00
3338613,罕有大則放盤 優質管理 平地電梯,油麻地,金華大廈,3780000,414,3,1,世紀21廣發,https://i1.28hse.com/2025/03/202503091701068930504_thumb.jpg,https://www.28hse.com/buy/apartment/property-3338613,2026-08-06T17:33:59.496264+00:00
3083518,獨家高層兩房【富昌大廈】裝修新淨．高層多窗開揚．平地電梯．臨近地鐵,油麻地,富昌大廈,4280000,360,2,1,駿輝地產發展有限公司,https://i1.28hse.com/2024/06/202406211518213272361_thumb.jpg,https://www.28hse.com/buy/apartment/property-3083518,2026-08-06T17:33:59.496264+00:00
3961004,超靚海景一房，房大廳大,油麻地,御金國峯,6980000,400,1,1,世紀21卓建物業,https://i1.28hse.com/2026/08/20260805162723990996_thumb.jpg,https://www.28hse.com/buy/apartment/property-3961004,2026-08-06T17:33:59.496264+00:00
3595082,31年樓齡 平地電梯2房 投資自住皆宜,油麻地,德昌閣,4380000,354,2,1,世紀21廣發,https://i1.28hse.com/2026/03/20260323203216514233_thumb.jpg,https://www.28hse.com/buy/apartment/property-3595082,2026-08-06T17:33:59.496264+00:00
1861712,市區唐樓，投資首選 新裝連天台,油麻地,唐樓,4500000,517,3,3,柏聯物業,https://i1.28hse.com/2021/08/202108201258207842638_thumb.jpg,https://www.28hse.com/buy/apartment/property-1861712,2026-08-06T17:33:59.496264+00:00
3959499,筍售【富昌大廈】多窗開揚2房 還價即成,油麻地,富昌大廈,3980000,360,2,1,駿輝地產建榮有限公司,https://i1.28hse.com/2026/08/202608041537007336005_thumb.jpg,https://www.28hse.com/buy/apartment/property-3959499,2026-08-06T17:33:59.496264+00:00
3959340,【得如樓大廈】罕有細碼投資筍盤 全新裝修 即買即收租 有電梯 有匙引看,油麻地,得如樓大廈,3480000,361,2,2,駿輝地產發展有限公司,https://i1.28hse.com/2026/08/202608041422065850316_thumb.jpg,https://www.28hse.com/buy/apartment/property-3959340,2026-08-06T17:33:59.496264+00:00
3959057,指定代理。還價即成。開陽遠景。。鄰近 中、小學名校。交通方便,油麻地,駿發花園,7680000,606,3,2,中聯集團,https://i1.28hse.com/2026/08/202608041146583425950_thumb.jpg,https://www.28hse.com/buy/apartment/property-3959057,2026-08-06T17:33:59.496264+00:00
3958233,價錢實惠,油麻地,康樂大廈,3200000,372,2,1,家田物業代理公司,https://i1.28hse.com/2026/08/202608031700394003831_thumb.jpg,https://www.28hse.com/buy/apartment/property-3958233,2026-08-06T17:33:59.496264+00:00
3870922,有匙即睇平地電梯大房大廳,油麻地,寶亨大廈,4630000,367,2,1,大興地產代理有限公司,https://i1.28hse.com/2026/07/202607251725143169262_thumb.jpg,https://www.28hse.com/buy/apartment/property-3870922,2026-08-06T17:33:59.496264+00:00
3957015,油麻地激>筍盤!!!業主急售 大兩房一廳 平地電梯 有裝修 開陽光猛 有票即收,油麻地,德昌閣,4380000,354,2,1,廣信地產顧問有限公司,https://i1.28hse.com/2026/08/202608021812004206209_thumb.jpg,https://www.28hse.com/buy/apartment/property-3957015,2026-08-06T17:33:59.496264+00:00
3956839,****業主世界盃輸大左~上車精選兩房~31年市區樓~,油麻地,德昌閣,4380000,354,2,1,駿輝地產投資有限公司,https://i1.28hse.com/2026/08/202608021702054142293_thumb.jpg,https://www.28hse.com/buy/apartment/property-3956839,2026-08-06T17:33:59.496264+00:00
3956075,"交通方便,1分到油麻地站,間隔肆正",油麻地,麗都樓,2620000,442,3,1,金國置業,https://i1.28hse.com/2026/08/202608021136358915450_thumb.jpg,https://www.28hse.com/buy/apartment/property-3956075,2026-08-06T17:33:59.496264+00:00
3955864,三房一廳，近地鐵，地點好，大同推介,油麻地,麗都樓,2620000,442,3,1,大同地產,https://i1.28hse.com/2026/08/202608012319196504025_thumb.jpg,https://www.28hse.com/buy/apartment/property-3955864,2026-08-06T17:33:59.496264+00:00
3863256,吉售上車精選開揚有裝3房洋樓近地鐵,油麻地,麗都樓,2620000,442,3,1,金海物業公司,https://i1.28hse.com/2026/08/202608042236423837426_thumb.jpg,https://www.28hse.com/buy/apartment/property-3863256,2026-08-06T17:33:59.496264+00:00
3955387,*高層開揚 投資自住皆宜 已做大維修換新𨋢 即約即睇*,油麻地,寶亨大廈,4650000,367,2,1,廣信地產顧問有限公司,https://i1.28hse.com/2026/08/20260801174449531292_thumb.jpg,https://www.28hse.com/buy/apartment/property-3955387,2026-08-06T17:33:59.496264+00:00
3747527,區內年三十樓齡罕有［德昌閣］極罕有兩梯兩伙 平地電梯 快約睇,油麻地,德昌閣,4380000,354,2,1,駿輝地產國際有限公司,https://i1.28hse.com/2026/02/202602231652196226889_thumb.jpg,https://www.28hse.com/buy/apartment/property-3747527,2026-08-06T17:33:59.496264+00:00
3953489,"*罕有大宅*港鐵上蓋*高層三房兩廁連露台*梗廚,主人套房,三邊多窗,地面電梯",油麻地,寶翠大樓,7500000,801,3,2,晉聯地產(太子),https://i1.28hse.com/2026/07/202607311501068271817_thumb.jpg,https://www.28hse.com/buy/apartment/property-3953489,2026-08-06T17:33:59.496264+00:00
3953239,【3房實景VR】【可試758萬劈價急賣有票儘傾】【即買即收租】【來電儘傾】,油麻地,逸安閣,7880000,520,3,,中原地產-長沙灣映築分行,https://i1.28hse.com/2026/07/202607311241132033719_thumb.jpg,https://www.28hse.com/buy/apartment/property-3953239,2026-08-06T17:33:59.496264+00:00
3871946,***筍推荐［富昌大廈］ 可做9按 供足30年 地鐵半分鐘 **相熟業主見票收,油麻地,富昌大廈,4280000,360,2,1,駿輝地產置業有限公司,https://i1.28hse.com/2026/06/202606020130158395088_thumb.jpg,https://www.28hse.com/buy/apartment/property-3871946,2026-08-06T17:33:59.496264+00:00
3952717,"油麻地地鐵站上蓋住宅物業,罕有放盤",油麻地,寶翠大樓,7500000,801,3,2,晉聯地產(太子),https://i1.28hse.com/2026/07/202607301837322254530_thumb.jpg,https://www.28hse.com/buy/apartment/property-3952717,2026-08-06T17:33:59.496264+00:00
3952501,:::::$100稅 平地電梯 有裝即住 連租約售::::::,油麻地,寶亨大廈,3990000,358,2,1,廣信地產顧問有限公司,https://i1.28hse.com/2026/07/202607301654378498367_thumb.jpg,https://www.28hse.com/buy/apartment/property-3952501,2026-08-06T17:33:59.496264+00:00
3952288,精選31年樓【德昌閣】裝修新淨．多窗開揚．平地電梯,油麻地,德昌閣,4380000,354,2,1,駿輝地產發展有限公司,https://i1.28hse.com/2026/08/202608061234202632314_thumb.jpg,https://www.28hse.com/buy/apartment/property-3952288,2026-08-06T17:33:59.496264+00:00
3790083,31年樓 開楊大窗 兩房一廳 兩部平地電梯近油麻地及富榮花園,油麻地,德昌閣,4380000,354,2,1,大興地產代理有限公司,https://i1.28hse.com/2026/05/202605011625047047011_thumb.jpg,https://www.28hse.com/buy/apartment/property-3790083,2026-08-06T17:33:59.496264+00:00
3788975,唐樓，唔使1分鐘到，收租自用一流，多窗開揚,油麻地,永華大廈,2180000,376,2,1,大同地產,https://i1.28hse.com/2026/04/202604021159422934436_thumb.jpg,https://www.28hse.com/buy/apartment/property-3788975,2026-08-06T17:33:59.496264+00:00
3878194,31年樓！梗廚明廁 【德昌閣】靚裝兩房354呎！平地電梯！歡迎合作！,油麻地,德昌閣,4380000,354,2,1,駿輝地產旺角有限公司,https://i1.28hse.com/2026/06/202606052000336974563_thumb.jpg,https://www.28hse.com/buy/apartment/property-3878194,2026-08-06T17:33:59.496264+00:00
3597500,地鐵上蓋物業 合投資收租 急售 可大膽還價,油麻地,展望大廈,7600000,829,3,1,八達地產代理有限公司,https://i1.28hse.com/2026/08/20260805194707479986_thumb.jpg,https://www.28hse.com/buy/apartment/property-3597500,2026-08-06T17:33:59.496264+00:00
3698467,小陽春 缺盤潮 47年 獨家有匙！見票即收極級筍盤 指定代理 2部平地電梯,油麻地,順利大廈,3980000,382,2,1,世紀21廣發,https://i1.28hse.com/2026/02/202602021107462026284_thumb.jpg,https://www.28hse.com/buy/apartment/property-3698467,2026-08-06T17:33:59.496264+00:00
3950470,尊貴時尚 歐陸風情 迷你小鎮 極豪會所 盡顯高貴休閑生活,油麻地,御金國峯,7500000,400,1,1,景鴻地產,https://i1.28hse.com/2026/07/202607290816095671467_thumb.jpg,https://www.28hse.com/buy/apartment/property-3950470,2026-08-06T17:33:59.496264+00:00
3788709,地铁口，大3房,油麻地,駿發花園,7680000,606,3,2,中聯集團,https://i1.28hse.com/2026/07/202607201134045937845_thumb.jpg,https://www.28hse.com/buy/apartment/property-3788709,2026-08-06T17:33:59.496264+00:00
3950108,精選【駿發花園】裝修新淨．多窗開揚．平地電梯．臨近地鐵,油麻地,駿發花園,7650000,606,3,1,駿輝地產發展有限公司,https://i1.28hse.com/2026/07/202607281843061440368_thumb.jpg,https://www.28hse.com/buy/apartment/property-3950108,2026-08-06T17:33:59.496264+00:00
3895641,**名牌屋苑35年［超筍銀行估凸價］實用606 靚裝免執 即約即到**相熟業主,油麻地,駿發花園,7650000,606,3,1,駿輝地產置業有限公司,https://i1.28hse.com/2026/06/202606171950531544926_thumb.jpg,https://www.28hse.com/buy/apartment/property-3895641,2026-08-06T17:33:59.496264+00:00
3949516,【獨家有匙】平地新電梯 靚大堂 單位實用 三面單邊 東南座向 投資自住都適合！荀,油麻地,寶亨大廈,4630000,367,2,1,世紀21廣發,https://i1.28hse.com/2026/07/2026072814375526066_thumb.jpg,https://www.28hse.com/buy/apartment/property-3949516,2026-08-06T17:33:59.496264+00:00
3949162,开扬向南1房，上車首選，豪华会所(可試690),油麻地,御金國峯,7020000,400,1,1,世紀21卓建物業,https://i1.28hse.com/2026/07/202607281019491881377_thumb.jpg,https://www.28hse.com/buy/apartment/property-3949162,2026-08-06T17:33:59.496264+00:00
3948627,"近油麻地站,內櫳可塑性高,有匙引看",油麻地,麗星大廈,4250000,534,2,1,金國置業,https://i1.28hse.com/2026/07/202607271714315785149_thumb.jpg,https://www.28hse.com/buy/apartment/property-3948627,2026-08-06T17:33:59.496264+00:00
3948524,筍賣【德昌閣】業主急走兩房 有票盡傾,油麻地,德昌閣,4380000,354,2,1,駿輝地產建榮有限公司,https://i1.28hse.com/2026/07/202607271635221334737_thumb.jpg,https://www.28hse.com/buy/apartment/property-3948524,2026-08-06T17:33:59.496264+00:00
3948514,大三房盤~油麻地~【 31年3房606呎】【駿發花園】還價即成,油麻地,駿發花園,7650000,606,3,2,駿輝地產專業有限公司,https://i1.28hse.com/2026/07/202607271629517776468_thumb.jpg,https://www.28hse.com/buy/apartment/property-3948514,2026-08-06T17:33:59.496264+00:00
3948384,一房一厅，有会所＇可养宠物，低价出售，有匙可睇,油麻地,御金國峯,7500000,400,1,,美聯物業代理有限公司,https://i1.28hse.com/2026/07/202607271536046285732_thumb.jpg,https://www.28hse.com/buy/apartment/property-3948384,2026-08-06T17:33:59.496264+00:00
3859527,*** 有匙即睇！ 靚則王！極開陽，平地電梯***,油麻地,寶亨大廈,4650000,367,2,1,世紀21廣發,https://i1.28hse.com/2026/05/202605222139557800147_thumb.jpg,https://www.28hse.com/buy/apartment/property-3859527,2026-08-06T17:33:59.496264+00:00
3861216,大房大廳唐樓低層 交通購物方便,油麻地,唐樓,2300000,363,2,1,大興地產代理有限公司,https://i1.28hse.com/2026/05/202605241354467052650_thumb.jpg,https://www.28hse.com/buy/apartment/property-3861216,2026-08-06T17:33:59.496264+00:00
3946374,"筍!唐樓,行5層樓梯,2房1廳,交吉賣,投資自用必選,還價即簽,快者得!",油麻地,位聯樓,2550000,437,2,1,富榮地產代理,https://i1.28hse.com/2026/07/202607251636545252689_thumb.jpg,https://www.28hse.com/buy/apartment/property-3946374,2026-08-06T17:33:59.496264+00:00
3946316,(獨家盤)有匙即睇. 高層多窗. 交通方便,油麻地,寶亨大廈,4530000,358,2,1,世紀21廣發,https://i1.28hse.com/2026/07/20260728110407960112_thumb.jpg,https://www.28hse.com/buy/apartment/property-3946316,2026-08-06T17:33:59.496264+00:00
3946196,【寶寧大廈 ~ 光猛多窗】1分鐘港鐵 +平地電梯 + 收租回報高,油麻地,寶寧大廈,4080000,459,1,1,駿輝地產建榮有限公司,https://i1.28hse.com/2026/07/202607251519166354954_thumb.jpg,https://www.28hse.com/buy/apartment/property-3946196,2026-08-06T17:33:59.496264+00:00
3946118,單邊多窗 實用三房 通爽光猛,油麻地,單幢樓房,5500000,543,3,1,世紀21廣發,https://i1.28hse.com/2026/07/20260725143554501161_thumb.jpg,https://www.28hse.com/buy/apartment/property-3946118,2026-08-06T17:33:59.496264+00:00
3429976,低層單邊開樣兩房一廳,油麻地,唐樓,2880000,450,2,1,美源物業,https://i1.28hse.com/2025/05/202505091544147864111_thumb.jpg,https://www.28hse.com/buy/apartment/property-3429976,2026-08-06T17:33:59.496264+00:00
3767875,三房一廳，罕見大積，企理裝修，平地電梯,油麻地,華德大廈,3800000,492,3,1,大同地產,https://i1.28hse.com/2026/03/20260311135424166699_thumb.jpg,https://www.28hse.com/buy/apartment/property-3767875,2026-08-06T17:33:59.496264+00:00
3327457,三房豪裝，二廁 平地電梯 性價比非常高,油麻地,金堂大廈,4300000,640,3,1,大同地產,https://i1.28hse.com/2026/06/202606141839001297465_thumb.jpg,https://www.28hse.com/buy/apartment/property-3327457,2026-08-06T17:33:59.496264+00:00
3945450,***還價即成~套現割愛~地鐵零距離~周邊配套齊~,油麻地,寶寧大廈,4080000,459,1,1,駿輝地產投資有限公司,https://i1.28hse.com/2026/07/20260724191753277301_thumb.jpg,https://www.28hse.com/buy/apartment/property-3945450,2026-08-06T17:33:59.496264+00:00
3813994,"油麻地地鐵站上蓋寶寧大廈,高層東南，開揚景觀，有匙即看",油麻地,寶寧大廈,4050000,398,2,1,家田物業代理公司,https://i1.28hse.com/2026/04/202604171858532988322_thumb.jpg,https://www.28hse.com/buy/apartment/property-3813994,2026-08-06T17:33:59.496264+00:00
3944172,2房全新裝+罕有大平台 共803呎(333+473呎) 平地電梯 2分鐘油麻地站,油麻地,美邦大廈,3600000,360,2,1,環亞物業拍賣有限公司,/assets/img/loadingphoto170_125.jpg,https://www.28hse.com/buy/apartment/property-3944172,2026-08-06T17:33:59.496264+00:00
3943517,精選【駿發花園】裝修新淨．多窗開揚．平地電梯．臨近地鐵,油麻地,駿發花園,7650000,606,3,1,駿輝地產發展有限公司,https://i1.28hse.com/2026/07/202607231626501488494_thumb.jpg,https://www.28hse.com/buy/apartment/property-3943517,2026-08-06T17:33:59.496264+00:00
3943407,*彌敦道樓 [地鐵口]~實用雅裝+已大維修及換𨋢+有匙即睇*,油麻地,嘉榮大廈,3780000,353,2,1,廣信地產顧問有限公司,https://i1.28hse.com/2026/07/202607231550331317398_thumb.jpg,https://www.28hse.com/buy/apartment/property-3943407,2026-08-06T17:33:59.496264+00:00
3731959,指定代理 東南向 港铁旁 旺中帶靜 兩面單边 价钱一減再減 睇啱再倾,油麻地,嘉榮大廈,3250000,353,2,1,中聯集團,https://i1.28hse.com/2026/05/202605281335504664239_thumb.jpg,https://www.28hse.com/buy/apartment/property-3731959,2026-08-06T17:33:59.496264+00:00
3942907,秒到油麻地站 罕有交吉單位 已換電梯,油麻地,祥興大廈,3180000,457,3,1,環亞物業拍賣有限公司,/assets/img/loadingphoto170_125.jpg,https://www.28hse.com/buy/apartment/property-3942907,2026-08-06T17:33:59.496264+00:00
3942248,!!油麻地地鐵上蓋!!【榮德大廈】罕有裝修 3房2廁,油麻地,榮德大廈,4780000,548,3,2,駿輝地產安業有限公司,https://i1.28hse.com/2026/07/202607221715248848991_thumb.jpg,https://www.28hse.com/buy/apartment/property-3942248,2026-08-06T17:33:59.496264+00:00
3942017,高層開揚 實用2房可改3房 2廁 有匙即睇快者得,油麻地,金海大廈,4680000,551,3,2,金國置業,https://i1.28hse.com/2026/07/20260722155807796246_thumb.jpg,https://www.28hse.com/buy/apartment/property-3942017,2026-08-06T17:33:59.496264+00:00
3941326,*唐5/F [$58xx/呎]~1分鐘到MTR+已大維修+有匙即睇*,油麻地,位聯樓,2560000,437,1,1,廣信地產顧問有限公司,https://i1.28hse.com/2026/07/202607212046057446660_thumb.jpg,https://www.28hse.com/buy/apartment/property-3941326,2026-08-06T17:33:59.496264+00:00
3940567,筍 新鴻基屋苑港鐵旁罕見靚裝2房2廳,油麻地,窩打老道8號,7800000,446,2,1,金國置業,https://i1.28hse.com/2026/07/202607211412422311611_thumb.jpg,https://www.28hse.com/buy/apartment/property-3940567,2026-08-06T17:33:59.496264+00:00
3940036,尊貴會所配套 一房盡享豪宅級待遇,油麻地,御金國峯,6900000,400,1,1,金國置業,https://i1.28hse.com/2026/07/202607202010088129005_thumb.jpg,https://www.28hse.com/buy/apartment/property-3940036,2026-08-06T17:33:59.496264+00:00
3938862,優質1房，投資收租精選,油麻地,御金國峯,6750000,400,1,1,世紀21卓建物業,https://i1.28hse.com/2026/07/202607191842566849191_thumb.jpg,https://www.28hse.com/buy/apartment/property-3938862,2026-08-06T17:33:59.496264+00:00
3723374,銀行估凸 高層向南 買少見少,油麻地,御金國峯,6880000,400,1,1,世紀21卓建物業,https://i1.28hse.com/2026/07/202607201550184201509_thumb.jpg,https://www.28hse.com/buy/apartment/property-3723374,2026-08-06T17:33:59.496264+00:00
3938753,🩵三月🩵油麻地站上蓋 ●出口零距離 大大件 商住兩用,油麻地,展望大廈,7600000,829,2,1,三月地產,https://i1.28hse.com/2026/07/202607191746515149814_thumb.jpg,https://www.28hse.com/buy/apartment/property-3938753,2026-08-06T17:33:59.496264+00:00
3705797,專營窩8 駿發地產 罕見露台 二人世界 WhatsApp 預約 即買即住,油麻地,窩打老道8號,8400000,464,1,1,駿發地產有限公司,https://i1.28hse.com/2026/06/20260614223646862353_thumb.jpg,https://www.28hse.com/buy/apartment/property-3705797,2026-08-06T17:33:59.496264+00:00
3937576,指定代理。還價即成。三房兩廁。典雅裝修。開陽景觀。,油麻地,駿發花園,7680000,606,3,2,中聯集團,https://i1.28hse.com/2026/07/202607181800282585906_thumb.jpg,https://www.28hse.com/buy/apartment/property-3937576,2026-08-06T17:33:59.496264+00:00
3937283,🩵三月🩵【2分鐘油麻地地鐵站A1出口 ● 3房 ● 匙盤】^^ 唐樓價錢買洋,油麻地,麗都樓,2620000,442,3,1,三月地產,https://i1.28hse.com/2026/07/20260718160603929915_thumb.jpg,https://www.28hse.com/buy/apartment/property-3937283,2026-08-06T17:33:59.496264+00:00
3936464,筍筍筍~~ 低層唐樓 近地鐵站 靚間格 即買即租,油麻地,單幢樓房,3380000,535,3,3,世紀21廣發,https://i1.28hse.com/2026/07/20260718145159906478_thumb.jpg,https://www.28hse.com/buy/apartment/property-3936464,2026-08-06T17:33:59.496264+00:00
3936401,✮業主大減價✮豪裝+傢私送買家! 地鐵站口! 已做大維修!,油麻地,祥興大廈,3900000,408,3,1,駿輝地產有限公司,https://i1.28hse.com/2026/07/20260717195830997791_thumb.jpg,https://www.28hse.com/buy/apartment/property-3936401,2026-08-06T17:33:59.496264+00:00
3850061,【獨家-相熟業主】連天台 特色單位，登打士街唐樓 有街閘有管理 乾淨 開陽光猛,油麻地,國強大廈,2500000,376,2,1,世紀21廣發,https://i1.28hse.com/2026/05/202605151849183099180_thumb.jpg,https://www.28hse.com/buy/apartment/property-3850061,2026-08-06T17:33:59.496264+00:00
3934898,*鄰近地鐵 開揚向南景觀 3房2廁靚裝即住 平地電梯 歡迎約睇*,油麻地,金堂大廈,4300000,640,3,2,廣信地產顧問有限公司,https://i1.28hse.com/2026/07/20260716204951833785_thumb.jpg,https://www.28hse.com/buy/apartment/property-3934898,2026-08-06T17:33:59.496264+00:00
3934838,單邊多窗 連天台 廳大房大 歡迎約睇,油麻地,同福樓,2750000,476,2,1,廣信地產顧問有限公司,https://i1.28hse.com/2026/07/202607171432548229110_thumb.jpg,https://www.28hse.com/buy/apartment/property-3934838,2026-08-06T17:33:59.496264+00:00
3934765,指定代理 前后花园 彌敦道大單边靚大厦特式户 連近千呎平台花园,油麻地,恩佳大廈,5500000,438,2,1,中聯集團,https://i1.28hse.com/2026/08/202608041718307907201_thumb.jpg,https://www.28hse.com/buy/apartment/property-3934765,2026-08-06T17:33:59.496264+00:00
3877587,實盤【寶亨大廈】多窗開揚．平地電梯．臨近地鐵,油麻地,寶亨大廈,4650000,367,2,1,駿輝地產發展有限公司,https://i1.28hse.com/2026/06/202606051621593090345_thumb.jpg,https://www.28hse.com/buy/apartment/property-3877587,2026-08-06T17:33:59.496264+00:00
3481033,實盤 金華大廈 實用三房一廳 開揚多窗 平地電梯 即買即住荀荀荀,油麻地,金華大廈,3780000,414,3,1,大興地產代理有限公司,https://i1.28hse.com/2026/05/202605301619045231669_thumb.jpg,https://www.28hse.com/buy/apartment/property-3481033,2026-08-06T17:33:59.496264+00:00
3818387,【家樂真筍盤】極罕放盤，交通便利1分鐘地鐵站 家樂地產,油麻地,嘉榮大廈,3400000,353,2,1,家樂地產有限公司,https://i1.28hse.com/2026/04/202604211701251626904_thumb.jpg,https://www.28hse.com/buy/apartment/property-3818387,2026-08-06T17:33:59.496264+00:00
3932771,3房- 靚裝修、開揚實用、交通方便。,油麻地,祥興大廈,3900000,408,3,1,大同地產發展有限公司,https://i1.28hse.com/2026/07/2026071513465683085_thumb.jpg,https://www.28hse.com/buy/apartment/property-3932771,2026-08-06T17:33:59.496264+00:00
3698021,向南高層最筍海景1房，上車優質首選，豪華會所,油麻地,御金國峯,7100000,400,1,1,世紀21卓建物業,https://i1.28hse.com/2026/02/202602011947144395486_thumb.jpg,https://www.28hse.com/buy/apartment/property-3698021,2026-08-06T17:33:59.496264+00:00
3932417,銀行估凸！最筍露台高層園景1房,油麻地,御金國峯,7200000,400,1,1,金國置業,https://i1.28hse.com/2026/07/202607142303576121701_thumb.jpg,https://www.28hse.com/buy/apartment/property-3932417,2026-08-06T17:33:59.496264+00:00
3932352,【 祥興大廈】 高層開陽 旺中帶靜 核心位置,油麻地,祥興大廈,3900000,388,2,1,駿輝地產置業有限公司,https://i1.28hse.com/2026/07/202607142121264144847_thumb.jpg,https://www.28hse.com/buy/apartment/property-3932352,2026-08-06T17:33:59.496264+00:00
3932102,[祥興大廈] 最平3房!!100厘印!!!豪華裝修 即買即住 搶手!,油麻地,祥興大廈,3900000,408,3,1,駿輝地產世一有限公司,https://i1.28hse.com/2026/07/202607141808243160090_thumb.jpg,https://www.28hse.com/buy/apartment/property-3932102,2026-08-06T17:33:59.496264+00:00
3931846,地鐵口*彌敦道洋樓*新裝3房即住*平地電梯*已大維修*歡迎約睇,油麻地,祥興大廈,3900000,408,3,1,廣信地產顧問有限公司,https://i1.28hse.com/2026/07/202607141631577752554_thumb.jpg,https://www.28hse.com/buy/apartment/property-3931846,2026-08-06T17:33:59.496264+00:00
3931534,3房1廳！408尺！靚裝修【祥興大廈】地鐵上蓋！黃金地段！容易租出！投資一流,油麻地,祥興大廈,3900000,408,3,1,駿輝地產發展有限公司,https://i1.28hse.com/2026/07/20260714142228107093_thumb.jpg,https://www.28hse.com/buy/apartment/property-3931534,2026-08-06T17:33:59.496264+00:00
3931370,"平賣,近港鐵站,中層單邊開揚,3房2廳,有電梯,歡迎來電約睇,還價即簽,快者得!",油麻地,麗都樓,2620000,442,3,,富榮地產代理,https://i1.28hse.com/2026/07/202607141258194995463_thumb.jpg,https://www.28hse.com/buy/apartment/property-3931370,2026-08-06T17:33:59.496264+00:00
3931333,3房2廁·開揚東南景·實用高·地點好,油麻地,駿發花園,7980000,606,3,,龍鳳地產代理公司,https://i1.28hse.com/2026/08/202608011753013481287_thumb.jpg,https://www.28hse.com/buy/apartment/property-3931333,2026-08-06T17:33:59.496264+00:00
3776526,油麻地地鐵上蓋，收租精選近理大尖沙咀，地理優越，交通便利，實用率高,油麻地,麗星大廈,4250000,534,2,1,家田物業代理公司,https://i1.28hse.com/2026/07/202607162115316386565_thumb.jpg,https://www.28hse.com/buy/apartment/property-3776526,2026-08-06T17:33:59.496264+00:00
3930948,指定代理。兩房單位。罕有放售。輕鬆投資自住。,油麻地,祥興大廈,3680000,408,2,1,中聯集團,https://i1.28hse.com/2026/07/202607151127333466593_thumb.jpg,https://www.28hse.com/buy/apartment/property-3930948,2026-08-06T17:33:59.496264+00:00
3930931,半百裝修益用家［祥興大廈］即買即用 投資自用首選 地鐵上蓋,油麻地,祥興大廈,3900000,408,3,1,駿輝地產國際有限公司,https://i1.28hse.com/2026/07/202607131945165045176_thumb.jpg,https://www.28hse.com/buy/apartment/property-3930931,2026-08-06T17:33:59.496264+00:00
3834565,低於銀行估价出售,油麻地,御金國峯,6800000,400,1,1,世紀21卓建物業,https://i1.28hse.com/2026/07/202607131717253060601_thumb.jpg,https://www.28hse.com/buy/apartment/property-3834565,2026-08-06T17:33:59.496264+00:00
3930435,【金堂大廈】豪華裝修 景觀開揚 即買即用 歡迎約睇,油麻地,金堂大廈,5980000,640,2,2,駿輝地產發展有限公司,https://i1.28hse.com/2026/07/202607131546428465897_thumb.jpg,https://www.28hse.com/buy/apartment/property-3930435,2026-08-06T17:33:59.496264+00:00
3772550,【得如樓】油麻地高層兩房！平呎價，多窗，有電梯！近地鐵，已維修！,油麻地,得如樓大廈,3680000,361,2,1,駿輝地產有限公司,https://i1.28hse.com/2026/03/202603141550057910378_thumb.jpg,https://www.28hse.com/buy/apartment/property-3772550,2026-08-06T17:33:59.496264+00:00
3930093,油麻地地鐵站上蓋， 位置優越，三面單邊，有裝修，罕有放盤,油麻地,寶翠大樓,7000000,801,3,,家田物業代理公司,https://i1.28hse.com/2026/07/202607131242598611434_thumb.jpg,https://www.28hse.com/buy/apartment/property-3930093,2026-08-06T17:33:59.496264+00:00
3928613,實用2房洋樓 1分鐘地鐵站 平地電梯,油麻地,嘉榮大廈,3600000,353,2,1,富榮地產代理,https://i1.28hse.com/2026/07/202607112013413386834_thumb.jpg,https://www.28hse.com/buy/apartment/property-3928613,2026-08-06T17:33:59.496264+00:00
3669665,筍盤向南1房，銀行估突，豪華會所,油麻地,御金國峯,6800000,400,1,1,世紀21卓建物業,https://i1.28hse.com/2026/07/202607102144162736322_thumb.jpg,https://www.28hse.com/buy/apartment/property-3669665,2026-08-06T17:33:59.496264+00:00
3926169,近彌敦道，地鐵，上車首選，光猛多窗，收租回報高，平地電梯,油麻地,寶寧大廈,4080000,455,2,1,油麻地物業有限公司,https://i1.28hse.com/2026/07/202607171540516572483_thumb.jpg,https://www.28hse.com/buy/apartment/property-3926169,2026-08-06T17:33:59.496264+00:00
3925259,指定代理。平地電梯。。直達。油麻地地鐵站。罕有放售。,油麻地,旺角大樓,3680000,468,2,1,中聯集團,https://i1.28hse.com/2026/07/20260709181949796780_thumb.jpg,https://www.28hse.com/buy/apartment/property-3925259,2026-08-06T17:33:59.496264+00:00
3923907,中低層唐樓【永冇遮擋公園景】油麻地C出口,油麻地,唐樓,2780000,450,2,1,三月地產,https://i1.28hse.com/2026/07/202607081823197296910_thumb.jpg,https://www.28hse.com/buy/apartment/property-3923907,2026-08-06T17:33:59.496264+00:00
3706203,▷油麻地大型屋苑 𝟯房𝟲𝟬𝟲呎◁ 【駿發花園】 企理大堂 保安嚴密,油麻地,駿發花園,7650000,606,2,1,駿輝地產專業有限公司,https://i1.28hse.com/2026/06/202606121442028897946_thumb.jpg,https://www.28hse.com/buy/apartment/property-3706203,2026-08-06T17:33:59.496264+00:00
3923609,**上海街35X號~ 低層唐樓** 可做三間套房每間$7500=8厘回報 **,油麻地,唐樓,3380000,474,2,1,駿輝地產建榮有限公司,https://i1.28hse.com/2026/07/202607101529576296938_thumb.jpg,https://www.28hse.com/buy/apartment/property-3923609,2026-08-06T17:33:59.496264+00:00
3922930,收租回報過 即買即收租 分間單位,油麻地,華德大廈,3080000,492,3,,德榮地產公司,https://i1.28hse.com/2026/07/202607231325553153963_thumb.jpg,https://www.28hse.com/buy/apartment/property-3922930,2026-08-06T17:33:59.496264+00:00
3921966,清幽園林 豪華會所 三鐵優勢 入市必選,油麻地,御金國峯,7900000,496,1,1,領高地產代理有限公司,https://i1.28hse.com/2026/07/202607071537471534318_thumb.jpg,https://www.28hse.com/buy/apartment/property-3921966,2026-08-06T17:33:59.496264+00:00
3921814,中高層唐樓【5厘回報位置超靚】油麻地A1出口,油麻地,永華大廈,2180000,375,2,1,三月地產,https://i1.28hse.com/2026/07/202607071416296090841_thumb.jpg,https://www.28hse.com/buy/apartment/property-3921814,2026-08-06T17:33:59.496264+00:00
3833661,澤豐大廈2房1廳,油麻地,澤豐大廈,4680000,535,2,1,八達地產代理有限公司,https://i1.28hse.com/2026/06/202606291243213067904_thumb.jpg,https://www.28hse.com/buy/apartment/property-3833661,2026-08-06T17:33:59.496264+00:00
3921343,！靚唐樓! 多窗 近地鐵 樓梯乾淨 地盤靚到爆,油麻地,唐樓,2950000,474,2,1,油麻地物業有限公司,https://i1.28hse.com/2026/07/202607171553451348857_thumb.jpg,https://www.28hse.com/buy/apartment/property-3921343,2026-08-06T17:33:59.496264+00:00
3920636,而家3房咁貴租 不如直接買返間LU~ 則王 實用 有裝修,油麻地,駿發花園,7680000,606,3,2,駿輝地產投資有限公司,https://i1.28hse.com/2026/07/202607061621595323436_thumb.jpg,https://www.28hse.com/buy/apartment/property-3920636,2026-08-06T17:33:59.496264+00:00
3820981,「超罕有3房」 光猛通風開揚無遮擋* 四正實用新淨* 名校區*生活交通超方便,油麻地,駿發花園,7680000,606,3,,龍鳳地產代理公司,https://i1.28hse.com/2026/06/202606031457477736595_thumb.jpg,https://www.28hse.com/buy/apartment/property-3820981,2026-08-06T17:33:59.496264+00:00
3919452,樓齡新. 已換電梯. 高層多𥦬猛光，旺中帶靜,油麻地,甘芳閣,5500000,375,2,1,世紀21廣發,https://i1.28hse.com/2026/07/202607051745097470127_thumb.jpg,https://www.28hse.com/buy/apartment/property-3919452,2026-08-06T17:33:59.496264+00:00
3835455,旺角油麻地超罕有43年已做大維修平地電梯登打士街口高層實用靚仔兩房筍賣,油麻地,寶亨大廈,4650000,367,2,1,駿輝地產有限公司,https://i1.28hse.com/2026/06/202606191813387255298_thumb.jpg,https://www.28hse.com/buy/apartment/property-3835455,2026-08-06T17:33:59.496264+00:00
3919211,高層開揚景2房 交通便利 平地電梯 還價即成,油麻地,寶亨大廈,4650000,367,2,1,駿輝地產建榮有限公司,https://i1.28hse.com/2026/07/202607051601495613164_thumb.jpg,https://www.28hse.com/buy/apartment/property-3919211,2026-08-06T17:33:59.496264+00:00
3918536,直接業主！606尺！3房2廳！【駿發花園】35年！可以約睇！大型屋苑！盤源短缺,油麻地,駿發花園,7680000,606,3,1,駿輝地產發展有限公司,https://i1.28hse.com/2026/07/202607042342327157426_thumb.jpg,https://www.28hse.com/buy/apartment/property-3918536,2026-08-06T17:33:59.496264+00:00
3918485,***筍推套現靚盤［全幢叫價最平］港人名牌屋苑 優質管理 地鐵上蓋 相熟業主,油麻地,窩打老道8號,7280000,437,2,1,駿輝地產置業有限公司,https://i1.28hse.com/2026/07/202607042135397824855_thumb.jpg,https://www.28hse.com/buy/apartment/property-3918485,2026-08-06T17:33:59.496264+00:00
3917227,大降價！高瞻遠矚獅子山景,油麻地,御金國峯,7950000,492,1,1,世紀21卓建物業,https://i1.28hse.com/2026/07/202607041217572314736_thumb.jpg,https://www.28hse.com/buy/apartment/property-3917227,2026-08-06T17:33:59.496264+00:00
3917222,朝南維港煙花海景,油麻地,御金國峯,8380000,459,1,1,世紀21卓建物業,https://i1.28hse.com/2026/07/202607041215308912808_thumb.jpg,https://www.28hse.com/buy/apartment/property-3917222,2026-08-06T17:33:59.496264+00:00
3916619,唐3/F 5900/呎 近油麻地地鐵站 2房 樓梯乾淨,油麻地,咸美頓街14-20號,2600000,438,2,1,世紀21廣發,/assets/img/loadingphoto170_125.jpg,https://www.28hse.com/buy/apartment/property-3916619,2026-08-06T17:33:59.496264+00:00
3827729,**指定代理! 歡迎睇樓，重本豪裝！30年樓齡，開陽遠景***,油麻地,甘芳閣,5680000,375,2,1,世紀21廣發,https://i1.28hse.com/2026/04/202604291542492225860_thumb.jpg,https://www.28hse.com/buy/apartment/property-3827729,2026-08-06T17:33:59.496264+00:00
3282095,罕有放盤 筍 1梯4伙 十年一遇 近地鐵站 平地電梯,油麻地,彌敦大廈,4700000,623,3,1,世紀21廣發,https://i1.28hse.com/2026/07/202607191905468419395_thumb.jpg,https://www.28hse.com/buy/apartment/property-3282095,2026-08-06T17:33:59.496264+00:00
3775482,筍*筍 業主急賣！2房兩部平地電梯 可做九成按揭 100蚊税 已大維修及換𨋢,油麻地,寶亨大廈,3990000,358,2,1,世紀21廣發,https://i1.28hse.com/2026/03/202603171000544930695_thumb.jpg,https://www.28hse.com/buy/apartment/property-3775482,2026-08-06T17:33:59.496264+00:00
3728682,高層開揚向南 有匙即睇,油麻地,寶亨大廈,4650000,367,2,1,世紀21廣發,https://i1.28hse.com/2026/05/202605221229046313630_thumb.jpg,https://www.28hse.com/buy/apartment/property-3728682,2026-08-06T17:33:59.496264+00:00
3916351,中層開揚景 三房兩廁,油麻地,駿發花園,7680000,606,3,2,駿輝地產投資有限公司,https://i1.28hse.com/2026/07/20260727143634463885_thumb.jpg,https://www.28hse.com/buy/apartment/property-3916351,2026-08-06T17:33:59.496264+00:00
3916071,****市區屋苑~3房2廁~用家裝唔洗大執~FIRM賣盡傾~,油麻地,駿發花園,7680000,606,3,2,駿輝地產投資有限公司,https://i1.28hse.com/2026/07/202607041757212169952_thumb.jpg,https://www.28hse.com/buy/apartment/property-3916071,2026-08-06T17:33:59.496264+00:00
3913521,~~ 一梯兩伙，全場最平呢間 ~~,油麻地,甘芳閣,5500000,375,2,1,廣信地產顧問有限公司,https://i1.28hse.com/2026/07/202607012130575800401_thumb.jpg,https://www.28hse.com/buy/apartment/property-3913521,2026-08-06T17:33:59.496264+00:00
3913375,市區34年大型屋苑 3房2廳 光猛多窗 平地電梯 歡迎約睇,油麻地,駿發花園,7800000,606,3,2,廣信地產顧問有限公司,https://i1.28hse.com/2026/07/202607011913258914851_thumb.jpg,https://www.28hse.com/buy/apartment/property-3913375,2026-08-06T17:33:59.496264+00:00
3912107,油麻地窩打老道出口步行3分鐘，2房1廳353尺交吉有樓睇售378萬，,油麻地,嘉榮大廈,3780000,353,2,,明威置業,https://i1.28hse.com/2026/06/202606302116402728953_thumb.jpg,https://www.28hse.com/buy/apartment/property-3912107,2026-08-06T17:33:59.496264+00:00
3911875,油麻地王牌屋苑地鐵站上蓋 全屋豪華靚裝修兩房一廳 開陽光猛 投資自住都一流~,油麻地,窩打老道8號,7590000,437,2,1,廣信地產顧問有限公司,https://i1.28hse.com/2026/06/202606301828142976632_thumb.jpg,https://www.28hse.com/buy/apartment/property-3911875,2026-08-06T17:33:59.496264+00:00
3911402,高層開楊。活動間隔。。可做三房。,油麻地,美景大廈,5200000,686,2,1,中聯集團,https://i1.28hse.com/2026/06/202606301457306328957_thumb.jpg,https://www.28hse.com/buy/apartment/property-3911402,2026-08-06T17:33:59.496264+00:00
3911103,指定代理。還價即成。開陽遠景。。鄰近 中、小學名校。交通方便,油麻地,駿發花園,7680000,606,3,2,中聯集團,https://i1.28hse.com/2026/07/202607181805477029771_thumb.jpg,https://www.28hse.com/buy/apartment/property-3911103,2026-08-06T17:33:59.496264+00:00
3910915,油麻地［富昌大廈 ］39年樓 兩房投資上車首選,油麻地,富昌大廈,4000000,360,2,1,駿輝地產建榮有限公司,https://i1.28hse.com/2026/06/202606300042306118119_thumb.jpg,https://www.28hse.com/buy/apartment/property-3910915,2026-08-06T17:33:59.496264+00:00
3910658,"平地電梯,交通方便,首置精選 投資首選 收租之選",油麻地,澤豐大廈,4680000,558,2,1,金國置業,https://i1.28hse.com/2026/06/202606291834094441499_thumb.jpg,https://www.28hse.com/buy/apartment/property-3910658,2026-08-06T17:33:59.496264+00:00
3909565,"40年＼＼可收租14,000＼＼ 高層＼＼歡迎查詢",油麻地,富昌大廈,4000000,360,2,1,駿輝地產投資有限公司,https://i1.28hse.com/2026/06/202606281941508620697_thumb.jpg,https://www.28hse.com/buy/apartment/property-3909565,2026-08-06T17:33:59.496264+00:00
3909556,***套現割愛~多窗通爽~1分鐘地鐵站~,油麻地,富昌大廈,4000000,360,2,1,駿輝地產投資有限公司,https://i1.28hse.com/2026/06/202606281937107627667_thumb.jpg,https://www.28hse.com/buy/apartment/property-3909556,2026-08-06T17:33:59.496264+00:00
3909264,一梯兩戶 3分鐘到地鐵站 內街清靜,油麻地,昌茂大廈,3800000,356,2,1,富榮地產代理,https://i1.28hse.com/2026/07/202607021842055659599_thumb.jpg,https://www.28hse.com/buy/apartment/property-3909264,2026-08-06T17:33:59.496264+00:00
3908397,30年！靚裝2房【甘芳閣】一梯兩伙 罕有放盤 廳大房大 平地電梯,油麻地,甘芳閣,5500000,375,2,1,駿輝地產發展有限公司,https://i1.28hse.com/2026/06/202606271851008460594_thumb.jpg,https://www.28hse.com/buy/apartment/property-3908397,2026-08-06T17:33:59.496264+00:00
3908328,超荀價！最後機會！2房1廳！【窩打老道8號】437尺！高尚住宅！地鐵上蓋 有會所,油麻地,窩打老道8號,7280000,437,2,1,駿輝地產發展有限公司,https://i1.28hse.com/2026/06/20260627180740702539_thumb.jpg,https://www.28hse.com/buy/apartment/property-3908328,2026-08-06T17:33:59.496264+00:00
3908155,直接業主！606尺！3房2廳！【駿發花園】35年！可以約睇！大型屋苑！盤源短缺,油麻地,,7650000,606,3,2,駿輝地產發展有限公司,https://i1.28hse.com/2026/08/202608021556383766854_thumb.jpg,https://www.28hse.com/buy/apartment/property-3908155,2026-08-06T17:33:59.496264+00:00
3907844,1分钟油麻地站 有电梯 两房大厅 可以三房 新装修,油麻地,麗都樓,2900000,377,3,,祥利地產,https://i1.28hse.com/2026/06/202606271406083918128_thumb.jpg,https://www.28hse.com/buy/apartment/property-3907844,2026-08-06T17:33:59.496264+00:00
3905557,*近地鐵 實用3房 平地電梯 已做維修 歡迎約睇*,油麻地,金華大廈,3780000,414,3,1,廣信地產顧問有限公司,https://i1.28hse.com/2026/06/202606251651423629707_thumb.jpg,https://www.28hse.com/buy/apartment/property-3905557,2026-08-06T17:33:59.496264+00:00
3904614,超筍3房套電梯洋樓放賣，附送豪華裝修，鄰近地鐵站,油麻地,金堂大廈,4300000,640,3,2,廣信地產顧問有限公司,https://i1.28hse.com/2026/06/202606241912542177267_thumb.jpg,https://www.28hse.com/buy/apartment/property-3904614,2026-08-06T17:33:59.496264+00:00
3904249,++超值++近油麻地站 平地大兩房 罕有高層,油麻地,嘉榮大廈,3780000,353,2,1,廣信地產顧問有限公司,https://i1.28hse.com/2026/06/202606241648405478530_thumb.jpg,https://www.28hse.com/buy/apartment/property-3904249,2026-08-06T17:33:59.496264+00:00
3904169,《開揚海景，實用兩房，鄰近地鐵站，歡迎約睇》,油麻地,窩打老道8號,7950000,417,2,1,香港置業,https://i1.28hse.com/2026/06/202606241617235023111_thumb.jpg,https://www.28hse.com/buy/apartment/property-3904169,2026-08-06T17:33:59.496264+00:00
3904153,旺角洋樓 1分鐘地鐵站 2部平地電梯,油麻地,嘉榮大廈,3780000,353,2,1,富榮地產代理,https://i1.28hse.com/2026/06/202606241613153291681_thumb.jpg,https://www.28hse.com/buy/apartment/property-3904153,2026-08-06T17:33:59.496264+00:00
3903932,指定代理 實盤 可约睇 100蚊厘印 7千幾蚊呎价買油麻地港铁A2出口旁边物業,油麻地,旺角大樓,3680000,468,3,1,中聯集團,https://i1.28hse.com/2026/07/202607091746341559471_thumb.jpg,https://www.28hse.com/buy/apartment/property-3903932,2026-08-06T17:33:59.496264+00:00
3903508,【低水】佐敦洋樓九千蚊呎！高層三面單邊 兩房兩廁可間三房 平地電梯 有匙引看,油麻地,金海大廈,4980000,551,2,2,金國置業,https://i1.28hse.com/2026/06/202606240009145149860_thumb.jpg,https://www.28hse.com/buy/apartment/property-3903508,2026-08-06T17:33:59.496264+00:00
3903473,*低總價 平呎價唐樓 7厘高息回報 坐擁千億基建*,油麻地,金山大樓,2680000,504,3,3,廣信地產顧問有限公司,https://i1.28hse.com/2026/06/202606232313252025686_thumb.jpg,https://www.28hse.com/buy/apartment/property-3903473,2026-08-06T17:33:59.496264+00:00
3903008,"油麻地地鐵站上蓋住宅物業,罕有露台單位放盤",油麻地,寶翠大樓,7500000,801,3,2,晉聯地產(太子),https://i1.28hse.com/2026/07/202607271824225994615_thumb.jpg,https://www.28hse.com/buy/apartment/property-3903008,2026-08-06T17:33:59.496264+00:00
3902973,投資自用首選,油麻地,美景大廈,5380000,686,3,,千億物業 太子分行,https://i1.28hse.com/2026/06/202606261312174090150_thumb.jpg,https://www.28hse.com/buy/apartment/property-3902973,2026-08-06T17:33:59.496264+00:00
3902610,*39年樓 中層光猛多窗 雅裝實用兩房 近地鐵 歡迎約睇!!,油麻地,富昌大廈,4000000,360,2,1,廣信地產顧問有限公司,https://i1.28hse.com/2026/06/202606231412482863394_thumb.jpg,https://www.28hse.com/buy/apartment/property-3902610,2026-08-06T17:33:59.496264+00:00
3902556,*開揚多窗*實用三房 鄰近地鐵 投資自住皆宜 歡迎約睇*,油麻地,麗都樓,2820000,442,3,1,廣信地產顧問有限公司,https://i1.28hse.com/2026/06/20260623134540447388_thumb.jpg,https://www.28hse.com/buy/apartment/property-3902556,2026-08-06T17:33:59.496264+00:00
3796502,【德昌閣】*相熟業主*極罕有放盤**廳大房大!見票即賣!,油麻地,德昌閣,4380000,354,2,1,駿輝地產置業有限公司,https://i1.28hse.com/2026/04/202604031743166404397_thumb.jpg,https://www.28hse.com/buy/apartment/property-3796502,2026-08-06T17:33:59.496264+00:00
3902049,****用家裝修套現割愛~地鐵上蓋~平地電梯~,油麻地,祥興大廈,3900000,408,3,1,駿輝地產投資有限公司,https://i1.28hse.com/2026/07/202607181558564150464_thumb.jpg,https://www.28hse.com/buy/apartment/property-3902049,2026-08-06T17:33:59.496264+00:00
3901925,✫✫油麻地地鐵口 平地電梯2房 間隔實用✫✫,油麻地,恩佳大廈,4980000,443,2,,千億物業 太子分行,https://i1.28hse.com/2026/06/202606221827377511068_thumb.jpg,https://www.28hse.com/buy/apartment/property-3901925,2026-08-06T17:33:59.496264+00:00
3901676,3房1廳！408尺！靚裝修【祥興大廈】地鐵上蓋！黃金地段！容易租出！投資一流,油麻地,祥興大廈,3880000,408,3,1,駿輝地產發展有限公司,https://i1.28hse.com/2026/07/202607181841131908343_thumb.jpg,https://www.28hse.com/buy/apartment/property-3901676,2026-08-06T17:33:59.496264+00:00
3901164,油麻地核心低門檻｜家庭首選豪裝2房2廁即買即住,油麻地,澤豐大廈,4680000,558,2,2,金國置業,https://i1.28hse.com/2026/06/202606221231466337656_thumb.jpg,https://www.28hse.com/buy/apartment/property-3901164,2026-08-06T17:33:59.496264+00:00
3898745,巳售、Sold Out,油麻地,駿發花園,7880000,606,3,,龍鳳地產代理公司,https://i1.28hse.com/2026/06/20260620132629332754_thumb.jpg,https://www.28hse.com/buy/apartment/property-3898745,2026-08-06T17:33:59.496264+00:00
3898176,大三房！呎數大、樓齡新、自住首選、還價即成,油麻地,駿發花園,7950000,606,3,1,駿輝地產旺角有限公司,https://i1.28hse.com/2026/06/20260619202451320036_thumb.jpg,https://www.28hse.com/buy/apartment/property-3898176,2026-08-06T17:33:59.496264+00:00
3730033,高鐵站寫字樓開業在即 精英租客將大增,油麻地,御金國峯,7600000,400,1,1,領高地產代理有限公司,https://i1.28hse.com/2026/02/202602031324296378044_thumb.jpg,https://www.28hse.com/buy/apartment/property-3730033,2026-08-06T17:33:59.496264+00:00
3895898,尊貴時尚 歐陸風情 迷你小鎮 極豪會所 盡顯高貴休閑生活,油麻地,御金國峯,7800000,471,1,1,景鴻地產,https://i1.28hse.com/2026/06/202606180908393341957_thumb.jpg,https://www.28hse.com/buy/apartment/property-3895898,2026-08-06T17:33:59.496264+00:00
3895747,荀價！2房1廳【德昌閣】 31年 樓齡新 新淨裝修 環境清淨 平地電梯 9成,油麻地,德昌閣,4380000,354,2,1,駿輝地產發展有限公司,https://i1.28hse.com/2026/06/202606172119347481377_thumb.jpg,https://www.28hse.com/buy/apartment/property-3895747,2026-08-06T17:33:59.496264+00:00
3895743,直接業主！606尺！3房2廳！【駿發花園】35年！可以約睇！大型屋苑！盤源短缺,油麻地,,7600000,606,3,2,駿輝地產發展有限公司,https://i1.28hse.com/2026/07/202607181825542334674_thumb.jpg,https://www.28hse.com/buy/apartment/property-3895743,2026-08-06T17:33:59.496264+00:00
3895727,单边位，企理原装2房，光厨光卫,油麻地,窩打老道8號,7280000,432,2,1,中聯集團,https://i1.28hse.com/2026/06/202606172113555338515_thumb.jpg,https://www.28hse.com/buy/apartment/property-3895727,2026-08-06T17:33:59.496264+00:00
3852305,3房雅緻裝修@Whatsapp,油麻地,駿發花園,7680000,606,3,,中聯集團,https://i1.28hse.com/2026/06/202606092047315625660_thumb.jpg,https://www.28hse.com/buy/apartment/property-3852305,2026-08-06T17:33:59.496264+00:00
3895300,指定代理 彌敦道港铁囗 落雨唔使帶遮 罕有靚装修 超實用3房,油麻地,祥興大廈,3680000,408,3,1,中聯集團,https://i1.28hse.com/2026/07/202607151818043851067_thumb.jpg,https://www.28hse.com/buy/apartment/property-3895300,2026-08-06T17:33:59.496264+00:00
3895275,!!只有一間可睇樓3房!!【駿發花園】必必必必必走!!!!!!!!!!!!!!,油麻地,駿發花園,7680000,606,3,2,駿輝地產安業有限公司,https://i1.28hse.com/2026/06/202606171705467295993_thumb.jpg,https://www.28hse.com/buy/apartment/property-3895275,2026-08-06T17:33:59.496264+00:00
3895002,必走靚裝大3房 即買即住 相熟業主,油麻地,駿發花園,7650000,606,3,1,駿輝地產建榮有限公司,https://i1.28hse.com/2026/06/20260617151355650883_thumb.jpg,https://www.28hse.com/buy/apartment/property-3895002,2026-08-06T17:33:59.496264+00:00
2793568,►►新裝修3房2厠，地鐵上蓋◄◄,油麻地,澤豐大廈,4680000,558,3,2,千億物業,https://i1.28hse.com/2023/09/202309201604295100064_thumb.jpg,https://www.28hse.com/buy/apartment/property-2793568,2026-08-06T17:33:59.496264+00:00
3894223,【駿發花園】**相熟業主*名牌屋苑*3房大廳!見票即賣!,油麻地,駿發花園,7950000,606,3,1,駿輝地產置業有限公司,https://i1.28hse.com/2026/06/202606161948124688700_thumb.jpg,https://www.28hse.com/buy/apartment/property-3894223,2026-08-06T17:33:59.496264+00:00
3809029,必賣盤30年樓齡 . 2房 大廳.2梯2戶 平地電梯 近地鐵 自住投資佳,油麻地,德昌閣,4380000,354,2,1,世紀21廣發,https://i1.28hse.com/2026/04/202604132246164958343_thumb.jpg,https://www.28hse.com/buy/apartment/property-3809029,2026-08-06T17:33:59.496264+00:00
3812860,ㄍ獨家》《連租約》相熟業主 指定代理 高層2房 平地電梯 已換𨋢和大維修,油麻地,寶亨大廈,3990000,358,2,1,世紀21廣發,https://i1.28hse.com/2026/05/202605311843368792400_thumb.jpg,https://www.28hse.com/buy/apartment/property-3812860,2026-08-06T17:33:59.496264+00:00
3894170,極實用間格***高層兩房 平地電梯,油麻地,寶亨大廈,4630000,367,2,1,駿輝地產投資有限公司,https://i1.28hse.com/2026/06/202606161906208799902_thumb.jpg,https://www.28hse.com/buy/apartment/property-3894170,2026-08-06T17:33:59.496264+00:00
3893939,一梯兩伙***平地電梯 地鐵附近,油麻地,富昌大廈,4280000,360,2,1,駿輝地產投資有限公司,https://i1.28hse.com/2026/06/202606161719258506918_thumb.jpg,https://www.28hse.com/buy/apartment/property-3893939,2026-08-06T17:33:59.496264+00:00
3892921,油麻地 彌敦道 澤豐大廈 近地鐵站 平地電梯 合自住投資 急售,油麻地,澤豐大廈,4680000,558,2,2,富城物業,https://i1.28hse.com/2026/06/202606152038346119355_thumb.jpg,https://www.28hse.com/buy/apartment/property-3892921,2026-08-06T17:33:59.496264+00:00
3803873,業主恨賣•指定代理 見票還價 3面多窗 2部平地電梯 超筍 可借9成,油麻地,昌茂大廈,3600000,356,2,1,世紀21廣發,https://i1.28hse.com/2026/08/20260803135809268827_thumb.jpg,https://www.28hse.com/buy/apartment/property-3803873,2026-08-06T17:33:59.496264+00:00
3891083,****激罕放盤~熟業主套現割愛~大則兩房~,油麻地,昌茂大廈,3880000,356,2,1,駿輝地產投資有限公司,https://i1.28hse.com/2026/07/202607031946312404649_thumb.jpg,https://www.28hse.com/buy/apartment/property-3891083,2026-08-06T17:33:59.496264+00:00
3890965,超筍上車盤,油麻地,寶寧大廈,3680000,388,2,1,美源物業,https://i1.28hse.com/2026/06/202606141525114432003_thumb.jpg,https://www.28hse.com/buy/apartment/property-3890965,2026-08-06T17:33:59.496264+00:00
3890794,直接業主！606尺！3房2廳！【駿發花園】35年！可以約睇！大型屋苑！盤源短缺,油麻地,駿發花園,7680000,606,3,2,駿輝地產發展有限公司,https://i1.28hse.com/2026/08/202608021549474181855_thumb.jpg,https://www.28hse.com/buy/apartment/property-3890794,2026-08-06T17:33:59.496264+00:00
3890432,現吉售地鐵口多窗實用2房平地電梯洋樓,油麻地,寶寧大廈,3490000,388,2,1,金海物業公司,https://i1.28hse.com/2026/06/20260613223548971286_thumb.jpg,https://www.28hse.com/buy/apartment/property-3890432,2026-08-06T17:33:59.496264+00:00
3691458,***地鐵站傍 罕見［9000蚊呎］用家裝修 一閃即逝 見票即簽 ***相熟業主,油麻地,祥興大廈,3680000,408,3,1,駿輝地產置業有限公司,https://i1.28hse.com/2026/07/20260715182341790329_thumb.jpg,https://www.28hse.com/buy/apartment/property-3691458,2026-08-06T17:33:59.496264+00:00
3435371,近地鐵單邊光猛開揚3房 還價即成,油麻地,麗都樓,2620000,442,3,1,金國置業,https://i1.28hse.com/2026/04/202604271128163257934_thumb.jpg,https://www.28hse.com/buy/apartment/property-3435371,2026-08-06T17:33:59.496264+00:00
3890181,獨家盤 2房1廳 地鐵囗 $100印花稅,油麻地,嘉榮大廈,3780000,353,2,,明威置業,https://i1.28hse.com/2026/06/202606241816012748112_thumb.jpg,https://www.28hse.com/buy/apartment/property-3890181,2026-08-06T17:33:59.496264+00:00
3580069,靚裝全海景兩房一廳 即買即住 只此一間,油麻地,順利大廈,4250000,365,2,1,大興地產代理有限公司,https://i1.28hse.com/2026/05/202605251548052476309_thumb.jpg,https://www.28hse.com/buy/apartment/property-3580069,2026-08-06T17:33:59.496264+00:00
3680391,專營 駿發花園 市場筍 駿發地產 罕有三房兩廁 有票照傾,油麻地,駿發花園,7680000,606,3,2,駿發地產有限公司,https://i1.28hse.com/2026/07/202607020916334700627_thumb.jpg,https://www.28hse.com/buy/apartment/property-3680391,2026-08-06T17:33:59.496264+00:00
3888687,"4鐵匯聚,收租一流",油麻地,金海大廈,4980000,551,3,2,金國置業,https://i1.28hse.com/2026/06/202606122010274437094_thumb.jpg,https://www.28hse.com/buy/apartment/property-3888687,2026-08-06T17:33:59.496264+00:00
3888422,向南景觀 合適自住投資,油麻地,御金國峯,6800000,400,1,1,領高地產代理有限公司,https://i1.28hse.com/2026/06/202606121826368404658_thumb.jpg,https://www.28hse.com/buy/apartment/property-3888422,2026-08-06T17:33:59.496264+00:00
3492571,近柯士甸站罕有高層單邊開揚實用3房,油麻地,偉業大廈,5280000,428,3,1,金國置業,https://i1.28hse.com/2025/07/202507030221288809033_thumb.jpg,https://www.28hse.com/buy/apartment/property-3492571,2026-08-06T17:33:59.496264+00:00
3792323,油麻地靚裝修 罕有放賣 兩房實用 一層兩伙 30年樓 可做9成按,油麻地,甘芳閣,5980000,375,2,1,駿輝地產旺角有限公司,https://i1.28hse.com/2026/04/202604291616317120096_thumb.jpg,https://www.28hse.com/buy/apartment/property-3792323,2026-08-06T17:33:59.496264+00:00
3886923,直接業主！606尺！3房2廳！【駿發花園】35年！可以約睇！盤源短缺！快搶！,油麻地,,7950000,606,3,2,駿輝地產發展有限公司,https://i1.28hse.com/2026/06/202606111951311540897_thumb.jpg,https://www.28hse.com/buy/apartment/property-3886923,2026-08-06T17:33:59.496264+00:00
3886855,*地鐵口 [平呎價唐樓]~單邊多窗+有街閘+有匙即睇*,油麻地,永華大廈,2190000,375,2,1,廣信地產顧問有限公司,https://i1.28hse.com/2026/06/202606111907145745015_thumb.jpg,https://www.28hse.com/buy/apartment/property-3886855,2026-08-06T17:33:59.496264+00:00
3886551,【駿發花園】實用三房♡企理裝修♡相熟業主♡還價即成,油麻地,駿發花園,7650000,606,3,2,駿輝地產安業有限公司,https://i1.28hse.com/2026/06/202606111717508575287_thumb.jpg,https://www.28hse.com/buy/apartment/property-3886551,2026-08-06T17:33:59.496264+00:00
3886316,大件夾抵食 可4房 有露台有套廁 地鐵上蓋 有匙即睇,油麻地,寶翠大樓,7500000,801,3,2,廣信地產顧問有限公司,https://i1.28hse.com/2026/06/202606111558032734308_thumb.jpg,https://www.28hse.com/buy/apartment/property-3886316,2026-08-06T17:33:59.496264+00:00
3886077,直接業主！606尺！3房2廳！【駿發花園】35年！可以約睇！大型屋苑！盤源短缺,油麻地,駿發花園,7680000,606,3,1,駿輝地產發展有限公司,https://i1.28hse.com/2026/06/202606111935095737915_thumb.jpg,https://www.28hse.com/buy/apartment/property-3886077,2026-08-06T17:33:59.496264+00:00
3885430,油麻地老牌私人屋苑，少有企理三房，即買即住！,油麻地,駿發花園,7650000,606,3,1,駿輝地產有限公司,https://i1.28hse.com/2026/06/202606102000125603582_thumb.jpg,https://www.28hse.com/buy/apartment/property-3885430,2026-08-06T17:33:59.496264+00:00
3885151,歡迎查詢,油麻地,唐樓,2680000,536,3,1,環亞物業拍賣有限公司,https://i1.28hse.com/2026/06/202606252320391247535_thumb.jpg,https://www.28hse.com/buy/apartment/property-3885151,2026-08-06T17:33:59.496264+00:00
3885017,油麻地區內唯一名牌私人屋苑35年樓平地電梯靚仔三房筍賣,油麻地,駿發花園,7950000,606,3,1,駿輝地產有限公司,https://i1.28hse.com/2026/06/202606101639348443881_thumb.jpg,https://www.28hse.com/buy/apartment/property-3885017,2026-08-06T17:33:59.496264+00:00
3884218,【駿發花園】嚴重缺盤 賣走一間少一間 把握時機 還價即成 歡迎約睇,油麻地,駿發花園,7950000,606,3,1,駿輝地產安業有限公司,https://i1.28hse.com/2026/06/202606092239067684510_thumb.jpg,https://www.28hse.com/buy/apartment/property-3884218,2026-08-06T17:33:59.496264+00:00
3884192,駿發花園 三房,油麻地,駿發花園,7950000,606,3,1,駿輝地產建榮有限公司,https://i1.28hse.com/2026/06/202606092148267092212_thumb.jpg,https://www.28hse.com/buy/apartment/property-3884192,2026-08-06T17:33:59.496264+00:00
3884040,606尺三房 企理裝修,油麻地,駿發花園,7680000,606,3,1,駿輝地產投資有限公司,https://i1.28hse.com/2026/06/202606151514191444076_thumb.jpg,https://www.28hse.com/buy/apartment/property-3884040,2026-08-06T17:33:59.496264+00:00
3725038,油麻地 雅寶大廈 2房 新裝 平地電梯 樓下地鐵站巴士站,油麻地,雅寶大廈,5000000,380,2,1,富城物業,https://i1.28hse.com/2026/01/202601291625495803072_thumb.jpg,https://www.28hse.com/buy/apartment/property-3725038,2026-08-06T17:33:59.496264+00:00
3883569,實用 交通方便,油麻地,平安大樓,4000000,507,3,1,豪豐物業代理(佐敦),https://i1.28hse.com/2026/06/202606091600114373863_thumb.jpg,https://www.28hse.com/buy/apartment/property-3883569,2026-08-06T17:33:59.496264+00:00
3538995,查詢有影片相熟業主蝕養益用家油麻地超罕有地鐵站口三面單高層海景三年新裝修兩房筍賣,油麻地,富昌大廈,4280000,360,2,1,駿輝地產有限公司,https://i1.28hse.com/2025/08/202508131225192406274_thumb.jpg,https://www.28hse.com/buy/apartment/property-3538995,2026-08-06T17:33:59.496264+00:00
3882729,*地鐵上蓋 商住兩用 平地電梯 有匙即睇*,油麻地,寶寧大廈,3680000,388,2,1,廣信地產顧問有限公司,https://i1.28hse.com/2026/06/202606081950592817347_thumb.jpg,https://www.28hse.com/buy/apartment/property-3882729,2026-08-06T17:33:59.496264+00:00
3881167,指定代理，超高层，京士柏山景,油麻地,窩打老道8號,8100000,446,2,1,中聯集團,https://i1.28hse.com/2026/06/202606071828418994418_thumb.jpg,https://www.28hse.com/buy/apartment/property-3881167,2026-08-06T17:33:59.496264+00:00
3880900,有匙即睇平地電梯地鐵上蓋商住兩用,油麻地,寶寧大廈,3500000,388,2,1,大興地產代理有限公司,https://i1.28hse.com/2026/07/202607251225077469405_thumb.jpg,https://www.28hse.com/buy/apartment/property-3880900,2026-08-06T17:33:59.496264+00:00
3880667,油麻地站旁，窩打老道8號 罕有放售實用2房，可以約看！,油麻地,窩打老道8號,7950000,417,2,,香港置業,https://i1.28hse.com/2026/06/202606071451172329855_thumb.jpg,https://www.28hse.com/buy/apartment/property-3880667,2026-08-06T17:33:59.496264+00:00
3880555,「真實盤源」 激荀2房，歡迎約睇,油麻地,窩打老道8號,7950000,417,2,1,香港置業,https://i1.28hse.com/2026/06/202606071359096242799_thumb.jpg,https://www.28hse.com/buy/apartment/property-3880555,2026-08-06T17:33:59.496264+00:00
3810152,自住首選兩房！企理裝修、梗廚明廁、平地lift,油麻地,寶亨大廈,4650000,367,2,1,駿輝地產旺角有限公司,https://i1.28hse.com/2026/05/202605171831263184469_thumb.jpg,https://www.28hse.com/buy/apartment/property-3810152,2026-08-06T17:33:59.496264+00:00
3962873,"三房上車盤. 平地電梯,近朗豪坊. 多窗靚裝",旺角,順昌大廈,4880000,440,3,1,世紀21廣發,https://i1.28hse.com/2026/08/202608061908335536017_thumb.jpg,https://www.28hse.com/buy/apartment/property-3962873,2026-08-06T17:33:59.496264+00:00
1750645,有匙 旺角樓皇 向東1房 交吉放售 歡迎約睇,旺角,SKYPARK,6880000,399,1,1,富榮地產代理,https://i1.28hse.com/2026/08/202608061723088209231_thumb.jpg,https://www.28hse.com/buy/apartment/property-1750645,2026-08-06T17:33:59.496264+00:00
3962443,SKYPARK A 室單位向東南連靚租約放賣收緊$20500 外國人教職有片,旺角,SKYPARK,7000000,398,1,1,富榮地產代理,https://i1.28hse.com/2026/08/202608061613024168444_thumb.jpg,https://www.28hse.com/buy/apartment/property-3962443,2026-08-06T17:33:59.496264+00:00
3962059,10%首期！旺角朗豪坊！兩房！信和發展！豪華會所,旺角,One Soho,7350000,374,2,1,鴻發地產物業,https://i1.28hse.com/2026/08/20260806124708472350_thumb.jpg,https://www.28hse.com/buy/apartment/property-3962059,2026-08-06T17:33:59.496264+00:00
3961888,罕有A單位出售近旺角地鐵站，單邊開揚,旺角,長旺雅苑,6900000,424,2,1,龍鳳地產公司,https://i1.28hse.com/2026/08/202608061110036402879_thumb.jpg,https://www.28hse.com/buy/apartment/property-3961888,2026-08-06T17:33:59.496264+00:00
3961779,業主急售。 旺角核心旺地。地鐵 2分鐘,旺角,榮華大樓,3880000,598,2,1,富榮地產代理,https://i1.28hse.com/2026/08/202608060823096815131_thumb.jpg,https://www.28hse.com/buy/apartment/property-3961779,2026-08-06T17:33:59.496264+00:00
3961362,歷史少有放盤*筍 樓齡29年可借9成 乾濕分離 煤氣煮食沖涼2房 1部平地電梯,旺角,東海閣,5380000,377,2,1,世紀21廣發,https://i1.28hse.com/2026/08/202608051843481957020_thumb.jpg,https://www.28hse.com/buy/apartment/property-3961362,2026-08-06T17:33:59.496264+00:00
3802651,旺角10幾年半新樓，一梯3伙，近500呎，都係14000幾/呎，約睇,旺角,MOD 595,7200000,483,2,1,家旺物業 彌敦道分行,https://i1.28hse.com/2026/05/20260520153058971512_thumb.jpg,https://www.28hse.com/buy/apartment/property-3802651,2026-08-06T17:33:59.496264+00:00
3961302,【旺角地鐵兩房】♡ 間隔實用/多窗光猛/近朗豪坊超方便,旺角,雅佳樓,3500000,397,2,1,富榮地產代理,https://i1.28hse.com/2026/08/202608051822185072497_thumb.jpg,https://www.28hse.com/buy/apartment/property-3961302,2026-08-06T17:33:59.496264+00:00
3961148,平地電梯洋樓兩房大廳,旺角,華樂大廈,3990000,442,2,1,鉅泰地產,https://i1.28hse.com/2026/08/202608051720077583086_thumb.jpg,https://www.28hse.com/buy/apartment/property-3961148,2026-08-06T17:33:59.496264+00:00
3960994,6.8%回報【龍飛大廈 ~ 認證簡樸房】投資首選+近地鐵+高層開揚,旺角,龍飛大廈,4920000,467,3,3,駿輝地產建榮有限公司,https://i1.28hse.com/2026/08/202608051622578374612_thumb.jpg,https://www.28hse.com/buy/apartment/property-3960994,2026-08-06T17:33:59.496264+00:00
3874283,罕有連大平台放售,旺角,華懋王子大廈,4880000,433,3,1,明家置業,https://i1.28hse.com/2026/07/202607161948501662153_thumb.jpg,https://www.28hse.com/buy/apartment/property-3874283,2026-08-06T17:33:59.496264+00:00
3960428,***一減再減***筍盤 唐5/F樓 575尺 大大間 {{1分鐘旺角站}},旺角,單幢樓房,3080000,575,3,1,龍鳳地產-大全街分行,https://i1.28hse.com/2026/08/202608051120188413508_thumb.jpg,https://www.28hse.com/buy/apartment/property-3960428,2026-08-06T17:33:59.496264+00:00
3960291,正！旺角《三房一廳》！有電梯！投資自住一流！實用率高！鄰近地鐵！歡迎查詢！,旺角,單幢樓房,4400000,575,3,1,泰安地產,https://i1.28hse.com/2026/08/202608050143237062928_thumb.jpg,https://www.28hse.com/buy/apartment/property-3960291,2026-08-06T17:33:59.496264+00:00
3959871,【曲尺單邊】 高層開揚 多窗光猛 投資推介 大大間 客易間 】,旺角,德利大廈,3980000,537,3,1,三月地產,https://i1.28hse.com/2026/08/202608041749482913957_thumb.jpg,https://www.28hse.com/buy/apartment/property-3959871,2026-08-06T17:33:59.496264+00:00
3959539,已獲認證為簡樸房、6.5%回報、投資首選、業主放盤、近地鐵、高層、景觀開揚,旺角,龍飛大廈,4920000,467,3,3,,https://i1.28hse.com/2026/08/202608041533243459032_thumb.jpg,https://www.28hse.com/buy/apartment/property-3959539,2026-08-06T17:33:59.496264+00:00
3918602,"極高層不低於2x樓,,旺角最方便,型格天際會所,5分鐘朗豪坊",旺角,SKYPARK,6920000,404,1,1,富榮地產代理,https://i1.28hse.com/2026/07/202607171949267938727_thumb.jpg,https://www.28hse.com/buy/apartment/property-3918602,2026-08-06T17:33:59.496264+00:00
3748938,旺角難得有簡樸房認證 高享6.5%回報,旺角,龍飛大廈,4920000,467,3,3,金國置業,https://i1.28hse.com/2026/08/202608041613266272656_thumb.jpg,https://www.28hse.com/buy/apartment/property-3748938,2026-08-06T17:33:59.496264+00:00
3915730,特式單位 旺中帶靜 花園街連平台單位 方便晾衣 三房 開放式廚房,旺角,華美樓,4500000,650,3,2,德信地產代理有限公司,https://i1.28hse.com/2026/07/202607031508191492166_thumb.jpg,https://www.28hse.com/buy/apartment/property-3915730,2026-08-06T17:33:59.496264+00:00
3127206,"1分鐘到地鐵，平地電梯，有裝修，回報8厘以上,可交吉",旺角,永如大廈,5880000,696,3,2,晉聯地產,https://i1.28hse.com/2024/07/202407311940453216922_thumb.jpg,https://www.28hse.com/buy/apartment/property-3127206,2026-08-06T17:33:59.496264+00:00
3958470,有片！2房1廳！407尺！【得寶大廈】還價即成 黃金地段 超值收租盤,旺角,得寶大廈,4680000,407,2,1,駿輝地產發展有限公司,https://i1.28hse.com/2026/08/202608031830538988762_thumb.jpg,https://www.28hse.com/buy/apartment/property-3958470,2026-08-06T17:33:59.496264+00:00
3958402,旺角核心地段極近地鐵 極大兩房一廳 環境寧靜公園景 即買即住 已做大維修即約即看,旺角,華樂大廈,3990000,442,2,1,廣信地產顧問有限公司,https://i1.28hse.com/2026/08/202608031800546486205_thumb.jpg,https://www.28hse.com/buy/apartment/property-3958402,2026-08-06T17:33:59.496264+00:00
3918495,《筍價開售》旺角優越地段《有租客，冇樓睇》可傾交吉!,旺角,SKYPARK,6750000,404,1,1,金匙物業,https://i1.28hse.com/2026/07/202607042207158942413_thumb.jpg,https://www.28hse.com/buy/apartment/property-3918495,2026-08-06T17:33:59.496264+00:00
3958138,《1087呎超大平台》平地電梯《鄰近旺角東鐵，港鐵站》歡迎預約睇樓!,旺角,昌明大廈,6200000,457,2,1,金匙物業,https://i1.28hse.com/2026/08/20260803163504812705_thumb.jpg,https://www.28hse.com/buy/apartment/property-3958138,2026-08-06T17:33:59.496264+00:00
3956963,唐樓1F 低層 巨大2房2廳 商住2用 業主蝕讓送埋裝修,旺角,全理大樓,4500000,750,2,1,駿輝地產皓譽有限公司,https://i1.28hse.com/2026/08/20260802174937394446_thumb.jpg,https://www.28hse.com/buy/apartment/property-3956963,2026-08-06T17:33:59.496264+00:00
3956872,旺角市中心 平地電梯,旺角,遠景大廈,3300000,391,2,1,明家置業,https://i1.28hse.com/2026/08/202608021715222500866_thumb.jpg,https://www.28hse.com/buy/apartment/property-3956872,2026-08-06T17:33:59.496264+00:00
3956111,"*商住投資首選*旅遊區黃金地段,開陽中層,三部平地新電梯,交通方便",旺角,好望角大廈,4580000,580,1,1,晉聯地產,https://i1.28hse.com/2026/08/202608021158005993797_thumb.jpg,https://www.28hse.com/buy/apartment/property-3956111,2026-08-06T17:33:59.496264+00:00
3955515,"兩鐵交匯近新世紀廣場,交通方便,依食住行.",旺角,唐樓,3500000,605,3,1,金豐物業,https://i1.28hse.com/2026/08/202608021200213831456_thumb.jpg,https://www.28hse.com/buy/apartment/property-3955515,2026-08-06T17:33:59.496264+00:00
3955284,"罕有大單位放售,遠景開揚, 5分鐘太子地鐵站",旺角,MOD 595,8300000,483,2,1,明威置業,https://i1.28hse.com/2026/08/202608011701376085690_thumb.jpg,https://www.28hse.com/buy/apartment/property-3955284,2026-08-06T17:33:59.496264+00:00
3955061,"超值唐2樓, 鄰近旺角地鐵站, 投資首選, 可改4房, 超值回報, 還價即成.",旺角,砵蘭街321號,3800000,665,3,3,環亞物業代理有限公司,https://i1.28hse.com/2026/08/202608011511182369760_thumb.jpg,https://www.28hse.com/buy/apartment/property-3955061,2026-08-06T17:33:59.496264+00:00
3954631,"平地電梯,極近雙鐵,中層,大單邊3房,交通超方便，投資自用必選,大膽還價即簽!",旺角,大安大廈,4600000,564,3,,富榮地產代理,https://i1.28hse.com/2026/08/202608011138297718096_thumb.jpg,https://www.28hse.com/buy/apartment/property-3954631,2026-08-06T17:33:59.496264+00:00
3954304,太子地鐵站頂 彌敦道靚位 可商可住 最荀呢間 歡迎查詢/梁小姐,旺角,東海大廈,3880000,431,2,1,喜居物業(旺角舖),https://i1.28hse.com/2026/07/202607312117324818641_thumb.jpg,https://www.28hse.com/buy/apartment/property-3954304,2026-08-06T17:33:59.496264+00:00
3953896,✫✫2房靚裝 1分鐘到旺角地鐵站 平地電梯✫✫,旺角,黃金大廈,4800000,374,2,,千億物業,https://i1.28hse.com/2026/07/202607311740178621709_thumb.jpg,https://www.28hse.com/buy/apartment/property-3953896,2026-08-06T17:33:59.496264+00:00
3953181,吉售近朗豪坊新裝實用2房平地電梯,旺角,廣源大廈,3830000,383,2,1,金海物業公司,https://i1.28hse.com/2026/07/202607311201157424734_thumb.jpg,https://www.28hse.com/buy/apartment/property-3953181,2026-08-06T17:33:59.496264+00:00
3953140,花墟罕有 兩房 大廳大房 實盤可睇樓 太子站5分鐘,旺角,太華樓,4680000,545,2,1,富榮地產代理,https://i1.28hse.com/2026/07/20260731111959620732_thumb.jpg,https://www.28hse.com/buy/apartment/property-3953140,2026-08-06T17:33:59.496264+00:00
3952880,全新靚裝浴室乾濕分離多窗近朗豪坊平地電梯,旺角,廣源大廈,3830000,383,2,1,華麗國際有限公司,https://i1.28hse.com/2026/07/202607302044212921134_thumb.jpg,https://www.28hse.com/buy/apartment/property-3952880,2026-08-06T17:33:59.496264+00:00
3489216,冇界間、適合任何行業、可以做樓上舖、地點旺,旺角,先施大廈,4880000,772,2,,明威置業,https://i1.28hse.com/2025/06/202506301253448234938_thumb.jpg,https://www.28hse.com/buy/apartment/property-3489216,2026-08-06T17:33:59.496264+00:00
3952390,【藝興大廈】3房雅裝 核心位置 收租自住皆宜 歡迎查詢,旺角,藝興大廈,5200000,593,3,1,駿輝地產發展有限公司,https://i1.28hse.com/2026/07/202607301615115298301_thumb.jpg,https://www.28hse.com/buy/apartment/property-3952390,2026-08-06T17:33:59.496264+00:00
3952294,旺角亞皆老街電梯洋樓 清雅裝修 實用間隔 歡迎約睇,旺角,新輝大廈,4980000,588,2,1,三月地產,https://i1.28hse.com/2026/07/202607301543298911086_thumb.jpg,https://www.28hse.com/buy/apartment/property-3952294,2026-08-06T17:33:59.496264+00:00
3951957,"近朗豪坊,奧海城,雙站通全港,靚裝,即買即用",旺角,順興大廈,4800000,429,2,1,金國置業,https://i1.28hse.com/2026/07/202607301251512052544_thumb.jpg,https://www.28hse.com/buy/apartment/property-3951957,2026-08-06T17:33:59.496264+00:00
3786822,旺角唐I楼售299萬獨家代理近朗豪坊高息,旺角,單幢樓房,2990000,436,3,3,家田物業代理公司,https://i1.28hse.com/2026/03/202603261835372460697_thumb.jpg,https://www.28hse.com/buy/apartment/property-3786822,2026-08-06T17:33:59.496264+00:00
3951685,旺角廣源大廈 全新裝修兩房,旺角,廣源大廈,3830000,383,2,1,駿輝地產建榮有限公司,https://i1.28hse.com/2026/07/202607300028487542865_thumb.jpg,https://www.28hse.com/buy/apartment/property-3951685,2026-08-06T17:33:59.496264+00:00
3951683,兩房一廳 光猛開揚 鮮有放賣 近地鐵近東鐵 投資回報率高自住一流,旺角,西洋大樓,4280000,466,2,1,君皇地產有限公司,https://i1.28hse.com/2026/07/202607300028024230342_thumb.jpg,https://www.28hse.com/buy/apartment/property-3951683,2026-08-06T17:33:59.496264+00:00
3951258,"*近朗豪坊*投資自住首選*全新裝修兩房,兩邊窗,乾明廁,已大維修,平地三部新電梯",旺角,廣源大廈,3830000,383,2,1,晉聯地產(太子),https://i1.28hse.com/2026/07/202607291741296785594_thumb.jpg,https://www.28hse.com/buy/apartment/property-3951258,2026-08-06T17:33:59.496264+00:00
3823145,A座雙入口《高層少放盤》606呎《交吉交易》提前約睇，投資，自用首選!,旺角,仁安大廈,6800000,606,2,1,金匙物業,https://i1.28hse.com/2026/04/202604251420156774065_thumb.jpg,https://www.28hse.com/buy/apartment/property-3823145,2026-08-06T17:33:59.496264+00:00
3951103,全新裝，即買即住，小單边,旺角,廣源大廈,3830000,383,2,1,安迪物業代理,https://i1.28hse.com/2026/07/202607291645518728182_thumb.jpg,https://www.28hse.com/buy/apartment/property-3951103,2026-08-06T17:33:59.496264+00:00
3420312,筍【仁安大廈】 業主移民♡一減再減♡交通方便♡ 投資自用收租皆選♡,旺角,仁安大廈,7800000,774,3,2,駿輝地產安業有限公司,https://i1.28hse.com/2025/08/202508032236026722077_thumb.jpg,https://www.28hse.com/buy/apartment/property-3420312,2026-08-06T17:33:59.496264+00:00
3950846,100印花 旺角近朗豪坊 兩房 全新裝修,旺角,廣源大廈,3830000,383,2,1,金居物業,https://i1.28hse.com/2026/07/202607291438343515546_thumb.jpg,https://www.28hse.com/buy/apartment/property-3950846,2026-08-06T17:33:59.496264+00:00
3950361,細價上車盤 靚裝唔駛執 還價即成,旺角,廣源大廈,3830000,383,2,,金國置業,https://i1.28hse.com/2026/07/202607282223455830888_thumb.jpg,https://www.28hse.com/buy/apartment/property-3950361,2026-08-06T17:33:59.496264+00:00
3950038,彌敦道水渠道兩鐵交匯旺中帶靜符近新世紀廣場旺角東站太子地鐵站上蓋(可租.可售),旺角,東海大廈,4980000,496,2,1,富榮地產代理,https://i1.28hse.com/2026/07/202607281814077764499_thumb.jpg,https://www.28hse.com/buy/apartment/property-3950038,2026-08-06T17:33:59.496264+00:00
3949811,仁安樓皇 罕有高層靚裝修2房 有票盡傾,旺角,仁安大廈,6800000,606,2,1,駿輝地產建榮有限公司,https://i1.28hse.com/2026/07/202607281808085122115_thumb.jpg,https://www.28hse.com/buy/apartment/property-3949811,2026-08-06T17:33:59.496264+00:00
3949671,*旺角洋樓 [上車盤]~全新靚裝+單邊多窗+平地電梯+有匙即睇*,旺角,廣源大廈,3830000,383,2,1,廣信地產顧問有限公司,https://i1.28hse.com/2026/07/202607281546218447834_thumb.jpg,https://www.28hse.com/buy/apartment/property-3949671,2026-08-06T17:33:59.496264+00:00
3949523,旺角唐樓＇投資收租，有收購潛力,旺角,通菜街36號,2880000,587,3,1,家旺物業,https://i1.28hse.com/2026/07/202607281441163570356_thumb.jpg,https://www.28hse.com/buy/apartment/property-3949523,2026-08-06T17:33:59.496264+00:00
3949495,旺角核心地段 廣源大廈 投資自用皆精明之選,旺角,廣源大廈,3830000,383,2,1,金國置業,https://i1.28hse.com/2026/07/20260728143045804017_thumb.jpg,https://www.28hse.com/buy/apartment/property-3949495,2026-08-06T17:33:59.496264+00:00
3949491,平地電梯洋樓 環境清淨,旺角,華樂大廈,3500000,388,2,1,鉅泰地產,https://i1.28hse.com/2026/07/202607281429355538171_thumb.jpg,https://www.28hse.com/buy/apartment/property-3949491,2026-08-06T17:33:59.496264+00:00
3949466,筍盤 ！還價即成！實用高層二房 已大維及換lift,旺角,華鴻大樓,3590000,442,2,1,泰安地產,https://i1.28hse.com/2026/07/202607281413153097088_thumb.jpg,https://www.28hse.com/buy/apartment/property-3949466,2026-08-06T17:33:59.496264+00:00
3949387,旺中帶靜 抵住三房 有露台有會所,旺角,百利達廣場,7980000,549,3,1,富榮地產代理,https://i1.28hse.com/2026/07/202607281328075333964_thumb.jpg,https://www.28hse.com/buy/apartment/property-3949387,2026-08-06T17:33:59.496264+00:00
3948906,【仁安大廈】高層開陽 面積實用 管理完善 歡迎約睇,旺角,仁安大廈,6800000,606,2,1,駿輝地產世一有限公司,https://i1.28hse.com/2026/07/202607271933014234185_thumb.jpg,https://www.28hse.com/buy/apartment/property-3948906,2026-08-06T17:33:59.496264+00:00
3948858,雙鐵中間 連特色平台1087呎 間隔實用 平地電梯,旺角,昌明大廈,6200000,457,2,,明威置業,https://i1.28hse.com/2026/07/202607271903536159389_thumb.jpg,https://www.28hse.com/buy/apartment/property-3948858,2026-08-06T17:33:59.496264+00:00
3948618,業主割愛 靚裝出售 太子半新樓 1房有露台,旺角,MOD 595,6000000,386,1,1,三月地產,https://i1.28hse.com/2026/07/202607271708138683642_thumb.jpg,https://www.28hse.com/buy/apartment/property-3948618,2026-08-06T17:33:59.496264+00:00
3948542,旺角《3房1廳》！有電梯！投資自住一流！實用率高！鄰近地鐵！歡迎查詢！ 投資,旺角,泰怡大廈,5280000,590,3,1,沙龍地產,https://i1.28hse.com/2026/08/202608051332537745245_thumb.jpg,https://www.28hse.com/buy/apartment/property-3948542,2026-08-06T17:33:59.496264+00:00
3948501,精選兩房【仁安大廈】裝修新淨．高層多窗開揚．平地電梯,旺角,仁安大廈,6800000,606,2,1,駿輝地產發展有限公司,https://i1.28hse.com/2026/07/202607271623245331940_thumb.jpg,https://www.28hse.com/buy/apartment/property-3948501,2026-08-06T17:33:59.496264+00:00
3948491,Mod595 高層 靚景 對流窗 靚裝2房2廰 間隔實用,旺角,MOD 595,7990000,483,2,1,金暉地產公司,https://i1.28hse.com/2026/07/202607271620413298442_thumb.jpg,https://www.28hse.com/buy/apartment/property-3948491,2026-08-06T17:33:59.496264+00:00
3948349,"高層開揚景,2房,清淨,罕有放盤,約睇",旺角,MOD 595,8000000,483,2,1,晉聯地產(太子),https://i1.28hse.com/2026/07/202607271518392780582_thumb.jpg,https://www.28hse.com/buy/apartment/property-3948349,2026-08-06T17:33:59.496264+00:00
3948305,【仁安大廈 ~ 呎價低】《高層樓皇》*2房1廳*,旺角,仁安大廈,6800000,606,2,1,駿輝地產建榮有限公司,https://i1.28hse.com/2026/07/202607271452512051157_thumb.jpg,https://www.28hse.com/buy/apartment/property-3948305,2026-08-06T17:33:59.496264+00:00
3947656,~~ 新裝收租過二萬神器 ~~,旺角,廣東道1042號,3500000,487,3,3,廣信地產顧問有限公司,https://i1.28hse.com/2026/07/20260726193949859434_thumb.jpg,https://www.28hse.com/buy/apartment/property-3947656,2026-08-06T17:33:59.496264+00:00
3947618,《仁安樓皇》高層（2大房靚裝修） 歡迎行家合作,旺角,仁安大廈,6800000,606,2,1,金居物業,https://i1.28hse.com/2026/07/202607261908555378416_thumb.jpg,https://www.28hse.com/buy/apartment/property-3947618,2026-08-06T17:33:59.496264+00:00
3947449,****必睇實用名廈［仁安大廈］近培正華仁 606呎可改三房 ***熟業主求收票,旺角,仁安大廈,6800000,606,2,1,駿輝地產置業有限公司,https://i1.28hse.com/2026/07/202607261739024575780_thumb.jpg,https://www.28hse.com/buy/apartment/property-3947449,2026-08-06T17:33:59.496264+00:00
3947414,超筍靚裝兩房！業主割愛、即買即住即租、可約睇,旺角,仁安大廈,6800000,606,2,1,駿輝地產旺角有限公司,https://i1.28hse.com/2026/07/202607261735361084026_thumb.jpg,https://www.28hse.com/buy/apartment/property-3947414,2026-08-06T17:33:59.496264+00:00
3946789,~~ 新裝兩房，全場最抵呢間 ~~,旺角,華樂大廈,3500000,388,2,1,廣信地產顧問有限公司,https://i1.28hse.com/2026/07/20260725200812977441_thumb.jpg,https://www.28hse.com/buy/apartment/property-3946789,2026-08-06T17:33:59.496264+00:00
3946738,~~ 相熟業主，必走價錢，高層兩房 ~~,旺角,源發大廈,3600000,412,2,1,廣信地產顧問有限公司,https://i1.28hse.com/2026/07/202607251920437690552_thumb.jpg,https://www.28hse.com/buy/apartment/property-3946738,2026-08-06T17:33:59.496264+00:00
3946444,"高層對流兩房,旺中有靜",旺角,MOD 595,8000000,483,2,1,晉聯地產(太子),https://i1.28hse.com/2026/07/202607251701055803965_thumb.jpg,https://www.28hse.com/buy/apartment/property-3946444,2026-08-06T17:33:59.496264+00:00
3834111,銀行估凸! 罕有高層旺角核心地段3房 年收租約3.7%,旺角,仁安大廈,7650000,774,3,1,金國置業,https://i1.28hse.com/2026/05/202605041609304455272_thumb.jpg,https://www.28hse.com/buy/apartment/property-3834111,2026-08-06T17:33:59.496264+00:00
3785774,對華仁書院球場景，近油麻地站，購物出入方便,旺角,仁安大廈,7650000,774,3,1,富旺地產代理有限公司,https://i1.28hse.com/2026/03/20260325215946709811_thumb.jpg,https://www.28hse.com/buy/apartment/property-3785774,2026-08-06T17:33:59.496264+00:00
3945594,旺角市中心/收租王/专才必选/快约睇 Ivy 9I439959,旺角,麥花臣匯,6950000,398,1,,香港置業,https://i1.28hse.com/2026/07/202607242108146386577_thumb.jpg,https://www.28hse.com/buy/apartment/property-3945594,2026-08-06T17:33:59.496264+00:00
3945314,"*寧靜高層*兩房連大露台,三邊多窗,開陽城市景,獅子山景,梗廚明火,明廁,有會所",旺角,MOD 595,8000000,483,2,1,晉聯地產(太子),https://i1.28hse.com/2026/07/202607241818356848770_thumb.jpg,https://www.28hse.com/buy/apartment/property-3945314,2026-08-06T17:33:59.496264+00:00
3944836,3房1廳 561尺！收租荀盤【宏安大廈】靚裝修！1分鐘地鐵 平地電梯 黃金地段,旺角,宏安大廈,5350000,561,3,1,駿輝地產發展有限公司,https://i1.28hse.com/2026/07/202607241512058642801_thumb.jpg,https://www.28hse.com/buy/apartment/property-3944836,2026-08-06T17:33:59.496264+00:00
3944642,旺角區、交通方便、全新裝修，2房,旺角,廣源大廈,3830000,383,2,1,富榮地產代理,https://i1.28hse.com/2026/07/202607291837484422134_thumb.jpg,https://www.28hse.com/buy/apartment/property-3944642,2026-08-06T17:33:59.496264+00:00
3944641,"罕有特色空中花園700呎,現成3個新裝套房,可以吉售,租緊$32k",旺角,仁安大廈,7800000,594,3,3,明威置業,https://i1.28hse.com/2026/08/202608011506516912939_thumb.jpg,https://www.28hse.com/buy/apartment/property-3944641,2026-08-06T17:33:59.496264+00:00
3944608,"【小妹推介】實用2房, 特式單位, 近旺角地鐵站",旺角,長旺雅苑,6000000,352,2,1,美聯物業代理有限公司,https://i1.28hse.com/2026/07/202607241311178071309_thumb.jpg,https://www.28hse.com/buy/apartment/property-3944608,2026-08-06T17:33:59.496264+00:00
3780777,開揚實用2房 已做大維修 自住投資皆相宜,旺角,廣輝大廈,5250000,386,2,1,金國置業,https://i1.28hse.com/2026/06/202606081921053884196_thumb.jpg,https://www.28hse.com/buy/apartment/property-3780777,2026-08-06T17:33:59.496264+00:00
3944181,三個套房 連租約出售,旺角,利民大樓,2550000,390,3,3,環亞物業拍賣有限公司,/assets/img/loadingphoto170_125.jpg,https://www.28hse.com/buy/apartment/property-3944181,2026-08-06T17:33:59.496264+00:00
3943791,東海大廈417尺放售,旺角,東海大廈,4280000,417,2,1,喜居物業(欽州街舖),https://i1.28hse.com/2026/07/202607231756116881778_thumb.jpg,https://www.28hse.com/buy/apartment/property-3943791,2026-08-06T17:33:59.496264+00:00
3147449,中層1房 向東南 開揚球場景 光猛開揚 投資/自住首選,旺角,SKYPARK,7080000,407,1,1,富榮地產代理,https://i1.28hse.com/2026/07/202607231313168719052_thumb.jpg,https://www.28hse.com/buy/apartment/property-3147449,2026-08-06T17:33:59.496264+00:00
3943026,東鐵旁邊 2房1廳 平地電梯 望公園景,旺角,華樂大廈,4000000,442,2,1,明威置業,https://i1.28hse.com/2026/07/202607231543032084660_thumb.jpg,https://www.28hse.com/buy/apartment/property-3943026,2026-08-06T17:33:59.496264+00:00
3942628,旺角站上蓋 三邊窗大單邊 三房套廁 四部平地電梯,旺角,遠東發展旺角大廈,5280000,471,3,2,廣信地產顧問有限公司,https://i1.28hse.com/2026/07/202607222019212797400_thumb.jpg,https://www.28hse.com/buy/apartment/property-3942628,2026-08-06T17:33:59.496264+00:00
3867998,♡旺角中心點♡~【黃金地段】✿靚靚裝修即買即住即收租,旺角,龍飛大廈,4200000,467,2,1,富榮地產代理,https://i1.28hse.com/2026/05/202605301921148470252_thumb.jpg,https://www.28hse.com/buy/apartment/property-3867998,2026-08-06T17:33:59.496264+00:00
3410638,花園街山東街5分鐘旺角地鐵站旺中帶靜地點靚業主急走見票即收(係唐二樓),旺角,百祥大廈,4200000,521,3,1,富榮地產代理,https://i1.28hse.com/2026/01/202601281732182452848_thumb.jpg,https://www.28hse.com/buy/apartment/property-3410638,2026-08-06T17:33:59.496264+00:00
3941814,🩵三月🩵【全新裝修 ● 大兩房 ● 匙盤】*近旺角站/油麻地站*,旺角,廣源大廈,3830000,383,2,1,三月地產,https://i1.28hse.com/2026/08/202608051732098112627_thumb.jpg,https://www.28hse.com/buy/apartment/property-3941814,2026-08-06T17:33:59.496264+00:00
3941682,两房實用，两鐵匯聚，用家必選，歡迎約睇,旺角,依利大廈,5380000,503,2,1,八達地產代理有限公司,https://i1.28hse.com/2026/07/20260722123545113438_thumb.jpg,https://www.28hse.com/buy/apartment/property-3941682,2026-08-06T17:33:59.496264+00:00
3941444,*撿漏超筍賣盤*三房兩廳 唐7/F 業主自住保養好 极具收購潛力 自住投資一流,旺角,通菜街36號,2880000,587,3,1,君皇地產有限公司,https://i1.28hse.com/2026/07/202607220038191795486_thumb.jpg,https://www.28hse.com/buy/apartment/property-3941444,2026-08-06T17:33:59.496264+00:00
3941441,"【唔係一般單位咁簡單，其實係一個收租神器】 已開三間套房,每月收租2xxxx",旺角,利興大樓,3850000,489,3,3,駿輝地產世一有限公司,https://i1.28hse.com/2026/07/202607220028207435624_thumb.jpg,https://www.28hse.com/buy/apartment/property-3941441,2026-08-06T17:33:59.496264+00:00
3941336,雙鐵匯聚*實用2房*光猛多窗 *鄰近地鐵*周邊配套齊備*歡迎約睇,旺角,依利大廈,5400000,508,2,1,廣信地產顧問有限公司,https://i1.28hse.com/2026/07/202607212104513075016_thumb.jpg,https://www.28hse.com/buy/apartment/property-3941336,2026-08-06T17:33:59.496264+00:00
3940850,**市場難求 投資自住皆!!【SKYPARK】豪華裝修 企理乾淨 地點方便!!,旺角,SKYPARK,7500000,404,1,1,駿輝地產投資有限公司,https://i1.28hse.com/2026/07/202607211623442225004_thumb.jpg,https://www.28hse.com/buy/apartment/property-3940850,2026-08-06T17:33:59.496264+00:00
2563272,"【蝕讓盤】旺角地標住宅,雙鐵交匯,麥花臣匯大一房,實盤！",旺角,麥花臣匯,6550000,398,1,,富榮地產代理,https://i1.28hse.com/2023/03/202303011818118536853_thumb.jpg,https://www.28hse.com/buy/apartment/property-2563272,2026-08-06T17:33:59.496264+00:00
3632421,"旺角地皇水務處重建升值潛力收緊租26000 ,【7厘回報】",旺角,建煌華廈,4180000,567,3,3,富榮地產代理,https://i1.28hse.com/2025/11/202511061502584444573_thumb.jpg,https://www.28hse.com/buy/apartment/property-3632421,2026-08-06T17:33:59.496264+00:00
3939467,【8分鐘東鐵站】【大廳大房】【有匙即睇】,旺角,藝興大廈,4380000,638,1,1,盛昌地產有限公司,https://i1.28hse.com/2026/08/202608021559067676253_thumb.jpg,https://www.28hse.com/buy/apartment/property-3939467,2026-08-06T17:33:59.496264+00:00
3939452,《靚裝，靚則》《2房2廳》呎價超筍，快走盤，歡迎預約睇樓!,旺角,依利大廈,5380000,503,2,1,金匙物業,https://i1.28hse.com/2026/07/202607201356185202314_thumb.jpg,https://www.28hse.com/buy/apartment/property-3939452,2026-08-06T17:33:59.496264+00:00
3851297,＃獨家＃　鳳凰樓層　南北對流通爽　三房　極罕有放售,旺角,鴻都大廈,6390000,405,3,1,惠興物業,https://i1.28hse.com/2026/07/202607201116115033066_thumb.jpg,https://www.28hse.com/buy/apartment/property-3851297,2026-08-06T17:33:59.496264+00:00
3894699,中層大1房 梗廚 投資/自住首選,旺角,麥花臣匯,7800000,470,1,1,富榮地產代理,https://i1.28hse.com/2026/06/202606171230528843253_thumb.jpg,https://www.28hse.com/buy/apartment/property-3894699,2026-08-06T17:33:59.496264+00:00
3937857,【正】旺角名廈 九成實用則王 三房一套 罕有稀出 還價即成,旺角,仁安大廈,7180000,771,3,2,金國置業,https://i1.28hse.com/2026/07/202607182106592577377_thumb.jpg,https://www.28hse.com/buy/apartment/property-3937857,2026-08-06T17:33:59.496264+00:00
3937421,2大房大廳平地電梯,旺角,依利大廈,5380000,503,2,1,鉅泰地產,https://i1.28hse.com/2026/07/202607181702071125216_thumb.jpg,https://www.28hse.com/buy/apartment/property-3937421,2026-08-06T17:33:59.496264+00:00
3937185,指定代理。。開楊。。環境清靜,旺角,建煌華廈,3480000,469,2,1,中聯集團,https://i1.28hse.com/2026/07/202607181519301303979_thumb.jpg,https://www.28hse.com/buy/apartment/property-3937185,2026-08-06T17:33:59.496264+00:00
1648677,旺角優質屋苑 面積夠實用 租金回報理想,旺角,仁安大廈,6800000,606,2,1,富榮地產代理,https://i1.28hse.com/2021/03/202103271947417709788_thumb.jpg,https://www.28hse.com/buy/apartment/property-1648677,2026-08-06T17:33:59.496264+00:00
3936826,～獨家兩房荀盤*＜位置方便＾投資精選＞,旺角,One Soho,7480000,374,2,1,中原地產,https://i1.28hse.com/2026/07/202607181200543825054_thumb.jpg,https://www.28hse.com/buy/apartment/property-3936826,2026-08-06T17:33:59.496264+00:00
3852385,地铁口，2房，有匙,旺角,利群大廈,4050000,535,2,1,中聯集團,https://i1.28hse.com/2026/06/20260615130758378364_thumb.jpg,https://www.28hse.com/buy/apartment/property-3852385,2026-08-06T17:33:59.496264+00:00
3936556,"【VR/圖則】2房,一梯一伙,豪宅式保安:限匙乘搭電梯往自己樓層,鄰朗豪坊",旺角,東海閣,5380000,378,2,1,小村置業有限公司,https://i1.28hse.com/2026/08/202608061114395667979_thumb.jpg,https://www.28hse.com/buy/apartment/property-3936556,2026-08-06T17:33:59.496264+00:00
3841659,【SKYPARK】旺角地標屋苑! 地鐵站3分鐘到達! 天室會所!,旺角,SKYPARK,6880000,399,1,1,駿輝地產有限公司,https://i1.28hse.com/2026/05/202605091557332438590_thumb.jpg,https://www.28hse.com/buy/apartment/property-3841659,2026-08-06T17:33:59.496264+00:00
3762767,旺角近地鐵 雅裝三房二廁 筍,旺角,仁安大廈,7170000,771,3,2,富旺地產代理有限公司,https://i1.28hse.com/2026/04/202604091950211455498_thumb.jpg,https://www.28hse.com/buy/apartment/property-3762767,2026-08-06T17:33:59.496264+00:00
3935750,旺角屋苑 大則兩房 已做大廈維修,旺角,仁安大廈,6800000,606,2,1,富榮地產代理,https://i1.28hse.com/2026/07/202607171607152760416_thumb.jpg,https://www.28hse.com/buy/apartment/property-3935750,2026-08-06T17:33:59.496264+00:00
3935720,旺角地段 2房 平地LIFT (有匙即到),旺角,廣源大廈,3830000,383,2,1,天域地產代理有限公司,https://i1.28hse.com/2026/07/202607301426398226891_thumb.jpg,https://www.28hse.com/buy/apartment/property-3935720,2026-08-06T17:33:59.496264+00:00
3935308,太子站上蓋 完全企理裝修 兩房實用,旺角,東海大廈,4280000,417,2,1,富榮地產代理,https://i1.28hse.com/2026/07/202607171240022311354_thumb.jpg,https://www.28hse.com/buy/apartment/property-3935308,2026-08-06T17:33:59.496264+00:00
3934834,秒到旺角地鐵站口，連556大平台。,旺角,永如大廈,5380000,516,2,1,龍鳳地產公司,https://i1.28hse.com/2026/07/202607161954314954564_thumb.jpg,https://www.28hse.com/buy/apartment/property-3934834,2026-08-06T17:33:59.496264+00:00
3837652,旺角近地鐵 超大面積可間三房 收租自住皆筍,旺角,藝興大廈,4380000,638,1,1,富旺地產代理有限公司,https://i1.28hse.com/2026/06/20260629193627710852_thumb.jpg,https://www.28hse.com/buy/apartment/property-3837652,2026-08-06T17:33:59.496264+00:00
3934802,獨家 旺角地鐵傍 東南華仁靚景大二房巨廳 筍,旺角,翠園大樓,6280000,698,2,1,富旺地產代理有限公司,https://i1.28hse.com/2026/07/202607161934126447905_thumb.jpg,https://www.28hse.com/buy/apartment/property-3934802,2026-08-06T17:33:59.496264+00:00
3934469,++有匙++靚則兩房 實用間格 開揚多窗,旺角,順興大廈,4680000,429,2,1,廣信地產顧問有限公司,https://i1.28hse.com/2026/07/202607171830503154286_thumb.jpg,https://www.28hse.com/buy/apartment/property-3934469,2026-08-06T17:33:59.496264+00:00
3231772,旺角地鐵站隔離!配套齊全!,旺角,龍飛大廈,4280000,488,2,1,喜居物業(旺角舖),https://i1.28hse.com/2025/09/202509111822288941151_thumb.jpg,https://www.28hse.com/buy/apartment/property-3231772,2026-08-06T17:33:59.496264+00:00
3934073,極罕 單邊開揚3房連租約 見票即走 可交吉售,旺角,宏安大廈,5380000,561,3,1,駿輝地產建榮有限公司,https://i1.28hse.com/2026/07/202607161351174237607_thumb.jpg,https://www.28hse.com/buy/apartment/property-3934073,2026-08-06T17:33:59.496264+00:00
3850895,【蝕錢急放售】可以買公司 旺角黃金地段,旺角,豉油街25-31號,4980000,593,3,3,明德行,https://i1.28hse.com/2026/05/202605161500291747102_thumb.jpg,https://www.28hse.com/buy/apartment/property-3850895,2026-08-06T17:33:59.496264+00:00
3933333,skypark一房 投資自住首選 豪華空中會所 有票可試,旺角,SKYPARK,6880000,399,1,1,駿輝地產皓譽有限公司,https://i1.28hse.com/2026/08/202608061545323377081_thumb.jpg,https://www.28hse.com/buy/apartment/property-3933333,2026-08-06T17:33:59.496264+00:00
1628286,市区罕有咁实用的单位，正在全新装修，明威阁2房独家代理，即可睇樓,旺角,明威閣,4980000,355,2,1,明威置業,https://i1.28hse.com/2026/07/20260730175400245648_thumb.jpg,https://www.28hse.com/buy/apartment/property-1628286,2026-08-06T17:33:59.496264+00:00
3379629,熟絡業主!高層 靚則、3房上車之選,旺角,鴻光大廈,4880000,459,3,1,明威置業,https://i1.28hse.com/2026/07/20260715122718436280_thumb.jpg,https://www.28hse.com/buy/apartment/property-3379629,2026-08-06T17:33:59.496264+00:00
3840482,旺角鄰近朗豪坊 靚裝兩房大廳 3部平地Lift 非常實用四正 投資自住皆宜,旺角,廣源大廈,3830000,383,2,1,鴻發地產物業,https://i1.28hse.com/2026/08/202608051213144017997_thumb.jpg,https://www.28hse.com/buy/apartment/property-3840482,2026-08-06T17:33:59.496264+00:00
3932409,【有匙】四正兩房 鄰近兩鐵 樹影婆娑 旺中帶靜 光猛開揚 平地電梯 還價即成,旺角,華樂大廈,4150000,442,2,1,金國置業,https://i1.28hse.com/2026/07/202607142246381412163_thumb.jpg,https://www.28hse.com/buy/apartment/property-3932409,2026-08-06T17:33:59.496264+00:00
3932030,"太子靚位置,{放租23800}極近雙鐵,唐一樓，商住兩用,适合各行各業,還價即簽",旺角,唐樓,5280000,706,1,1,富榮地產代理,https://i1.28hse.com/2026/07/202607141738022711117_thumb.jpg,https://www.28hse.com/buy/apartment/property-3932030,2026-08-06T17:33:59.496264+00:00
3849179,"旺角雙鐵,近朗豪坊,極方便.大大件,呎價至平!",旺角,德利大廈,3980000,537,3,1,富榮地產代理,https://i1.28hse.com/2026/06/202606041650494411672_thumb.jpg,https://www.28hse.com/buy/apartment/property-3849179,2026-08-06T17:33:59.496264+00:00
3475886,【永如大廈】地鐵口，連特大平台,旺角,永如大廈,5380000,516,2,1,安泰物業,https://i1.28hse.com/2026/04/202604271713065719958_thumb.jpg,https://www.28hse.com/buy/apartment/property-3475886,2026-08-06T17:33:59.496264+00:00
3930970,*麥花臣園景 靚裝即住 實用見稱 平地電梯 兩鐵匯聚 歡迎約睇*,旺角,華樂大廈,4000000,442,2,1,廣信地產顧問有限公司,https://i1.28hse.com/2026/07/202607132026023350111_thumb.jpg,https://www.28hse.com/buy/apartment/property-3930970,2026-08-06T17:33:59.496264+00:00
3832815,【太子地鐵口】長寧大廈，兩房一衣帽間，梗廚，光猛開揚，太子地鐵口。,旺角,長寧大廈,6200000,837,3,2,鴻利物業代理有限公司,https://i1.28hse.com/2026/05/202605031553157361596_thumb.jpg,https://www.28hse.com/buy/apartment/property-3832815,2026-08-06T17:33:59.496264+00:00
3930586,!!高層開揚光猛!!【兆業大廈】太子核心 極度方便,旺角,兆業大廈,4080000,399,2,1,駿輝地產安業有限公司,https://i1.28hse.com/2026/07/202607131658582935075_thumb.jpg,https://www.28hse.com/buy/apartment/property-3930586,2026-08-06T17:33:59.496264+00:00
3930381,【有匙有影片】1分鐘到旺角站 靚裝唐樓 俱重建價值 收租可達$11500,旺角,福昌大樓,2500000,370,2,1,富榮地產代理,https://i1.28hse.com/2026/07/202607131522221108673_thumb.jpg,https://www.28hse.com/buy/apartment/property-3930381,2026-08-06T17:33:59.496264+00:00
3929998,平地𨋢3部 ~ 1分鍾到地鐵~ 核心商業地段,旺角,好望角大廈,4680000,580,1,1,晉聯地產(太子),https://i1.28hse.com/2026/07/202607191928215334918_thumb.jpg,https://www.28hse.com/buy/apartment/property-3929998,2026-08-06T17:33:59.496264+00:00
3764836,3面單邊【昌富大廈】地鐵站零距離旺中帶靜9成按揭！可改3房,旺角,昌富大廈,4380000,381,2,1,駿輝地產安業有限公司,https://i1.28hse.com/2026/06/202606160903092519145_thumb.jpg,https://www.28hse.com/buy/apartment/property-3764836,2026-08-06T17:33:59.496264+00:00
3929866,旺角中心地段1分鐘直達地鐵站 有會所有泳池 罕有放盤大一房 投資自住一流,旺角,SKYPARK,7500000,399,1,1,駿輝地產港一有限公司,https://i1.28hse.com/2026/07/202607130419461450728_thumb.jpg,https://www.28hse.com/buy/apartment/property-3929866,2026-08-06T17:33:59.496264+00:00
3929492,*電梯洋樓 [曲尺大單邊]~$100稅+平呎價+近朗豪坊+有匙引看*,旺角,德利大廈,3980000,537,3,1,廣信地產顧問有限公司,https://i1.28hse.com/2026/07/202607121915288743699_thumb.jpg,https://www.28hse.com/buy/apartment/property-3929492,2026-08-06T17:33:59.496264+00:00
3929009,獨家代理 翠園大廈 2房 巨廳 華仁靚景,旺角,翠園大樓,6280000,698,2,1,富旺地產代理有限公司,https://i1.28hse.com/2026/07/202607121331592583222_thumb.jpg,https://www.28hse.com/buy/apartment/property-3929009,2026-08-06T17:33:59.496264+00:00
3507281,高層2房 雅緻裝修 豪華會所 室內泳池 空中花園,旺角,SKYPARK,8180000,463,2,1,富榮地產代理,https://i1.28hse.com/2026/06/202606231306195570760_thumb.jpg,https://www.28hse.com/buy/apartment/property-3507281,2026-08-06T17:33:59.496264+00:00
3928582,*新興大廈~唐樓價錢 洋樓享受 歡迎約睇*,旺角,新興大廈,3600000,457,3,1,廣信地產顧問有限公司,https://i1.28hse.com/2026/07/202607111951523257282_thumb.jpg,https://www.28hse.com/buy/apartment/property-3928582,2026-08-06T17:33:59.496264+00:00
3928565,直到業主 100蚊印花稅海景單位 抵買三房,旺角,德利大廈,3980000,537,3,1,金居物業,https://i1.28hse.com/2026/07/202607111933542684127_thumb.jpg,https://www.28hse.com/buy/apartment/property-3928565,2026-08-06T17:33:59.496264+00:00
3928540,［百祥大廈］旺角核心地段 間格四正 唐樓,旺角,百祥大廈,2800000,450,2,,明威置業,/assets/img/loadingphoto170_125.jpg,https://www.28hse.com/buy/apartment/property-3928540,2026-08-06T17:33:59.496264+00:00
3927828,旺角市中心/收租王/专才必选/快约睇 Ivy 9I439959,旺角,麥花臣匯,6950000,398,1,,香港置業,https://i1.28hse.com/2026/07/202607111409394234358_thumb.jpg,https://www.28hse.com/buy/apartment/property-3927828,2026-08-06T17:33:59.496264+00:00
3926956,***旺角最核心地段~可改3房~周邊配套齊乜都有~,旺角,新江大樓,4600000,415,1,1,駿輝地產投資有限公司,https://i1.28hse.com/2026/07/202607211421234536983_thumb.jpg,https://www.28hse.com/buy/apartment/property-3926956,2026-08-06T17:33:59.496264+00:00
3926916,*新江大樓~核心旺地 多窗對流 可間3房 平地電梯 有匙即睇*,旺角,新江大樓,4600000,415,1,1,廣信地產顧問有限公司,https://i1.28hse.com/2026/07/202607101841363682056_thumb.jpg,https://www.28hse.com/buy/apartment/property-3926916,2026-08-06T17:33:59.496264+00:00
3926774,旺角最靚地段，罕有出售有匙即睇,旺角,新江大樓,4580000,415,1,1,富榮地產代理,https://i1.28hse.com/2026/07/202607101755238025918_thumb.jpg,https://www.28hse.com/buy/apartment/property-3926774,2026-08-06T17:33:59.496264+00:00
3926710,大房開揚、多窗實用、平地電梯、歡迎約睇,旺角,新江大樓,4600000,415,1,1,大同地產發展有限公司,https://i1.28hse.com/2026/07/202607101737412345465_thumb.jpg,https://www.28hse.com/buy/apartment/property-3926710,2026-08-06T17:33:59.496264+00:00
3926559,太子 2房+工人房 高層 Key,旺角,兆業大廈,4080000,399,2,1,富榮地產代理,https://i1.28hse.com/2026/07/202607191623046644797_thumb.jpg,https://www.28hse.com/buy/apartment/property-3926559,2026-08-06T17:33:59.496264+00:00
3886292,{{ 銀主超筍 }} 25年樓 ! 平地電梯 ！旺角核心地段！,旺角,華園閣,3980000,368,2,1,富榮地產代理,https://i1.28hse.com/2026/06/202606111541448471755_thumb.jpg,https://www.28hse.com/buy/apartment/property-3886292,2026-08-06T17:33:59.496264+00:00
3926234,大安大廈2大房1廳平地電梯,旺角,大安大廈,3180000,382,2,1,八達地產代理有限公司,https://i1.28hse.com/2026/07/202607101433557081972_thumb.jpg,https://www.28hse.com/buy/apartment/property-3926234,2026-08-06T17:33:59.496264+00:00
3926076,西洋菜南街弼街始創中心旁兩鐵交匯旺中帶靜符近新世紀廣場旺角東站2分鐘地鐵站平售,旺角,西洋菜南街202號,3900000,651,3,1,富榮地產代理,https://i1.28hse.com/2026/07/202607101340404852288_thumb.jpg,https://www.28hse.com/buy/apartment/property-3926076,2026-08-06T17:33:59.496264+00:00
3925990,吉售彌敦道旺地光猛開揚3房2廳平地電梯,旺角,新興大廈,3560000,457,3,1,金海物業公司,https://i1.28hse.com/2026/07/202607101204136651299_thumb.jpg,https://www.28hse.com/buy/apartment/property-3925990,2026-08-06T17:33:59.496264+00:00
3925883,️入契天台️有管道煤氣，紙皮石外牆,旺角,高好樓,3500000,528,2,1,富榮地產代理,https://i1.28hse.com/2026/07/202607101018237819977_thumb.jpg,https://www.28hse.com/buy/apartment/property-3925883,2026-08-06T17:33:59.496264+00:00
3925691,***市場難求［貴族高級屋苑］實用395呎 可交吉 相熟業主 ***還價即賣,旺角,SKYPARK,7150000,395,1,1,駿輝地產置業有限公司,https://i1.28hse.com/2026/07/202607092200545705734_thumb.jpg,https://www.28hse.com/buy/apartment/property-3925691,2026-08-06T17:33:59.496264+00:00
3925586,广华街，2房1厅2厕可改3房2厕475尺实用面积高层，向南,旺角,明威閣,5880000,475,2,2,明威置業,https://i1.28hse.com/2026/07/202607092026194109999_thumb.jpg,https://www.28hse.com/buy/apartment/property-3925586,2026-08-06T17:33:59.496264+00:00
3872649,旺角名廈 兩鐵匯聚 有會所 泳池 旺角區少有。寬大閱讀室 𡨴靜工作的好地方,旺角,SKYPARK,6800000,395,1,1,富榮地產代理,https://i1.28hse.com/2026/06/202606021605067309489_thumb.jpg,https://www.28hse.com/buy/apartment/property-3872649,2026-08-06T17:33:59.496264+00:00
3924274,旺角新樓 近旺角東站 收租樓皇 急售 大膽還價,旺角,SKYPARK,6880000,399,1,1,八達地產代理有限公司,https://i1.28hse.com/2026/08/202608061959013976249_thumb.jpg,https://www.28hse.com/buy/apartment/property-3924274,2026-08-06T17:33:59.496264+00:00
3837147,平地電梯【3房】近旺角地鐵站/大型商場/高層開陽,旺角,正華大廈,5680000,646,3,1,田發地產代理,https://i1.28hse.com/2026/05/202605061623342897358_thumb.jpg,https://www.28hse.com/buy/apartment/property-3837147,2026-08-06T17:33:59.496264+00:00
3923964,旺角筍盤！有匙即睇　，廳大房大，投資回報高,旺角,得寶大廈,4880000,448,2,1,鴻發地產物業,https://i1.28hse.com/2026/07/202607081847576656639_thumb.jpg,https://www.28hse.com/buy/apartment/property-3923964,2026-08-06T17:33:59.496264+00:00
3923308,「真實盤源」激荀 1房，歡迎約睇,旺角,SKYPARK,7000000,395,1,1,香港置業,https://i1.28hse.com/2026/07/202607081500044408710_thumb.jpg,https://www.28hse.com/buy/apartment/property-3923308,2026-08-06T17:33:59.496264+00:00
3922453,超平$4800’尺唐樓·旺角核心·鄰近奧運站,旺角,唐樓,2500000,518,2,1,富榮地產代理,https://i1.28hse.com/2026/07/202607071902291745634_thumb.jpg,https://www.28hse.com/buy/apartment/property-3922453,2026-08-06T17:33:59.496264+00:00
3554295,巨型盤~旺角~『52年2房606呎』 【仁安大廈】 呎價低 則皇,旺角,仁安大廈,6800000,606,2,1,駿輝地產專業有限公司,https://i1.28hse.com/2026/07/202607271437186489783_thumb.jpg,https://www.28hse.com/buy/apartment/property-3554295,2026-08-06T17:33:59.496264+00:00
3921850,罕有放盤，特色連天台，约睇,旺角,國佳大廈,4980000,440,2,1,高盛地產,https://i1.28hse.com/2026/07/202607071435146288903_thumb.jpg,https://www.28hse.com/buy/apartment/property-3921850,2026-08-06T17:33:59.496264+00:00
3921283,旺角核心地段 平呎價唐樓 $4900呎 實用3房 $100厘印 還價即成,旺角,單幢樓房,2880000,587,3,1,廣信地產顧問有限公司,https://i1.28hse.com/2026/07/202607062125127675649_thumb.jpg,https://www.28hse.com/buy/apartment/property-3921283,2026-08-06T17:33:59.496264+00:00
3921251,雙鐵中間 曲呎單邊 旺角核心地段,旺角,利民大樓,4000000,538,3,,明威置業,/assets/img/loadingphoto170_125.jpg,https://www.28hse.com/buy/apartment/property-3921251,2026-08-06T17:33:59.496264+00:00
3921132,地鐵站出口 旺角銀行中心對面 位置優越 罕有大單位放售 合投資 簡樸房等,旺角,通菜街36號,2880000,587,3,1,家旺物業 彌敦道分行,https://i1.28hse.com/2026/07/20260706192303417109_thumb.jpg,https://www.28hse.com/buy/apartment/property-3921132,2026-08-06T17:33:59.496264+00:00
3920915,業主自住劈價急走 極具收購潛力,旺角,通菜街36號,2980000,587,3,1,富榮地產代理,https://i1.28hse.com/2026/07/202607061752525463331_thumb.jpg,https://www.28hse.com/buy/apartment/property-3920915,2026-08-06T17:33:59.496264+00:00
2650960,"新放!獨家,名師設計,40萬豪裝,即買即用,做左大維修",旺角,荔塘大廈,4080000,429,2,,富榮地產代理,https://i1.28hse.com/2023/05/202305131716575750773_thumb.jpg,https://www.28hse.com/buy/apartment/property-2650960,2026-08-06T17:33:59.496264+00:00
3919867,兩房一廳 自住投資皆可 非平地電梯 鄰近旺角站及旺角東站,旺角,西洋大樓,4280000,466,2,1,君皇地產有限公司,https://i1.28hse.com/2026/07/202607300133583396169_thumb.jpg,https://www.28hse.com/buy/apartment/property-3919867,2026-08-06T17:33:59.496264+00:00
3919716,［明威閣］3部平地 間格實用,旺角,明威閣,5880000,475,2,2,明威置業,/assets/img/loadingphoto170_125.jpg,https://www.28hse.com/buy/apartment/property-3919716,2026-08-06T17:33:59.496264+00:00
3919416,【實盤可約】旺角筍盤𝟮房/快速上車/黃金地段誠意出售,旺角,大安大廈,3180000,382,2,1,富榮地產代理,https://i1.28hse.com/2026/07/202607051731082910081_thumb.jpg,https://www.28hse.com/buy/apartment/property-3919416,2026-08-06T17:33:59.496264+00:00
3835439,查詢有影片旺角花園街兩鐵匯聚樓下應有盡有已做大維修已換電梯高層3房筍賣,旺角,兆業大廈,4080000,399,3,1,駿輝地產有限公司,https://i1.28hse.com/2026/05/202605061454453710087_thumb.jpg,https://www.28hse.com/buy/apartment/property-3835439,2026-08-06T17:33:59.496264+00:00
3919121,*$100稅 兩鐵匯聚 交通便利 平地電梯 可約睇樓*,旺角,大安大廈,3100000,382,2,1,廣信地產顧問有限公司,https://i1.28hse.com/2026/07/202607051524206023995_thumb.jpg,https://www.28hse.com/buy/apartment/property-3919121,2026-08-06T17:33:59.496264+00:00
3714652,獨家代理 梁小姐 中層 三房兩厠 歡迎合作 見票可傾 大膽比價,旺角,新興大廈,5500000,757,3,2,駿發地產有限公司,https://i1.28hse.com/2026/05/202605032246398466576_thumb.jpg,https://www.28hse.com/buy/apartment/property-3714652,2026-08-06T17:33:59.496264+00:00
3871687,3房開揚、多窗實用、平地電梯、歡迎約睇,旺角,新興大廈,3600000,457,3,1,大同地產發展有限公司,https://i1.28hse.com/2026/07/202607151351296823388_thumb.jpg,https://www.28hse.com/buy/apartment/property-3871687,2026-08-06T17:33:59.496264+00:00
3916274,SKYPARK 404呎B單位向東碧薈酒店景收緊$19000租最間！,旺角,SKYPARK,6680000,398,1,1,富榮地產代理,https://i1.28hse.com/2026/08/202608061555181859563_thumb.jpg,https://www.28hse.com/buy/apartment/property-3916274,2026-08-06T17:33:59.496264+00:00
3916064,"太子站頂住宅大廈,兩房+工人房,有裝即買即住",旺角,東海大廈,4280000,417,2,1,晉聯地產(太子),https://i1.28hse.com/2026/07/202607031647457053867_thumb.jpg,https://www.28hse.com/buy/apartment/property-3916064,2026-08-06T17:33:59.496264+00:00
3843429,直到業主 大單邊 間隔實用 $100 stamp,旺角,昌明大廈,3950000,374,1,1,富榮地產代理,https://i1.28hse.com/2026/05/202605291818563514850_thumb.jpg,https://www.28hse.com/buy/apartment/property-3843429,2026-08-06T17:33:59.496264+00:00
3915713,** 上海街46X號 ~ 平台129尺+間左3間套房 *激筍推介 業主割愛 *,旺角,唐樓,2990000,436,3,3,駿輝地產建榮有限公司,https://i1.28hse.com/2026/07/202607101650042638317_thumb.jpg,https://www.28hse.com/buy/apartment/property-3915713,2026-08-06T17:33:59.496264+00:00
3915622,*1分鐘到MTR [開揚多窗]~已大維修+平地電梯(已換)+歡迎約看*,旺角,昌富大廈,4380000,381,2,1,廣信地產顧問有限公司,https://i1.28hse.com/2026/07/202607031425131874639_thumb.jpg,https://www.28hse.com/buy/apartment/property-3915622,2026-08-06T17:33:59.496264+00:00
3319495,業主蝕讓 最平1房 鄰近兩鐵 投資/自住首選,旺角,麥花臣匯,6980000,398,1,1,富榮地產代理,https://i1.28hse.com/2025/02/202502031154482247786_thumb.jpg,https://www.28hse.com/buy/apartment/property-3319495,2026-08-06T17:33:59.496264+00:00
3914896,旺角激筍！黃金賣盤!!1大房(可3房) 已做維修 銀行估足！還價即成,旺角,藝興大廈,4400000,638,1,1,廣信地產顧問有限公司,https://i1.28hse.com/2026/07/202607022057253004960_thumb.jpg,https://www.28hse.com/buy/apartment/property-3914896,2026-08-06T17:33:59.496264+00:00
3914322,[獨家]鬧市兩房新樓連部份傢電有匙,旺角,One Soho,7500000,374,2,1,城市房產公平協會,https://i1.28hse.com/2026/07/20260702160711136838_thumb.jpg,https://www.28hse.com/buy/apartment/property-3914322,2026-08-06T17:33:59.496264+00:00
3913497,3房2廁 間格實用 豪華裝修 旺中帶靜,旺角,仁安大廈,7980000,771,3,2,明威置業,https://i1.28hse.com/2026/07/202607012107107575536_thumb.jpg,https://www.28hse.com/buy/apartment/property-3913497,2026-08-06T17:33:59.496264+00:00
3771701,3房+1013呎大平台，市區特色單位，市場罕盤,旺角,鴻祥大廈,6180000,433,3,1,灝田置業地產,https://i1.28hse.com/2026/03/202603131954045719630_thumb.jpg,https://www.28hse.com/buy/apartment/property-3771701,2026-08-06T17:33:59.496264+00:00
3912484,位置方便，可約睇，兩分鐘地鐵三分鐘旺角東，樓下大型商場配套，好租好住,旺角,SKYPARK,6880000,399,1,1,永嘉物業顧問有限公司,https://i1.28hse.com/2026/07/202607011242208516019_thumb.jpg,https://www.28hse.com/buy/apartment/property-3912484,2026-08-06T17:33:59.496264+00:00
3822877,兩房平地電梯歡迎約睇,旺角,廣輝大廈,5380000,389,2,1,金居物業,https://i1.28hse.com/2026/05/202605091226198150105_thumb.jpg,https://www.28hse.com/buy/apartment/property-3822877,2026-08-06T17:33:59.496264+00:00
2906570,唐樓8/F 入契天台 旺角花園街 舊裝修,旺角,唐樓,2750000,633,2,1,君皇地產有限公司,https://i1.28hse.com/2024/02/202402241908317302369_thumb.jpg,https://www.28hse.com/buy/apartment/property-2906570,2026-08-06T17:33:59.496264+00:00
3909336,"實盤業主割愛,旺角核心商圈住宅物業,自住投資相宜",旺角,好望角大廈,4580000,580,1,1,晉聯地產(太子),https://i1.28hse.com/2026/06/202606281728328434405_thumb.jpg,https://www.28hse.com/buy/apartment/property-3909336,2026-08-06T17:33:59.496264+00:00
3908427,"6/F唐七樓,5000蚊一呎,多窗,開揚, 業主移民,收租回報可達4.8厘,有匙",旺角,廣東道1132-1134號,2200000,420,3,1,家旺物業 彌敦道分行,https://i1.28hse.com/2026/06/202606271911086899852_thumb.jpg,https://www.28hse.com/buy/apartment/property-3908427,2026-08-06T17:33:59.496264+00:00
3908061,罕有!旺角仁安大廈 高層雅裝2房1廳平售$698萬 快者得！,旺角,仁安大廈,6980000,606,2,1,希盛置業,https://i1.28hse.com/2026/07/202607041605096144012_thumb.jpg,https://www.28hse.com/buy/apartment/property-3908061,2026-08-06T17:33:59.496264+00:00
3907092,【東寶大廈】抵買連特色天台 位置方便 市區難求 歡迎約睇,旺角,東寶大廈,4400000,480,3,1,駿輝地產世一有限公司,https://i1.28hse.com/2026/06/202606261841062395704_thumb.jpg,https://www.28hse.com/buy/apartment/property-3907092,2026-08-06T17:33:59.496264+00:00
3806223,裝修3房大廳2廁所,旺角,富山中心,6200000,700,2,,裕發地產代理公司,https://i1.28hse.com/2026/04/202604252100273582524_thumb.jpg,https://www.28hse.com/buy/apartment/property-3806223,2026-08-06T17:33:59.496264+00:00
3863815,旺角核心【3房2廁超級實用】自住放租皆可,旺角,仁安大廈,7170000,771,3,2,三月地產,https://i1.28hse.com/2026/07/202607221650513782789_thumb.jpg,https://www.28hse.com/buy/apartment/property-3863815,2026-08-06T17:33:59.496264+00:00
3906497,"旺角波鞋街旺段, 單邊三房可商住",旺角,百祥大廈,4200000,521,3,1,恒昌物業代理,https://i1.28hse.com/2026/06/202606261427367549267_thumb.jpg,https://www.28hse.com/buy/apartment/property-3906497,2026-08-06T17:33:59.496264+00:00
3905750,【永興隆大廈】豪裝兩房 3分鐘地鐵 私隱度極高 歡迎約看,旺角,永興隆大廈,5600000,386,2,1,駿輝地產發展有限公司,https://i1.28hse.com/2026/06/202606251820037890370_thumb.jpg,https://www.28hse.com/buy/apartment/property-3905750,2026-08-06T17:33:59.496264+00:00
3905501,((近朗豪坊))平地電梯 少有放盤 交吉出售 還價即成,旺角,德豐大廈,4400000,395,2,1,廣信地產顧問有限公司,https://i1.28hse.com/2026/06/202606251628324195828_thumb.jpg,https://www.28hse.com/buy/apartment/property-3905501,2026-08-06T17:33:59.496264+00:00
3905158,旺角市中心/专优才必选 /收租回报高/快约Ivy 9I439959,旺角,SKYPARK,7000000,395,1,1,香港置業,https://i1.28hse.com/2026/06/202606251338298967344_thumb.jpg,https://www.28hse.com/buy/apartment/property-3905158,2026-08-06T17:33:59.496264+00:00
3905093,"旺角地鐵，高層企立多窗，2房單位,可租可賣，已吉",旺角,德豐大廈,4400000,395,2,1,家旺物業,https://i1.28hse.com/2026/06/202606251247126541187_thumb.jpg,https://www.28hse.com/buy/apartment/property-3905093,2026-08-06T17:33:59.496264+00:00
3905046,"鄰近旺角站,低層二房單位,全新裝修,上車自住,投資收租精選",旺角,廣源大廈,3830000,383,2,1,廸昌地產代理,/assets/img/loadingphoto170_125.jpg,https://www.28hse.com/buy/apartment/property-3905046,2026-08-06T17:33:59.496264+00:00
3815686,［明威閣］獨家代理!!2房1廳 3部平地電梯,旺角,明威閣,4780000,382,2,,明威置業,https://i1.28hse.com/2026/04/202604191320151240003_thumb.jpg,https://www.28hse.com/buy/apartment/property-3815686,2026-08-06T17:33:59.496264+00:00
3904139,*太子地鐵口 [罕有大單位]~3房3廁+歡迎約看*,旺角,長寧大廈,6980000,837,3,3,廣信地產顧問有限公司,https://i1.28hse.com/2026/06/20260624160522578259_thumb.jpg,https://www.28hse.com/buy/apartment/property-3904139,2026-08-06T17:33:59.496264+00:00
3826307,指定代理 靓装修 太子地铁0距离 超實用 旺中帶靜 睇啱再倾价 隨時有驚喜,旺角,東海大廈,4280000,417,2,1,中聯集團,https://i1.28hse.com/2026/05/202605071600133930859_thumb.jpg,https://www.28hse.com/buy/apartment/property-3826307,2026-08-06T17:33:59.496264+00:00
3903910,!!超級靚裝!!【永興隆大廈】一梯一伙 私隱度高 極近地鐵,旺角,永興隆大廈,5599000,386,2,1,駿輝地產安業有限公司,https://i1.28hse.com/2026/06/202606241414302122884_thumb.jpg,https://www.28hse.com/buy/apartment/property-3903910,2026-08-06T17:33:59.496264+00:00
3903827,指定代理。區內熱賣樓盤。。投資。。自住,旺角,新興大廈,3550000,457,2,1,中聯集團,https://i1.28hse.com/2026/07/202607071952332477180_thumb.jpg,https://www.28hse.com/buy/apartment/property-3903827,2026-08-06T17:33:59.496264+00:00
3903694,平地電梯樓新近地鐵,旺角,明威閣,4900000,382,2,1,富榮地產代理,https://i1.28hse.com/2026/06/202606241154131550488_thumb.jpg,https://www.28hse.com/buy/apartment/property-3903694,2026-08-06T17:33:59.496264+00:00
3903323,****換樓割愛~秒到MTR~極多窗通爽~業主有心賣~,旺角,昌富大廈,4380000,381,2,1,駿輝地產投資有限公司,https://i1.28hse.com/2026/06/202606231917382299563_thumb.jpg,https://www.28hse.com/buy/apartment/property-3903323,2026-08-06T17:33:59.496264+00:00
3903322,兩房平地電梯近地鐵站***,旺角,昌富大廈,4380000,381,2,1,駿輝地產投資有限公司,https://i1.28hse.com/2026/06/202606231913528288328_thumb.jpg,https://www.28hse.com/buy/apartment/property-3903322,2026-08-06T17:33:59.496264+00:00
3902871,旺角核心 靚裝2大量其他筍盤未能盡錄,旺角,得寶大廈,4680000,407,2,1,金國置業,https://i1.28hse.com/2026/06/202606231615323051327_thumb.jpg,https://www.28hse.com/buy/apartment/property-3902871,2026-08-06T17:33:59.496264+00:00
3820978,容易收購【收租5厘回報】高層2房望公園景,旺角,唐樓,2500000,397,2,1,三月地產,https://i1.28hse.com/2026/06/20260604163631613151_thumb.jpg,https://www.28hse.com/buy/apartment/property-3820978,2026-08-06T17:33:59.496264+00:00
3902434,"罕有高層, 2房, 廚房及浴室 , 平地電梯 靚裝修",旺角,遠東發展旺角大廈,4500000,452,2,,世家置業有限公司,https://i1.28hse.com/2026/06/202606231228211942770_thumb.jpg,https://www.28hse.com/buy/apartment/property-3902434,2026-08-06T17:33:59.496264+00:00
3643633,【最新推介※39年樓齡】【靚則※實用】【多窗】【平地電梯】【歡迎約睇】,旺角,廣輝大廈,5380000,386,2,1,盛昌地產有限公司,https://i1.28hse.com/2025/12/202512031005143898808_thumb.jpg,https://www.28hse.com/buy/apartment/property-3643633,2026-08-06T17:33:59.496264+00:00
3901462,指定代理 割愛 割愛 業主移民 超實用改3房 商住皆宜,旺角,新興大廈,3550000,457,3,1,中聯集團,https://i1.28hse.com/2026/07/202607091232082003350_thumb.jpg,https://www.28hse.com/buy/apartment/property-3901462,2026-08-06T17:33:59.496264+00:00
3901451,罕有地段放盤，可3房連天台，鄰近旺角站，換樓首選,旺角,鑽石樓,3580000,437,2,1,廣信地產顧問有限公司,https://i1.28hse.com/2026/06/202606221544532475149_thumb.jpg,https://www.28hse.com/buy/apartment/property-3901451,2026-08-06T17:33:59.496264+00:00
3596995,旺角地標 貨如輪轉 投資首選 回報高達6厘【Skypark】致電約睇,旺角,SKYPARK,7500000,399,1,1,駿輝地產世一有限公司,https://i1.28hse.com/2026/07/202607241423224431870_thumb.jpg,https://www.28hse.com/buy/apartment/property-3596995,2026-08-06T17:33:59.496264+00:00
3012459,06/04更新，大大間18呎，約8000/呎，2房，旺角近始創，歡迎睇樓,旺角,怡輝大樓,4200000,518,2,1,家旺物業,https://i1.28hse.com/2026/03/202603301850055243380_thumb.jpg,https://www.28hse.com/buy/apartment/property-3012459,2026-08-06T17:33:59.496264+00:00
3899046,月內必出 大胆還價！！ 《有匙任睇》,旺角,新興大廈,2980000,396,2,,泰安地產,https://i1.28hse.com/2026/06/202606201539586355983_thumb.jpg,https://www.28hse.com/buy/apartment/property-3899046,2026-08-06T17:33:59.496264+00:00
3898844,景觀開揚、2房單位、高層、有裝修,旺角,翠園大樓,4280000,393,2,,明威置業,https://i1.28hse.com/2026/06/202606201415237979314_thumb.jpg,https://www.28hse.com/buy/apartment/property-3898844,2026-08-06T17:33:59.496264+00:00
3898600,32校網上車首選！靚裝1房2廳即買即住,旺角,One Soho,7500000,374,1,1,金國置業,https://i1.28hse.com/2026/06/202606201214566635636_thumb.jpg,https://www.28hse.com/buy/apartment/property-3898600,2026-08-06T17:33:59.496264+00:00
3898202,*近MTR/朗豪坊 實用3房 多窗靚裝 平地電梯 即買即住 歡迎約睇 *,旺角,順昌大廈,4880000,440,3,1,廣信地產顧問有限公司,https://i1.28hse.com/2026/06/202606201452545801854_thumb.jpg,https://www.28hse.com/buy/apartment/property-3898202,2026-08-06T17:33:59.496264+00:00
3897652,"最旺地段, 即買即收租",旺角,百祥大廈,2800000,450,2,1,栢聯物業有限公司,https://i1.28hse.com/2026/06/202606191548381644313_thumb.jpg,https://www.28hse.com/buy/apartment/property-3897652,2026-08-06T17:33:59.496264+00:00
3806084,"華仁靚景,曲呎窗, 罕有放售",旺角,翠園大樓,6800000,765,3,,明威置業,https://i1.28hse.com/2026/04/202604111509334886107_thumb.jpg,https://www.28hse.com/buy/apartment/property-3806084,2026-08-06T17:33:59.496264+00:00
3896075,✿✿旺角逆市 靚則低水 單邊 多窗 ✿✿,旺角,華懋王子大廈,4980000,454,3,,千億物業 長沙灣分行,https://i1.28hse.com/2026/06/202606181221418192209_thumb.jpg,https://www.28hse.com/buy/apartment/property-3896075,2026-08-06T17:33:59.496264+00:00
3895723,旺角近地鐵！2房1廳！【昌富大廈】381尺！還價即成！平地電梯,旺角,昌富大廈,4350000,381,2,1,駿輝地產發展有限公司,https://i1.28hse.com/2026/06/202606271652281215736_thumb.jpg,https://www.28hse.com/buy/apartment/property-3895723,2026-08-06T17:33:59.496264+00:00
2575499,【商住兩用!】【旺角優質樓上旺舖※單邊 低層※】,旺角,龍飛大廈,4180000,529,3,1,盛昌地產有限公司,https://i1.28hse.com/2026/05/20260511162856577716_thumb.jpg,https://www.28hse.com/buy/apartment/property-2575499,2026-08-06T17:33:59.496264+00:00
3895534,地铁口物业,旺角,遠東銀行旺角大廈,4280000,452,2,,中原地產代理有限公司,https://i1.28hse.com/2026/06/202606171839182075915_thumb.jpg,https://www.28hse.com/buy/apartment/property-3895534,2026-08-06T17:33:59.496264+00:00
3895464,"三分鐘太子站,罕有平地電梯大宅放賣",旺角,華美樓,5280000,677,3,2,晉聯地產(太子),https://i1.28hse.com/2026/06/202606171808118850939_thumb.jpg,https://www.28hse.com/buy/apartment/property-3895464,2026-08-06T17:33:59.496264+00:00
3495919,"新放盤!10樓以上,向東南,好實用,核心位置,交吉",旺角,龍旺大廈,4000000,518,3,1,富榮地產代理,https://i1.28hse.com/2026/05/202605071639482248232_thumb.jpg,https://www.28hse.com/buy/apartment/property-3495919,2026-08-06T17:33:59.496264+00:00
3895220,2分鐘到旺角東 鄰近始創中心 附近有大型重建项目,旺角,唐樓,3480000,605,3,1,富安地產顧問有限公司,https://i1.28hse.com/2026/06/202606171633485682651_thumb.jpg,https://www.28hse.com/buy/apartment/property-3895220,2026-08-06T17:33:59.496264+00:00
3895198,指定代理。投資。自住。。面對 旺角區。過百億重建項目。,旺角,建煌華廈,3480000,469,2,1,中聯集團,https://i1.28hse.com/2026/07/202607181811187286631_thumb.jpg,https://www.28hse.com/buy/apartment/property-3895198,2026-08-06T17:33:59.496264+00:00
3894911,SKYPARK B室單位中高層 最靚嗰粒死約已完，可連租約放賣,旺角,SKYPARK,6880000,399,1,1,富榮地產代理,https://i1.28hse.com/2026/06/202606171431285895233_thumb.jpg,https://www.28hse.com/buy/apartment/property-3894911,2026-08-06T17:33:59.496264+00:00
3894340,"罕有放售,旺角地皇,$600萬頭3房咁樣的地段少之又少",旺角,廣輝大廈,6200000,480,3,1,明威置業,https://i1.28hse.com/2026/06/202606162144197710732_thumb.jpg,https://www.28hse.com/buy/apartment/property-3894340,2026-08-06T17:33:59.496264+00:00
3893721,市區新盤上車之選 2023新樓開揚露台1房,旺角,One Soho,7500000,374,1,1,金國置業,https://i1.28hse.com/2026/06/202606161601065012621_thumb.jpg,https://www.28hse.com/buy/apartment/property-3893721,2026-08-06T17:33:59.496264+00:00
3893610,【德利大廈】旺角中層平呎價單位！罕有多窗，投資一流！近地鐵，有電梯，簡樸房一流！,旺角,德利大廈,4280000,537,3,1,駿輝地產有限公司,https://i1.28hse.com/2026/06/202606161516375631497_thumb.jpg,https://www.28hse.com/buy/apartment/property-3893610,2026-08-06T17:33:59.496264+00:00
3893567,*豪宅筍盤*【麥花臣匯 ~ 寬敞1房套】*兩鐵匯聚核心地段*,旺角,麥花臣匯,7800000,470,1,1,駿輝地產建榮有限公司,https://i1.28hse.com/2026/06/20260616145831853695_thumb.jpg,https://www.28hse.com/buy/apartment/property-3893567,2026-08-06T17:33:59.496264+00:00
3893557,One Soho 都會生活之選 繁華旺角 極致新居,旺角,One Soho,7500000,374,2,1,金國置業,https://i1.28hse.com/2026/06/202606161456533231218_thumb.jpg,https://www.28hse.com/buy/apartment/property-3893557,2026-08-06T17:33:59.496264+00:00
3812868,旺角13年豪宅!【麥花臣匯】兩鐵匯聚核心地段! 5分鐘唔洗到地鐵!,旺角,麥花臣匯,7800000,470,1,1,駿輝地產有限公司,https://i1.28hse.com/2026/05/202605201621585475205_thumb.jpg,https://www.28hse.com/buy/apartment/property-3812868,2026-08-06T17:33:59.496264+00:00
3788593,業主割愛平售，兩房實用，有電梯，旺中帶靜，食肆大型商場林立，投資收租自住皆宜,旺角,怡輝大樓,4200000,518,2,1,一行地產,https://i1.28hse.com/2026/03/202603280132067654902_thumb.jpg,https://www.28hse.com/buy/apartment/property-3788593,2026-08-06T17:33:59.496264+00:00
3892854,極高層一房 有會所，連租約,旺角,麥花臣匯,6980000,398,1,1,鉅泰地產,https://i1.28hse.com/2026/07/202607071534465343388_thumb.jpg,https://www.28hse.com/buy/apartment/property-3892854,2026-08-06T17:33:59.496264+00:00
3892217,旺角上車必買！裝修新淨實用大兩房一廳 即買即用 開陽光猛 平地電梯 即約即看！,旺角,順興大廈,4800000,429,2,1,廣信地產顧問有限公司,https://i1.28hse.com/2026/06/202606151507518781540_thumb.jpg,https://www.28hse.com/buy/apartment/property-3892217,2026-08-06T17:33:59.496264+00:00
3890327,*1分鐘到MTR [開揚多窗]~已大維修+平地電梯(已換)+歡迎約看*,旺角,昌富大廈,4380000,381,2,1,廣信地產顧問有限公司,https://i1.28hse.com/2026/06/202606132025243346249_thumb.jpg,https://www.28hse.com/buy/apartment/property-3890327,2026-08-06T17:33:59.496264+00:00
3890220,*實用三房 鄰近地鐵朗豪坊 平地電梯 有匙即睇*,旺角,廣豐大廈,3200000,407,3,1,廣信地產顧問有限公司,https://i1.28hse.com/2026/06/202606131912527281469_thumb.jpg,https://www.28hse.com/buy/apartment/property-3890220,2026-08-06T17:33:59.496264+00:00
3889604,*呎價平+極多窗+3套房【利群大廈 ~ 1min地鐵站】*投資+自住 *,旺角,利群大廈,4280000,506,3,3,駿輝地產建榮有限公司,https://i1.28hse.com/2026/06/202606131533516962516_thumb.jpg,https://www.28hse.com/buy/apartment/property-3889604,2026-08-06T17:33:59.496264+00:00
3889435,銀行估凸價️罕有3房，屋苑只此一間,旺角,鴻都大廈,6390000,405,3,1,富榮地產代理,https://i1.28hse.com/2026/06/202606131426456785471_thumb.jpg,https://www.28hse.com/buy/apartment/property-3889435,2026-08-06T17:33:59.496264+00:00
3889280,旺角核心位置!3分鐘到旺角地鐵站,旺角,東角樓,3000000,667,3,1,喜居物業(旺角舖),https://i1.28hse.com/2026/06/202606131315192579556_thumb.jpg,https://www.28hse.com/buy/apartment/property-3889280,2026-08-06T17:33:59.496264+00:00
3791094,~~ 豪裝兩廁，油尖旺多間約睇 ~~,旺角,廣豐大廈,3230000,389,2,2,廣信地產顧問有限公司,https://i1.28hse.com/2026/03/202603301456597497423_thumb.jpg,https://www.28hse.com/buy/apartment/property-3791094,2026-08-06T17:33:59.496264+00:00
3806314,~~ 旺角三房，多間約睇 ~~,旺角,上海大廈,3550000,380,3,1,廣信地產顧問有限公司,https://i1.28hse.com/2026/04/202604111701114673729_thumb.jpg,https://www.28hse.com/buy/apartment/property-3806314,2026-08-06T17:33:59.496264+00:00
3888722,旺角半新樓最平兩房！靚裝修豪華會所 收租自住都一流！開陽舒適 業主急售還價即成！,旺角,SKYPARK,7990000,463,2,1,廣信地產顧問有限公司,https://i1.28hse.com/2026/06/202606122026463780301_thumb.jpg,https://www.28hse.com/buy/apartment/property-3888722,2026-08-06T17:33:59.496264+00:00
3888571,*曲尺單邊 [勁開揚]~旺金地段+已大維修+歡迎約看*,旺角,偉基樓,4600000,511,3,1,廣信地產顧問有限公司,https://i1.28hse.com/2026/06/202606121916448951730_thumb.jpg,https://www.28hse.com/buy/apartment/property-3888571,2026-08-06T17:33:59.496264+00:00
3888195,"筍嘢，389實尺低層兩房,開揚舒適、光猛、多窗空氣流通，大堂一出2分鐘到朗豪坊",旺角,廣富大廈,3280000,389,2,1,廣信地產顧問有限公司,https://i1.28hse.com/2026/06/202606121811357539870_thumb.jpg,https://www.28hse.com/buy/apartment/property-3888195,2026-08-06T17:33:59.496264+00:00
3797044,【新填地街唐樓】$100印花稅，唐5/F，已間三套房，有租客即收租，可傾交吉,旺角,新填地街313號,2350000,420,3,3,駿輝地產有限公司,https://i1.28hse.com/2026/04/202604041056526322682_thumb.jpg,https://www.28hse.com/buy/apartment/property-3797044,2026-08-06T17:33:59.496264+00:00
3886040,【實盤有匙 連天台278'】2分鐘到朗豪坊 & 旺角站 有電梯 可3房,旺角,鑽石樓,3580000,437,1,1,富榮地產代理,https://i1.28hse.com/2026/06/202606111404331270485_thumb.jpg,https://www.28hse.com/buy/apartment/property-3886040,2026-08-06T17:33:59.496264+00:00
3885844,地鐵站出口平地電梯商住兩用即買即收租,旺角,遠東發展旺角大廈,4580000,452,2,1,中興地產有限公司,https://i1.28hse.com/2026/06/202606111214021186154_thumb.jpg,https://www.28hse.com/buy/apartment/property-3885844,2026-08-06T17:33:59.496264+00:00
3885686,"旺角波鞋街旺段, 單邊三房可商住",旺角,百祥大廈,4200000,521,3,1,恒昌物業代理,https://i1.28hse.com/2026/06/202606110950273285163_thumb.jpg,https://www.28hse.com/buy/apartment/property-3885686,2026-08-06T17:33:59.496264+00:00
3821089,旺角朗豪坊附近，100元楼契税上车盘,旺角,廣豐大廈,3180000,407,2,,明威置業,https://i1.28hse.com/2026/04/202604231855525721557_thumb.jpg,https://www.28hse.com/buy/apartment/property-3821089,2026-08-06T17:33:59.496264+00:00
3885345,罕有放盤，位置優越，雙電梯房， 多窗光猛，間格實用，見票即收,旺角,友誠大廈,3750000,393,2,1,沙龍地產,https://i1.28hse.com/2026/07/202607051920443427131_thumb.jpg,https://www.28hse.com/buy/apartment/property-3885345,2026-08-06T17:33:59.496264+00:00
3885284,【陶德大廈】裝修企理不用大執，多窗光猛，生活配套齊全，一分鐘到地鐵站,旺角,陶德大廈,5800000,580,3,2,駿輝地產有限公司,https://i1.28hse.com/2026/06/20260610182346325794_thumb.jpg,https://www.28hse.com/buy/apartment/property-3885284,2026-08-06T17:33:59.496264+00:00
3885112,$5532/尺 電梯到 旺角站2分鐘 611尺 3套房向快富街單邊,旺角,建煌華廈,3380000,611,3,3,環亞物業拍賣有限公司,https://i1.28hse.com/2026/07/202607092200431088690_thumb.jpg,https://www.28hse.com/buy/apartment/property-3885112,2026-08-06T17:33:59.496264+00:00
3884980,雅裝方正 相熟業主,旺角,仁安大廈,7800000,774,3,2,明家置業,https://i1.28hse.com/2026/06/202606182225565550170_thumb.jpg,https://www.28hse.com/buy/apartment/property-3884980,2026-08-06T17:33:59.496264+00:00
3134686,已做大維修，連約出售,旺角,文華閣,4800000,478,2,1,世紀21專業,https://i1.28hse.com/2025/05/202505300904581154100_thumb.jpg,https://www.28hse.com/buy/apartment/property-3134686,2026-08-06T17:33:59.496264+00:00
3884044,豪華裝修，1992年落成,旺角,永興隆大廈,5600000,386,2,1,富榮地產代理,https://i1.28hse.com/2026/06/202606091911574164446_thumb.jpg,https://www.28hse.com/buy/apartment/property-3884044,2026-08-06T17:33:59.496264+00:00
3884021,【獨家代理】【2房大廳】【高層 窗多】,旺角,金旺樓,5600000,550,2,1,盛昌地產有限公司,https://i1.28hse.com/2026/06/20260609185503213987_thumb.jpg,https://www.28hse.com/buy/apartment/property-3884021,2026-08-06T17:33:59.496264+00:00
3883778,安靜又充滿活力，距離旺角地鐵站僅 1 分鐘路程，是自住的理想之選。,旺角,陶德大廈,5650000,580,3,2,駿輝地產有限公司,https://i1.28hse.com/2026/06/202606101642497784144_thumb.jpg,https://www.28hse.com/buy/apartment/property-3883778,2026-08-06T17:33:59.496264+00:00
3883657,"【遠景大廈】^^旺角核心, 平地電梯, 位置方便, 極罕放盤, 歡迎查詢",旺角,遠景大廈,3200000,388,2,1,駿輝地產旺角有限公司,https://i1.28hse.com/2026/06/202606091631268733045_thumb.jpg,https://www.28hse.com/buy/apartment/property-3883657,2026-08-06T17:33:59.496264+00:00
3883510,SKYPARK真實盤 A7室正南1房套404呎鳳凰樓層望到煙花自住預約,旺角,SKYPARK,7180000,404,1,1,富榮地產代理,https://i1.28hse.com/2026/06/20260609154321643145_thumb.jpg,https://www.28hse.com/buy/apartment/property-3883510,2026-08-06T17:33:59.496264+00:00
3882903,近兩鐵 平地電梯 2房+特大平台1087呎,旺角,昌明大廈,6200000,457,2,1,明家置業,https://i1.28hse.com/2026/06/202606152104097601567_thumb.jpg,https://www.28hse.com/buy/apartment/property-3882903,2026-08-06T17:33:59.496264+00:00
3882667,靚裝修 三房兩廁 1分鐘旺角站,旺角,利群大廈,4290000,506,3,2,富榮地產代理,https://i1.28hse.com/2026/06/202606081912477976396_thumb.jpg,https://www.28hse.com/buy/apartment/property-3882667,2026-08-06T17:33:59.496264+00:00
3882343,"小單邊,人流極多,1 分鐘地鐵站",旺角,,2550000,380,2,,明威置業,/assets/img/loadingphoto170_125.jpg,https://www.28hse.com/buy/apartment/property-3882343,2026-08-06T17:33:59.496264+00:00
3801897,向南,旺角,藝興大廈,4400000,638,1,1,鉅泰地產,https://i1.28hse.com/2026/04/202604081308427938437_thumb.jpg,https://www.28hse.com/buy/apartment/property-3801897,2026-08-06T17:33:59.496264+00:00
3881740,3房1廳高層全新裝修近地鐵,旺角,鑽石樓,4530000,436,3,1,豐盛地產,https://i1.28hse.com/2026/06/20260608123630307618_thumb.jpg,https://www.28hse.com/buy/apartment/property-3881740,2026-08-06T17:33:59.496264+00:00
3801039,【廣豐大廈】$100稅三房，近朗豪坊，平地電梯，乾濕分離，見票還價即成！,旺角,廣豐大廈,3300000,407,3,1,駿輝地產有限公司,https://i1.28hse.com/2026/04/20260407160127913436_thumb.jpg,https://www.28hse.com/buy/apartment/property-3801039,2026-08-06T17:33:59.496264+00:00
3720352,間格實用@歡迎Whatsapp 查詢,旺角,新興大廈,3600000,457,2,1,中聯集團,https://i1.28hse.com/2026/07/20260731162929464302_thumb.jpg,https://www.28hse.com/buy/apartment/property-3720352,2026-08-06T17:33:59.496264+00:00
3685816,業主急走 太子收租神器連租約賣 1分鐘到地鐵站,太子,鑽石樓,3280000,372,2,2,富榮地產代理,https://i1.28hse.com/2026/03/202603191930234432271_thumb.jpg,https://www.28hse.com/buy/apartment/property-3685816,2026-08-06T17:33:59.496264+00:00
3958518,"*投資首選,間4套,三邊多窗,開陽公園景,採光好寧靜方便,近地鐵,直通大灣區大巴",太子,唐樓,3580000,560,3,4,晉聯地產,https://i1.28hse.com/2026/08/202608031850225467087_thumb.jpg,https://www.28hse.com/buy/apartment/property-3958518,2026-08-06T17:33:59.496264+00:00
3666864,"靚地段,最最最靜中又旺,兩分鐘太子站",太子,翡翠洋樓,5180000,646,3,1,富榮地產代理,https://i1.28hse.com/2025/12/20251206150220694814_thumb.jpg,https://www.28hse.com/buy/apartment/property-3666864,2026-08-06T17:33:59.496264+00:00
3730619,"罕有連天台,極開揚無遮無擋,真筍!每呎一萬有找,送天台",太子,龍盛樓,4600000,469,2,1,富榮地產代理,https://i1.28hse.com/2026/02/202602031752354197277_thumb.jpg,https://www.28hse.com/buy/apartment/property-3730619,2026-08-06T17:33:59.496264+00:00
3755139,"靚裝修,秒到太子站.鳳凰樓,罕有要快!",太子,龍盛樓,4650000,455,2,1,富榮地產代理,https://i1.28hse.com/2026/03/202603011906501387339_thumb.jpg,https://www.28hse.com/buy/apartment/property-3755139,2026-08-06T17:33:59.496264+00:00
3634218,[恆安大樓］三房一套，兩廳+工人房，一分鐘到地鐵站。,太子,恆安大樓,6500000,855,3,2,鴻利物業代理有限公司,https://i1.28hse.com/2025/11/202511071829477670137_thumb.jpg,https://www.28hse.com/buy/apartment/property-3634218,2026-08-06T17:33:59.496264+00:00
3957255,"罕有3房1廳放售,屋苑管理",太子,頌賢花園,4700000,389,3,1,龍鳳地產-富多來商場,https://i1.28hse.com/2026/08/202608022128427088819_thumb.jpg,https://www.28hse.com/buy/apartment/property-3957255,2026-08-06T17:33:59.496264+00:00
3957012,【長榮大廈】2房大廳，地鐵上蓋合商住,太子,長榮大廈,4500000,554,2,1,安泰物業,https://i1.28hse.com/2026/08/202608051925454390854_thumb.jpg,https://www.28hse.com/buy/apartment/property-3957012,2026-08-06T17:33:59.496264+00:00
3956914,太子唐樓1/F連平台，有裝修可7成按揭,太子,唐樓,3080000,407,2,1,安泰物業,https://i1.28hse.com/2026/08/202608061307118134821_thumb.jpg,https://www.28hse.com/buy/apartment/property-3956914,2026-08-06T17:33:59.496264+00:00
3956243,*太子唐樓 一減再減 優惠尺價 鄰近太子站 交通方便*,太子,唐樓,2600000,462,3,3,廣信地產顧問有限公司,https://i1.28hse.com/2026/08/202608021309036361247_thumb.jpg,https://www.28hse.com/buy/apartment/property-3956243,2026-08-06T17:33:59.496264+00:00
3956012,"【黃禮賢大廈】2房2廁, 裝修企理, 平地電梯兩部, 靠近太子及旺角東站。",太子,黃禮賢大廈,4900000,474,2,2,鴻利物業代理有限公司,https://i1.28hse.com/2026/08/202608021021576531819_thumb.jpg,https://www.28hse.com/buy/apartment/property-3956012,2026-08-06T17:33:59.496264+00:00
3955158,真盤＼＼位置好＼＼大大間,太子,利泰大樓,3680000,450,2,1,駿輝地產投資有限公司,https://i1.28hse.com/2026/08/202608011606024633308_thumb.jpg,https://www.28hse.com/buy/apartment/property-3955158,2026-08-06T17:33:59.496264+00:00
3954389,*近太子站 高層開揚 實用3房 $8XXX/尺 - 已大維修 歡迎約睇*,太子,利泰大樓,3680000,450,3,1,廣信地產顧問有限公司,https://i1.28hse.com/2026/07/202607312234153742077_thumb.jpg,https://www.28hse.com/buy/apartment/property-3954389,2026-08-06T17:33:59.496264+00:00
3949898,太子地鐵上蓋 高層開揚 靚裝 少有放盤,太子,別樹華軒,6980000,418,2,1,喜居物業(旺角舖),https://i1.28hse.com/2026/07/202607281715108096085_thumb.jpg,https://www.28hse.com/buy/apartment/property-3949898,2026-08-06T17:33:59.496264+00:00
2671012,【蕙逸居】太子名廈 日夜靚景觀超開揚 平地電梯純住宅,太子,蕙逸居,7600000,433,1,1,鴻利物業代理有限公司,https://i1.28hse.com/2024/05/20240507235942908904_thumb.jpg,https://www.28hse.com/buy/apartment/property-2671012,2026-08-06T17:33:59.496264+00:00
3952918,3房，最筍,太子,利泰大樓,3680000,450,3,1,安迪物業代理,https://i1.28hse.com/2026/07/202607302202304112659_thumb.jpg,https://www.28hse.com/buy/apartment/property-3952918,2026-08-06T17:33:59.496264+00:00
3952651,"*獨家*新裝修兩房連入契天台,入則室內旋轉樓梯到天台,煤氣梗廚乾廁,平地新電梯",太子,安豪樓,4080000,380,2,1,晉聯地產(太子),https://i1.28hse.com/2026/07/20260730180416473432_thumb.jpg,https://www.28hse.com/buy/apartment/property-3952651,2026-08-06T17:33:59.496264+00:00
2814306,頂樓連天台，𨋢到,太子,光明樓,4800000,511,2,1,安迪物業代理,https://i1.28hse.com/2024/04/202404071743322597979_thumb.jpg,https://www.28hse.com/buy/apartment/property-2814306,2026-08-06T17:33:59.496264+00:00
3718634,3分鍾太子站，市場罕有，實用3房,太子,南苑大廈,4580000,463,3,1,鴻發地產物業,https://i1.28hse.com/2026/01/202601231423232950053_thumb.jpg,https://www.28hse.com/buy/apartment/property-3718634,2026-08-06T17:33:59.496264+00:00
3950348,太子(恒安大樓)三房巨廳，全新装修，自用或投资，罕有吉售630萬，有匙即看,太子,恆安大樓,6300000,760,3,1,文華行物業顧問公司,https://i1.28hse.com/2026/07/202607282206286283396_thumb.jpg,https://www.28hse.com/buy/apartment/property-3950348,2026-08-06T17:33:59.496264+00:00
3653816,"新放!太子站上蓋0距離,平地雙電梯,收租24500,回報5.9%,穩定租客,可交",太子,冠顏樓,4980000,593,3,3,富榮地產代理,https://i1.28hse.com/2026/03/202603071613018091580_thumb.jpg,https://www.28hse.com/buy/apartment/property-3653816,2026-08-06T17:33:59.496264+00:00
3836168,太子地鐵口，洋樓，高層開揚，亮裝,太子,大華大廈,4880000,501,2,1,家旺物業,https://i1.28hse.com/2026/05/202605052000183476011_thumb.jpg,https://www.28hse.com/buy/apartment/property-3836168,2026-08-06T17:33:59.496264+00:00
3948692,"[實盤] [交吉盤]原則2房,改1房,高層,核心地段,歡迎查詢",太子,別樹華軒,6990000,418,2,1,喜居物業(欽州街舖),https://i1.28hse.com/2026/07/20260728200245832594_thumb.jpg,https://www.28hse.com/buy/apartment/property-3948692,2026-08-06T17:33:59.496264+00:00
3862694,荔枝角道唐樓1/F 連平台交吉,太子,唐樓,4200000,672,3,3,安泰物業,https://i1.28hse.com/2026/06/202606121727541039561_thumb.jpg,https://www.28hse.com/buy/apartment/property-3862694,2026-08-06T17:33:59.496264+00:00
3947802,近地鐵頂層連入契天台 罕有實用3房1廁 向南煙花景 平地電梯 有煤氣,太子,萬年大廈,5470000,547,3,1,家旺物業 彌敦道分行,https://i1.28hse.com/2026/07/202607270003563855932_thumb.jpg,https://www.28hse.com/buy/apartment/property-3947802,2026-08-06T17:33:59.496264+00:00
3946762,~~ 新裝大兩房，同區多間約睇 ~~,太子,泰安閣,4380000,433,2,1,廣信地產顧問有限公司,https://i1.28hse.com/2026/07/202607251943455479044_thumb.jpg,https://www.28hse.com/buy/apartment/property-3946762,2026-08-06T17:33:59.496264+00:00
3946718,太子站1分鐘，近平地電梯，可作多方面用途，清淨約睇,太子,麗英大廈,4000000,443,2,1,家旺物業大埔道,https://i1.28hse.com/2026/07/202607251854386405070_thumb.jpg,https://www.28hse.com/buy/apartment/property-3946718,2026-08-06T17:33:59.496264+00:00
3946417,"近太子站,具重建價值,合投資自用收租",太子,唐樓,2480000,600,3,1,金豐物業,https://i1.28hse.com/2026/08/202608021227214426930_thumb.jpg,https://www.28hse.com/buy/apartment/property-3946417,2026-08-06T17:33:59.496264+00:00
3945462,『有電梯 非平地 400有找有3房 平到震』$100印花稅之選!,太子,南風樓,3990000,562,3,1,駿輝地產投資有限公司,https://i1.28hse.com/2026/07/202607241925505924451_thumb.jpg,https://www.28hse.com/buy/apartment/property-3945462,2026-08-06T17:33:59.496264+00:00
3945454,㊝►►全場最平 太子屋苑管理 有匙即睇◄◄,太子,頌賢花園,3980000,376,2,1,千億物業 長沙灣分行,https://i1.28hse.com/2026/07/202607241921448366080_thumb.jpg,https://www.28hse.com/buy/apartment/property-3945454,2026-08-06T17:33:59.496264+00:00
3944594,"3房,高層, 開揚,望維景酒店,收租自住都抵,3分鐘可到太子站",太子,榮光大廈,3680000,409,3,1,家旺物業 彌敦道分行,https://i1.28hse.com/2026/07/202607241304303714268_thumb.jpg,https://www.28hse.com/buy/apartment/property-3944594,2026-08-06T17:33:59.496264+00:00
3944135,太子近花墟 37年樓 平地電梯 大2房 連特色平台 筍價出售!,太子,樂興大廈,4790000,372,2,1,富榮地產代理,https://i1.28hse.com/2026/07/202607232107173125423_thumb.jpg,https://www.28hse.com/buy/apartment/property-3944135,2026-08-06T17:33:59.496264+00:00
3943309,太子3房洋樓 平地電梯 近地鐵站,太子,寶興大樓,3500000,390,3,1,富榮地產代理,https://i1.28hse.com/2026/07/202607231509074770929_thumb.jpg,https://www.28hse.com/buy/apartment/property-3943309,2026-08-06T17:33:59.496264+00:00
3943274,3房單边，新裝,太子,宜豐大廈,5680000,541,3,1,安迪物業代理,https://i1.28hse.com/2026/07/202607231447377872819_thumb.jpg,https://www.28hse.com/buy/apartment/property-3943274,2026-08-06T17:33:59.496264+00:00
3942829,實盤放售 面積夠大 兩鐵交匯 太子黃金地段 大大件投資收租等收購,太子,,3600000,712,3,2,華美國際集團,https://i1.28hse.com/2026/07/202607230824397865189_thumb.jpg,https://www.28hse.com/buy/apartment/property-3942829,2026-08-06T17:33:59.496264+00:00
3725698,太子單邊多窗3房 1分鐘地鐵 平地電梯 實盤歡迎約睇,太子,鑽石樓,4980000,512,3,1,富榮地產代理,https://i1.28hse.com/2026/01/202601301318015607948_thumb.jpg,https://www.28hse.com/buy/apartment/property-3725698,2026-08-06T17:33:59.496264+00:00
3941205,太子地鐵上蓋，3房平售，歡迎約睇,太子,萬年大廈,5300000,554,3,,千億物業 長沙灣分行,https://i1.28hse.com/2026/07/202607211859281503104_thumb.jpg,https://www.28hse.com/buy/apartment/property-3941205,2026-08-06T17:33:59.496264+00:00
3940978,"太子地鐵站出口, 8分鐘到. 平地電梯",太子,好世界洋樓,3880000,376,3,1,龍鳳地產公司,https://i1.28hse.com/2026/07/202607211725522711488_thumb.jpg,https://www.28hse.com/buy/apartment/property-3940978,2026-08-06T17:33:59.496264+00:00
3940888,指定代理 太子港铁站旁 品味装修 人見人愛 旺中帶靜 精品住宅靓盤,太子,利聯大廈,4380000,399,2,1,中聯集團,https://i1.28hse.com/2026/07/202607211639565505329_thumb.jpg,https://www.28hse.com/buy/apartment/property-3940888,2026-08-06T17:33:59.496264+00:00
3707972,"近太子地鐵站,交通方便,三面單邊,另天台214呎,投資自用,上車之選.",太子,唐樓,2680000,350,2,1,金豐物業,https://i1.28hse.com/2026/04/202604141954102289851_thumb.jpg,https://www.28hse.com/buy/apartment/property-3707972,2026-08-06T17:33:59.496264+00:00
3938163,"高層開陽,三房一廁",太子,利盛大樓,3700000,460,3,1,晉聯地產(太子),https://i1.28hse.com/2026/07/202607191220517470535_thumb.jpg,https://www.28hse.com/buy/apartment/property-3938163,2026-08-06T17:33:59.496264+00:00
3089982,⛧⛧2分鐘太子地鐵站筍盤⛧⛧,太子,南苑大廈,3580000,463,2,,千億物業 太子分行,https://i1.28hse.com/2024/06/202406271742577008952_thumb.jpg,https://www.28hse.com/buy/apartment/property-3089982,2026-08-06T17:33:59.496264+00:00
3935691,【高層兩房 ● 一梯兩伙 ● 大廳大房】5分鐘太子站！乾濕分離廁！梗廚！,太子,恒滿樓,4590000,409,2,1,三月地產,https://i1.28hse.com/2026/07/202607171547047436384_thumb.jpg,https://www.28hse.com/buy/apartment/property-3935691,2026-08-06T17:33:59.496264+00:00
3934070,"獨家代理, 近太子地鐵站, 旺中帶靜",太子,翡翠洋樓,5180000,645,3,1,栢聯物業有限公司,https://i1.28hse.com/2026/07/202607161350473551631_thumb.jpg,https://www.28hse.com/buy/apartment/property-3934070,2026-08-06T17:33:59.496264+00:00
3933612,10%首期！太子站花墟！罕有平台實用兩房,太子,樂興大廈,4790000,372,2,1,鴻發地產物業,https://i1.28hse.com/2026/07/202607152054001642895_thumb.jpg,https://www.28hse.com/buy/apartment/property-3933612,2026-08-06T17:33:59.496264+00:00
2709246,"新放!太子站名牌,罕有最實用間隔,商住兩用,平地4電梯,交吉",太子,長榮大廈,4450000,554,2,1,富榮地產代理,https://i1.28hse.com/2026/01/202601311603392670058_thumb.jpg,https://www.28hse.com/buy/apartment/property-2709246,2026-08-06T17:33:59.496264+00:00
3932937,太子站1分鐘 兩房實用 裝修雅緻 平地電梯大堂,太子,利聯大廈,4380000,399,2,1,富榮地產代理,https://i1.28hse.com/2026/07/202607151520547771565_thumb.jpg,https://www.28hse.com/buy/apartment/property-3932937,2026-08-06T17:33:59.496264+00:00
3932431,【超筍呎價】3分鐘太子站 電梯洋樓 47年 呎價9106,太子,嘉業大廈,4380000,481,2,1,富榮地產代理,https://i1.28hse.com/2026/07/202607142344281324887_thumb.jpg,https://www.28hse.com/buy/apartment/property-3932431,2026-08-06T17:33:59.496264+00:00
3931489,$100印花稅，三房@6xxx呎抵住，近太子站,太子,單幢樓房,3950000,584,3,1,鴻發地產物業,https://i1.28hse.com/2026/07/202607151241396008486_thumb.jpg,https://www.28hse.com/buy/apartment/property-3931489,2026-08-06T17:33:59.496264+00:00
3077252,【最荀花墟】花墟美景 兩房大廳 安全方便,太子,文華閣,4900000,362,2,1,鴻利物業代理有限公司,https://i1.28hse.com/2024/06/202406151821368226862_thumb.jpg,https://www.28hse.com/buy/apartment/property-3077252,2026-08-06T17:33:59.496264+00:00
3930800,"*大單邊,地鐵兩線,投資首選*三邊多窗,大廈正在大維修,交通方便,有法團",太子,唐樓,3500000,576,2,1,晉聯地產(太子),https://i1.28hse.com/2026/07/202607131817122352776_thumb.jpg,https://www.28hse.com/buy/apartment/property-3930800,2026-08-06T17:33:59.496264+00:00
3832938,【罕有兩房】別樹華軒/樓下太子港鐵站 可約睇,太子,別樹華軒,7000000,418,2,1,鴻利物業代理有限公司,https://i1.28hse.com/2026/05/20260503165302361281_thumb.jpg,https://www.28hse.com/buy/apartment/property-3832938,2026-08-06T17:33:59.496264+00:00
3929322,"【黃禮賢大廈】2房2廁, 裝修企理, 平地電梯兩部, 靠近太子及旺角東站。",太子,黃禮賢大廈,4980000,474,2,2,鴻利物業代理有限公司,https://i1.28hse.com/2026/07/202607131524442984307_thumb.jpg,https://www.28hse.com/buy/apartment/property-3929322,2026-08-06T17:33:59.496264+00:00
3886968,全新$50萬靚裝修(拎包入住)。已吉即睇。平地電梯。旺中帶靜,太子,大華大廈,4880000,501,2,1,世紀21聯誠,https://i1.28hse.com/2026/06/202606112012561241931_thumb.jpg,https://www.28hse.com/buy/apartment/property-3886968,2026-08-06T17:33:59.496264+00:00
3812714,太子地铁站C 2出口5分钟云峰楼，已间3间房实用502尺。新装358萬,太子,雲峰樓,3580000,502,3,,明威置業,https://i1.28hse.com/2026/04/202604161932524847911_thumb.jpg,https://www.28hse.com/buy/apartment/property-3812714,2026-08-06T17:33:59.496264+00:00
3927208,實盤放售 尚等區域 特色單位 送你多一單使用空間 1梯2伙 私穩度極高,太子,樂興大廈,4880000,372,2,1,華美國際集團,https://i1.28hse.com/2026/07/20260710214909202981_thumb.jpg,https://www.28hse.com/buy/apartment/property-3927208,2026-08-06T17:33:59.496264+00:00
3926846,*低層唐樓 特惠尺價 鄰近太子站 旺中帶靜*,太子,唐樓,2780000,485,1,1,廣信地產顧問有限公司,https://i1.28hse.com/2026/07/202607101818588652498_thumb.jpg,https://www.28hse.com/buy/apartment/property-3926846,2026-08-06T17:33:59.496264+00:00
3926110,♡♡絕對實盤 太子地鐵站口 原則單位 歡迎約睇♡♡,太子,萬年大廈,5300000,554,3,,千億物業 深水埗分行,https://i1.28hse.com/2026/07/202607281729186042888_thumb.jpg,https://www.28hse.com/buy/apartment/property-3926110,2026-08-06T17:33:59.496264+00:00
3925475,高層，2房2廳，全新裝修未住過，即買即住，太子站上蓋，約睇,太子,大華大廈,4880000,501,2,1,家旺物業 彌敦道分行,https://i1.28hse.com/2026/07/202607091926477743585_thumb.jpg,https://www.28hse.com/buy/apartment/property-3925475,2026-08-06T17:33:59.496264+00:00
3832689,【連小平台 樂興大廈】平地電梯 一梯兩伙 2分鐘港鐵站,太子,樂興大廈,4800000,372,2,,鴻利物業代理有限公司,https://i1.28hse.com/2026/05/202605031434248699873_thumb.jpg,https://www.28hse.com/buy/apartment/property-3832689,2026-08-06T17:33:59.496264+00:00
3925306,✭✭太子罕有放盤 唐樓價錢買洋樓 方便約睇 一見傾心✭✭,太子,裕成樓,3300000,510,1,,千億物業 深水埗分行,https://i1.28hse.com/2026/07/202607281809122831668_thumb.jpg,https://www.28hse.com/buy/apartment/property-3925306,2026-08-06T17:33:59.496264+00:00
3874279,【實盤可睇】最新～可約睇！可改兩房！保養極佳！太子地鐵上蓋！50萬品味靚裝修,太子,別樹華軒,6980000,418,2,1,富榮地產代理,https://i1.28hse.com/2026/07/202607101608204166116_thumb.jpg,https://www.28hse.com/buy/apartment/property-3874279,2026-08-06T17:33:59.496264+00:00
3774267,三房大廳，翠綠球場景,太子,寶田大廈,7600000,532,3,1,富榮地產代理,https://i1.28hse.com/2026/03/202603161117334629140_thumb.jpg,https://www.28hse.com/buy/apartment/property-3774267,2026-08-06T17:33:59.496264+00:00
3923396,*太子唐樓 一減再減 優惠尺價 鄰近太子站 交通方便*,太子,唐樓,2600000,462,3,3,廣信地產顧問有限公司,https://i1.28hse.com/2026/07/202607081534474146003_thumb.jpg,https://www.28hse.com/buy/apartment/property-3923396,2026-08-06T17:33:59.496264+00:00
3923352,2分鍾太子站，企理兩房，高層開揚,太子,恆安大樓,3300000,406,2,,鴻發地產物業,https://i1.28hse.com/2026/07/202607081517297341549_thumb.jpg,https://www.28hse.com/buy/apartment/property-3923352,2026-08-06T17:33:59.496264+00:00
3922098,【寶興大樓】太子中層兩房！平呎價企理大兩房！有電梯，近地鐵！,太子,寶興大廈,3380000,405,2,1,駿輝地產有限公司,https://i1.28hse.com/2026/07/202607071626005540946_thumb.jpg,https://www.28hse.com/buy/apartment/property-3922098,2026-08-06T17:33:59.496264+00:00
3830941,[運動場道］榮森大廈，兩房大廳，光猛開揚，平地電梯兩部，1分鐘到太子站。,太子,榮森大廈,4790000,474,2,1,鴻利物業代理有限公司,https://i1.28hse.com/2026/05/202605012355474139102_thumb.jpg,https://www.28hse.com/buy/apartment/property-3830941,2026-08-06T17:33:59.496264+00:00
3750884,【太子站一分鐘｜可三房兩廳間隔實用｜交通方便】,太子,翡翠洋樓,5380000,646,2,1,鴻利物業代理有限公司,https://i1.28hse.com/2026/04/202604201714032378595_thumb.jpg,https://www.28hse.com/buy/apartment/property-3750884,2026-08-06T17:33:59.496264+00:00
3706459,"太子站特式單位,內置樓梯上天台,市值租金15000,交吉",太子,安豪樓,4070000,380,2,1,富榮地產代理,https://i1.28hse.com/2026/03/202603241556238785524_thumb.jpg,https://www.28hse.com/buy/apartment/property-3706459,2026-08-06T17:33:59.496264+00:00
3920839,"三房一廁有裝修,平地電梯,即買即住",太子,德豐大廈,5400000,593,3,1,晉聯地產(太子),https://i1.28hse.com/2026/07/202607061733185440466_thumb.jpg,https://www.28hse.com/buy/apartment/property-3920839,2026-08-06T17:33:59.496264+00:00
3845033,"三房極豪裝,平地電梯,五分鐘太子站",太子,德豐大廈,5400000,593,3,1,富榮地產代理,https://i1.28hse.com/2026/05/202605121233422905113_thumb.jpg,https://www.28hse.com/buy/apartment/property-3845033,2026-08-06T17:33:59.496264+00:00
3818275,2分鐘太子地鐵站 3房大廳連天台 超筍呎價 手慢無！！！,太子,,2200000,460,3,1,鴻發地產物業,https://i1.28hse.com/2026/04/202604211611246874315_thumb.jpg,https://www.28hse.com/buy/apartment/property-3818275,2026-08-06T17:33:59.496264+00:00
3915256,近太子站 有电梯 三个套房 可改两房一厅 全新装修,太子,唐美大廈,4300000,501,3,,祥利地產,https://i1.28hse.com/2026/07/202607031113322457786_thumb.jpg,https://www.28hse.com/buy/apartment/property-3915256,2026-08-06T17:33:59.496264+00:00
3915080,平地梯3房近地铁,太子,利聯大廈,3530000,387,3,,千億物業 太子分行,https://i1.28hse.com/2026/07/202607030135498853481_thumb.jpg,https://www.28hse.com/buy/apartment/property-3915080,2026-08-06T17:33:59.496264+00:00
3915075,中层市区收租3套唐楼,太子,,2530000,462,3,,千億物業 太子分行,https://i1.28hse.com/2026/07/20260717082015941311_thumb.jpg,https://www.28hse.com/buy/apartment/property-3915075,2026-08-06T17:33:59.496264+00:00
3913318,旺角市區唐樓，有收購價值，投資自住皆可,太子,唐樓,2520000,420,3,1,家旺物業,https://i1.28hse.com/2026/07/202607011832536121538_thumb.jpg,https://www.28hse.com/buy/apartment/property-3913318,2026-08-06T17:33:59.496264+00:00
3246260,【實盤】高層企理兩房 間隔四正 交通便利,太子,恒滿樓,4590000,409,2,1,高盛地產,https://i1.28hse.com/2026/06/202606151730222460770_thumb.jpg,https://www.28hse.com/buy/apartment/property-3246260,2026-08-06T17:33:59.496264+00:00
3830266,"50米太子站,平地電梯,開揚冇遮擋",太子,榮森大廈,4790000,474,2,1,富榮地產代理,https://i1.28hse.com/2026/05/202605011532472431737_thumb.jpg,https://www.28hse.com/buy/apartment/property-3830266,2026-08-06T17:33:59.496264+00:00
3911426,!!極罕有花墟盤!!【樂興大廈】37年樓 372尺 極近地鐵,太子,樂興大廈,4798000,372,2,1,駿輝地產安業有限公司,https://i1.28hse.com/2026/06/202606301509002744021_thumb.jpg,https://www.28hse.com/buy/apartment/property-3911426,2026-08-06T17:33:59.496264+00:00
3732085,⛧⛧太子站上蓋，平地電梯，2房⛧⛧,太子,鑽石樓,3350000,360,2,,千億物業 旺角分行,https://i1.28hse.com/2026/02/202602041822375659473_thumb.jpg,https://www.28hse.com/buy/apartment/property-3732085,2026-08-06T17:33:59.496264+00:00
3910647,3房1廳 乾濕廁，全屋明窗,太子,好世界洋樓,3890000,376,3,1,龍鳳地產公司,https://i1.28hse.com/2026/07/202607051952458650482_thumb.jpg,https://www.28hse.com/buy/apartment/property-3910647,2026-08-06T17:33:59.496264+00:00
3910047,"近旺角地鐵,靚裝3房大廳2廁 有收購價機會,投資自用必選,還價即簽,快者得!",太子,鴻添大樓,3680000,712,3,2,富榮地產代理,https://i1.28hse.com/2026/08/202608011754441881505_thumb.jpg,https://www.28hse.com/buy/apartment/property-3910047,2026-08-06T17:33:59.496264+00:00
3909937,3房1大廳大單位，企理裝修，行4f樓梯，割愛出售，快約睇！,太子,,3300000,595,3,1,兆傲物業顧問有限公司,https://i1.28hse.com/2026/06/202606291209304488237_thumb.jpg,https://www.28hse.com/buy/apartment/property-3909937,2026-08-06T17:33:59.496264+00:00
3909319,"傳統住宅地段,可三房連天台,旺中帶靜",太子,恆安大樓,6180000,771,3,3,晉聯地產(太子),https://i1.28hse.com/2026/07/202607271343125635274_thumb.jpg,https://www.28hse.com/buy/apartment/property-3909319,2026-08-06T17:33:59.496264+00:00
3908864,"*太子站上蓋*兩房大廳三邊窗,寧靜方便,梗廚乾廁,兩部平地新電梯,剛剛完成大維修",太子,鑽石樓,3350000,360,2,1,晉聯地產(太子),https://i1.28hse.com/2026/06/202606281255596395734_thumb.jpg,https://www.28hse.com/buy/apartment/property-3908864,2026-08-06T17:33:59.496264+00:00
3820274,還價即成！！太子唐樓 ～地點優質～已間套房 回報高！即買即收租 ～歡迎隨時約睇,太子,興隆大樓,3600000,510,3,3,宇晴地產,https://i1.28hse.com/2026/04/202604231208324581447_thumb.jpg,https://www.28hse.com/buy/apartment/property-3820274,2026-08-06T17:33:59.496264+00:00
3781641,1分鐘太子站 設計師靚裝三房套房 歡迎約睇,太子,翡翠洋樓,7000000,646,3,2,Mei Ho Ent,https://i1.28hse.com/2026/03/202603212342597978376_thumb.jpg,https://www.28hse.com/buy/apartment/property-3781641,2026-08-06T17:33:59.496264+00:00
3740865,"實用3房1廳,開揚",太子,好世界洋樓,3880000,376,3,1,龍鳳地產-富多來商場,https://i1.28hse.com/2026/06/202606042042268551468_thumb.jpg,https://www.28hse.com/buy/apartment/property-3740865,2026-08-06T17:33:59.496264+00:00
3905227,太子靚位置 實用2房 已做大廈維修,太子,榮森大廈,4800000,474,2,1,富榮地產代理,https://i1.28hse.com/2026/06/202606251417535827546_thumb.jpg,https://www.28hse.com/buy/apartment/property-3905227,2026-08-06T17:33:59.496264+00:00
3902904,"兩房企理,即買即住",太子,樂興大廈,4880000,372,2,1,晉聯地產(太子),https://i1.28hse.com/2026/06/202606231625368193710_thumb.jpg,https://www.28hse.com/buy/apartment/property-3902904,2026-08-06T17:33:59.496264+00:00
3902805,勁劈 全場最平 2房 絕對實盤！靚積皇,太子,頌賢花園,3980000,378,2,,千億物業 長沙灣分行,https://i1.28hse.com/2026/06/202606231545098783234_thumb.jpg,https://www.28hse.com/buy/apartment/property-3902805,2026-08-06T17:33:59.496264+00:00
3902662,罕有巨無霸賣盤！！^_^ 極具收購價值！！即買即收租(有靚靚租客)！！,太子,上海街701號,3800000,560,2,1,三月地產,https://i1.28hse.com/2026/06/202606231439412878382_thumb.jpg,https://www.28hse.com/buy/apartment/property-3902662,2026-08-06T17:33:59.496264+00:00
3902553,【裕成樓】三房大廳，靚裝修，間隔實用，2分鐘到地鐵站。,太子,裕成樓,4800000,510,3,1,鴻利物業代理有限公司,https://i1.28hse.com/2026/06/202606231347578130363_thumb.jpg,https://www.28hse.com/buy/apartment/property-3902553,2026-08-06T17:33:59.496264+00:00
3902063,"實用寧靜兩房,房大廳大,兩邊多窗,煤氣梗廚,乾明廁,兩部平地新電梯,已大維修",太子,大華大廈,4000000,350,2,1,晉聯地產(太子),https://i1.28hse.com/2026/06/202606221948422720808_thumb.jpg,https://www.28hse.com/buy/apartment/property-3902063,2026-08-06T17:33:59.496264+00:00
3901329,【平地電梯】兩房大廳 30秒到太子地鐵站,太子,同發樓,4800000,385,2,1,鴻利物業代理有限公司,https://i1.28hse.com/2026/06/202606221444226921466_thumb.jpg,https://www.28hse.com/buy/apartment/property-3901329,2026-08-06T17:33:59.496264+00:00
3817843,【兩部平地電梯 太子地鐵上蓋】兩房兩廳 實用四正,太子,康齡大廈,4880000,471,2,1,鴻利物業代理有限公司,https://i1.28hse.com/2026/04/202604251243114448716_thumb.jpg,https://www.28hse.com/buy/apartment/property-3817843,2026-08-06T17:33:59.496264+00:00
3646812,✦✦豪裝50萬 業主換樓即放 大膽還價 方便約睇✦✦,太子,單幢樓房,4680000,409,2,1,千億物業 長沙灣分行,https://i1.28hse.com/2025/11/202511271641505295027_thumb.jpg,https://www.28hse.com/buy/apartment/property-3646812,2026-08-06T17:33:59.496264+00:00
3898554,"運動埸道大平台!超罕有,仲要有3房靚裝修,交吉",太子,鉅成大樓,5300000,352,3,1,富榮地產代理,https://i1.28hse.com/2026/08/202608021529004429825_thumb.jpg,https://www.28hse.com/buy/apartment/property-3898554,2026-08-06T17:33:59.496264+00:00
3096895,✰✰太子大積3房，平地電梯✰✰,太子,萬年大廈,5300000,554,3,,千億物業 長沙灣分行,https://i1.28hse.com/2026/05/202605100853015304642_thumb.jpg,https://www.28hse.com/buy/apartment/property-3096895,2026-08-06T17:33:59.496264+00:00
3412748,"太子站高回報6.5%!平地2部新電梯,包大廈維修,24小時管理,新裝修",太子,長勝大廈,4550000,541,3,3,富榮地產代理,https://i1.28hse.com/2025/09/20250909115138874149_thumb.jpg,https://www.28hse.com/buy/apartment/property-3412748,2026-08-06T17:33:59.496264+00:00
3814725,"新放!平地2部新電梯,做左大維修及消防,3分鐘到太子站",太子,長勝大廈,5500000,583,3,1,富榮地產代理,https://i1.28hse.com/2026/04/202604181456307230613_thumb.jpg,https://www.28hse.com/buy/apartment/property-3814725,2026-08-06T17:33:59.496264+00:00
3706484,"極品,花墟樓王,無敵球場+翠綠山景,只有一間,一閃即逝",太子,金明閣,5480000,383,2,1,富榮地產代理,https://i1.28hse.com/2026/04/202604261811335650817_thumb.jpg,https://www.28hse.com/buy/apartment/property-3706484,2026-08-06T17:33:59.496264+00:00
3287361,"(($100印花稅))太子站隔離,大減價550>480>438>400萬,急賣",太子,麗英大廈,4000000,442,2,,富榮地產代理,https://i1.28hse.com/2024/12/202412281723347241139_thumb.jpg,https://www.28hse.com/buy/apartment/property-3287361,2026-08-06T17:33:59.496264+00:00
3895219,"近太子站,交通方便,連租約15600元,投資收租,具重建價值.",太子,唐樓,2680000,462,3,3,金豐物業,https://i1.28hse.com/2026/06/202606231320242769494_thumb.jpg,https://www.28hse.com/buy/apartment/property-3895219,2026-08-06T17:33:59.496264+00:00
3894798,"太子站上蓋,年輕兩房,太子站步行10秒",太子,別樹華軒,7080000,415,2,1,晉聯地產(太子),https://i1.28hse.com/2026/06/202606251722133273152_thumb.jpg,https://www.28hse.com/buy/apartment/property-3894798,2026-08-06T17:33:59.496264+00:00
3894136,【 恆滿樓】平地電梯 房大廳大 空間十足 投資精選 歡迎約睇,太子,恒滿樓,4590000,409,2,1,駿輝地產安業有限公司,https://i1.28hse.com/2026/06/202606161847385217172_thumb.jpg,https://www.28hse.com/buy/apartment/property-3894136,2026-08-06T17:33:59.496264+00:00
3894105,*廳大房大 高層開揚 新淨企理 明火煮食乾濕廁 平地電梯 歡迎約睇*,太子,恒滿樓,4590000,409,2,1,廣信地產顧問有限公司,https://i1.28hse.com/2026/06/202606161835476855817_thumb.jpg,https://www.28hse.com/buy/apartment/property-3894105,2026-08-06T17:33:59.496264+00:00
3894001,荔枝角道白揚街交界雷生春對面太子地鐵站6分鐘合自住及投資价錢可商議平售(單位己吉,太子,,4200000,672,3,3,富榮地產代理,https://i1.28hse.com/2026/06/202606161753462556163_thumb.jpg,https://www.28hse.com/buy/apartment/property-3894001,2026-08-06T17:33:59.496264+00:00
2702657,♡♡兩房平地電梯大廈已維修，業主急走♡♡,太子,利發大樓,3980000,518,2,,千億物業 太子分行,https://i1.28hse.com/2026/04/202604201458558261026_thumb.jpg,https://www.28hse.com/buy/apartment/property-2702657,2026-08-06T17:33:59.496264+00:00
3840918,【太子地鐵站旁】東海大廈，兩房大廳，平地電梯，太子地鐵口。,太子,單幢樓房,4280000,417,2,1,鴻利物業代理有限公司,https://i1.28hse.com/2026/05/202605082310211229048_thumb.jpg,https://www.28hse.com/buy/apartment/property-3840918,2026-08-06T17:33:59.496264+00:00
3892380,!!近太子大兩房!!【恒滿樓】光猛多窗 罕有放盤,太子,恒滿樓,4590000,409,2,1,駿輝地產安業有限公司,https://i1.28hse.com/2026/06/202606151629341027662_thumb.jpg,https://www.28hse.com/buy/apartment/property-3892380,2026-08-06T17:33:59.496264+00:00
3891187,"*太子品味靚裝三房,即買即用*三邊多窗,乾明廁,已大維修靚大堂,兩部平地新電梯",太子,德豐大廈,5300000,593,3,1,晉聯地產(太子),https://i1.28hse.com/2026/07/202607071729552908405_thumb.jpg,https://www.28hse.com/buy/apartment/property-3891187,2026-08-06T17:33:59.496264+00:00
3891088,"*獨家*全新裝修隔音玻璃*兩房開陽三邊窗,煤氣梗廚,乾明廁,大維修中,平地新電梯",太子,長勝大廈,3980000,498,2,1,晉聯地產(太子),https://i1.28hse.com/2026/06/202606141614315289315_thumb.jpg,https://www.28hse.com/buy/apartment/property-3891088,2026-08-06T17:33:59.496264+00:00
3418670,【1分鐘到太子地鐵站】實用多窗單邊 內街清靜,太子,麗英大廈,4000000,442,2,1,鴻利物業代理有限公司,https://i1.28hse.com/2025/04/202504301141015086754_thumb.jpg,https://www.28hse.com/buy/apartment/property-3418670,2026-08-06T17:33:59.496264+00:00
3889953,"近太子站,交通方便,平地電梯,上車之選.",太子,寶興大樓,3180000,405,2,1,金豐物業,/assets/img/loadingphoto170_125.jpg,https://www.28hse.com/buy/apartment/property-3889953,2026-08-06T17:33:59.496264+00:00
3217619,✶✶單邊，平地電梯呎價平 +平台242呎 ✶✶,太子,弼華大廈,4200000,600,3,,千億物業,https://i1.28hse.com/2024/10/20241025141806366114_thumb.jpg,https://www.28hse.com/buy/apartment/property-3217619,2026-08-06T17:33:59.496264+00:00
3888480,太子 低層1樓唐樓 連100呎平台 景觀開揚 3開1房套房 有匙即睇,太子,單幢樓房,4200000,672,3,3,廣信地產顧問有限公司,https://i1.28hse.com/2026/06/202606121842237784461_thumb.jpg,https://www.28hse.com/buy/apartment/property-3888480,2026-08-06T17:33:59.496264+00:00
3884079,"實用高層三房,三邊窗,梗廚,乾濕分離,大廈剛完成大維修,剛換兩部新電梯,寧靜方便",太子,利盛大樓,3700000,460,3,1,晉聯地產(太子),https://i1.28hse.com/2026/07/202607061629285179369_thumb.jpg,https://www.28hse.com/buy/apartment/property-3884079,2026-08-06T17:33:59.496264+00:00
3883423,近太子站 有電梯 筍價出售,太子,寶豐大樓,3980000,506,2,1,萬基地產代理有限公司,https://i1.28hse.com/2026/06/20260609151245565760_thumb.jpg,https://www.28hse.com/buy/apartment/property-3883423,2026-08-06T17:33:59.496264+00:00
3882612,2房1廳連平台，2分鐘到地鐵，約看！,太子,,3080000,406,2,1,兆傲物業顧問有限公司,https://i1.28hse.com/2026/06/202606081842287251712_thumb.jpg,https://www.28hse.com/buy/apartment/property-3882612,2026-08-06T17:33:59.496264+00:00
3881464,【太子靚裝3房】♡ 近太子站2分鐘/間隔實用/歡迎約睇,太子,裕成樓,4800000,510,3,1,富榮地產代理,https://i1.28hse.com/2026/06/20260607231126903073_thumb.jpg,https://www.28hse.com/buy/apartment/property-3881464,2026-08-06T17:33:59.496264+00:00
3527167,【罕有平台花園 452尺】獨家代理 兩房企理 交通方便 一分鐘地鐵站,太子,百匯軒,7880000,431,2,1,鴻利物業代理有限公司,https://i1.28hse.com/2025/08/20250802155315830672_thumb.jpg,https://www.28hse.com/buy/apartment/property-3527167,2026-08-06T17:33:59.496264+00:00
3880730,"兩房雅緻裝修,平地電梯",太子,利聯大廈,4380000,399,2,1,晉聯地產(太子),https://i1.28hse.com/2026/06/202606211429484787893_thumb.jpg,https://www.28hse.com/buy/apartment/property-3880730,2026-08-06T17:33:59.496264+00:00
3761932,通菜街運動場道交界太子地鐵站2分鐘旺中帶靜合自住及投資平售,太子,樂興大廈,5000000,372,3,1,富榮地產代理,https://i1.28hse.com/2026/05/202605061603397683756_thumb.jpg,https://www.28hse.com/buy/apartment/property-3761932,2026-08-06T17:33:59.496264+00:00
3963197,大角咀港灣豪庭，2房筍盤，投資或自住首選,大角咀,港灣豪庭,7580000,440,2,1,世紀21集團有限公司,https://i1.28hse.com/2026/08/202608070044577820200_thumb.jpg,https://www.28hse.com/buy/apartment/property-3963197,2026-08-06T17:33:59.496264+00:00
3963013,港灣豪庭實用两房放售,大角咀,港灣豪庭,5550000,401,2,,香港置業,https://i1.28hse.com/2026/08/202608062049312282412_thumb.jpg,https://www.28hse.com/buy/apartment/property-3963013,2026-08-06T17:33:59.496264+00:00
3962866,【鳳凰樓層】【梗廚明廁】【只此一間】,大角咀,柏豐28,6500000,453,2,1,香港置業,https://i1.28hse.com/2026/08/202608061907388334731_thumb.jpg,https://www.28hse.com/buy/apartment/property-3962866,2026-08-06T17:33:59.496264+00:00
3664667,大角嘴近旺角站 2房露台靚裝修,大角咀,i-home,7500000,519,2,1,天域地產代理有限公司,https://i1.28hse.com/2026/07/202607031620116489846_thumb.jpg,https://www.28hse.com/buy/apartment/property-3664667,2026-08-06T17:33:59.496264+00:00
3962381,靚裝上車盤~大角咀~『17年1房392呎』【i home】罕有梗廚 會所,大角咀,i-home,6480000,392,2,1,駿輝地產專業有限公司,https://i1.28hse.com/2026/08/20260806154757648408_thumb.jpg,https://www.28hse.com/buy/apartment/property-3962381,2026-08-06T17:33:59.496264+00:00
3960791,高層東南兩房 業主實在 還價即成,大角咀,港灣豪庭,5980000,365,2,1,進居地產,https://i1.28hse.com/2026/08/20260805145241162583_thumb.jpg,https://www.28hse.com/buy/apartment/property-3960791,2026-08-06T17:33:59.496264+00:00
3960666,超靚裝修 2房 有匙即睇 全城最平,奧運,凱帆軒,8400000,463,2,,美聯物業,https://i1.28hse.com/2026/08/202608051338593442722_thumb.jpg,https://www.28hse.com/buy/apartment/property-3960666,2026-08-06T17:33:59.496264+00:00
3960664,"最平海景兩房,廳大房大,歡迎預約",奧運,凱帆軒,7900000,426,2,,美聯物業,https://i1.28hse.com/2026/08/202608051337003177904_thumb.jpg,https://www.28hse.com/buy/apartment/property-3960664,2026-08-06T17:33:59.496264+00:00
3960637,【可試$610萬】【開揚2房靚景】【有票有驚喜】,大角咀,柏豐28,6380000,457,2,1,美聯物業代理有限公司,https://i1.28hse.com/2026/08/202608051321054621280_thumb.jpg,https://www.28hse.com/buy/apartment/property-3960637,2026-08-06T17:33:59.496264+00:00
3960623,可試價. 大房靚則梗廚. 雙露台山景,大角咀,形品星寓,5800000,386,1,1,美居物業,https://i1.28hse.com/2026/08/202608051314155605291_thumb.jpg,https://www.28hse.com/buy/apartment/property-3960623,2026-08-06T17:33:59.496264+00:00
3959315,《筍價出售，罕有放盤，東北開揚景，兩房交吉出售》,大角咀,形品星寓,7780000,473,2,1,香港置業,https://i1.28hse.com/2026/08/202608041411223016594_thumb.jpg,https://www.28hse.com/buy/apartment/property-3959315,2026-08-06T17:33:59.496264+00:00
3959303,*筍到爆炸!! 34年樓 三房間隔 房大廳大 平地電梯 *,大角咀,福群大廈,4380000,394,3,1,廣信地產顧問有限公司,https://i1.28hse.com/2026/08/202608041404135266578_thumb.jpg,https://www.28hse.com/buy/apartment/property-3959303,2026-08-06T17:33:59.496264+00:00
3959233,近奧運站 地鐵沿線 1站到高鐵站 2站到中環站,奧運,凱帆軒,7950000,463,2,,香港置業,https://i1.28hse.com/2026/08/20260804132324249936_thumb.jpg,https://www.28hse.com/buy/apartment/property-3959233,2026-08-06T17:33:59.496264+00:00
3958214,***大型屋苑 高層2房 罕有放盤 商場雙會所自成一角!***,大角咀,港灣豪庭,7580000,440,2,1,廣信地產顧問有限公司,https://i1.28hse.com/2026/08/202608031657111849634_thumb.jpg,https://www.28hse.com/buy/apartment/property-3958214,2026-08-06T17:33:59.496264+00:00
3957823,全場最抵！業主大劈價急售 直望全海景煙花景 兩房改造一大房 特色連天台 即約即看,大角咀,港灣豪庭,6780000,372,2,1,廣信地產顧問有限公司,https://i1.28hse.com/2026/08/202608031447518366011_thumb.jpg,https://www.28hse.com/buy/apartment/property-3957823,2026-08-06T17:33:59.496264+00:00
3957152,【罕有】高層西南開揚，兩房，靚裝修,大角咀,港灣豪庭,6680000,372,2,1,宇晴地產,https://i1.28hse.com/2026/08/20260802192726966010_thumb.jpg,https://www.28hse.com/buy/apartment/property-3957152,2026-08-06T17:33:59.496264+00:00
3956896,"【減價】極高層東南煙花海景連天台,靚裝修",大角咀,港灣豪庭,6780000,372,1,1,香港置業,https://i1.28hse.com/2026/08/202608021725091739141_thumb.jpg,https://www.28hse.com/buy/apartment/property-3956896,2026-08-06T17:33:59.496264+00:00
3956601,34年樓 ((原則3房)) 恆基樓 高層 大膽上車做業主【啱再傾】,大角咀,福群大廈,4380000,394,3,1,龍鳳地產-大全街分行,https://i1.28hse.com/2026/08/202608021534476777606_thumb.jpg,https://www.28hse.com/buy/apartment/property-3956601,2026-08-06T17:33:59.496264+00:00
3956550,区内大型屋苑，租务需求稳定 交通四通八达，往返旺角、西九方便 两房户型极受欢迎,大角咀,港灣豪庭,6780000,372,2,,中原地產,https://i1.28hse.com/2026/08/202608021514591714612_thumb.jpg,https://www.28hse.com/buy/apartment/property-3956550,2026-08-06T17:33:59.496264+00:00
3956495,两房間隔四正 鄰近太子站，交通四通八達 周邊商舖林立，生活配套齊備,大角咀,i-home,7500000,519,2,,中原地產,https://i1.28hse.com/2026/08/202608021450538575515_thumb.jpg,https://www.28hse.com/buy/apartment/property-3956495,2026-08-06T17:33:59.496264+00:00
3956362,大角咀核心地段，邻近旺角和奧運站，租客需求極大，租金回報穩定,大角咀,形品星寓,5600000,367,1,,中原地產,https://i1.28hse.com/2026/08/202608021400307365274_thumb.jpg,https://www.28hse.com/buy/apartment/property-3956362,2026-08-06T17:33:59.496264+00:00
3955540,投資/自用皆宜，有匙,大角咀,必發大廈,2880000,412,3,3,晉景地產,https://i1.28hse.com/2026/08/20260802183804476615_thumb.jpg,https://www.28hse.com/buy/apartment/property-3955540,2026-08-06T17:33:59.496264+00:00
3955228,《獨家放盤》西九龍上車兩房首選! 有票有驚喜! $650萬再傾!,大角咀,柏豐28,6800000,457,2,1,中原地產代理有限公司,https://i1.28hse.com/2026/08/202608011635266870559_thumb.jpg,https://www.28hse.com/buy/apartment/property-3955228,2026-08-06T17:33:59.496264+00:00
3873981,真實盤源，西南大兩房,大角咀,港灣豪庭,6280000,379,2,1,港灣豪庭分行,https://i1.28hse.com/2026/06/202606191432254796979_thumb.jpg,https://www.28hse.com/buy/apartment/property-3873981,2026-08-06T17:33:59.496264+00:00
3953741,市區半新樓 大1房 梗廚,大角咀,i-home,5350000,381,1,,美聯物業,https://i1.28hse.com/2026/07/202607311642094287668_thumb.jpg,https://www.28hse.com/buy/apartment/property-3953741,2026-08-06T17:33:59.496264+00:00
3953728,配套齐全，出租容易 回报吸引，投资首选,大角咀,港灣豪庭,6385000,404,2,,中原地產,https://i1.28hse.com/2026/07/202607311636573590183_thumb.jpg,https://www.28hse.com/buy/apartment/property-3953728,2026-08-06T17:33:59.496264+00:00
3953680,奧柏御峯專員推介 還價在即,大角咀,奧柏御峯,5400000,353,1,1,美聯物業代理有限公司,https://i1.28hse.com/2026/07/202607311615104259673_thumb.jpg,https://www.28hse.com/buy/apartment/property-3953680,2026-08-06T17:33:59.496264+00:00
3953678,指標大型屋苑，大型會所設施 ，泳池健身室齊備,大角咀,港灣豪庭,5600000,401,2,,中原地產,https://i1.28hse.com/2026/07/202607311614078534445_thumb.jpg,https://www.28hse.com/buy/apartment/property-3953678,2026-08-06T17:33:59.496264+00:00
3953561,周邊食肆、商舖齊備，生活便利,大角咀,柏豐28,6800000,457,2,,中原地產,https://i1.28hse.com/2026/07/202607311532107583529_thumb.jpg,https://www.28hse.com/buy/apartment/property-3953561,2026-08-06T17:33:59.496264+00:00
3953550,"交通四通八達，往返旺角、奧運方便,租務需求穩定",大角咀,形品星寓,6280000,394,1,,中原地產,https://i1.28hse.com/2026/07/202607311527085435984_thumb.jpg,https://www.28hse.com/buy/apartment/property-3953550,2026-08-06T17:33:59.496264+00:00
3953535,周邊食肆、商舖齊備，生活便利 單位連露台，落地玻璃窗，采光充足,大角咀,形品星寓,7800000,473,2,,中原地產,https://i1.28hse.com/2026/07/202607311521177073426_thumb.jpg,https://www.28hse.com/buy/apartment/property-3953535,2026-08-06T17:33:59.496264+00:00
3953251,【2房實景VR】【可試$738萬有票儘傾】【用家精選】【梗廚】【來電儘傾】,大角咀,亮賢居,7600000,499,2,,中原地產-長沙灣映築分行,https://i1.28hse.com/2026/07/202607311247266953774_thumb.jpg,https://www.28hse.com/buy/apartment/property-3953251,2026-08-06T17:33:59.496264+00:00
3953233,【2房實盤VR】【可試$668萬有票儘傾】【即買即收租】【來電儘傾】,大角咀,柏豐28,6800000,457,2,,中原地產-長沙灣映築分行,https://i1.28hse.com/2026/07/202607311234536006295_thumb.jpg,https://www.28hse.com/buy/apartment/property-3953233,2026-08-06T17:33:59.496264+00:00
3953223,【2房實景VR】【可試$718萬有票儘傾】【即買即收租】【則王】【來電儘傾】,大角咀,i-home,7500000,519,2,,中原地產-長沙灣映築分行,https://i1.28hse.com/2026/07/202607311227154724432_thumb.jpg,https://www.28hse.com/buy/apartment/property-3953223,2026-08-06T17:33:59.496264+00:00
3953209,【2房】【可試$548萬有票儘傾】【呎價13xxx即買即收租】【回報超4%】,大角咀,港灣豪庭,5600000,401,2,,中原地產-長沙灣映築分行,https://i1.28hse.com/2026/07/202607311221334523942_thumb.jpg,https://www.28hse.com/buy/apartment/property-3953209,2026-08-06T17:33:59.496264+00:00
3952796,【700萬2房】【罕有放盤】【還價即成】,大角咀,柏豐28,7000000,453,2,,美聯物業代理有限公司,https://i1.28hse.com/2026/07/20260730192203125595_thumb.jpg,https://www.28hse.com/buy/apartment/property-3952796,2026-08-06T17:33:59.496264+00:00
3952689,即約即睇,大角咀,港灣豪庭,6400000,415,2,,中原地產,https://i1.28hse.com/2026/07/202607301825371403807_thumb.jpg,https://www.28hse.com/buy/apartment/property-3952689,2026-08-06T17:33:59.496264+00:00
3952633,旺中帶靜、西九匯旁、收租穩定,大角咀,奧柏御峯,5800000,353,1,,中原地產,https://i1.28hse.com/2026/07/202607301757232009287_thumb.jpg,https://www.28hse.com/buy/apartment/property-3952633,2026-08-06T17:33:59.496264+00:00
3952369,《中原獨家，實用兩房，梗廚明廁，有匙即睇》,大角咀,柏豐28,6800000,457,2,1,中原地產-碧海藍天分行,https://i1.28hse.com/2026/07/202607301609015436008_thumb.jpg,https://www.28hse.com/buy/apartment/property-3952369,2026-08-06T17:33:59.496264+00:00
3951672,奧運平價兩房新樓 臨近地鐵 可明火煮食,大角咀,利奧坊凱岸,8000000,417,2,1,美聯物業,https://i1.28hse.com/2026/07/202607292339414451618_thumb.jpg,https://www.28hse.com/buy/apartment/property-3951672,2026-08-06T17:33:59.496264+00:00
3951582,奧運上車兩房 高層無敵海景 臨近地鐵,奧運,凱帆軒,7900000,426,2,1,美聯物業,https://i1.28hse.com/2026/07/202607292052178148254_thumb.jpg,https://www.28hse.com/buy/apartment/property-3951582,2026-08-06T17:33:59.496264+00:00
3951069,"奧運,旺角特大2房東南洋樓,優質,樓皇之皇,少有放盤!!!",大角咀,德安樓,4150000,392,2,,大同地產(富多來邨),https://i1.28hse.com/2026/07/202607291623331857016_thumb.jpg,https://www.28hse.com/buy/apartment/property-3951069,2026-08-06T17:33:59.496264+00:00
3950826,開揚大兩房，靚裝即買即住，預約睇樓️,大角咀,港灣豪庭,7500000,440,2,,中原地產,https://i1.28hse.com/2026/07/202607291427092546714_thumb.jpg,https://www.28hse.com/buy/apartment/property-3950826,2026-08-06T17:33:59.496264+00:00
3950671,靚裝即買即住！業主誠意放售️歡迎約睇️,大角咀,港灣豪庭,6680000,379,2,,中原地產,https://i1.28hse.com/2026/07/202607291248563402790_thumb.jpg,https://www.28hse.com/buy/apartment/property-3950671,2026-08-06T17:33:59.496264+00:00
3948896,「真實盤源•帶票睇樓」激荀 梗廚1房，歡迎約睇,大角咀,形品星寓,5700000,386,1,1,香港置業,https://i1.28hse.com/2026/07/202607271926118741796_thumb.jpg,https://www.28hse.com/buy/apartment/property-3948896,2026-08-06T17:33:59.496264+00:00
3948641,"梗廚大1房, 有匙可以看樓, 新鴻基近旺角與奧運站",大角咀,形品星寓,5700000,386,1,1,香港置業,https://i1.28hse.com/2026/07/202607271840061791146_thumb.jpg,https://www.28hse.com/buy/apartment/property-3948641,2026-08-06T17:33:59.496264+00:00
3948282,*自住收租【I-HOME~ 開揚】*中層兩房梗廚 17年半樓有會所*,大角咀,i-home,6480000,392,2,1,駿輝地產建榮有限公司,https://i1.28hse.com/2026/07/202607271441281028694_thumb.jpg,https://www.28hse.com/buy/apartment/property-3948282,2026-08-06T17:33:59.496264+00:00
3947035,《即走盤》銀主靚貨，手快有手慢冇，可睇樓，精緻裝修,大角咀,港灣豪庭,6400000,415,2,1,中原地產,https://i1.28hse.com/2026/07/20260726142954550141_thumb.jpg,https://www.28hse.com/buy/apartment/property-3947035,2026-08-06T17:33:59.496264+00:00
3663834,"大房大廳,裝修完成,實用性高,平地電梯,收租自住,理想居所",大角咀,中耀樓,3480000,406,2,1,名城 (九龍) 地產,https://i1.28hse.com/2026/07/202607261338324123221_thumb.jpg,https://www.28hse.com/buy/apartment/property-3663834,2026-08-06T17:33:59.496264+00:00
3946957,·筍價入手細3 房·,大角咀,港灣豪庭,7800000,466,3,,美聯物業,https://i1.28hse.com/2026/07/202607261204478039726_thumb.jpg,https://www.28hse.com/buy/apartment/property-3946957,2026-08-06T17:33:59.496264+00:00
3946748,***套現盤必睇［I-Home］半新罕有梗廚 可9成按 還價即賣 ***相熟業主,大角咀,i-home,6480000,392,1,1,駿輝地產置業有限公司,https://i1.28hse.com/2026/07/20260725191913626564_thumb.jpg,https://www.28hse.com/buy/apartment/property-3946748,2026-08-06T17:33:59.496264+00:00
3946698,25/7*實盤 筍到炸裂 最平海景兩房*,奧運,凱帆軒,7900000,426,2,,美聯物業,https://i1.28hse.com/2026/07/202607251846255833473_thumb.jpg,https://www.28hse.com/buy/apartment/property-3946698,2026-08-06T17:33:59.496264+00:00
3946628,大型屋苑，有會所，市區兩房,大角咀,港灣豪庭,5600000,401,2,,中原地產,https://i1.28hse.com/estate_data/67/2564/FLOOR/2564_20231116203725223834_thumb.jpg,https://www.28hse.com/buy/apartment/property-3946628,2026-08-06T17:33:59.496264+00:00
3945695,鬧市罕有梗廚一房放盤 好荀! 實客可約睇樓 另有多個筍盤未能盡錄!!歡迎查詢~,大角咀,i-home,5800000,392,1,1,美聯物業,https://i1.28hse.com/2026/07/202607242333505933072_thumb.jpg,https://www.28hse.com/buy/apartment/property-3945695,2026-08-06T17:33:59.496264+00:00
3945688,西九龍市區最平三房單位… 業主急賣 即約即睇 還價即成 ! 歡迎查詢!,大角咀,港灣豪庭,8000000,488,3,3,美聯物業,https://i1.28hse.com/2026/07/20260724232202650630_thumb.jpg,https://www.28hse.com/buy/apartment/property-3945688,2026-08-06T17:33:59.496264+00:00
3945433,【大積兩房】【市場罕有】,大角咀,港灣豪庭,7000000,436,2,,美聯物業代理有限公司,https://i1.28hse.com/2026/07/202607241909578418803_thumb.jpg,https://www.28hse.com/buy/apartment/property-3945433,2026-08-06T17:33:59.496264+00:00
3945416,【i-home】極受歡迎 迷人靚景 好有看頭 歡迎約睇,大角咀,i-home,6480000,392,1,1,駿輝地產世一有限公司,https://i1.28hse.com/2026/07/202607241855424620340_thumb.jpg,https://www.28hse.com/buy/apartment/property-3945416,2026-08-06T17:33:59.496264+00:00
3945287,左右廳 大兩房 間隔實用 地板換過 可以約睇樓,大角咀,港灣豪庭,7180000,436,2,,中原地產,https://i1.28hse.com/2026/07/202607241808201682605_thumb.jpg,https://www.28hse.com/buy/apartment/property-3945287,2026-08-06T17:33:59.496264+00:00
3945149,《正南開揚，雅致兩房連露台，業主自住，歡迎約睇》,大角咀,港灣豪庭,5600000,401,2,1,香港置業,https://i1.28hse.com/2026/07/202607241708587340642_thumb.jpg,https://www.28hse.com/buy/apartment/property-3945149,2026-08-06T17:33:59.496264+00:00
3945081,業主減價求賣，有匙即看。,大角咀,港灣豪庭,6950000,386,2,,香港置業,https://i1.28hse.com/2026/07/2026072416342199421_thumb.jpg,https://www.28hse.com/buy/apartment/property-3945081,2026-08-06T17:33:59.496264+00:00
3832791,近太子“34年洋樓”3房廳”平地電梯 恆基樓“實用率高”買樓快手！,大角咀,福群大廈,4380000,394,3,1,龍鳳地產-大全街分行,https://i1.28hse.com/2026/06/202606261435411463161_thumb.jpg,https://www.28hse.com/buy/apartment/property-3832791,2026-08-06T17:33:59.496264+00:00
3944252,【高層開揚兩房】【有票有驚喜】,大角咀,柏豐28,6780000,453,2,,美聯物業代理有限公司,https://i1.28hse.com/2026/07/20260727202107204905_thumb.jpg,https://www.28hse.com/buy/apartment/property-3944252,2026-08-06T17:33:59.496264+00:00
3904435,港灣豪庭有會所商場大型屋苑,大角咀,港灣豪庭,6280000,379,2,1,至美不動產,https://i1.28hse.com/2026/07/202607291756062509024_thumb.jpg,https://www.28hse.com/buy/apartment/property-3904435,2026-08-06T17:33:59.496264+00:00
3943692,【I-HOME】大角咀中層兩房梗廚！17年半新樓有會所！企理裝修，景觀開揚！,大角咀,i-home,6480000,392,2,1,駿輝地產有限公司,https://i1.28hse.com/2026/07/202607231719412113365_thumb.jpg,https://www.28hse.com/buy/apartment/property-3943692,2026-08-06T17:33:59.496264+00:00
3290099,"3房1廳,34年樓,平地𨋢正在更換新的,實用",大角咀,福群大廈,4380000,394,3,1,龍鳳地產-富多來商場,https://i1.28hse.com/2026/06/202606131630311470407_thumb.jpg,https://www.28hse.com/buy/apartment/property-3290099,2026-08-06T17:33:59.496264+00:00
3833096,2房1廳，平地電梯，有匙即看！,大角咀,櫻桃大廈,2800000,352,2,1,兆傲物業顧問有限公司,https://i1.28hse.com/2026/05/20260503175714581361_thumb.jpg,https://www.28hse.com/buy/apartment/property-3833096,2026-08-06T17:33:59.496264+00:00
3943145,*筍貨!! 等你還價 $100稅 汁平野機會 平地電梯 鄰近奧運站 *,大角咀,中原樓,2380000,365,3,3,廣信地產顧問有限公司,https://i1.28hse.com/2026/07/202607231344445665128_thumb.jpg,https://www.28hse.com/buy/apartment/property-3943145,2026-08-06T17:33:59.496264+00:00
3777357,東南向海 永久景觀 罕有放盤 同類型單位最平,大角咀,港灣豪庭,6750000,372,2,1,港灣豪庭分行,https://i1.28hse.com/2026/07/202607261659164920928_thumb.jpg,https://www.28hse.com/buy/apartment/property-3777357,2026-08-06T17:33:59.496264+00:00
3941763,一房單位、投資首選,大角咀,奧柏御峯,5400000,353,1,,美聯物業代理有限公司,https://i1.28hse.com/2026/07/202607232006422017280_thumb.jpg,https://www.28hse.com/buy/apartment/property-3941763,2026-08-06T17:33:59.496264+00:00
3941200,內園景/淸靜舒適,大角咀,港灣豪庭,6690000,372,2,1,港灣豪庭分行,https://i1.28hse.com/2026/07/20260726154929588403_thumb.jpg,https://www.28hse.com/buy/apartment/property-3941200,2026-08-06T17:33:59.496264+00:00
3940864,實盤 單位乾淨企理 即買即住 借足9成按揭 輕鬆上車,大角咀,亮賢居,7550000,499,2,1,港灣豪庭分行,https://i1.28hse.com/2026/07/202607211628193977730_thumb.jpg,https://www.28hse.com/buy/apartment/property-3940864,2026-08-06T17:33:59.496264+00:00
3939433,实用2房,大角咀,港灣豪庭,7030000,386,2,1,香港置業,https://i1.28hse.com/2026/07/202607201351245674170_thumb.jpg,https://www.28hse.com/buy/apartment/property-3939433,2026-08-06T17:33:59.496264+00:00
3939037,【開揚大1房】 有票幫你盡傾,大角咀,形品星寓,5600000,367,1,1,美聯物業代理有限公司,https://i1.28hse.com/2026/07/202607192135466076398_thumb.jpg,https://www.28hse.com/buy/apartment/property-3939037,2026-08-06T17:33:59.496264+00:00
3938489,名牌屋苑，市區，′交通便利,大角咀,形品星寓,7800000,473,2,1,中原地產,https://i1.28hse.com/2026/07/202607191534125002285_thumb.jpg,https://www.28hse.com/buy/apartment/property-3938489,2026-08-06T17:33:59.496264+00:00
3938104,【$650萬再傾●筍盤快走！】有票再有驚喜,大角咀,柏豐28,6780000,453,2,1,美聯物業代理有限公司,https://i1.28hse.com/2026/07/202607191140583062187_thumb.jpg,https://www.28hse.com/buy/apartment/property-3938104,2026-08-06T17:33:59.496264+00:00
3937936,《中原獨家，上車兩房，梗廚明廁，有匙即睇》,大角咀,柏豐28,6800000,457,2,1,中原地產-碧海藍天分行,https://i1.28hse.com/2026/07/202607182354263618755_thumb.jpg,https://www.28hse.com/buy/apartment/property-3937936,2026-08-06T17:33:59.496264+00:00
3937701,✦✦太子現2大房即買即住，有匙即睇✦✦,大角咀,慶年大樓,3680000,447,2,,千億物業 太子分行,https://i1.28hse.com/2026/07/202607181851343856250_thumb.jpg,https://www.28hse.com/buy/apartment/property-3937701,2026-08-06T17:33:59.496264+00:00
3937596,全區最平 高質全海景 筍價 大膽還價 可交吉,奧運,凱帆軒,7800000,429,2,,美聯物業,https://i1.28hse.com/2026/07/202607181810366349309_thumb.jpg,https://www.28hse.com/buy/apartment/property-3937596,2026-08-06T17:33:59.496264+00:00
3937586,"最平海景兩房,廳大房大,歡迎預約",奧運,凱帆軒,7900000,426,2,,美聯物業,https://i1.28hse.com/2026/07/202607181806464313822_thumb.jpg,https://www.28hse.com/buy/apartment/property-3937586,2026-08-06T17:33:59.496264+00:00
3893890,獨家代理筍盤！單邊開陽公園景！3房單位筍爆出售,大角咀,中英樓,3200000,435,3,1,中興地產有限公司,https://i1.28hse.com/2026/06/202606161702311473212_thumb.jpg,https://www.28hse.com/buy/apartment/property-3893890,2026-08-06T17:33:59.496264+00:00
3825730,實盤 單邊開揚 又靚裝修 拎包可以入住 西九大型屋苑上車盤,大角咀,港灣豪庭,7250000,436,2,1,港灣豪庭分行,https://i1.28hse.com/2026/04/202604271742233764584_thumb.jpg,https://www.28hse.com/buy/apartment/property-3825730,2026-08-06T17:33:59.496264+00:00
3779291,高層開揚 靚盤難求,大角咀,柏豐28,7110000,453,2,1,龍鳳地產-洋松街分行,https://i1.28hse.com/2026/03/20260320104239176904_thumb.jpg,https://www.28hse.com/buy/apartment/property-3779291,2026-08-06T17:33:59.496264+00:00
3936756,"奧運站,2房實用,機會難求,留給識貨之人,快者得到!!",大角咀,中興樓,2800000,373,2,,大同地產(富多來邨),https://i1.28hse.com/2026/07/20260718110625787190_thumb.jpg,https://www.28hse.com/buy/apartment/property-3936756,2026-08-06T17:33:59.496264+00:00
3936330,《 * 750萬 * 靚裝2房 * 開揚有露台 》 明廁,奧運,凱帆軒,7800000,463,2,1,香港置業,https://i1.28hse.com/2026/07/202607171915273783348_thumb.jpg,https://www.28hse.com/buy/apartment/property-3936330,2026-08-06T17:33:59.496264+00:00
3935729,**特平呎價 平地電梯 大則可3房 民生設備齊全 還價即成 歡迎約睇,大角咀,中美樓,3680000,520,2,1,廣信地產顧問有限公司,https://i1.28hse.com/2026/07/202607171600273923386_thumb.jpg,https://www.28hse.com/buy/apartment/property-3935729,2026-08-06T17:33:59.496264+00:00
3935688,"【 尺價$7,955 ● 開揚高層 ● 球場景】匙盤！",大角咀,櫻桃大廈,2800000,352,2,1,三月地產,https://i1.28hse.com/2026/07/202607171546227695270_thumb.jpg,https://www.28hse.com/buy/apartment/property-3935688,2026-08-06T17:33:59.496264+00:00
3935202,🤎新鴻基開揚大1房🤎靚裝修 🤎 有會所泳池🤎步行至港鐵時間約7分鐘,大角咀,形品星寓,5890000,386,1,1,豐登地產有限公司,https://i1.28hse.com/2026/07/202607291148187080022_thumb.jpg,https://www.28hse.com/buy/apartment/property-3935202,2026-08-06T17:33:59.496264+00:00
3934836,平地電梯. 旺中帶靜四正開揚,大角咀,慶年大樓,3700000,447,3,1,龍鳳地產公司,https://i1.28hse.com/2026/07/202607161955216014985_thumb.jpg,https://www.28hse.com/buy/apartment/property-3934836,2026-08-06T17:33:59.496264+00:00
3934324,新裝二房、開揚靚景、罕有放盤、還價即成…,奧運,凱帆軒,7680000,431,2,,香港置業,https://i1.28hse.com/2026/07/202607161623041753974_thumb.jpg,https://www.28hse.com/buy/apartment/property-3934324,2026-08-06T17:33:59.496264+00:00
3934139,《西南有海景，雅裝大兩房，罕有一期放盤，有匙即睇》,大角咀,港灣豪庭,6800000,386,2,1,香港置業,https://i1.28hse.com/2026/07/202607161444154479505_thumb.jpg,https://www.28hse.com/buy/apartment/property-3934139,2026-08-06T17:33:59.496264+00:00
3933402,單邊開揚山海景梗廚,大角咀,形品星寓,8300000,473,2,1,美居物業,https://i1.28hse.com/estate_data/67/5569/FLOOR/5569_20231116235227394217_thumb.jpg,https://www.28hse.com/buy/apartment/property-3933402,2026-08-06T17:33:59.496264+00:00
3932959,"最平兩房,廳大房大,歡迎預約",大角咀,港灣豪庭,7030000,386,2,,美聯物業,https://i1.28hse.com/2026/07/202607151529546604369_thumb.jpg,https://www.28hse.com/buy/apartment/property-3932959,2026-08-06T17:33:59.496264+00:00
3932908,"港灣豪庭 最平海景兩房+天台,廳大房大,有鎖匙歡迎預約!!!!",大角咀,港灣豪庭,6780000,372,2,,美聯物業,https://i1.28hse.com/2026/07/202607151505285893626_thumb.jpg,https://www.28hse.com/buy/apartment/property-3932908,2026-08-06T17:33:59.496264+00:00
3932895,"最平海景兩房,廳大房大, 有鎖匙歡迎預約!!!!",大角咀,港灣豪庭,6600000,415,2,,美聯物業,https://i1.28hse.com/2026/07/202607151501497191262_thumb.jpg,https://www.28hse.com/buy/apartment/property-3932895,2026-08-06T17:33:59.496264+00:00
3932892,"最平海景兩房,廳大房大, 有鎖匙歡迎預約!!!!",大角咀,港灣豪庭,6600000,415,2,,美聯物業,https://i1.28hse.com/2026/07/20260715145847164263_thumb.jpg,https://www.28hse.com/buy/apartment/property-3932892,2026-08-06T17:33:59.496264+00:00
3931559,*3房高層 [近太子站]~平地雙電梯+已大維修+有匙即睇*,大角咀,慶年大樓,3780000,447,3,1,廣信地產顧問有限公司,https://i1.28hse.com/2026/07/202607141435136666506_thumb.jpg,https://www.28hse.com/buy/apartment/property-3931559,2026-08-06T17:33:59.496264+00:00
3931537,【奧運站 凱帆軒】開揚 2房單位，首次置業首選，價錢可議。,奧運,凱帆軒,7950000,463,2,1,中原地產,https://i1.28hse.com/2026/07/202607141433377194258_thumb.jpg,https://www.28hse.com/buy/apartment/property-3931537,2026-08-06T17:33:59.496264+00:00
3930993,► 大2房◄ ☞景觀開揚☜ ➚即約,大角咀,港灣豪庭,7000000,440,2,1,美聯物業代理有限公司,https://i1.28hse.com/2026/07/2026071321093954182_thumb.jpg,https://www.28hse.com/buy/apartment/property-3930993,2026-08-06T17:33:59.496264+00:00
3930693,*$100稅 靚裝三房 即買即用 平地電梯 鄰近奧運站*,大角咀,中英樓,3600000,435,3,1,廣信地產顧問有限公司,https://i1.28hse.com/2026/07/202607131733508540619_thumb.jpg,https://www.28hse.com/buy/apartment/property-3930693,2026-08-06T17:33:59.496264+00:00
3930650,全區最平 高質全海景 筍價 大膽還價 可交吉,奧運,凱帆軒,7800000,429,2,,美聯物業,https://i1.28hse.com/2026/07/202607131717262015371_thumb.jpg,https://www.28hse.com/buy/apartment/property-3930650,2026-08-06T17:33:59.496264+00:00
3930614,"全城最平海景兩房,廳大房大,歡迎預約",奧運,凱帆軒,8100000,460,2,,美聯物業,https://i1.28hse.com/2026/07/202607131707166190044_thumb.jpg,https://www.28hse.com/buy/apartment/property-3930614,2026-08-06T17:33:59.496264+00:00
3930607,"凱帆軒筍盤,海景兩房,廳大房大,歡迎預約",奧運,凱帆軒,7900000,426,2,,美聯物業,https://i1.28hse.com/2026/07/202607131705255432828_thumb.jpg,https://www.28hse.com/buy/apartment/property-3930607,2026-08-06T17:33:59.496264+00:00
3930242,((筍盤出擊))一口價 快者得 whatsapp有相,大角咀,中英樓,2900000,473,3,1,廣信地產顧問有限公司,https://i1.28hse.com/2026/07/202607221830556977007_thumb.jpg,https://www.28hse.com/buy/apartment/property-3930242,2026-08-06T17:33:59.496264+00:00
3034665,奧運站實用大兩房露台會所連租約,奧運,凱帆軒,7800000,459,2,1,盈富物業代理有限公司,https://i1.28hse.com/estate_data/68/2563/FLOOR/2563_20240216121637442182_thumb.jpg,https://www.28hse.com/buy/apartment/property-3034665,2026-08-06T17:33:59.496264+00:00
3929053,南昌站 性價比屋苑 估凸價,大角咀,港灣豪庭,7300000,440,2,,美聯物業,https://i1.28hse.com/2026/07/202607121404015451553_thumb.jpg,https://www.28hse.com/buy/apartment/property-3929053,2026-08-06T17:33:59.496264+00:00
3832412,3房全新裝修～帶小露台～即買即住,大角咀,福興大樓,3680000,398,3,1,晉景地產,https://i1.28hse.com/2026/05/20260503111818252996_thumb.jpg,https://www.28hse.com/buy/apartment/property-3832412,2026-08-06T17:33:59.496264+00:00
3928240,【低水筍盤】間隔實用 裝修企理 性價比高,大角咀,千歲大廈,2980000,392,2,,置業2地產代理,https://i1.28hse.com/2026/07/202607111700562317577_thumb.jpg,https://www.28hse.com/buy/apartment/property-3928240,2026-08-06T17:33:59.496264+00:00
3840281,33年＼＼三房＼＼私隱到高＼＼4分鐘地鐵,大角咀,福群大廈,4380000,394,3,1,駿輝地產投資有限公司,https://i1.28hse.com/2026/05/202605081716214178508_thumb.jpg,https://www.28hse.com/buy/apartment/property-3840281,2026-08-06T17:33:59.496264+00:00
3926367,"【VR/圖則/分貝計】 大2房+露台,大型屋苑,高層山景,大型會所",大角咀,港灣豪庭,6300000,415,2,1,小村置業有限公司,https://i1.28hse.com/2026/07/20260710153709205249_thumb.jpg,https://www.28hse.com/buy/apartment/property-3926367,2026-08-06T17:33:59.496264+00:00
3925571,《筍價出售，罕有放盤，東北開揚景，兩房交吉出售》,大角咀,形品星寓,7780000,473,2,1,香港置業,https://i1.28hse.com/2026/07/202607092016265090554_thumb.jpg,https://www.28hse.com/buy/apartment/property-3925571,2026-08-06T17:33:59.496264+00:00
3924715,"最平海景兩房,廳大房大,歡迎預約",奧運,凱帆軒,7900000,426,2,,美聯物業,https://i1.28hse.com/2026/07/202607091420232068619_thumb.jpg,https://www.28hse.com/buy/apartment/property-3924715,2026-08-06T17:33:59.496264+00:00
3923756,特高樓底！5分鐘達奧運站！還價即成，預約睇樓️,大角咀,,7000000,353,2,,中原地產,https://i1.28hse.com/2026/07/202607081729402754199_thumb.jpg,https://www.28hse.com/buy/apartment/property-3923756,2026-08-06T17:33:59.496264+00:00
3923630,已間3個套房 高層平地電梯 $100印花稅 睇啱再傾 業主有商量 歡迎查詢,大角咀,中堅樓,2850000,405,3,3,安家地產有限公司,/assets/img/loadingphoto170_125.jpg,https://www.28hse.com/buy/apartment/property-3923630,2026-08-06T17:33:59.496264+00:00
3923376,筍！筍！518尺港灣豪庭3房1厠！,大角咀,港灣豪庭,7800000,466,3,1,利嘉閣地產有限公司,https://i1.28hse.com/2026/07/202607081526525250300_thumb.jpg,https://www.28hse.com/buy/apartment/property-3923376,2026-08-06T17:33:59.496264+00:00
3922082,高質全海景 筍價 大膽還價 歡迎查詢,奧運,凱帆軒,6880000,451,2,,美聯物業,https://i1.28hse.com/2026/07/202607071619434987440_thumb.jpg,https://www.28hse.com/buy/apartment/property-3922082,2026-08-06T17:33:59.496264+00:00
3920768,(企理2房)奧運站入場首選 歡迎約睇,奧運,凱帆軒,7950000,463,2,,香港置業,https://i1.28hse.com/2026/07/202607061707234323125_thumb.jpg,https://www.28hse.com/buy/apartment/property-3920768,2026-08-06T17:33:59.496264+00:00
3920037,「天都崩了、這售價什麼事!?」福興大廈 簡樸房,大角咀,福興大樓,3000000,412,3,3,捷昇置業有限公司,https://i1.28hse.com/2026/07/202607061133528135597_thumb.jpg,https://www.28hse.com/buy/apartment/property-3920037,2026-08-06T17:33:59.496264+00:00
3919058,交通方便，獨家代理,大角咀,i-home,7500000,519,2,,中原地產,https://i1.28hse.com/2026/07/202607051459173591870_thumb.jpg,https://www.28hse.com/buy/apartment/property-3919058,2026-08-06T17:33:59.496264+00:00
3919043,高私隱度，即約即睇,大角咀,,7000000,353,2,,中原地產,https://i1.28hse.com/2026/07/202607221941072359548_thumb.jpg,https://www.28hse.com/buy/apartment/property-3919043,2026-08-06T17:33:59.496264+00:00
3919006,*筍貨!! 快手! $100稅 汁平野機會 還價即成 平地電梯 鄰近奧運站 *,大角咀,中原樓,2380000,365,3,3,廣信地產顧問有限公司,https://i1.28hse.com/2026/07/202607051432108246847_thumb.jpg,https://www.28hse.com/buy/apartment/property-3919006,2026-08-06T17:33:59.496264+00:00
3918820,進居地產【獨家代理】業主實在 還價即成,大角咀,港灣豪庭,5980000,365,2,1,進居地產,https://i1.28hse.com/2026/07/202607051253127142043_thumb.jpg,https://www.28hse.com/buy/apartment/property-3918820,2026-08-06T17:33:59.496264+00:00
3918661,「真實盤源」激荀 海景2房，歡迎約睇,大角咀,形品星寓,8080000,487,2,1,香港置業,https://i1.28hse.com/2026/07/202607051051113222643_thumb.jpg,https://www.28hse.com/buy/apartment/property-3918661,2026-08-06T17:33:59.496264+00:00
3918135,高質全海景 筍價 大膽還價 可交吉,奧運,凱帆軒,7800000,429,2,,美聯物業,https://i1.28hse.com/2026/07/202607041814568668354_thumb.jpg,https://www.28hse.com/buy/apartment/property-3918135,2026-08-06T17:33:59.496264+00:00
3760129,"真實盤源，西南大兩房,池海雙輝,價錢可傾",大角咀,港灣豪庭,7080000,383,2,1,港灣豪庭分行,https://i1.28hse.com/2026/03/20260305155151918161_thumb.jpg,https://www.28hse.com/buy/apartment/property-3760129,2026-08-06T17:33:59.496264+00:00
3917729,獨家,大角咀,柏豐28,6800000,457,2,,中原地產,https://i1.28hse.com/2026/07/20260704155219426630_thumb.jpg,https://www.28hse.com/buy/apartment/property-3917729,2026-08-06T17:33:59.496264+00:00
3917613,中高層兩房戶 開揚市境 可約看,大角咀,亮賢居,7500000,555,2,1,香港置業,https://i1.28hse.com/2026/07/202607041458253588496_thumb.jpg,https://www.28hse.com/buy/apartment/property-3917613,2026-08-06T17:33:59.496264+00:00
3916951,獨家業主 大大件 3房2廁 鄰近奧海城 發展及收購重地 歡迎預約查詢,大角咀,大安樓,2800000,650,3,2,大三元地產,https://i1.28hse.com/2026/07/202607040829033967813_thumb.jpg,https://www.28hse.com/buy/apartment/property-3916951,2026-08-06T17:33:59.496264+00:00
3916317,九龍大角咀2房間隔325呎唔使3球 買來租給學生享奧海城配套設施有片,大角咀,櫻桃大廈,2790000,352,2,1,富榮地產代理,https://i1.28hse.com/2026/07/202607281434565456388_thumb.jpg,https://www.28hse.com/buy/apartment/property-3916317,2026-08-06T17:33:59.496264+00:00
3915756,超靚裝修 2房 有匙即睇 全城最平,奧運,凱帆軒,8400000,463,2,,美聯物業,https://i1.28hse.com/2026/07/202607031518145107191_thumb.jpg,https://www.28hse.com/buy/apartment/property-3915756,2026-08-06T17:33:59.496264+00:00
3915129,《 * 明廁2房 * 景觀開揚 》 企理,奧運,凱帆軒,6000000,431,2,1,香港置業,https://i1.28hse.com/2026/07/202607030649416407972_thumb.jpg,https://www.28hse.com/buy/apartment/property-3915129,2026-08-06T17:33:59.496264+00:00
3914856,《 * 有匙 靚裝 * 開揚靚景 》 露台2房,奧運,凱帆軒,7950000,463,2,1,香港置業,https://i1.28hse.com/2026/07/202607022006545834297_thumb.jpg,https://www.28hse.com/buy/apartment/property-3914856,2026-08-06T17:33:59.496264+00:00
3914564,全新裝修 320呎+41呎空中平台 $100稅 平地電梯兩房,大角咀,中英樓,3180000,361,2,1,廣信地產顧問有限公司,https://i1.28hse.com/2026/07/202607021754023706666_thumb.jpg,https://www.28hse.com/buy/apartment/property-3914564,2026-08-06T17:33:59.496264+00:00
3871133,"恆基樓,中層2房,明火梗廚,開揚大露台,光猛落地大玻璃",大角咀,亮賢居,7600000,499,2,1,富榮地產代理,https://i1.28hse.com/2026/07/202607291712124957704_thumb.jpg,https://www.28hse.com/buy/apartment/property-3871133,2026-08-06T17:33:59.496264+00:00
3913534,𓀬平地電梯✦乾濕分離✦全新裝修✦三房靚裝✦即買即住✦自住投資相宜✦附近配套完善,大角咀,中和樓,3480000,355,3,1,駿輝地產國際有限公司,https://i1.28hse.com/2026/07/202607012145586680634_thumb.jpg,https://www.28hse.com/buy/apartment/property-3913534,2026-08-06T17:33:59.496264+00:00
3913128,✿奧運旺角中心點✿【ɪʜᴏᴍᴇ】 高層/罕有交吉盤 還價即成,大角咀,i-home,7800000,519,2,1,富榮地產代理,https://i1.28hse.com/2026/07/20260730180223100007_thumb.jpg,https://www.28hse.com/buy/apartment/property-3913128,2026-08-06T17:33:59.496264+00:00
3827685,有筍嘢！平地電梯 有管理員！無敵美景 房大廳大！呎價平～可大膽還價！歡迎約睇～,大角咀,櫻桃大廈,2800000,352,2,1,宇晴地產,https://i1.28hse.com/2026/04/202604291518242357654_thumb.jpg,https://www.28hse.com/buy/apartment/property-3827685,2026-08-06T17:33:59.496264+00:00
3912097,靚裝3房～奧運站/南昌站～乾濕分離～約睇,大角咀,中星樓,3800000,418,3,1,晉景地產,https://i1.28hse.com/2026/06/20260630210833805252_thumb.jpg,https://www.28hse.com/buy/apartment/property-3912097,2026-08-06T17:33:59.496264+00:00
3911757,銀行估足價罕有望球場圓景，接受大幅還價,大角咀,麗華閣,4550000,350,2,1,龍鳳地產公司,https://i1.28hse.com/2026/06/202606301743347694232_thumb.jpg,https://www.28hse.com/buy/apartment/property-3911757,2026-08-06T17:33:59.496264+00:00
3911593,豪華裝修3房一廳有電梯,大角咀,中星樓,3800000,418,3,,裕發地產代理公司,https://i1.28hse.com/2026/06/202606301631333149590_thumb.jpg,https://www.28hse.com/buy/apartment/property-3911593,2026-08-06T17:33:59.496264+00:00
3909988,向大街實用702呎大平台,大角咀,,5200000,425,1,1,新昌地產代理,https://i1.28hse.com/2026/06/20260629124419589270_thumb.jpg,https://www.28hse.com/buy/apartment/property-3909988,2026-08-06T17:33:59.496264+00:00
3909795,**價錢820萬** 罕有特色放盤，靚裝修,大角咀,港灣豪庭,8200000,436,2,1,香港置業,https://i1.28hse.com/2026/06/202606291007293224194_thumb.jpg,https://www.28hse.com/buy/apartment/property-3909795,2026-08-06T17:33:59.496264+00:00
3827441,【慶年大樓】平地電梯高層3房吉售,大角咀,慶年大樓,3780000,447,3,1,安泰物業,https://i1.28hse.com/2026/04/202604291257585553852_thumb.jpg,https://www.28hse.com/buy/apartment/property-3827441,2026-08-06T17:33:59.496264+00:00
3908475,大角咀高層洋樓 3房全新裝修 拎包即入住,大角咀,中堅樓,3860000,390,3,1,富榮地產代理,https://i1.28hse.com/2026/06/202606271935352682152_thumb.jpg,https://www.28hse.com/buy/apartment/property-3908475,2026-08-06T17:33:59.496264+00:00
3908463,《實盤出售，開揚景觀，明廁兩房，歡迎約睇》,奧運,凱帆軒,6000000,431,2,1,香港置業,https://i1.28hse.com/2026/06/202606271931304316637_thumb.jpg,https://www.28hse.com/buy/apartment/property-3908463,2026-08-06T17:33:59.496264+00:00
3908285,超筍！連天台單位，平過估價！！！,大角咀,港灣豪庭,6780000,372,2,,香港置業,https://www.28hse.com/assets/img/vr_default_pic.jpg,https://www.28hse.com/buy/apartment/property-3908285,2026-08-06T17:33:59.496264+00:00
3908089,港灣豪庭9座高層2房 大2房 合家庭客,大角咀,港灣豪庭,7090000,436,2,1,利嘉閣地產有限公司,https://i1.28hse.com/2026/06/202606271606194257710_thumb.jpg,https://www.28hse.com/buy/apartment/property-3908089,2026-08-06T17:33:59.496264+00:00
3907304,"1房1廳,15分鐘到3站",大角咀,i-home,6400000,392,1,1,新昌地產代理,https://i1.28hse.com/2026/06/202606262046386137002_thumb.jpg,https://www.28hse.com/buy/apartment/property-3907304,2026-08-06T17:33:59.496264+00:00
3729215,~~ 靚裝必走，同區多間約睇~~,大角咀,榮富大廈,4780000,374,2,1,廣信地產顧問有限公司,https://i1.28hse.com/2026/02/20260202183212622631_thumb.jpg,https://www.28hse.com/buy/apartment/property-3729215,2026-08-06T17:33:59.496264+00:00
3906724,*中美樓 [鳳凰樓] 平呎價 高層3房 平地電梯 有匙即睇*,大角咀,中美樓,2800000,379,3,1,廣信地產顧問有限公司,https://i1.28hse.com/2026/06/202606261608517390365_thumb.jpg,https://www.28hse.com/buy/apartment/property-3906724,2026-08-06T17:33:59.496264+00:00
3905767,高質全海景 筍價 大膽還價 即可約睇,奧運,凱帆軒,6880000,451,2,,美聯物業,https://i1.28hse.com/2026/06/202606251826571648065_thumb.jpg,https://www.28hse.com/buy/apartment/property-3905767,2026-08-06T17:33:59.496264+00:00
3905510,罕有豪裝三房 多窗大單邊 平地六部電梯 雙出入口,大角咀,中和樓,3300000,355,3,1,廣信地產顧問有限公司,https://i1.28hse.com/2026/06/202606251632396089789_thumb.jpg,https://www.28hse.com/buy/apartment/property-3905510,2026-08-06T17:33:59.496264+00:00
3905436,"租金高回報,市區上車盤",大角咀,形品星寓,6800000,390,1,1,美聯物業代理有限公司,https://i1.28hse.com/2026/07/202607141812531220823_thumb.jpg,https://www.28hse.com/buy/apartment/property-3905436,2026-08-06T17:33:59.496264+00:00
3905427,即約即睇,奧運,凱帆軒,7950000,463,2,1,中原地產,https://i1.28hse.com/2026/06/202606251602373687064_thumb.jpg,https://www.28hse.com/buy/apartment/property-3905427,2026-08-06T17:33:59.496264+00:00
3905013,2房1廳 光猛四正 平地電梯 還價即成 歡迎查詢,大角咀,中原樓,2900000,368,2,1,安家地產有限公司,https://i1.28hse.com/2026/06/202606251151326414380_thumb.jpg,https://www.28hse.com/buy/apartment/property-3905013,2026-08-06T17:33:59.496264+00:00
3904824,實用三房！新裝修、$100印花稅、投資自住都贏,大角咀,中和樓,3480000,355,3,1,駿輝地產旺角有限公司,https://i1.28hse.com/2026/06/202606250032437548904_thumb.jpg,https://www.28hse.com/buy/apartment/property-3904824,2026-08-06T17:33:59.496264+00:00
3904452,【獨家】【8分鐘旺角站】【可試665萬還價儘傾】【罕有梗廚大露台】,大角咀,柏豐28,6800000,457,2,,中原地產代理有限公司,https://i1.28hse.com/2026/06/202606241802154427165_thumb.jpg,https://www.28hse.com/buy/apartment/property-3904452,2026-08-06T17:33:59.496264+00:00
3904290,(海景2房)向南，有露台 大窗台 交吉放售 歡迎查詢,奧運,凱帆軒,8000000,429,2,,香港置業,https://i1.28hse.com/2026/06/202606241702357924493_thumb.jpg,https://www.28hse.com/buy/apartment/property-3904290,2026-08-06T17:33:59.496264+00:00
3903811,3房1廳,大角咀,新港豪庭,7580000,464,3,1,龍鳳地產公司,https://i1.28hse.com/2026/06/202606241318585003645_thumb.jpg,https://www.28hse.com/buy/apartment/property-3903811,2026-08-06T17:33:59.496264+00:00
3902675,"真實盤源,內園大兩房,可以約睇",大角咀,港灣豪庭,6980000,436,2,1,港灣豪庭分行,https://i1.28hse.com/2026/07/202607071526126458378_thumb.jpg,https://www.28hse.com/buy/apartment/property-3902675,2026-08-06T17:33:59.496264+00:00
3901074,精裝三房，即買即住，交通方便,大角咀,中和樓,3480000,355,3,1,駿輝地產建榮有限公司,https://i1.28hse.com/2026/06/202606221133208525067_thumb.jpg,https://www.28hse.com/buy/apartment/property-3901074,2026-08-06T17:33:59.496264+00:00
3900829,Firm賣,大角咀,亮賢居,7600000,499,2,,中原地產,https://i1.28hse.com/2026/06/202606212044572550451_thumb.jpg,https://www.28hse.com/buy/apartment/property-3900829,2026-08-06T17:33:59.496264+00:00
3900482,《開揚海景，兩房連露台，$8M精選推介，交吉出售》,奧運,凱帆軒,8000000,429,2,1,香港置業,https://i1.28hse.com/2026/06/202606211656262091100_thumb.jpg,https://www.28hse.com/buy/apartment/property-3900482,2026-08-06T17:33:59.496264+00:00
3900109,1梯1伙四正,大角咀,福駿閣,4200000,352,2,1,龍鳳地產公司,https://i1.28hse.com/2026/06/202606211349354888169_thumb.jpg,https://www.28hse.com/buy/apartment/property-3900109,2026-08-06T17:33:59.496264+00:00
3899235,*筍貨!! $100稅 汁平野機會 還價即成 鄰近奧運站 快手*,大角咀,中原樓,2500000,365,3,3,廣信地產顧問有限公司,https://i1.28hse.com/2026/06/202606201655562197802_thumb.jpg,https://www.28hse.com/buy/apartment/property-3899235,2026-08-06T17:33:59.496264+00:00
3897716,全新2房1廳 光猛四正 罕有露台平地電梯 岩哂有要求既你 還價即成 有匙即睇,大角咀,中英樓,3180000,361,2,1,安家地產有限公司,https://i1.28hse.com/2026/06/2026061916090861770_thumb.jpg,https://www.28hse.com/buy/apartment/property-3897716,2026-08-06T17:33:59.496264+00:00
3896218,"34年樓，平地電梯，實用三房高層開揚，單邊多窗，家庭首選,歡迎來電約睇,快者得!",大角咀,福群大廈,4480000,394,3,1,富榮地產代理,https://i1.28hse.com/2026/06/20260618140442365042_thumb.jpg,https://www.28hse.com/buy/apartment/property-3896218,2026-08-06T17:33:59.496264+00:00
3895672,凱帆軒2房推介!!!,奧運,凱帆軒,8400000,463,2,,美聯物業,https://i1.28hse.com/2026/06/202606172010343076248_thumb.jpg,https://www.28hse.com/buy/apartment/property-3895672,2026-08-06T17:33:59.496264+00:00
3895433,﹗﹗市場缺盤 3房上車盤 可供30年 9成按 平地雙電梯 有匙即睇,大角咀,福群大廈,4380000,394,3,1,廣信地產顧問有限公司,https://i1.28hse.com/2026/06/202606171759236194369_thumb.jpg,https://www.28hse.com/buy/apartment/property-3895433,2026-08-06T17:33:59.496264+00:00
3893739,即約即睇，投資精選,大角咀,柏豐28,6800000,457,2,,中原地產,https://i1.28hse.com/2026/06/202606161611131906138_thumb.jpg,https://www.28hse.com/buy/apartment/property-3893739,2026-08-06T17:33:59.496264+00:00
3893465,"最平海景兩房,廳大房大,歡迎預約",奧運,凱帆軒,7900000,426,2,,美聯物業,https://i1.28hse.com/2026/06/202606161402161311355_thumb.jpg,https://www.28hse.com/buy/apartment/property-3893465,2026-08-06T17:33:59.496264+00:00
3892386,「詩歌舞街名物 公務員樓 罕有放盤 超靚則 三房 已補地價」歡迎約睇,大角咀,龍鳳大樓,5000000,723,3,,廣信地產顧問有限公司,https://i1.28hse.com/2026/06/202606151632447353103_thumb.jpg,https://www.28hse.com/buy/apartment/property-3892386,2026-08-06T17:33:59.496264+00:00
3891666,*難得實盤* 步行到旺角站 高層靚景 值得一睇,大角咀,i-home,8000000,519,2,1,駿輝地產世一有限公司,https://i1.28hse.com/2026/06/202606142308333301360_thumb.jpg,https://www.28hse.com/buy/apartment/property-3891666,2026-08-06T17:33:59.496264+00:00
3891496,『I HOME』會所空中花園 自住收租都掂!旺中帶靜!,大角咀,i-home,8000000,519,2,1,駿輝地產投資有限公司,https://i1.28hse.com/2026/06/202606141932193899167_thumb.jpg,https://www.28hse.com/buy/apartment/property-3891496,2026-08-06T17:33:59.496264+00:00
3891110,罕有永遠球場景 實用2房1廳 有匙即睇,大角咀,麗華閣,4980000,350,2,1,龍鳳地產-旺角分行2,https://i1.28hse.com/2026/06/202606151540173669440_thumb.jpg,https://www.28hse.com/buy/apartment/property-3891110,2026-08-06T17:33:59.496264+00:00
3890743,"中興樓,平地電梯,中層,細價樓,向南,實用,,少有",大角咀,中興樓,2800000,373,3,1,大同地產(大角咀道),https://i1.28hse.com/2026/07/20260719102105896262_thumb.jpg,https://www.28hse.com/buy/apartment/property-3890743,2026-08-06T17:33:59.496264+00:00
3890489,基本回報4.5里、買入後即是有租收，3房全新裝，現有租客連約賣，大廈已維修平地𨋢,大角咀,中和樓,3500000,419,3,1,廣信地產顧問有限公司,https://i1.28hse.com/2026/06/20260614004956131469_thumb.jpg,https://www.28hse.com/buy/apartment/property-3890489,2026-08-06T17:33:59.496264+00:00
3890372,獨家代理 真盤 九龍最平3房 公務員樓 $6750一呎 方便約睇,大角咀,龍鳳大樓,4880000,723,3,,香港置業,https://i1.28hse.com/2026/06/202606132111003941609_thumb.jpg,https://www.28hse.com/buy/apartment/property-3890372,2026-08-06T17:33:59.496264+00:00
3889550,「半新樓梗廚1房 交吉放售」得獎名廈 熱門上車首選 歡迎查詢,大角咀,形品星寓,6600000,386,1,1,廣信地產顧問有限公司,https://i1.28hse.com/2026/06/202606131514441542782_thumb.jpg,https://www.28hse.com/buy/apartment/property-3889550,2026-08-06T17:33:59.496264+00:00
3889211,*尺價平 平地電梯 大堂企理 民生設備齊全 還價即成 *,大角咀,中美樓,3800000,520,2,1,廣信地產顧問有限公司,https://i1.28hse.com/2026/06/202606131243362561914_thumb.jpg,https://www.28hse.com/buy/apartment/property-3889211,2026-08-06T17:33:59.496264+00:00
3888904,《有片》 大角咀 全新裝修 3房1廳,大角咀,中和樓,3480000,355,3,1,駿輝地產建榮有限公司,https://i1.28hse.com/2026/06/202606130025044323288_thumb.jpg,https://www.28hse.com/buy/apartment/property-3888904,2026-08-06T17:33:59.496264+00:00
3729666,筍盤再現！三房一廳 平地電梯 開陽光猛 33年樓 業主誠意放售還價即成！有票盡傾,大角咀,福群大廈,4380000,394,3,1,廣信地產顧問有限公司,https://i1.28hse.com/2026/02/202602022257022431290_thumb.jpg,https://www.28hse.com/buy/apartment/property-3729666,2026-08-06T17:33:59.496264+00:00
3887084,獨家 有匙即睇,大角咀,i-home,7500000,519,2,,中原地產,https://i1.28hse.com/2026/06/202606112206402887113_thumb.jpg,https://www.28hse.com/buy/apartment/property-3887084,2026-08-06T17:33:59.496264+00:00
3887067,手快有手慢冇，機不可失，來吧！兩房兩廳，高層開揚,大角咀,港灣豪庭,6300000,369,2,1,多多都有兆業有限公司,https://i1.28hse.com/2026/06/202606112144012198069_thumb.jpg,https://www.28hse.com/buy/apartment/property-3887067,2026-08-06T17:33:59.496264+00:00
3886948,九龍區入門版兩房 8分鐘到奧運站,大角咀,柏豐28,5980000,421,2,1,錦逸地產,https://i1.28hse.com/2026/06/202606112002518409619_thumb.jpg,https://www.28hse.com/buy/apartment/property-3886948,2026-08-06T17:33:59.496264+00:00
3886641,奧運站投資精選,大角咀,利奧坊曦岸,7950000,399,2,,中原地產,https://i1.28hse.com/2026/06/202606111754131500745_thumb.jpg,https://www.28hse.com/buy/apartment/property-3886641,2026-08-06T17:33:59.496264+00:00
3885737,真盤>估價到位 價值投資 仲有平台用,大角咀,港灣豪庭,5700000,379,2,1,香港置業,https://i1.28hse.com/2026/06/20260611105813843548_thumb.jpg,https://www.28hse.com/buy/apartment/property-3885737,2026-08-06T17:33:59.496264+00:00
3885501,**I-Home成交專家曾生［保證實盤］519呎 17年 越昇越有 **相熟業主,大角咀,i-home,7980000,519,2,1,駿輝地產置業有限公司,https://i1.28hse.com/2026/06/202606102119377880413_thumb.jpg,https://www.28hse.com/buy/apartment/property-3885501,2026-08-06T17:33:59.496264+00:00
3885153,【筍盤推介】,大角咀,必發大廈,2800000,376,3,,千億物業 太子分行,https://i1.28hse.com/2026/06/202606101726413892818_thumb.jpg,https://www.28hse.com/buy/apartment/property-3885153,2026-08-06T17:33:59.496264+00:00
3885004,罕有高層靚裝大兩房 開揚遠景 大型會所,大角咀,港灣豪庭,7500000,440,2,1,宇晴地產,https://i1.28hse.com/2026/06/202606101632552268336_thumb.jpg,https://www.28hse.com/buy/apartment/property-3885004,2026-08-06T17:33:59.496264+00:00
3884630,"最平海景兩房,廳大房大,歡迎預約",奧運,凱帆軒,7900000,426,2,,美聯物業,https://i1.28hse.com/2026/06/202606101337426406580_thumb.jpg,https://www.28hse.com/buy/apartment/property-3884630,2026-08-06T17:33:59.496264+00:00
3884060,((送埋裝修))320呎+41呎空中平台 連豪華裝修 平地電梯兩房,大角咀,中英樓,3180000,361,2,1,廣信地產顧問有限公司,https://i1.28hse.com/2026/07/202607021752434076700_thumb.jpg,https://www.28hse.com/buy/apartment/property-3884060,2026-08-06T17:33:59.496264+00:00
3883931,"有裝修,2房荀盤",大角咀,中興樓,2680000,352,2,1,利嘉閣地產有限公司,https://i1.28hse.com/2026/06/202606091814245561686_thumb.jpg,https://www.28hse.com/buy/apartment/property-3883931,2026-08-06T17:33:59.496264+00:00
3883220,已間2個套房 極具收購價值 睇啱再傾 業主有商量 歡迎查詢,大角咀,百福大廈,2300000,471,2,2,安家地產有限公司,https://i1.28hse.com/2026/06/202606091320501482945_thumb.jpg,https://www.28hse.com/buy/apartment/property-3883220,2026-08-06T17:33:59.496264+00:00
3882930,買家免佣 【銀主盤】 真盤真價｜銀主盤專家｜有匙引看 ｜新裝大兩房｜平地電梯,大角咀,櫻桃大廈,2800000,352,2,1,銀置地產有限公司,https://i1.28hse.com/2026/06/202606121348448369103_thumb.jpg,https://www.28hse.com/buy/apartment/property-3882930,2026-08-06T17:33:59.496264+00:00
2568201,連有契平台花園，核心地段 極致便利 3分鐘直達奧運站， 可租$13800,大角咀,福群樓,3500000,360,2,1,城市地產代理,https://i1.28hse.com/2026/07/202607241332424056247_thumb.jpg,https://www.28hse.com/buy/apartment/property-2568201,2026-08-06T17:33:59.496264+00:00
3882597,奧運2房筍盤,大角咀,櫻桃大廈,2800000,352,2,1,金國置業,https://i1.28hse.com/2026/06/202606081833064579496_thumb.jpg,https://www.28hse.com/buy/apartment/property-3882597,2026-08-06T17:33:59.496264+00:00
3881822,九龍區旺中帶靜開陽2房單位出售,大角咀,i-home,7000000,457,2,1,鴻亮地產代理公司,https://i1.28hse.com/2026/06/202606081332011009078_thumb.jpg,https://www.28hse.com/buy/apartment/property-3881822,2026-08-06T17:33:59.496264+00:00
3881260,「罕有大單邊 高層開揚 2房大廳」近奧運站 有匙即睇,大角咀,大同新村,4100000,382,2,1,廣信地產顧問有限公司,https://i1.28hse.com/2026/06/202606111639447816661_thumb.jpg,https://www.28hse.com/buy/apartment/property-3881260,2026-08-06T17:33:59.496264+00:00
3880298,《開揚山景，三房改兩房，特色連天台，歡迎約睇》,大角咀,港灣豪庭,8110000,476,3,1,香港置業,https://i1.28hse.com/2026/06/202606071158217134023_thumb.jpg,https://www.28hse.com/buy/apartment/property-3880298,2026-08-06T17:33:59.496264+00:00
3962889,全新靚裝修向南2房望內圍開揚至萬事達廣場、清靜、3分鐘到地鐵站及巴士總站,美孚,美孚新邨,6500000,509,2,1,美聯物業代理有限公司,https://i1.28hse.com/2026/08/202608061917215540665_thumb.jpg,https://www.28hse.com/buy/apartment/property-3962889,2026-08-06T17:33:59.496264+00:00
3685911,【大同地產】獨家出售 有裝兩房 內園高層 已吉有匙 市場缺盤 還價即成,美孚,美孚新邨,6680000,532,2,1,大同地產,https://i1.28hse.com/2026/08/202608031602156184590_thumb.jpg,https://www.28hse.com/buy/apartment/property-3685911,2026-08-06T17:33:59.496264+00:00
3913435,【大同地產】獨家靚盤 酒店大堂 高層東南 紅橋池景 可改套三 有票盡傾,美孚,美孚新邨,8000000,674,2,1,大同地產,https://i1.28hse.com/2026/07/202607012001063972552_thumb.jpg,https://www.28hse.com/buy/apartment/property-3913435,2026-08-06T17:33:59.496264+00:00
3957236,"有裝修,荀盤",美孚,荔灣花園,4550000,435,1,1,利嘉閣地產有限公司,https://i1.28hse.com/2026/08/202608022108127120854_thumb.jpg,https://www.28hse.com/buy/apartment/property-3957236,2026-08-06T17:33:59.496264+00:00
3956789,臻藏｜單邊瞰景臻戶，全新定製級奢裝，匠心雕琢每一寸空間,美孚,荔灣花園,4830000,435,2,1,美聯物業代理有限公司,https://i1.28hse.com/2026/08/202608021647313410101_thumb.jpg,https://www.28hse.com/buy/apartment/property-3956789,2026-08-06T17:33:59.496264+00:00
3955219,(致滙地產-致真實盤)有匙必睇 企理即住,美孚,盈暉臺,7200000,475,2,,致滙地產,https://i1.28hse.com/2026/08/202608011631096738936_thumb.jpg,https://www.28hse.com/buy/apartment/property-3955219,2026-08-06T17:33:59.496264+00:00
3954512,"獨家代理.高層,開揚,望內園",美孚,美孚新邨,6280000,509,2,1,易信地產有限公司,https://i1.28hse.com/2026/08/202608010737262541536_thumb.jpg,https://www.28hse.com/buy/apartment/property-3954512,2026-08-06T17:33:59.496264+00:00
3954417,獨家代理 有匙睇樓 1分鐘地鐵站口,美孚,美孚新邨,7350000,653,3,2,中原地產-美孚萬事達一行,https://i1.28hse.com/2026/07/202607312344177635605_thumb.jpg,https://www.28hse.com/buy/apartment/property-3954417,2026-08-06T17:33:59.496264+00:00
3953999,向南內園全新靚裝修2房平價出售、銀行到價、即送裝修、即賣即用,美孚,美孚新邨,5980000,467,2,1,美聯物業代理有限公司,https://i1.28hse.com/2026/07/202607311813071587970_thumb.jpg,https://www.28hse.com/buy/apartment/property-3953999,2026-08-06T17:33:59.496264+00:00
3953966,平價3房首選、2期向南/西南內園景清靜有裝修、價平、銀行估凸、快者得,美孚,美孚新邨,6900000,626,3,1,美聯物業代理有限公司,https://i1.28hse.com/2026/07/202607311800545704027_thumb.jpg,https://www.28hse.com/buy/apartment/property-3953966,2026-08-06T17:33:59.496264+00:00
3950928,"(致滙地產-致真實盤)東南方向, 最平入場, 財息兼收",美孚,盈暉臺,6900000,480,2,,致滙地產,https://i1.28hse.com/2026/07/202607291523403874935_thumb.jpg,https://www.28hse.com/buy/apartment/property-3950928,2026-08-06T17:33:59.496264+00:00
3950375,120萬 全新豪華裝修未住過、所有用料都係日本公司同埋德國用料、意大利雲石磚,美孚,美孚新邨,8000000,674,1,2,中原地產-美孚萬事達一行,https://i1.28hse.com/2026/07/202607282234077414282_thumb.jpg,https://www.28hse.com/buy/apartment/property-3950375,2026-08-06T17:33:59.496264+00:00
3950358,全新裝修、兩房、向南清靜光猛、睇到少少公園 598萬 有鎖匙key,美孚,美孚新邨,5980000,467,2,,中原地產-美孚萬事達一行,https://i1.28hse.com/2026/07/202607282221144276205_thumb.jpg,https://www.28hse.com/buy/apartment/property-3950358,2026-08-06T17:33:59.496264+00:00
3949839,平價3房之選、近地鐵及屯馬線、銀行估凸、收租回報高、快睇快還價,美孚,美孚新邨,6300000,590,3,1,美聯物業代理有限公司,https://i1.28hse.com/2026/07/202607281652191084381_thumb.jpg,https://www.28hse.com/buy/apartment/property-3949839,2026-08-06T17:33:59.496264+00:00
3946772,"獨家!靚裝!園景清靜大2房套,靚位置近商場超便利 !",美孚,美孚新邨,6980000,561,2,2,啟業地產,https://i1.28hse.com/2026/08/202608051851015901809_thumb.jpg,https://www.28hse.com/buy/apartment/property-3946772,2026-08-06T17:33:59.496264+00:00
3946520,交通方便有裝修！大型屋苑,美孚,美孚新邨,6200000,590,2,,中原地產-美孚萬事達二行,https://i1.28hse.com/2026/07/202607251731297689762_thumb.jpg,https://www.28hse.com/buy/apartment/property-3946520,2026-08-06T17:33:59.496264+00:00
3945098,可以試610萬 3房 590尺實用 、鎖匙盤key 隨時可以睇,美孚,美孚新邨,6380000,590,3,,中原地產-美孚萬事達一行,https://i1.28hse.com/2026/07/202607241643075173499_thumb.jpg,https://www.28hse.com/buy/apartment/property-3945098,2026-08-06T17:33:59.496264+00:00
3945032,《中原推介》盈暉臺 兩房 有匙即睇,美孚,盈暉臺,7600000,457,2,1,中原地產-美孚6期分行,https://i1.28hse.com/2026/07/202607241620017035938_thumb.jpg,https://www.28hse.com/buy/apartment/property-3945032,2026-08-06T17:33:59.496264+00:00
3944956,【大同地產】全新靚裝 上車恩物 可按九成 有匙即睇 拎包入住 生活便利,美孚,荔灣花園,4980000,426,2,1,大同地產,https://i1.28hse.com/2026/07/202607241558485097923_thumb.jpg,https://www.28hse.com/buy/apartment/property-3944956,2026-08-06T17:33:59.496264+00:00
3944726,【650萬 超筍銀行估凸 蘭秀道靚位置 快把握時機】,美孚,美孚新邨,6910000,666,2,1,利嘉閣地產有限公司,https://i1.28hse.com/2026/07/202607241413361568970_thumb.jpg,https://www.28hse.com/buy/apartment/property-3944726,2026-08-06T17:33:59.496264+00:00
3944529,套三房靚裝修，拎包入住,美孚,美孚新邨,6980000,622,3,2,中原地產-美孚萬事達二行,https://i1.28hse.com/2026/07/202607241221442637273_thumb.jpg,https://www.28hse.com/buy/apartment/property-3944529,2026-08-06T17:33:59.496264+00:00
3943648,"(致滙地產-致真實盤)必走筍盤 ! 高層, 市場最筍最平, 先到先得",美孚,盈暉臺,7100000,452,2,,致滙地產,https://i1.28hse.com/2026/07/202607231725358096699_thumb.jpg,https://www.28hse.com/buy/apartment/property-3943648,2026-08-06T17:33:59.496264+00:00
3826677,【大同地產】大同獨家 東南三房 平地出入 全城搶爆 歡迎約看 還價即成,美孚,美孚新邨,7680000,617,3,1,大同地產,https://i1.28hse.com/2026/05/202605031250178331738_thumb.jpg,https://www.28hse.com/buy/apartment/property-3826677,2026-08-06T17:33:59.496264+00:00
3943110,獨家套2房，正南園景，有匙即睇,美孚,美孚新邨,6680000,630,2,2,置業閣地產代理公司,https://i1.28hse.com/2026/07/20260723132026366545_thumb.jpg,https://www.28hse.com/buy/apartment/property-3943110,2026-08-06T17:33:59.496264+00:00
3942346,《市區最筍上車兩房》企理裝修即買即住!市區上車首選!歡迎來電約睇!,美孚,盈暉臺,6900000,480,2,1,中原地產代理有限公司,https://i1.28hse.com/2026/07/202607221742405482298_thumb.jpg,https://www.28hse.com/buy/apartment/property-3942346,2026-08-06T17:33:59.496264+00:00
3940460,微信：[REDACTED] 3 房， 2廁 清靜企理， 實用 合投資自用 ， 近地鐵,美孚,美孚新邨,8100000,734,3,2,金暉物業,https://i1.28hse.com/2026/07/202607211307173103765_thumb.jpg,https://www.28hse.com/buy/apartment/property-3940460,2026-08-06T17:33:59.496264+00:00
3939997,【高層東南 豪裝全屋水電換晒 一勞永逸】,美孚,美孚新邨,7490000,639,2,1,利嘉閣地產有限公司,https://i1.28hse.com/2026/07/202607201917582983103_thumb.jpg,https://www.28hse.com/buy/apartment/property-3939997,2026-08-06T17:33:59.496264+00:00
3843945,"超值3房雅緻單位, 鄰近地鐵站, 自住投資首選, 還價即成.",美孚,美孚新邨,6280000,590,3,1,環亞物業代理有限公司,https://i1.28hse.com/2026/07/20260720140746662114_thumb.jpg,https://www.28hse.com/buy/apartment/property-3843945,2026-08-06T17:33:59.496264+00:00
3939220,『至激價6XX萬!!!』靚裝開揚 快約睇,美孚,盈暉臺,6900000,480,2,1,利嘉閣地產有限公司,https://i1.28hse.com/2026/07/20260720110317555325_thumb.jpg,https://www.28hse.com/buy/apartment/property-3939220,2026-08-06T17:33:59.496264+00:00
3938944,"有鎖匙,即刻帶你睇...708尺3房喎.....荀盤",美孚,美孚新邨,6650000,708,3,1,利嘉閣地產有限公司,https://i1.28hse.com/2026/07/202607191938535016147_thumb.jpg,https://www.28hse.com/buy/apartment/property-3938944,2026-08-06T17:33:59.496264+00:00
3938923,"高層荀盤,有裝修",美孚,美孚新邨,7000000,639,2,1,利嘉閣地產有限公司,https://i1.28hse.com/2026/07/202607191926262093367_thumb.jpg,https://www.28hse.com/buy/apartment/property-3938923,2026-08-06T17:33:59.496264+00:00
3938922,"高層荀盤,有裝修",美孚,美孚新邨,7000000,639,2,1,利嘉閣地產有限公司,https://i1.28hse.com/2026/07/202607191926221597262_thumb.jpg,https://www.28hse.com/buy/apartment/property-3938922,2026-08-06T17:33:59.496264+00:00
3938912,"有裝修,3房荀盤",美孚,美孚新邨,7250000,653,3,1,利嘉閣地產有限公司,https://i1.28hse.com/2026/07/202607191920437240901_thumb.jpg,https://www.28hse.com/buy/apartment/property-3938912,2026-08-06T17:33:59.496264+00:00
3938900,7期>萬事達廣場...3房1套,美孚,美孚新邨,7200000,658,3,2,利嘉閣地產有限公司,https://i1.28hse.com/2026/07/202607191913531545450_thumb.jpg,https://www.28hse.com/buy/apartment/property-3938900,2026-08-06T17:33:59.496264+00:00
3936846,【低水三房!!! 今期首選 鄰近公園】,美孚,美孚新邨,6650000,708,3,1,利嘉閣地產有限公司,https://i1.28hse.com/2026/07/202607181212392918258_thumb.jpg,https://www.28hse.com/buy/apartment/property-3936846,2026-08-06T17:33:59.496264+00:00
3936803,三房有匙中層,美孚,美孚新邨,6380000,590,3,1,中原地產-美孚萬事達二行,https://i1.28hse.com/2026/07/202607191318308309623_thumb.jpg,https://www.28hse.com/buy/apartment/property-3936803,2026-08-06T17:33:59.496264+00:00
3936011,【傾69X萬!!! 高層東南有裝 超值之選】,美孚,美孚新邨,7000000,639,2,1,利嘉閣地產有限公司,https://i1.28hse.com/2026/07/202607171730323925091_thumb.jpg,https://www.28hse.com/buy/apartment/property-3936011,2026-08-06T17:33:59.496264+00:00
3935521,高層兩房明火煮食，明廁設計，東南園景,美孚,美孚新邨,7650000,564,2,2,中原地產-美孚萬事達二行,https://i1.28hse.com/2026/07/202607171440097758810_thumb.jpg,https://www.28hse.com/buy/apartment/property-3935521,2026-08-06T17:33:59.496264+00:00
3934804,$645...屋苑最平呎價，銀行估價仲高成一球 呢類盤唔耐放，一閃即逝，,美孚,美孚新邨,6630000,708,3,1,美聯物業代理有限公司,https://i1.28hse.com/2026/07/20260727204923839367_thumb.jpg,https://www.28hse.com/buy/apartment/property-3934804,2026-08-06T17:33:59.496264+00:00
3933101,全新全屋新裝修，地板牆身煥新，慳回數十萬裝修費。 高層開揚山景，光線充足,美孚,荔灣花園,6380000,552,3,1,美聯物業代理有限公司,https://i1.28hse.com/2026/07/202607151626526809784_thumb.jpg,https://www.28hse.com/buy/apartment/property-3933101,2026-08-06T17:33:59.496264+00:00
3933038,東南靚裝修 即買可住 歡迎約睇樓,美孚,盈暉臺,6900000,480,2,1,中原地產-美孚萬事達一行,https://i1.28hse.com/2026/07/202607191758222817579_thumb.jpg,https://www.28hse.com/buy/apartment/property-3933038,2026-08-06T17:33:59.496264+00:00
3933022,東南山景 企理裝修 有匙睇樓,美孚,盈暉臺,7600000,457,2,1,中原地產-美孚萬事達一行,https://i1.28hse.com/2026/07/202607151555266690842_thumb.jpg,https://www.28hse.com/buy/apartment/property-3933022,2026-08-06T17:33:59.496264+00:00
3932109,東南有裝修2房平售、開揚靚景、泳池會所配套、巴士總站及地鐵、價可傾,美孚,盈暉臺,7600000,457,2,1,美聯物業代理有限公司,https://i1.28hse.com/2026/07/202607141810471684235_thumb.jpg,https://www.28hse.com/buy/apartment/property-3932109,2026-08-06T17:33:59.496264+00:00
3932086,罕有極高層有裝修平售2房、東南全公園景+維港海景、近巴士總站及地鐵、銀行到價,美孚,盈暉臺,8180000,480,2,1,美聯物業代理有限公司,https://i1.28hse.com/2026/07/202607141759567487167_thumb.jpg,https://www.28hse.com/buy/apartment/property-3932086,2026-08-06T17:33:59.496264+00:00
3931931,【開揚有景靚裝!!! 見票盡力幫你傾價 低水 超筍】,美孚,盈暉臺,7200000,475,2,1,利嘉閣地產有限公司,https://i1.28hse.com/2026/07/202607142214293168784_thumb.jpg,https://www.28hse.com/buy/apartment/property-3931931,2026-08-06T17:33:59.496264+00:00
3930728,開揚泳池景 上車兩房 有樓睇,美孚,盈暉臺,7200000,475,2,1,利嘉閣地產有限公司,https://i1.28hse.com/2026/07/202607131750381817234_thumb.jpg,https://www.28hse.com/buy/apartment/property-3930728,2026-08-06T17:33:59.496264+00:00
3929642,全屋精緻靚裝，保養乾淨企理，買入即刻即可入住，無需額外花費裝修！ 開揚無遮擋,美孚,盈暉臺,7600000,457,2,1,美聯物業代理有限公司,https://i1.28hse.com/2026/07/202607121926444495875_thumb.jpg,https://www.28hse.com/buy/apartment/property-3929642,2026-08-06T17:33:59.496264+00:00
3929439,《東南靚方向，開揚雅裝兩房，歡迎約睇，交吉出售》,美孚,盈暉臺,7180000,480,2,1,香港置業,https://i1.28hse.com/2026/07/202607121723043783210_thumb.jpg,https://www.28hse.com/buy/apartment/property-3929439,2026-08-06T17:33:59.496264+00:00
3929374,2期有匙 還價即成。拎包入住,美孚,美孚新邨,6980000,622,3,2,中原地產-美孚3期A組,https://i1.28hse.com/2026/07/202607121647454921343_thumb.jpg,https://www.28hse.com/buy/apartment/property-3929374,2026-08-06T17:33:59.496264+00:00
3929266,向南、高層、靚裝修,美孚,美孚新邨,6380000,630,2,1,中原地產-美孚萬事達二行,https://i1.28hse.com/2026/07/202607121551268286217_thumb.jpg,https://www.28hse.com/buy/apartment/property-3929266,2026-08-06T17:33:59.496264+00:00
3929032,靚裝南向內園大兩房，業主忍痛割愛,美孚,美孚新邨,7500000,609,2,1,中原地產代理有限公司,https://i1.28hse.com/2026/07/202607121729092072591_thumb.jpg,https://www.28hse.com/buy/apartment/property-3929032,2026-08-06T17:33:59.496264+00:00
3928992,鎖匙 獨家代理、價錢可以試710萬 3房兩個洗手間、清靜內園景、開陽,美孚,美孚新邨,7350000,653,3,,中原地產-美孚萬事達一行,https://i1.28hse.com/2026/07/202607121324003909480_thumb.jpg,https://www.28hse.com/buy/apartment/property-3928992,2026-08-06T17:33:59.496264+00:00
3928990,三房換樓精選 呎價抵住 銀行估突價,美孚,美孚新邨,6650000,708,3,1,中原地產-美孚萬事達一行,https://i1.28hse.com/2026/07/202607121346473306980_thumb.jpg,https://www.28hse.com/buy/apartment/property-3928990,2026-08-06T17:33:59.496264+00:00
3928681,上車必睇 內園 企理裝修三房連大露台,美孚,美孚新邨,7550000,717,3,,美聯物業代理有限公司,https://i1.28hse.com/2026/07/202607112155314500944_thumb.jpg,https://www.28hse.com/buy/apartment/property-3928681,2026-08-06T17:33:59.496264+00:00
3928365,優質大兩房套 新裝修即可入住,美孚,美孚新邨,8200000,664,2,2,利嘉閣地產有限公司,https://i1.28hse.com/2026/07/202607111802223156064_thumb.jpg,https://www.28hse.com/buy/apartment/property-3928365,2026-08-06T17:33:59.496264+00:00
3838460,美孚新村 業主換樓 見票即走 有買趁手,美孚,美孚新邨,7400000,717,3,2,海峯物業,https://i1.28hse.com/2026/06/202606181940023387196_thumb.jpg,https://www.28hse.com/buy/apartment/property-3838460,2026-08-06T17:33:59.496264+00:00
3927919,還景清靜，高樓底，空氣清新,美孚,,5500000,664,2,1,美聯物業代理有限公司,https://i1.28hse.com/2026/07/20260714163453469661_thumb.jpg,https://www.28hse.com/buy/apartment/property-3927919,2026-08-06T17:33:59.496264+00:00
3927862,平價出售露台3房+工人套房新裝修向內園近地鐵入口、價銀行估凸還有得傾、快睇,美孚,美孚新邨,7680000,717,3,1,美聯物業代理有限公司,https://i1.28hse.com/2026/07/20260711142554145536_thumb.jpg,https://www.28hse.com/buy/apartment/property-3927862,2026-08-06T17:33:59.496264+00:00
3927178,"全新靚裝!靚則3房加工人房,換樓精選,人見人愛!",美孚,荔灣花園,6380000,552,3,1,啟業地產,https://i1.28hse.com/2026/07/202607102108161487537_thumb.jpg,https://www.28hse.com/buy/apartment/property-3927178,2026-08-06T17:33:59.496264+00:00
3926484,低水美孚開揚3房~還價即成,美孚,美孚新邨,6900000,657,3,1,美聯物業代理有限公司,https://i1.28hse.com/2026/07/202607101608326706904_thumb.jpg,https://www.28hse.com/buy/apartment/property-3926484,2026-08-06T17:33:59.496264+00:00
3833048,連接北部都會~金融區 科金融匯 国际学校 名校 投資自用,美孚,美孚新邨,5880000,508,3,1,安高行有限公司,https://i1.28hse.com/2026/06/202606071214126666085_thumb.jpg,https://www.28hse.com/buy/apartment/property-3833048,2026-08-06T17:33:59.496264+00:00
3925857,三房一套，無浪費空間，每間房夠闊落擺傢俬 景觀：向內園,美孚,美孚新邨,6980000,622,3,2,美聯物業代理有限公司,https://i1.28hse.com/2026/07/20260716192653434304_thumb.jpg,https://www.28hse.com/buy/apartment/property-3925857,2026-08-06T17:33:59.496264+00:00
3925720,換樓首選 清靜內園 有裝修三房,美孚,美孚新邨,6980000,622,3,,美聯物業代理有限公司,https://i1.28hse.com/2026/07/202607092232358270627_thumb.jpg,https://www.28hse.com/buy/apartment/property-3925720,2026-08-06T17:33:59.496264+00:00
3925500,『穿6 !!! 鄰近公園 內街清靜 重多咗間工人房 快睇』,美孚,美孚新邨,5980000,533,2,1,利嘉閣地產有限公司,https://i1.28hse.com/2026/07/202607091940307715779_thumb.jpg,https://www.28hse.com/buy/apartment/property-3925500,2026-08-06T17:33:59.496264+00:00
3925364,靚裝，三房兩厠，近地鐵站入口，即買即住,美孚,美孚新邨,7600000,614,3,2,美聯物業代理有限公司,https://i1.28hse.com/2026/07/202607091834364063152_thumb.jpg,https://www.28hse.com/buy/apartment/property-3925364,2026-08-06T17:33:59.496264+00:00
3925347,6期2房有裝修中層向東開揚平價發售、銀行到價、有得傾、快來睇還價,美孚,美孚新邨,6500000,509,2,1,美聯物業代理有限公司,https://i1.28hse.com/2026/07/202607091825365833016_thumb.jpg,https://www.28hse.com/buy/apartment/property-3925347,2026-08-06T17:33:59.496264+00:00
3925262,"有裝有匙,比估價便!!!!!",美孚,美孚新邨,6500000,509,2,1,美聯物業代理有限公司,https://i1.28hse.com/2026/07/202607091749216854108_thumb.jpg,https://www.28hse.com/buy/apartment/property-3925262,2026-08-06T17:33:59.496264+00:00
3924631,(致滙地產-致真實盤)自住首選 歡迎約睇,美孚,荔灣花園,5480000,532,2,,致滙地產,https://i1.28hse.com/2026/07/202607091336096036222_thumb.jpg,https://www.28hse.com/buy/apartment/property-3924631,2026-08-06T17:33:59.496264+00:00
3924582,「628萬」美孚南向兩房，有層數，有裝修，有鎖匙即刻睇！,美孚,美孚新邨,6280000,509,2,,香港置業,https://i1.28hse.com/2026/07/202607091307477983615_thumb.jpg,https://www.28hse.com/buy/apartment/property-3924582,2026-08-06T17:33:59.496264+00:00
3924167,"3房1套,有裝修",美孚,美孚新邨,7500000,612,3,2,利嘉閣地產有限公司,https://i1.28hse.com/2026/07/202607082129364787286_thumb.jpg,https://www.28hse.com/buy/apartment/property-3924167,2026-08-06T17:33:59.496264+00:00
3924101,"改2房套+工人房, 新裝修",美孚,美孚新邨,4980000,479,2,1,利嘉閣地產有限公司,https://i1.28hse.com/2026/07/202607082018552707692_thumb.jpg,https://www.28hse.com/buy/apartment/property-3924101,2026-08-06T17:33:59.496264+00:00
3924093,有荀盤,美孚,美孚新邨,7200000,685,2,2,利嘉閣地產有限公司,https://i1.28hse.com/2026/07/202607082015151229936_thumb.jpg,https://www.28hse.com/buy/apartment/property-3924093,2026-08-06T17:33:59.496264+00:00
3924090,"有裝修,2房荀盤",美孚,美孚新邨,6200000,531,2,1,利嘉閣地產有限公司,https://i1.28hse.com/2026/07/202607082013087634534_thumb.jpg,https://www.28hse.com/buy/apartment/property-3924090,2026-08-06T17:33:59.496264+00:00
3924042,3房約睇,美孚,美孚新邨,5880000,508,3,1,利嘉閣地產有限公司,https://i1.28hse.com/2026/07/202607081940044907424_thumb.jpg,https://www.28hse.com/buy/apartment/property-3924042,2026-08-06T17:33:59.496264+00:00
3924035,新裝修2房套+工人房,美孚,美孚新邨,4980000,479,2,2,利嘉閣地產有限公司,https://i1.28hse.com/2026/07/202607081930367100880_thumb.jpg,https://www.28hse.com/buy/apartment/property-3924035,2026-08-06T17:33:59.496264+00:00
3924024,2025年全屋裝修,美孚,美孚新邨,5630000,485,1,1,利嘉閣地產有限公司,https://i1.28hse.com/2026/07/202607081927206048201_thumb.jpg,https://www.28hse.com/buy/apartment/property-3924024,2026-08-06T17:33:59.496264+00:00
3923967,獨家 大兩房企理 @11XXX 可睇樓 熟業主,美孚,美孚新邨,6680000,579,2,1,利嘉閣地產有限公司,https://i1.28hse.com/2026/07/202607081853503385447_thumb.jpg,https://www.28hse.com/buy/apartment/property-3923967,2026-08-06T17:33:59.496264+00:00
3923732,【傾64X萬 低水三房!!! 今期首選 鄰近公園】,美孚,美孚新邨,6650000,708,3,1,利嘉閣地產有限公司,https://i1.28hse.com/2026/07/202607081723453704519_thumb.jpg,https://www.28hse.com/buy/apartment/property-3923732,2026-08-06T17:33:59.496264+00:00
3923066,"(致滙地產-致真實盤)已吉有匙, 東南靚景 即買即住",美孚,盈暉臺,7600000,457,2,,致滙地產,https://i1.28hse.com/2026/07/202607231734011035516_thumb.jpg,https://www.28hse.com/buy/apartment/property-3923066,2026-08-06T17:33:59.496264+00:00
3922437,4期東南內園大2房(主套)+衣帽房+士多房、有裝修、3分鐘地鐵入口、銀行貼價有得,美孚,美孚新邨,8000000,666,2,2,美聯物業代理有限公司,https://i1.28hse.com/2026/07/202607071842262060813_thumb.jpg,https://www.28hse.com/buy/apartment/property-3922437,2026-08-06T17:33:59.496264+00:00
3922285,高層內園景兩房,美孚,美孚新邨,5980000,467,2,1,中原地產-美孚萬事達二行,https://i1.28hse.com/2026/07/202607121342313018512_thumb.jpg,https://www.28hse.com/buy/apartment/property-3922285,2026-08-06T17:33:59.496264+00:00
3922262,市場渴求，3房換樓必睇,美孚,美孚新邨,7350000,653,3,2,中原地產-美孚萬事達二行,https://i1.28hse.com/2026/07/202607071724021892297_thumb.jpg,https://www.28hse.com/buy/apartment/property-3922262,2026-08-06T17:33:59.496264+00:00
3921600,美孚雅緻企理中層2房套~收租自住佳品,美孚,美孚新邨,8000000,666,2,2,美聯物業代理有限公司,https://i1.28hse.com/2026/07/20260707122132479450_thumb.jpg,https://www.28hse.com/buy/apartment/property-3921600,2026-08-06T17:33:59.496264+00:00
3921334,盈暉臺四正兩房出售！間隔實用，豪華會所，成熟社區，配套齊全，交通方便！,美孚,盈暉臺,7200000,475,2,1,中原地產代理有限公司,https://i1.28hse.com/2026/07/202607062228448966070_thumb.jpg,https://www.28hse.com/buy/apartment/property-3921334,2026-08-06T17:33:59.496264+00:00
3800859,靚裝2房，内園清靜，中層，近地鐡,美孚,美孚新邨,6680000,509,2,1,置業閣地產代理公司,https://i1.28hse.com/2026/08/202608021528563147049_thumb.jpg,https://www.28hse.com/buy/apartment/property-3800859,2026-08-06T17:33:59.496264+00:00
3913030,兩房高層，拎包入住，省時省力,美孚,美孚新邨,6900000,509,2,1,,https://i1.28hse.com/2026/07/202607011627598160491_thumb.jpg,https://www.28hse.com/buy/apartment/property-3913030,2026-08-06T17:33:59.496264+00:00
3912745,7球唔駛 三房中層 向南園景 機不可失,美孚,美孚新邨,6980000,626,2,,香港置業,https://i1.28hse.com/2026/07/202607011440122997459_thumb.jpg,https://www.28hse.com/buy/apartment/property-3912745,2026-08-06T17:33:59.496264+00:00
3912191,"急走！低層, 間隔四正, 實用率高, 廳大房大, 連約",美孚,美孚新邨,6300000,701,2,1,集成物業,https://i1.28hse.com/2026/06/2026063023100083763_thumb.jpg,https://www.28hse.com/buy/apartment/property-3912191,2026-08-06T17:33:59.496264+00:00
3911816,(致滙地產-致真實盤)實用2房. 罕有特色200呎大平台,美孚,荔灣花園,5300000,426,2,,致滙地產,https://i1.28hse.com/2026/08/202608011646536314750_thumb.jpg,https://www.28hse.com/buy/apartment/property-3911816,2026-08-06T17:33:59.496264+00:00
3908992,原則3房最筍呢間 地鐵A出口1分鐘到屋企,美孚,美孚新邨,6380000,670,3,1,利嘉閣地產有限公司,https://i1.28hse.com/2026/06/202606281417435600090_thumb.jpg,https://www.28hse.com/buy/apartment/property-3908992,2026-08-06T17:33:59.496264+00:00
3908223,"(致滙地產-致真實盤)靚裝即住,可養寵物",美孚,荔灣花園,4580000,435,2,,致滙地產,https://i1.28hse.com/2026/07/202607281952317449205_thumb.jpg,https://www.28hse.com/buy/apartment/property-3908223,2026-08-06T17:33:59.496264+00:00
3903608,(致滙地產-致真實盤)東南2房，拎包入住,美孚,華豐園,4800000,385,2,,致滙地產,https://i1.28hse.com/2026/06/202606241012324057920_thumb.jpg,https://www.28hse.com/buy/apartment/property-3903608,2026-08-06T17:33:59.496264+00:00
3903560,(致滙地產-致真實盤)東南絕景 罕有大位,美孚,荔灣花園,5200000,532,3,1,致滙地產,https://i1.28hse.com/2026/07/202607281854098826492_thumb.jpg,https://www.28hse.com/buy/apartment/property-3903560,2026-08-06T17:33:59.496264+00:00
3899224,獨立單邊，全屋舒適靚裝，多面窗戶望開揚翠綠山景，屋內長年光猛通風。,美孚,荔灣花園,4450000,435,1,1,美聯物業代理有限公司,https://i1.28hse.com/2026/07/20260709172953488389_thumb.jpg,https://www.28hse.com/buy/apartment/property-3899224,2026-08-06T17:33:59.496264+00:00
3898246,廳出露台!東南高層3房園景極清靜!,美孚,美孚新邨,6540000,656,3,1,啟業地產,https://i1.28hse.com/2026/06/202606192141202006018_thumb.jpg,https://www.28hse.com/buy/apartment/property-3898246,2026-08-06T17:33:59.496264+00:00
3898107,全新靚裝3房2廁2浴內園清靜靚景、即賣即住省回數拾萬裝修費、快睇快傾,美孚,美孚新邨,6980000,622,3,2,美聯物業代理有限公司,https://i1.28hse.com/2026/06/2026061919190891122_thumb.jpg,https://www.28hse.com/buy/apartment/property-3898107,2026-08-06T17:33:59.496264+00:00
3897974,東南園景清靜!高層2房靚則好用!,美孚,美孚新邨,5980000,467,2,1,啟業地產,https://i1.28hse.com/2026/06/202606191759511633065_thumb.jpg,https://www.28hse.com/buy/apartment/property-3897974,2026-08-06T17:33:59.496264+00:00
3897050,蘭秀道東南兩房 平地出入 投資收租 自住皆宜,美孚,美孚新邨,5600000,412,2,,香港置業,https://i1.28hse.com/2026/06/202606182308018582463_thumb.jpg,https://www.28hse.com/buy/apartment/property-3897050,2026-08-06T17:33:59.496264+00:00
3896794,真盤 最筍的盤 正常單位 尺價93XX,美孚,美孚新邨,6650000,708,3,1,利嘉閣地產有限公司,https://i1.28hse.com/2026/06/202606251802288163517_thumb.jpg,https://www.28hse.com/buy/apartment/property-3896794,2026-08-06T17:33:59.496264+00:00
3896765,三房套靚裝 平地 中高層 內園,美孚,美孚新邨,8000000,666,3,2,利嘉閣地產有限公司,https://i1.28hse.com/2026/06/202606181815166259031_thumb.jpg,https://www.28hse.com/buy/apartment/property-3896765,2026-08-06T17:33:59.496264+00:00
3895590,內園企裝 鄰近港鐡 今期精選,美孚,美孚新邨,8000000,666,3,2,利嘉閣地產有限公司,https://i1.28hse.com/2026/06/202606171859246196229_thumb.jpg,https://www.28hse.com/buy/apartment/property-3895590,2026-08-06T17:33:59.496264+00:00
3895535,《三房低水 內園開揚 把握時機》,美孚,美孚新邨,6980000,622,3,2,利嘉閣地產有限公司,https://i1.28hse.com/2026/06/202606171838082529785_thumb.jpg,https://www.28hse.com/buy/apartment/property-3895535,2026-08-06T17:33:59.496264+00:00
3894174,"我有鎖匙!!新放3房套,有裝修",美孚,美孚新邨,8000000,666,3,2,利嘉閣地產有限公司,https://i1.28hse.com/2026/06/202606161905143608036_thumb.jpg,https://www.28hse.com/buy/apartment/property-3894174,2026-08-06T17:33:59.496264+00:00
3894173,【大同地產】內園兩房 牛市筍貨 近地鐵站 歡迎約看 有票盡傾 拎包入住,美孚,美孚新邨,6600000,520,2,1,大同地產,https://i1.28hse.com/2026/06/202606191611435021504_thumb.jpg,https://www.28hse.com/buy/apartment/property-3894173,2026-08-06T17:33:59.496264+00:00
3892966,"2房荀盤,快.....我有鎖匙帶你睇左先",美孚,美孚新邨,6100000,533,2,1,利嘉閣地產有限公司,https://i1.28hse.com/2026/06/202606152133152164071_thumb.jpg,https://www.28hse.com/buy/apartment/property-3892966,2026-08-06T17:33:59.496264+00:00
3892965,"蘭秀街靚期數,賣到無晒貨",美孚,美孚新邨,5500000,412,2,1,利嘉閣地產有限公司,https://i1.28hse.com/2026/06/202606152132304503468_thumb.jpg,https://www.28hse.com/buy/apartment/property-3892965,2026-08-06T17:33:59.496264+00:00
3892963,"銀主盤>>1期內園有裝修,快睇",美孚,美孚新邨,4900000,446,1,1,利嘉閣地產有限公司,https://i1.28hse.com/2026/06/20260615213129516566_thumb.jpg,https://www.28hse.com/buy/apartment/property-3892963,2026-08-06T17:33:59.496264+00:00
3892664,企理裝修3房套 內園清靜,美孚,美孚新邨,6980000,622,3,2,利嘉閣地產有限公司,https://i1.28hse.com/2026/07/202607131738575105668_thumb.jpg,https://www.28hse.com/buy/apartment/property-3892664,2026-08-06T17:33:59.496264+00:00
3891248,內園兩房 唔洗$600萬,美孚,美孚新邨,5980000,467,2,1,利嘉閣地產有限公司,https://i1.28hse.com/2026/06/202606141716134451312_thumb.jpg,https://www.28hse.com/buy/apartment/property-3891248,2026-08-06T17:33:59.496264+00:00
3206092,正東2房，内園清靜，近地鐡,美孚,美孚新邨,6600000,520,2,1,置業閣地產代理公司,https://i1.28hse.com/2024/10/202410141549027236324_thumb.jpg,https://www.28hse.com/buy/apartment/property-3206092,2026-08-06T17:33:59.496264+00:00
3890609,靚裝修兩房 收租自住都買非常合適,美孚,美孚新邨,6380000,509,2,1,利嘉閣地產有限公司,https://i1.28hse.com/2026/06/202606141142286745619_thumb.jpg,https://www.28hse.com/buy/apartment/property-3890609,2026-08-06T17:33:59.496264+00:00
3890605,六期內園三房都筍,美孚,美孚新邨,7300000,653,3,1,利嘉閣地產有限公司,https://i1.28hse.com/2026/06/202606141140016459769_thumb.jpg,https://www.28hse.com/buy/apartment/property-3890605,2026-08-06T17:33:59.496264+00:00
3890319,企理有装，3房1廳,美孚,美孚新邨,6500000,533,3,1,利嘉閣地產有限公司,https://i1.28hse.com/2026/06/202606132014321640727_thumb.jpg,https://www.28hse.com/buy/apartment/property-3890319,2026-08-06T17:33:59.496264+00:00
3890300,3房1套，加工人房，企理靓装,美孚,美孚新邨,6280000,579,3,2,利嘉閣地產有限公司,https://i1.28hse.com/2026/06/20260613195838141800_thumb.jpg,https://www.28hse.com/buy/apartment/property-3890300,2026-08-06T17:33:59.496264+00:00
3890088,萬事達廣場 位置極優 把握時機,美孚,美孚新邨,6000000,467,1,1,利嘉閣地產有限公司,https://i1.28hse.com/2026/06/202606131813475242203_thumb.jpg,https://www.28hse.com/buy/apartment/property-3890088,2026-08-06T17:33:59.496264+00:00
3889975,蘭秀道 位置優 低水之選,美孚,美孚新邨,7800000,668,2,1,利嘉閣地產有限公司,https://i1.28hse.com/2026/06/202606131733497247695_thumb.jpg,https://www.28hse.com/buy/apartment/property-3889975,2026-08-06T17:33:59.496264+00:00
3889927,高層(鳳凰樓層)開揚有裝修大2房、近地鐵+屯馬線入口、業主想賣(銀行估突)快睇,美孚,美孚新邨,7000000,639,2,1,美聯物業代理有限公司,https://i1.28hse.com/2026/07/202607101643104296106_thumb.jpg,https://www.28hse.com/buy/apartment/property-3889927,2026-08-06T17:33:59.496264+00:00
3889914,向南3房望公園、客飯廳梳化位可遠望IFC全景、兩廁1浴靚裝修、即買即用、快走快來,美孚,美孚新邨,7050000,597,3,1,美聯物業代理有限公司,https://i1.28hse.com/2026/06/202606131721296481184_thumb.jpg,https://www.28hse.com/buy/apartment/property-3889914,2026-08-06T17:33:59.496264+00:00
3889021,"3房,簡裝,內園高層,匙盤",美孚,美孚新邨,8070000,654,3,1,利嘉閣地產有限公司,https://i1.28hse.com/2026/06/202606131032395517232_thumb.jpg,https://www.28hse.com/buy/apartment/property-3889021,2026-08-06T17:33:59.496264+00:00
3883861,"有裝修,六期荀盤,3房1套",美孚,美孚新邨,7400000,657,3,2,利嘉閣地產有限公司,https://i1.28hse.com/2026/06/202606091752087680893_thumb.jpg,https://www.28hse.com/buy/apartment/property-3883861,2026-08-06T17:33:59.496264+00:00
3883679,桓柏道原則三房 內街清靜 換樓佳選 銀行估凸價,美孚,美孚新邨,7250000,653,3,,香港置業,https://i1.28hse.com/2026/06/202606091639472982708_thumb.jpg,https://www.28hse.com/buy/apartment/property-3883679,2026-08-06T17:33:59.496264+00:00
3883654,筍盤，三房，地面上落，鄰近公園,美孚,美孚新邨,6650000,708,3,,美聯物業代理有限公司,https://i1.28hse.com/2026/08/202608011616302268107_thumb.jpg,https://www.28hse.com/buy/apartment/property-3883654,2026-08-06T17:33:59.496264+00:00
3883547,靚裝，東南，開揚，兩房,美孚,美孚新邨,5280000,442,2,1,美聯物業代理有限公司,https://i1.28hse.com/2026/08/202608011605297390506_thumb.jpg,https://www.28hse.com/buy/apartment/property-3883547,2026-08-06T17:33:59.496264+00:00
3883525,"企理靚裝,地鐵站近在咫呎",美孚,美孚新邨,6500000,508,1,1,利嘉閣地產有限公司,https://i1.28hse.com/2026/06/202606091549243389150_thumb.jpg,https://www.28hse.com/buy/apartment/property-3883525,2026-08-06T17:33:59.496264+00:00
3883513,上車/投資推介，高層，山景,美孚,荔灣花園,4550000,435,1,,美聯物業代理有限公司,https://i1.28hse.com/2026/07/202607111535036575796_thumb.jpg,https://www.28hse.com/buy/apartment/property-3883513,2026-08-06T17:33:59.496264+00:00
3881376,六期荀盤,美孚,美孚新邨,7380000,654,2,,利嘉閣地產有限公司,https://i1.28hse.com/2026/06/202606072109525712816_thumb.jpg,https://www.28hse.com/buy/apartment/property-3881376,2026-08-06T17:33:59.496264+00:00
3881369,"有裝修荀盤,2房1套",美孚,美孚新邨,6380000,509,2,1,利嘉閣地產有限公司,https://i1.28hse.com/2026/06/202606072102245426272_thumb.jpg,https://www.28hse.com/buy/apartment/property-3881369,2026-08-06T17:33:59.496264+00:00
3881278,"3房1套,有裝修",美孚,美孚新邨,8000000,666,3,2,利嘉閣地產有限公司,https://i1.28hse.com/2026/06/202606071939142524079_thumb.jpg,https://www.28hse.com/buy/apartment/property-3881278,2026-08-06T17:33:59.496264+00:00
3881198,新放有裝兩房,美孚,美孚新邨,6500000,532,2,1,利嘉閣地產有限公司,https://i1.28hse.com/2026/06/202606071848573833285_thumb.jpg,https://www.28hse.com/buy/apartment/property-3881198,2026-08-06T17:33:59.496264+00:00
3881152,"有裝修,有露台,有鎖匙",美孚,美孚新邨,6000000,437,1,1,利嘉閣地產有限公司,https://i1.28hse.com/2026/06/202606071826103345509_thumb.jpg,https://www.28hse.com/buy/apartment/property-3881152,2026-08-06T17:33:59.496264+00:00
3881120,"即買即用,有裝修",美孚,美孚新邨,6980000,685,2,2,利嘉閣地產有限公司,https://i1.28hse.com/2026/06/202606071811154876472_thumb.jpg,https://www.28hse.com/buy/apartment/property-3881120,2026-08-06T17:33:59.496264+00:00
3880379,中原地產獨家代理 靚裝修,美孚,美孚新邨,7500000,609,2,,中原地產代理有限公司,https://i1.28hse.com/2026/06/202606071241105711652_thumb.jpg,https://www.28hse.com/buy/apartment/property-3880379,2026-08-06T17:33:59.496264+00:00
3962985,【730萬】半新兩房 業主急走,長沙灣,The Campton 1B期,7450000,462,2,,美聯物業代理有限公司,https://i1.28hse.com/2026/08/20260806203208699121_thumb.jpg,https://www.28hse.com/buy/apartment/property-3962985,2026-08-06T17:33:59.496264+00:00
3962967,【終極一劈】【高層開揚山景】【把握機會】,長沙灣,喜薈,7480000,509,2,1,香港置業,https://i1.28hse.com/2026/08/202608062010542992248_thumb.jpg,https://www.28hse.com/buy/apartment/property-3962967,2026-08-06T17:33:59.496264+00:00
3962960,【嚴重低水】【必走筍盤】【有票再傾】,長沙灣,The Campton 1B期,8000000,515,2,1,香港置業,https://i1.28hse.com/2026/08/202608062008408548855_thumb.jpg,https://www.28hse.com/buy/apartment/property-3962960,2026-08-06T17:33:59.496264+00:00
3962939,【性價比之選】【明廁梗廚】【開揚球場景兩房】,長沙灣,喜韻,7950000,506,2,1,香港置業,https://i1.28hse.com/2026/08/202608061953251402224_thumb.jpg,https://www.28hse.com/buy/apartment/property-3962939,2026-08-06T17:33:59.496264+00:00
3962930,【長沙灣精選】【明廁設計】【歡迎約看】,長沙灣,The Campton 1B期,7400000,462,2,1,香港置業,https://i1.28hse.com/2026/08/202608061941483576641_thumb.jpg,https://www.28hse.com/buy/apartment/property-3962930,2026-08-06T17:33:59.496264+00:00
3962765,【可試$650萬】【有票儘傾】【梗廚兩房】【2分鐘長沙灣站】【回報超4%】,長沙灣,尚都,6500000,429,2,1,美聯物業代理有限公司,https://i1.28hse.com/2026/08/202608061832217789853_thumb.jpg,https://www.28hse.com/buy/apartment/property-3962765,2026-08-06T17:33:59.496264+00:00
3962740,《6字價想搵梗廚，又要明廁，仲要2房，仲諗？》,長沙灣,尚都,6600000,429,2,1,利嘉閣地產有限公司,https://i1.28hse.com/2026/08/202608061621196580343_thumb.jpg,https://www.28hse.com/buy/apartment/property-3962740,2026-08-06T17:33:59.496264+00:00
3962699,低層1/F 特色平台單位 總共3層樓 804呎巨房 有匙即睇,長沙灣,唐樓,4500000,804,2,,千億物業 長沙灣分行,https://i1.28hse.com/2026/08/202608061806456886448_thumb.jpg,https://www.28hse.com/buy/apartment/property-3962699,2026-08-06T17:33:59.496264+00:00
3962286,【新盤】【超筍2房】 【企理裝修】,長沙灣,喜薈,7480000,509,2,1,香港置業,https://i1.28hse.com/2026/08/20260806150314151780_thumb.jpg,https://www.28hse.com/buy/apartment/property-3962286,2026-08-06T17:33:59.496264+00:00
3961455,【可試698萬】【兩房梗廚】【超值抵住】,長沙灣,喜雅,7280000,458,2,1,香港置業,https://i1.28hse.com/2026/08/202608051927207352132_thumb.jpg,https://www.28hse.com/buy/apartment/property-3961455,2026-08-06T17:33:59.496264+00:00
3961405,【獨家代理】100%實盤 樓齡新 梗廚一房連露台 開揚山景,長沙灣,薈悅,5500000,356,1,,八運地產代理有限公司,https://i1.28hse.com/2026/08/202608051859288283131_thumb.jpg,https://www.28hse.com/buy/apartment/property-3961405,2026-08-06T17:33:59.496264+00:00
3961350,【720萬再傾！筍盤必走●有票再有驚喜】,長沙灣,星匯居,7300000,515,2,1,美聯物業代理有限公司,https://i1.28hse.com/2026/08/202608051856195465254_thumb.jpg,https://www.28hse.com/buy/apartment/property-3961350,2026-08-06T17:33:59.496264+00:00
3961224,《自問想執平貨既你，必睇️️️️️ 新界呎價12xxx-13000住九龍》,長沙灣,星匯居,7500000,510,2,1,利嘉閣地產有限公司,https://i1.28hse.com/2026/08/202608051747402244945_thumb.jpg,https://www.28hse.com/buy/apartment/property-3961224,2026-08-06T17:33:59.496264+00:00
3961113,「真實盤源•帶票睇樓」激荀 1房，歡迎約睇,長沙灣,喜漾,6980000,408,1,1,香港置業,https://i1.28hse.com/2026/08/20260805170659623041_thumb.jpg,https://www.28hse.com/buy/apartment/property-3961113,2026-08-06T17:33:59.496264+00:00
3590726,✶✶屋苑式大兩房，全場最平,長沙灣,麗寶花園,4600000,410,2,,千億物業,https://i1.28hse.com/2025/12/202512151626531256558_thumb.jpg,https://www.28hse.com/buy/apartment/property-3590726,2026-08-06T17:33:59.496264+00:00
3960677,大放血可試6XX 只求走貨！搵我至著數！,長沙灣,星匯居,7500000,510,2,1,利嘉閣地產有限公司,https://i1.28hse.com/2026/08/202608051343075513281_thumb.jpg,https://www.28hse.com/buy/apartment/property-3960677,2026-08-06T17:33:59.496264+00:00
3960458,交通方便，電梯樓，三間套房，業主急賣，至荀呎價,長沙灣,翠雲大廈,2770000,355,3,,喜居物業(欽州街舖),https://i1.28hse.com/2026/08/202608051140174329505_thumb.jpg,https://www.28hse.com/buy/apartment/property-3960458,2026-08-06T17:33:59.496264+00:00
3960044,"喜字系列,最大一房單位,有梗廚",長沙灣,喜韻,7100000,459,1,1,八運地產代理有限公司,https://i1.28hse.com/2026/08/202608041912023261617_thumb.jpg,https://www.28hse.com/buy/apartment/property-3960044,2026-08-06T17:33:59.496264+00:00
3959854,真实盘源/激筍盘2房/快約睇 Ivy 9I439959,長沙灣,睿峰,7400000,431,2,1,香港置業,https://i1.28hse.com/2026/08/202608041737575228488_thumb.jpg,https://www.28hse.com/buy/apartment/property-3959854,2026-08-06T17:33:59.496264+00:00
3862819,靚裝修，特大房間，罕有放盤，即買即住，五分鐘達長沙環地鐵出口，平地電梯！,長沙灣,金球閣,4400000,361,2,1,富華地產,https://i1.28hse.com/2026/05/202605251853405385367_thumb.jpg,https://www.28hse.com/buy/apartment/property-3862819,2026-08-06T17:33:59.496264+00:00
3958844,南昌東次新房 業主急賣 誠意來看,長沙灣,連方,7380000,365,2,1,美聯物業,https://i1.28hse.com/2026/08/202608032346567827509_thumb.jpg,https://www.28hse.com/buy/apartment/property-3958844,2026-08-06T17:33:59.496264+00:00
3958838,【$800萬】【即走兩房】 【還價即成】,長沙灣,家壹,8300000,479,2,1,美聯物業代理有限公司,https://i1.28hse.com/2026/08/202608032340205258328_thumb.jpg,https://www.28hse.com/buy/apartment/property-3958838,2026-08-06T17:33:59.496264+00:00
3958819,業主蝕讓! 實盤約睇! 【比票幫你傾到盡］】,長沙灣,家壹,8280000,479,3,1,中原地產-美孚3期B組,https://i1.28hse.com/2026/08/202608032243026617431_thumb.jpg,https://www.28hse.com/buy/apartment/property-3958819,2026-08-06T17:33:59.496264+00:00
3679363,喜韻 梗廚 2 房 高層開揚,長沙灣,喜韻,8200000,520,2,1,萬基地產代理有限公司,https://i1.28hse.com/2025/12/202512171509585543166_thumb.jpg,https://www.28hse.com/buy/apartment/property-3679363,2026-08-06T17:33:59.496264+00:00
3957977,【728萬】【兩房】【約睇】【只此一間】,長沙灣,連方,7280000,377,2,1,美聯物業代理有限公司,https://i1.28hse.com/2026/08/202608061910401749003_thumb.jpg,https://www.28hse.com/buy/apartment/property-3957977,2026-08-06T17:33:59.496264+00:00
3957672,► 靚景實用2房◄，☞有票再勁減,長沙灣,睿峰,7000000,408,2,1,美聯物業代理有限公司,https://i1.28hse.com/2026/08/202608031312012285639_thumb.jpg,https://www.28hse.com/buy/apartment/property-3957672,2026-08-06T17:33:59.496264+00:00
3957600,【730萬大兩房筍盤】【有票有驚喜】,長沙灣,星匯居,7500000,515,2,1,美聯物業代理有限公司,https://i1.28hse.com/2026/08/20260803122157445107_thumb.jpg,https://www.28hse.com/buy/apartment/property-3957600,2026-08-06T17:33:59.496264+00:00
3957456,露台大則「超筍」換貨平走,長沙灣,星匯居,7300000,511,2,,中原地產代理有限公司,https://i1.28hse.com/2026/08/202608031038555653522_thumb.jpg,https://www.28hse.com/buy/apartment/property-3957456,2026-08-06T17:33:59.496264+00:00
3225724,筍！劈價急走 先到先得 長沙灣站3分鐘 ，開揚 2房雅裝,長沙灣,鴻裕大廈,3600000,405,3,,千億物業 長沙灣分行,https://i1.28hse.com/2024/11/202411020012372951960_thumb.jpg,https://www.28hse.com/buy/apartment/property-3225724,2026-08-06T17:33:59.496264+00:00
3955845,【730萬】·有匙】【四喜最平兩房】,長沙灣,喜盈,7700000,518,2,2,美聯物業代理有限公司,https://i1.28hse.com/2026/08/202608012253466268444_thumb.jpg,https://www.28hse.com/buy/apartment/property-3955845,2026-08-06T17:33:59.496264+00:00
3955791,【$720萬收票】【開揚兩房梗廚】【有票盡試】,長沙灣,尚都,7450000,429,2,,美聯物業代理有限公司,https://i1.28hse.com/2026/08/202608012152207776695_thumb.jpg,https://www.28hse.com/buy/apartment/property-3955791,2026-08-06T17:33:59.496264+00:00
3955733,"市區物業, 生活方便",長沙灣,喜盈,7580000,518,2,,中原地產-泓景臺分行,https://i1.28hse.com/2026/08/202608012042502960482_thumb.jpg,https://www.28hse.com/buy/apartment/property-3955733,2026-08-06T17:33:59.496264+00:00
3955363,獨家實盤~歡迎約睇,長沙灣,新寶大廈,4000000,381,1,,中原地產-營盤街分行,https://i1.28hse.com/2026/08/20260801173334771070_thumb.jpg,https://www.28hse.com/buy/apartment/property-3955363,2026-08-06T17:33:59.496264+00:00
3954929,近地鐵 估價到 獨家罕有大平台單位 有匙,長沙灣,金球閣,5300000,388,2,1,港威置業（元州街）,https://i1.28hse.com/2026/08/202608011416465711102_thumb.jpg,https://www.28hse.com/buy/apartment/property-3954929,2026-08-06T17:33:59.496264+00:00
3954445,大積兩房 交通方便 有匙即睇,長沙灣,長盛豪苑,6800000,452,2,1,喜居物業(欽州街舖),https://i1.28hse.com/2026/08/202608010042354877523_thumb.jpg,https://www.28hse.com/buy/apartment/property-3954445,2026-08-06T17:33:59.496264+00:00
3954381,內街寧靜 梗廚 三房平地電梯,長沙灣,順發居,6450000,484,3,1,喜居物業(欽州街舖),https://i1.28hse.com/2026/07/202607312225003053086_thumb.jpg,https://www.28hse.com/buy/apartment/property-3954381,2026-08-06T17:33:59.496264+00:00
3954296,【730萬】·有匙】【四喜最平兩房】,長沙灣,喜盈,7700000,518,2,2,美聯物業代理有限公司,https://i1.28hse.com/2026/07/202607312114552421184_thumb.jpg,https://www.28hse.com/buy/apartment/property-3954296,2026-08-06T17:33:59.496264+00:00
3954265,企理實用，方便梗廚，可睇,長沙灣,喜盈,7700000,518,2,1,中原地產-營盤街分行,https://i1.28hse.com/2026/07/20260731205112694602_thumb.jpg,https://www.28hse.com/buy/apartment/property-3954265,2026-08-06T17:33:59.496264+00:00
3953826,** 元州街 ~ 4百幾號近兼善里重建區 **,長沙灣,唐樓,4480000,804,2,1,駿輝地產建榮有限公司,https://i1.28hse.com/2026/07/202607311713444338417_thumb.jpg,https://www.28hse.com/buy/apartment/property-3953826,2026-08-06T17:33:59.496264+00:00
3953360,西九龙/罕有大2房/业主割爱/查询 Ivy 9I439859,長沙灣,星匯居,7480000,501,2,1,香港置業,https://i1.28hse.com/2026/07/202607311349253822744_thumb.jpg,https://www.28hse.com/buy/apartment/property-3953360,2026-08-06T17:33:59.496264+00:00
3246287,優質靚盤推介^ 大一房 秒到地鐵 即買即住,長沙灣,瑜悅,6300000,350,1,1,高盛地產,https://i1.28hse.com/2026/06/202606221536485479101_thumb.jpg,https://www.28hse.com/buy/apartment/property-3246287,2026-08-06T17:33:59.496264+00:00
3952292,【$600萬再傾！實用型兩房●有票再有驚喜】,長沙灣,順景華庭,6000000,446,2,1,美聯物業代理有限公司,https://i1.28hse.com/2026/07/202607311035127637783_thumb.jpg,https://www.28hse.com/buy/apartment/property-3952292,2026-08-06T17:33:59.496264+00:00
3952050,鄰近地鐵，景觀開揚,長沙灣,瑜悅,6280000,350,1,1,喜居物業(宇宙商場),https://i1.28hse.com/2026/07/202607301342582804502_thumb.jpg,https://www.28hse.com/buy/apartment/property-3952050,2026-08-06T17:33:59.496264+00:00
3725229,【筍盤推介】3房高層山景 屋苑會所連露台,長沙灣,喜韻,7950000,519,3,,千億物業 長沙灣分行,https://i1.28hse.com/2026/01/202601291754582089936_thumb.jpg,https://www.28hse.com/buy/apartment/property-3725229,2026-08-06T17:33:59.496264+00:00
3951645,【$588萬再傾！半分鐘到地鐵站●特大一房！有票再有驚喜】,長沙灣,瑜悅,6280000,350,1,1,美聯物業代理有限公司,https://i1.28hse.com/2026/07/202607292300048749619_thumb.jpg,https://www.28hse.com/buy/apartment/property-3951645,2026-08-06T17:33:59.496264+00:00
3951626,實價實盤 大則兩房 睇岩再傾,長沙灣,順景華庭,6000000,446,2,,中原地產代理有限公司,https://i1.28hse.com/2026/07/20260729222956165437_thumb.jpg,https://www.28hse.com/buy/apartment/property-3951626,2026-08-06T17:33:59.496264+00:00
3951547,麗寶花園高層兩房平售,長沙灣,麗寶花園,4680000,389,2,1,華昇地產代理公司,https://i1.28hse.com/2026/07/202607292013462928113_thumb.jpg,https://www.28hse.com/buy/apartment/property-3951547,2026-08-06T17:33:59.496264+00:00
3951358,《東北開揚，交通便利，23年樓齡，市區兩房》,長沙灣,順景華庭,6000000,446,2,1,香港置業,https://i1.28hse.com/2026/07/202607291824131646961_thumb.jpg,https://www.28hse.com/buy/apartment/property-3951358,2026-08-06T17:33:59.496264+00:00
3951009,超荀盤 快快查詢「23年樓 長沙灣站步行即達，實用大兩房，極高性價比之選！」,長沙灣,順景華庭,6000000,446,2,1,大三元地產,https://i1.28hse.com/2026/07/202607291602351415671_thumb.jpg,https://www.28hse.com/buy/apartment/property-3951009,2026-08-06T17:33:59.496264+00:00
3950892,真实盘源/超笋两房半/还价即成/近地铁站/快约睇 Ivy 9I439959,長沙灣,家壹,8300000,479,2,1,香港置業,https://i1.28hse.com/2026/07/202607291506302582461_thumb.jpg,https://www.28hse.com/buy/apartment/property-3950892,2026-08-06T17:33:59.496264+00:00
3950827,業主血虧250萬！罕有東南曼克頓景觀兩房，接近全新，日內必走,長沙灣,睿峰,7000000,408,2,,美聯物業,https://i1.28hse.com/2026/07/20260729142758988122_thumb.jpg,https://www.28hse.com/buy/apartment/property-3950827,2026-08-06T17:33:59.496264+00:00
3950599,【改3房】【可試$778萬有票儘傾】【即買即收租】【罕有高層開揚】【來電儘傾】,長沙灣,喜韻,7980000,519,3,,中原地產-長沙灣映築分行,https://i1.28hse.com/2026/07/202607291153198028746_thumb.jpg,https://www.28hse.com/buy/apartment/property-3950599,2026-08-06T17:33:59.496264+00:00
3950531,直接業主放盤 收購重建區 罕有放盤 全交吉放售 有匙即睇,長沙灣,唐樓,4500000,804,2,,,https://i1.28hse.com/2026/07/202607291045306586624_thumb.jpg,https://www.28hse.com/buy/apartment/property-3950531,2026-08-06T17:33:59.496264+00:00
3950523,【$780萬再傾】2房筍盤【有票即收】,長沙灣,喜薈,8000000,509,2,1,美聯物業代理有限公司,https://i1.28hse.com/2026/07/202607291038504091654_thumb.jpg,https://www.28hse.com/buy/apartment/property-3950523,2026-08-06T17:33:59.496264+00:00
3950347,【678萬盡試】大一房筍盤【有票即收】,長沙灣,喜漾,7200000,408,1,1,美聯物業代理有限公司,https://i1.28hse.com/2026/07/202607282203423789357_thumb.jpg,https://www.28hse.com/buy/apartment/property-3950347,2026-08-06T17:33:59.496264+00:00
3950293,"超大一房, 市場罕有",長沙灣,喜漾,6980000,408,1,,中原地產-泓景臺分行,https://i1.28hse.com/2026/07/202607282046085743143_thumb.jpg,https://www.28hse.com/buy/apartment/property-3950293,2026-08-06T17:33:59.496264+00:00
3950285,"隣近港鐵, 生活方便",長沙灣,喜薈,8300000,505,2,,中原地產-泓景臺分行,https://i1.28hse.com/2026/07/20260728203841706049_thumb.jpg,https://www.28hse.com/buy/apartment/property-3950285,2026-08-06T17:33:59.496264+00:00
3950118,「真實盤源」激荀 1房，歡迎約睇,長沙灣,喜盈,6780000,399,1,1,香港置業,https://i1.28hse.com/2026/07/202607281847592557047_thumb.jpg,https://www.28hse.com/buy/apartment/property-3950118,2026-08-06T17:33:59.496264+00:00
3950076,【$738萬再傾！】【大單邊兩房梗廚●有票驚喜價】,長沙灣,喜雅,7480000,457,2,1,美聯物業代理有限公司,https://i1.28hse.com/2026/07/20260728194158948540_thumb.jpg,https://www.28hse.com/buy/apartment/property-3950076,2026-08-06T17:33:59.496264+00:00
3950055,"靜中帶旺, 私隱度高",長沙灣,喜雅,7500000,457,2,,中原地產-泓景臺分行,https://i1.28hse.com/2026/07/202607281815225411312_thumb.jpg,https://www.28hse.com/buy/apartment/property-3950055,2026-08-06T17:33:59.496264+00:00
3949967,【720萬】實用兩房 還價即成,長沙灣,星匯居,7250000,510,2,1,美聯物業代理有限公司,https://i1.28hse.com/2026/07/202607281743012348432_thumb.jpg,https://www.28hse.com/buy/apartment/property-3949967,2026-08-06T17:33:59.496264+00:00
3949617,"足500呎實用中層明廁梗廚2房, 罕有放盤, 搵我傾有驚喜",長沙灣,星匯居,7500000,510,2,1,利嘉閣地產有限公司,https://i1.28hse.com/2026/07/202607281524202324830_thumb.jpg,https://www.28hse.com/buy/apartment/property-3949617,2026-08-06T17:33:59.496264+00:00
3863694,喜盈2房放售 開揚舒適 實盤 快者得,長沙灣,喜盈,7680000,518,2,,浤達地產,https://i1.28hse.com/2026/05/202605261655575050165_thumb.jpg,https://www.28hse.com/buy/apartment/property-3863694,2026-08-06T17:33:59.496264+00:00
3824148,優質靚盤推價 長沙灣半新樓 中層兩房 清雅裝修 有匙即睇,長沙灣,喜韻,7980000,520,2,1,高盛地產,https://i1.28hse.com/2026/06/202606121745323936491_thumb.jpg,https://www.28hse.com/buy/apartment/property-3824148,2026-08-06T17:33:59.496264+00:00
3948922,1分鐘地鐵，開揚，可看，大面積,長沙灣,瑜悅,6350000,350,1,1,中原地產-營盤街分行,https://i1.28hse.com/2026/07/202607271945561341330_thumb.jpg,https://www.28hse.com/buy/apartment/property-3948922,2026-08-06T17:33:59.496264+00:00
3948084,業主蝕讓，還價即成,長沙灣,家壹,8300000,479,2,1,喜居物業(宇宙商場),https://i1.28hse.com/2026/07/202607271305356050615_thumb.jpg,https://www.28hse.com/buy/apartment/property-3948084,2026-08-06T17:33:59.496264+00:00
3947973,兩房梗廚，2分鐘到地鐵站,長沙灣,尚都,6500000,429,2,1,喜居物業(宇宙商場),https://i1.28hse.com/2026/07/202607271155253743825_thumb.jpg,https://www.28hse.com/buy/apartment/property-3947973,2026-08-06T17:33:59.496264+00:00
3947961,【$725萬再傾！筍盤必走●有票再有驚喜】,長沙灣,星匯居,7250000,515,2,1,美聯物業代理有限公司,https://i1.28hse.com/2026/07/20260727114320745225_thumb.jpg,https://www.28hse.com/buy/apartment/property-3947961,2026-08-06T17:33:59.496264+00:00
3947701,《 有匙 * 大2房 * 梗廚明廁 》 靚則 對流窗,長沙灣,喜盈,7700000,518,2,1,香港置業,https://i1.28hse.com/2026/07/202607262020083514777_thumb.jpg,https://www.28hse.com/buy/apartment/property-3947701,2026-08-06T17:33:59.496264+00:00
3947639,露台大則「超筍」換貨平走,長沙灣,星匯居,7300000,511,2,,中原地產代理有限公司,https://i1.28hse.com/2026/07/202607261921301706708_thumb.jpg,https://www.28hse.com/buy/apartment/property-3947639,2026-08-06T17:33:59.496264+00:00
3947169,星匯居高層筍兩房,長沙灣,星匯居,7780000,501,2,1,香港置業,https://i1.28hse.com/2026/07/202607261549298080661_thumb.jpg,https://www.28hse.com/buy/apartment/property-3947169,2026-08-06T17:33:59.496264+00:00
3947150,【730萬】半新兩房 業主急走,長沙灣,The Campton 1B期,7450000,462,2,,美聯物業代理有限公司,https://i1.28hse.com/2026/07/202607261539198439647_thumb.jpg,https://www.28hse.com/buy/apartment/property-3947150,2026-08-06T17:33:59.496264+00:00
3857844,還價即成業主急走，可租22000以上,長沙灣,單幢樓房,3380000,450,3,2,港威置業（青山道）,https://i1.28hse.com/2026/07/202607011228291210712_thumb.jpg,https://www.28hse.com/buy/apartment/property-3857844,2026-08-06T17:33:59.496264+00:00
3812411,極高層 罕有海景 約睇,長沙灣,喜雅,7650000,456,2,1,千億物業 長沙灣分行,https://i1.28hse.com/2026/04/202604161727441786205_thumb.jpg,https://www.28hse.com/buy/apartment/property-3812411,2026-08-06T17:33:59.496264+00:00
3712174,"最後機會,返價再即,有匙即䏲",長沙灣,喜韻,7980000,520,2,1,千億物業 長沙灣分行,https://i1.28hse.com/2026/01/202601171503583769471_thumb.jpg,https://www.28hse.com/buy/apartment/property-3712174,2026-08-06T17:33:59.496264+00:00
3946827,【755萬有票儘傾】【遠眺公園靚景】【即刻約睇】【5分鐘長沙灣站】,長沙灣,The Campton 1B期,7500000,462,2,,中原地產代理有限公司,https://i1.28hse.com/2026/07/20260725214400127215_thumb.jpg,https://www.28hse.com/buy/apartment/property-3946827,2026-08-06T17:33:59.496264+00:00
3946688,25/7*實盤 相熟業主 驚喜價低過7字 銀行估突*歡迎約睇,長沙灣,星匯居,7500000,510,2,,美聯物業,https://i1.28hse.com/2026/07/202607251841237653169_thumb.jpg,https://www.28hse.com/buy/apartment/property-3946688,2026-08-06T17:33:59.496264+00:00
3945952,鄰近港鐵，生活便利,長沙灣,睿峰,7680000,435,2,1,喜居物業(宇宙商場),https://i1.28hse.com/2026/07/202607251258382313362_thumb.jpg,https://www.28hse.com/buy/apartment/property-3945952,2026-08-06T17:33:59.496264+00:00
3945327,鄰近港鐵，交通便利，購物方便,長沙灣,喜盈,7700000,518,2,1,喜居物業(宇宙商場),https://i1.28hse.com/2026/07/202607241822455831583_thumb.jpg,https://www.28hse.com/buy/apartment/property-3945327,2026-08-06T17:33:59.496264+00:00
3944064,"平絕低水二房,接近全新,有票還價即成,收租神器,投資首選.",長沙灣,連方,8500000,401,2,,利嘉閣地產有限公司,https://i1.28hse.com/2026/07/202607232000216823824_thumb.jpg,https://www.28hse.com/buy/apartment/property-3944064,2026-08-06T17:33:59.496264+00:00
3943848,[大四喜] 市中心新樓 實用2房 生活配套齊,長沙灣,喜盈,7180000,518,2,1,喜居物業(欽州街舖),https://i1.28hse.com/2026/07/202607231815172375460_thumb.jpg,https://www.28hse.com/buy/apartment/property-3943848,2026-08-06T17:33:59.496264+00:00
3943843,《梗廚 明廁 14xxx/呎 不睇就走寶》,長沙灣,喜盈,7700000,518,2,,香港置業西九龍,https://i1.28hse.com/2026/07/202607231817345009615_thumb.jpg,https://www.28hse.com/buy/apartment/property-3943843,2026-08-06T17:33:59.496264+00:00
3943782,《劈價出770萬 有票即成》,長沙灣,睿峰,7980000,447,2,,香港置業西九龍,https://i1.28hse.com/2026/07/202607231751591755241_thumb.jpg,https://www.28hse.com/buy/apartment/property-3943782,2026-08-06T17:33:59.496264+00:00
3942736,【改3房】【可試$778萬有票儘傾】【即買即收租】【罕有高層開揚】【來電儘傾】,長沙灣,喜韻,7980000,519,3,,中原地產-長沙灣映築分行,https://i1.28hse.com/2026/07/202607222255575117807_thumb.jpg,https://www.28hse.com/buy/apartment/property-3942736,2026-08-06T17:33:59.496264+00:00
3942375,【630萬】【大1房】 有票幫你盡傾,長沙灣,The Campton 1B期,6400000,386,1,1,美聯物業代理有限公司,https://i1.28hse.com/2026/07/202607221751326789889_thumb.jpg,https://www.28hse.com/buy/apartment/property-3942375,2026-08-06T17:33:59.496264+00:00
3942285,《明廚明廁改兩房》高層開揚景!3分鐘至長沙灣地鐵站!歡迎來電約睇!,長沙灣,The Campton 1B期,6880000,386,1,1,中原地產代理有限公司,https://i1.28hse.com/2026/07/202607221726101773223_thumb.jpg,https://www.28hse.com/buy/apartment/property-3942285,2026-08-06T17:33:59.496264+00:00
3941922,旺中帶靜 間隔實用 平地電梯 可交吉,長沙灣,順安閣,4380000,351,2,1,晉達地產代理有限公司,https://i1.28hse.com/2026/07/202607221515382607782_thumb.jpg,https://www.28hse.com/buy/apartment/property-3941922,2026-08-06T17:33:59.496264+00:00
3941655,向南 陽光微微入屋 罕有2房+工人房,長沙灣,家壹,8300000,479,2,,美聯物業,https://i1.28hse.com/2026/07/202607221213322496781_thumb.jpg,https://www.28hse.com/buy/apartment/property-3941655,2026-08-06T17:33:59.496264+00:00
3941245,業主急售/地鐵旁市區半新樓/劈價筍盤/睿峰東南兩房/靚層數/收租皇/投資自住精選,長沙灣,睿峰,8500000,408,2,1,中原地產代理限公司,https://i1.28hse.com/2026/07/202607211929043560478_thumb.jpg,https://www.28hse.com/buy/apartment/property-3941245,2026-08-06T17:33:59.496264+00:00
3940984,【580萬】【1分鐘地鐵站】【大積一房】,長沙灣,瑜悅,6280000,350,1,1,美聯物業代理有限公司,https://i1.28hse.com/2026/07/202607211725548225960_thumb.jpg,https://www.28hse.com/buy/apartment/property-3940984,2026-08-06T17:33:59.496264+00:00
3940958,《全新》市場最平！大一房筍盤…. 有票有驚喜！馬上約睇,長沙灣,瑜悅,6350000,350,1,,中原地產-泓景臺分行,https://i1.28hse.com/2026/07/202607211715135182291_thumb.jpg,https://www.28hse.com/buy/apartment/property-3940958,2026-08-06T17:33:59.496264+00:00
3851445,罕有放盤，九江街三面單邊，收租自用首選！,長沙灣,九江街157號,2850000,513,3,3,富華地產,https://i1.28hse.com/2026/05/202605161843314970079_thumb.jpg,https://www.28hse.com/buy/apartment/property-3851445,2026-08-06T17:33:59.496264+00:00
3940623,Call 66O22228 石生,長沙灣,The Campton 1B期,7500000,462,2,,中原地產代理有限公司,https://i1.28hse.com/2026/07/202607241524375756805_thumb.jpg,https://www.28hse.com/buy/apartment/property-3940623,2026-08-06T17:33:59.496264+00:00
3939857,東景大廈兩房平售*獨家代理*,長沙灣,東景大廈,5280000,436,2,1,華昇地產代理公司,https://i1.28hse.com/2026/07/202607201749143152290_thumb.jpg,https://www.28hse.com/buy/apartment/property-3939857,2026-08-06T17:33:59.496264+00:00
3939826,「真實盤源•投資自住得宜」 激荀2房,長沙灣,喜薈,7480000,509,2,1,香港置業,https://i1.28hse.com/2026/07/202607201730191095908_thumb.jpg,https://www.28hse.com/buy/apartment/property-3939826,2026-08-06T17:33:59.496264+00:00
3939642,"誠意出讓 ,睇啱盡傾!!",長沙灣,順景華庭,5950000,446,2,,香港置業,https://i1.28hse.com/2026/08/202608021148167226493_thumb.jpg,https://www.28hse.com/buy/apartment/property-3939642,2026-08-06T17:33:59.496264+00:00
3939570,「真實盤源·帶票睇樓」激荀2房，歡迎約睇,長沙灣,睿峰,8500000,408,2,1,香港置業,https://i1.28hse.com/2026/07/202607201521594407121_thumb.jpg,https://www.28hse.com/buy/apartment/property-3939570,2026-08-06T17:33:59.496264+00:00
3939546,「真實盤源·帶票睇樓」激荀2房，歡迎約睇,長沙灣,The Campton 1B期,7400000,462,2,1,香港置業,https://i1.28hse.com/2026/07/202607201507201943892_thumb.jpg,https://www.28hse.com/buy/apartment/property-3939546,2026-08-06T17:33:59.496264+00:00
3939454,3房梗厨，楼龄新，平地大堂。,長沙灣,順發居,6450000,484,3,1,喜居物業(旺角舖),https://i1.28hse.com/2026/07/20260729160807242079_thumb.jpg,https://www.28hse.com/buy/apartment/property-3939454,2026-08-06T17:33:59.496264+00:00
3938905,業主誠讓#7字頭必走！ 區內上車之選！兩房梗廚,長沙灣,星匯居,8100000,511,2,1,利嘉閣地產有限公司,https://i1.28hse.com/2026/07/202607191916031360519_thumb.jpg,https://www.28hse.com/buy/apartment/property-3938905,2026-08-06T17:33:59.496264+00:00
2647825,Youtube【運動場景● 罕有三房● 高層對流】長盛豪苑,長沙灣,長盛豪苑,6800000,456,3,1,38地產代理有限公司,https://i1.28hse.com/2023/05/202305111443564835986_thumb.jpg,https://www.28hse.com/buy/apartment/property-2647825,2026-08-06T17:33:59.496264+00:00
3937928,「真平638萬堅筍」 市區平兩房《勿失良機》,長沙灣,順景華庭,6630000,447,2,1,美聯物業代理有限公司,https://i1.28hse.com/2026/07/202607182328328450411_thumb.jpg,https://www.28hse.com/buy/apartment/property-3937928,2026-08-06T17:33:59.496264+00:00
3937870,【開揚2房】 有票幫你盡傾 【不用700萬】,長沙灣,喜雅,6910000,458,2,1,美聯物業代理有限公司,https://i1.28hse.com/2026/07/202607182120328705562_thumb.jpg,https://www.28hse.com/buy/apartment/property-3937870,2026-08-06T17:33:59.496264+00:00
3937838,豪華會所游泳池，健身室預約睇樓盧小姐,長沙灣,喜雅,7500000,457,2,,中原地產-南昌分行A組,https://i1.28hse.com/2026/07/20260718203844481805_thumb.jpg,https://www.28hse.com/buy/apartment/property-3937838,2026-08-06T17:33:59.496264+00:00
3937832,長沙灣業主急賣兩即電黎生,長沙灣,順景華庭,6630000,447,2,1,中原地產-南昌分行A組,https://i1.28hse.com/2026/07/202607182033502083281_thumb.jpg,https://www.28hse.com/buy/apartment/property-3937832,2026-08-06T17:33:59.496264+00:00
3937714,有匙實盤，還有其他單位，歡迎約睇,長沙灣,喜韻,7980000,519,2,1,中原地產-碧海藍天分行,https://i1.28hse.com/2026/07/202607181859175117646_thumb.jpg,https://www.28hse.com/buy/apartment/property-3937714,2026-08-06T17:33:59.496264+00:00
3937613,✤✤全新放盤 平地電梯大3房 呎價超平 方便睇樓✤✤,長沙灣,永隆大廈,2880000,385,3,,千億物業 長沙灣分行,https://i1.28hse.com/2026/07/202607181816361315557_thumb.jpg,https://www.28hse.com/buy/apartment/property-3937613,2026-08-06T17:33:59.496264+00:00
3937543,【2房梗廚】【可試758萬有票儘傾】【市場難求】【長沙灣核心地段】,長沙灣,喜盈,7700000,518,2,,中原地產代理有限公司,https://i1.28hse.com/2026/07/202607181749038208507_thumb.jpg,https://www.28hse.com/buy/apartment/property-3937543,2026-08-06T17:33:59.496264+00:00
3937436,【2房梗廚】【可試638萬有票儘傾】【罕有放盤】【來電儘傾】【6分鐘長沙灣站】,長沙灣,順景華庭,6630000,447,2,,中原地產-長沙灣映築分行,https://i1.28hse.com/2026/07/202607181708071244677_thumb.jpg,https://www.28hse.com/buy/apartment/property-3937436,2026-08-06T17:33:59.496264+00:00
3936230,阿Sa實盤～華懋有保證 30秒到站口 極度方便,長沙灣,瑜悅,6280000,350,1,,美聯物業代理有限公司,https://i1.28hse.com/2026/07/202607171834273292184_thumb.jpg,https://www.28hse.com/buy/apartment/property-3936230,2026-08-06T17:33:59.496264+00:00
3935434,喜漾二座中高層一房明火煮食，明廁設計,長沙灣,喜漾,6980000,408,1,1,中原地產-美孚萬事達二行,https://i1.28hse.com/2026/07/202607171356303529122_thumb.jpg,https://www.28hse.com/buy/apartment/property-3935434,2026-08-06T17:33:59.496264+00:00
3772634,▷靚裝修𝟮房◁【THE CAMPTON】優質屋苑 𝟱年樓 合家庭客,長沙灣,The Campton 1B期,7480000,462,2,1,駿輝地產專業有限公司,https://i1.28hse.com/2026/04/202604201729217231011_thumb.jpg,https://www.28hse.com/buy/apartment/property-3772634,2026-08-06T17:33:59.496264+00:00
3934554,靚裝✿歡迎查詢取相✿近地鐵✿平地電梯大兩房✿手快有,長沙灣,金球閣,4400000,361,2,1,九龍地產代理有限公司,https://i1.28hse.com/2026/07/202607260739057635922_thumb.jpg,https://www.28hse.com/buy/apartment/property-3934554,2026-08-06T17:33:59.496264+00:00
3934234,《超筍大2房筍盤 768萬 !!!有票再有驚喜!!!》,長沙灣,喜韻,8300000,520,2,,美聯物業代理有限公司,https://i1.28hse.com/2026/07/202607161534285121617_thumb.jpg,https://www.28hse.com/buy/apartment/property-3934234,2026-08-06T17:33:59.496264+00:00
3934217,【$568萬盡試】大一房筍盤【有票即收】,長沙灣,瑜悅,6280000,350,1,,美聯物業代理有限公司,https://i1.28hse.com/2026/07/202607161522208349455_thumb.jpg,https://www.28hse.com/buy/apartment/property-3934217,2026-08-06T17:33:59.496264+00:00
3934123,【睇樓睇真盤】【成功搵心水盤高5倍●巨廳靚景】［瑜悅ECHO］長沙灣站,長沙灣,瑜悅,6350000,350,1,1,中原地產-元州街分行A組,https://i1.28hse.com/2026/07/202607161430567707423_thumb.jpg,https://www.28hse.com/buy/apartment/property-3934123,2026-08-06T17:33:59.496264+00:00
3934039,《實價實盤，開揚光猛，四正實用，有匙即睇》,長沙灣,喜韻,7980000,519,2,1,中原地產-碧海藍天分行,https://i1.28hse.com/2026/07/202607161332136565369_thumb.jpg,https://www.28hse.com/buy/apartment/property-3934039,2026-08-06T17:33:59.496264+00:00
3933414,！快約 西九靚大2房可試790萬 全場最荀銀行估突價極高層開揚市景 有票傾到你岩,長沙灣,星匯居,8100000,511,2,1,利嘉閣地產有限公司,https://i1.28hse.com/2026/07/202607301405334732547_thumb.jpg,https://www.28hse.com/buy/apartment/property-3933414,2026-08-06T17:33:59.496264+00:00
3821322,市區全新樓實用大2房*旺中帶靜*罕有主教山景!,長沙灣,曉柏峰,8500000,411,2,1,鴻發地產物業,https://i1.28hse.com/2026/04/202604232343186251019_thumb.jpg,https://www.28hse.com/buy/apartment/property-3821322,2026-08-06T17:33:59.496264+00:00
3932724,"罕有放盤, 開揚清爽, 間隔四正, 廳大房大",長沙灣,喜漾,6980000,408,1,1,香港置業,https://i1.28hse.com/2026/07/202607281730445178955_thumb.jpg,https://www.28hse.com/buy/apartment/property-3932724,2026-08-06T17:33:59.496264+00:00
3931848,【738萬】大大間兩房 可以睇樓,長沙灣,星匯居,7680000,501,2,1,美聯物業代理有限公司,https://i1.28hse.com/2026/07/202607141633584400136_thumb.jpg,https://www.28hse.com/buy/apartment/property-3931848,2026-08-06T17:33:59.496264+00:00
3931778,「筍、有票可試788萬」高層急走、把握良機!,長沙灣,星匯居,8180000,501,2,1,利嘉閣地產有限公司,https://i1.28hse.com/2026/07/20260714160931935887_thumb.jpg,https://www.28hse.com/buy/apartment/property-3931778,2026-08-06T17:33:59.496264+00:00
3931461,【$733萬】睇樓預約【有票再砌】,長沙灣,喜薈,8200000,509,2,1,美聯物業代理有限公司,https://i1.28hse.com/2026/07/202607141348016682771_thumb.jpg,https://www.28hse.com/buy/apartment/property-3931461,2026-08-06T17:33:59.496264+00:00
3931447,【$848萬再傾●最平呢間●有票再有驚喜】,長沙灣,Belgravia Place,8480000,425,3,1,美聯物業代理有限公司,https://i1.28hse.com/2026/07/202607141345336026098_thumb.jpg,https://www.28hse.com/buy/apartment/property-3931447,2026-08-06T17:33:59.496264+00:00
3931442,【768萬大2房】2分鐘長沙灣站《大蝕讓》,長沙灣,睿峰,7980000,446,2,1,美聯物業代理有限公司,https://i1.28hse.com/2026/07/202607141335423724080_thumb.jpg,https://www.28hse.com/buy/apartment/property-3931442,2026-08-06T17:33:59.496264+00:00
3931318,"「筍,見票再傾」2房價錢3房享受, 4分鐘港鐵！",長沙灣,Belgravia Place,8480000,425,3,1,利嘉閣地產有限公司,https://i1.28hse.com/2026/07/202607141225036575430_thumb.jpg,https://www.28hse.com/buy/apartment/property-3931318,2026-08-06T17:33:59.496264+00:00
3931289,"「見票有驚喜」3分鐘港鐵, 換樓割愛, 機會難逢!",長沙灣,睿峰,7980000,447,2,1,利嘉閣地產有限公司,https://i1.28hse.com/2026/07/202607141211345682710_thumb.jpg,https://www.28hse.com/buy/apartment/property-3931289,2026-08-06T17:33:59.496264+00:00
3931073,最後機會！,長沙灣,喜薈,7500000,498,2,1,中原地產-美孚3期B組,https://i1.28hse.com/2026/07/202607132347324502670_thumb.jpg,https://www.28hse.com/buy/apartment/property-3931073,2026-08-06T17:33:59.496264+00:00
3931005,【630萬】【大1房】 有票幫你盡傾,長沙灣,The Campton 1B期,6400000,386,1,1,美聯物業代理有限公司,https://i1.28hse.com/2026/07/202607132129303125373_thumb.jpg,https://www.28hse.com/buy/apartment/property-3931005,2026-08-06T17:33:59.496264+00:00
3930949,近鐵高層開揚優質【有票有得傾】,長沙灣,The Campton 1B期,6880000,386,1,,中原地產-美孚3期B組,https://i1.28hse.com/2026/07/202607132003074843011_thumb.jpg,https://www.28hse.com/buy/apartment/property-3930949,2026-08-06T17:33:59.496264+00:00
3930790,【市區2房650萬】【隨時約睇，仲可以傾】,長沙灣,順景華庭,6630000,447,2,1,美聯物業代理有限公司,https://i1.28hse.com/2026/07/202607132202552538558_thumb.jpg,https://www.28hse.com/buy/apartment/property-3930790,2026-08-06T17:33:59.496264+00:00
3930593,【$780萬再傾】2房筍盤【有票即收】,長沙灣,喜薈,8000000,509,2,1,美聯物業代理有限公司,https://i1.28hse.com/2026/07/202607131701241555669_thumb.jpg,https://www.28hse.com/buy/apartment/property-3930593,2026-08-06T17:33:59.496264+00:00
3930540,"梗廚中層兩房, 靚則四正, 抵過交租,可盡傾775, 搵我傾有驚喜",長沙灣,喜薈,8000000,498,2,1,利嘉閣地產有限公司,https://i1.28hse.com/2026/07/202607131641528125438_thumb.jpg,https://www.28hse.com/buy/apartment/property-3930540,2026-08-06T17:33:59.496264+00:00
3930400,"筍價出售, 有匙即約即睇, 開揚清爽, 廳大房大",長沙灣,喜薈,8300000,509,2,1,香港置業,https://i1.28hse.com/2026/07/202607131532261720279_thumb.jpg,https://www.28hse.com/buy/apartment/property-3930400,2026-08-06T17:33:59.496264+00:00
3834712,極高回報 6.5%，即時收租，現為三個套房，即收月租共$15700，裝修企理！,長沙灣,永隆大廈,2900000,385,3,3,富華地產,https://i1.28hse.com/2026/05/202605042105206557015_thumb.jpg,https://www.28hse.com/buy/apartment/property-3834712,2026-08-06T17:33:59.496264+00:00
3929401,義華大廈連平台平售,長沙灣,義華大廈,4700000,697,2,1,華昇地產代理公司,https://i1.28hse.com/2026/07/202607121702233955151_thumb.jpg,https://www.28hse.com/buy/apartment/property-3929401,2026-08-06T17:33:59.496264+00:00
3927832,真实盘源/有票有惊喜/近地铁站/超极方便/快约Ivy 9I439959,長沙灣,The Campton 1B期,7700000,462,2,1,香港置業,https://i1.28hse.com/2026/07/202607111411343561924_thumb.jpg,https://www.28hse.com/buy/apartment/property-3927832,2026-08-06T17:33:59.496264+00:00
3927829,真实盘源/超笋两房半/还价即成/近地铁站/快约睇 Ivy 9I439959,長沙灣,家壹,8300000,479,2,1,香港置業,https://i1.28hse.com/2026/07/202607111410042005150_thumb.jpg,https://www.28hse.com/buy/apartment/property-3927829,2026-08-06T17:33:59.496264+00:00
3926478,两房改一房两厅间隔实用高層裝修靚仔少有靚盤向保安道旺中帶靜,長沙灣,麗寶花園,4790000,404,2,1,柏浩物業代理,https://i1.28hse.com/2026/07/202607101619195801710_thumb.jpg,https://www.28hse.com/buy/apartment/property-3926478,2026-08-06T17:33:59.496264+00:00
3925793,【820萬】【三房套】【3.5米樓底】【有票即成】,長沙灣,Belgravia Place,8480000,425,3,,美聯物業代理有限公司,https://i1.28hse.com/2026/07/202607100031266324186_thumb.jpg,https://www.28hse.com/buy/apartment/property-3925793,2026-08-06T17:33:59.496264+00:00
3925791,*有密碼即睇樓～全新樓未入住3房 東北 山景～有煤氣開廚～樓下已賣816 有成交,長沙灣,Belgravia Place,8480000,425,3,1,利嘉閣地產有限公司,https://i1.28hse.com/2026/07/202607100024148783277_thumb.jpg,https://www.28hse.com/buy/apartment/property-3925791,2026-08-06T17:33:59.496264+00:00
3925652,"2房荀盤,自住約睇",長沙灣,鴻裕大廈,4000000,374,2,1,利嘉閣地產有限公司,https://i1.28hse.com/2026/07/202607092128038164924_thumb.jpg,https://www.28hse.com/buy/apartment/property-3925652,2026-08-06T17:33:59.496264+00:00
3821312,"九龍區最平實用2房,大型屋苑,投資自用一流",長沙灣,Belgravia Place,6750000,351,2,1,鴻發地產物業,https://i1.28hse.com/2026/04/202604232322451461487_thumb.jpg,https://www.28hse.com/buy/apartment/property-3821312,2026-08-06T17:33:59.496264+00:00
3925443,"有裝修,2房荀盤",長沙灣,睿峰,7760000,435,2,1,利嘉閣地產有限公司,https://i1.28hse.com/2026/07/202607091909523816620_thumb.jpg,https://www.28hse.com/buy/apartment/property-3925443,2026-08-06T17:33:59.496264+00:00
3924701,【翠雲大廈】已間三房 收租回報高 平地電梯 交通便利 快者得 歡迎約睇,長沙灣,翠雲大廈,2880000,355,3,2,駿輝地產安業有限公司,https://i1.28hse.com/2026/07/202607091413478154012_thumb.jpg,https://www.28hse.com/buy/apartment/property-3924701,2026-08-06T17:33:59.496264+00:00
3924168,全區最平交500尺兩房 真實放售即約即睇,長沙灣,喜盈,7700000,518,2,,香港置業,https://i1.28hse.com/2026/07/202607082123208770261_thumb.jpg,https://www.28hse.com/buy/apartment/property-3924168,2026-08-06T17:33:59.496264+00:00
3924156,"有裝修,3房荀盤",長沙灣,長盛豪苑,6800000,456,3,1,利嘉閣地產有限公司,https://i1.28hse.com/2026/07/202607082117261315654_thumb.jpg,https://www.28hse.com/buy/apartment/property-3924156,2026-08-06T17:33:59.496264+00:00
3924129,一房大廳，地鐵上盖，一年新楼。,長沙灣,瑜悅,5800000,350,1,1,喜居物業(宇宙商場),https://i1.28hse.com/2026/07/202607082113394128892_thumb.jpg,https://www.28hse.com/buy/apartment/property-3924129,2026-08-06T17:33:59.496264+00:00
3923989,"[實盤]業主急走,只有一間,歡迎查詢",長沙灣,喜薈,7330000,521,2,1,喜居物業(欽州街舖),https://i1.28hse.com/2026/07/202607171530267262512_thumb.jpg,https://www.28hse.com/buy/apartment/property-3923989,2026-08-06T17:33:59.496264+00:00
3923670,半新兩房 FIRM賣 有樓睇,長沙灣,The Campton 1B期,7700000,462,2,1,利嘉閣地產有限公司,https://i1.28hse.com/2026/07/202607081706366018727_thumb.jpg,https://www.28hse.com/buy/apartment/property-3923670,2026-08-06T17:33:59.496264+00:00
3923645,【730萬】半新兩房 業主急走,長沙灣,The Campton 1B期,7450000,462,2,,美聯物業代理有限公司,https://i1.28hse.com/2026/07/202607081700502838293_thumb.jpg,https://www.28hse.com/buy/apartment/property-3923645,2026-08-06T17:33:59.496264+00:00
3923613,"*有票有驚喜*歡迎約睇,換樓推介,16XXX呎價,用家必選,自住超值.",長沙灣,The Campton 1B期,7480000,462,2,,利嘉閣地產有限公司,https://i1.28hse.com/2026/07/20260708165003246880_thumb.jpg,https://www.28hse.com/buy/apartment/property-3923613,2026-08-06T17:33:59.496264+00:00
3923413,"業主換樓, 還價必成*可約睇*",長沙灣,喜盈,6800000,399,1,1,得富物業,https://i1.28hse.com/2026/07/202607081542026972660_thumb.jpg,https://www.28hse.com/buy/apartment/property-3923413,2026-08-06T17:33:59.496264+00:00
3689500,"*超筍*高層靚裝! 中心地帶,兩分鐘到地鐵站,投資首選！",長沙灣,東蘭閣,3250000,364,2,2,港威置業（元州街）,https://i1.28hse.com/2026/06/202606071813075885211_thumb.jpg,https://www.28hse.com/buy/apartment/property-3689500,2026-08-06T17:33:59.496264+00:00
3923130,【770萬大2房】2分鐘長沙灣站《大蝕讓》,長沙灣,睿峰,7980000,446,2,1,美聯物業代理有限公司,https://i1.28hse.com/2026/07/202607081346451228215_thumb.jpg,https://www.28hse.com/buy/apartment/property-3923130,2026-08-06T17:33:59.496264+00:00
3922776,《2分鐘長沙灣站，光猛向南，實盤約睇》,長沙灣,睿峰,7980000,447,2,1,中原地產-碧海藍天分行,https://i1.28hse.com/2026/07/202607080842547217871_thumb.jpg,https://www.28hse.com/buy/apartment/property-3922776,2026-08-06T17:33:59.496264+00:00
3922666,【738萬】大大間兩房 可以睇樓,長沙灣,星匯居,7680000,501,2,1,美聯物業代理有限公司,https://i1.28hse.com/2026/07/202607072231165930648_thumb.jpg,https://www.28hse.com/buy/apartment/property-3922666,2026-08-06T17:33:59.496264+00:00
3922654,【極罕3房】【可試558萬有票儘傾】【遠眺開揚景】【7分鐘長沙灣站】【自用精選】,長沙灣,怡景閣,5980000,404,3,,中原地產-長沙灣映築分行,https://i1.28hse.com/2026/07/202607072208592602960_thumb.jpg,https://www.28hse.com/buy/apartment/property-3922654,2026-08-06T17:33:59.496264+00:00
3922650,【偷步入市】【華潤2500伙即將出售】【可試738萬有票儘傾】【6分鐘長沙灣站】,長沙灣,星匯居,7600000,501,2,,中原地產-長沙灣映築分行,https://i1.28hse.com/2026/07/20260707220340331895_thumb.jpg,https://www.28hse.com/buy/apartment/property-3922650,2026-08-06T17:33:59.496264+00:00
3922626,【700萬盡試】大一房筍盤【有票即收】,長沙灣,喜漾,7200000,408,1,1,美聯物業代理有限公司,https://i1.28hse.com/2026/07/202607072118093020795_thumb.jpg,https://www.28hse.com/buy/apartment/property-3922626,2026-08-06T17:33:59.496264+00:00
3922623,兩房兩廳球場景優質靚盤，手快有,長沙灣,長盛豪苑,6800000,452,2,1,柏浩物業代理,https://i1.28hse.com/2026/07/202607072115307425883_thumb.jpg,https://www.28hse.com/buy/apartment/property-3922623,2026-08-06T17:33:59.496264+00:00
3922599,"理想居所, 歡迎約睇",長沙灣,喜漾,7200000,408,1,,中原地產-泓景臺分行,https://i1.28hse.com/2026/07/202607072052351376131_thumb.jpg,https://www.28hse.com/buy/apartment/property-3922599,2026-08-06T17:33:59.496264+00:00
3922550,【睇樓睇真盤】【成功搵心水盤高5倍●優質梗廚】［喜韻］長沙灣,長沙灣,喜韻,7980000,519,3,1,中原地產-元州街分行A組,https://i1.28hse.com/2026/07/202607071953413108826_thumb.jpg,https://www.28hse.com/buy/apartment/property-3922550,2026-08-06T17:33:59.496264+00:00
3921916,"2房高層,開揚景觀,匙盤",長沙灣,星匯居,8180000,501,2,1,利嘉閣地產有限公司,https://i1.28hse.com/2026/07/202607071517365969669_thumb.jpg,https://www.28hse.com/buy/apartment/property-3921916,2026-08-06T17:33:59.496264+00:00
3701720,新鴻基樓,長沙灣,豐盛居,7380000,503,2,1,華中地產,https://i1.28hse.com/estate_data/63/2516/FLOOR/2516_20240220161530326266_thumb.jpg,https://www.28hse.com/buy/apartment/property-3701720,2026-08-06T17:33:59.496264+00:00
3921570,長沙灣中心點鴻裕大廈,長沙灣,鴻裕大廈,4000000,405,2,1,港威置業（青山道）,https://i1.28hse.com/2026/07/202607071202164674977_thumb.jpg,https://www.28hse.com/buy/apartment/property-3921570,2026-08-06T17:33:59.496264+00:00
3920910,[有匙] 大四喜 高層3房 梗廚 少有放盤,長沙灣,喜韻,7950000,519,3,1,喜居物業(欽州街舖),https://i1.28hse.com/2026/07/202607061751322965249_thumb.jpg,https://www.28hse.com/buy/apartment/property-3920910,2026-08-06T17:33:59.496264+00:00
3919894,[減價有匙]企理✿歡迎查詢取相✿大廳兩大房 30年 長沙灣地鐵2分鐘 配套完善,長沙灣,恆輝閣,4280000,357,2,1,九龍地產代理有限公司,https://i1.28hse.com/2026/08/202608031701024894199_thumb.jpg,https://www.28hse.com/buy/apartment/property-3919894,2026-08-06T17:33:59.496264+00:00
3918983,1房2廳 中層,長沙灣,喜盈,6580000,399,1,1,龍鳳地產公司,https://i1.28hse.com/2026/07/202607051417471100962_thumb.jpg,https://www.28hse.com/buy/apartment/property-3918983,2026-08-06T17:33:59.496264+00:00
3918398,"有匙即約即睇, 開揚清爽, 間隔四正",長沙灣,星匯居,7880000,501,2,1,香港置業,https://i1.28hse.com/2026/07/202607042015082208037_thumb.jpg,https://www.28hse.com/buy/apartment/property-3918398,2026-08-06T17:33:59.496264+00:00
3917291,開陽光猛，3房大廳，有匙，CALL 林生,長沙灣,順發居,6430000,484,3,1,喜居物業(宇宙商場),https://i1.28hse.com/2026/08/202608021253144199111_thumb.jpg,https://www.28hse.com/buy/apartment/property-3917291,2026-08-06T17:33:59.496264+00:00
3917218,"《還價即成，開揚景觀，呎價@14,633，大則兩房連露台，交吉有匙》",長沙灣,喜盈,7580000,518,2,1,香港置業,https://i1.28hse.com/2026/07/202607041213454358168_thumb.jpg,https://www.28hse.com/buy/apartment/property-3917218,2026-08-06T17:33:59.496264+00:00
3917198,《還價即成，正東開揚，位置優越，兩房連露台，歡迎約睇》,長沙灣,The Campton 1B期,7400000,462,2,1,香港置業,https://i1.28hse.com/2026/07/202607041206414223585_thumb.jpg,https://www.28hse.com/buy/apartment/property-3917198,2026-08-06T17:33:59.496264+00:00
3459953,✫✫順年閣 大兩房 永久公園景✫✫,長沙灣,順年閣,5000000,425,2,,千億物業 長沙灣分行,https://i1.28hse.com/2025/06/202506041908005603599_thumb.jpg,https://www.28hse.com/buy/apartment/property-3459953,2026-08-06T17:33:59.496264+00:00
3916672,《 * 靚裝 2房 * 新入伙 》 景觀開揚,長沙灣,連方,6980000,365,2,1,香港置業,https://i1.28hse.com/2026/07/202607032019162913290_thumb.jpg,https://www.28hse.com/buy/apartment/property-3916672,2026-08-06T17:33:59.496264+00:00
3830469,The Campton 實用2房梗廚連租約至27年3月，即買即收租,長沙灣,The Campton 1B期,8100000,514,2,1,天天置業規劃,https://i1.28hse.com/2026/05/202605011715512472039_thumb.jpg,https://www.28hse.com/buy/apartment/property-3830469,2026-08-06T17:33:59.496264+00:00
3915111,《 * 樓齡新 * 間隔實用 明廁 》 向東開提,長沙灣,The Campton 1B期,6238000,386,1,1,香港置業,https://i1.28hse.com/2026/07/202607030525064846533_thumb.jpg,https://www.28hse.com/buy/apartment/property-3915111,2026-08-06T17:33:59.496264+00:00
3913905,誠意出讓,長沙灣,喜盈,7700000,518,2,,香港置業,https://i1.28hse.com/2026/07/202607021242254498714_thumb.jpg,https://www.28hse.com/buy/apartment/property-3913905,2026-08-06T17:33:59.496264+00:00
3913387,✪✪旺中帶靜地段，2房可3房，還價即成✪✪,長沙灣,順年閣,4980000,425,2,,千億物業 長沙灣分行,https://i1.28hse.com/2026/07/202607011918368847844_thumb.jpg,https://www.28hse.com/buy/apartment/property-3913387,2026-08-06T17:33:59.496264+00:00
3913223,2房大廳，公園靚景，罕有放盤。,長沙灣,順年閣,4980000,425,2,1,喜居物業(宇宙商場),https://i1.28hse.com/2026/07/202607011753108505611_thumb.jpg,https://www.28hse.com/buy/apartment/property-3913223,2026-08-06T17:33:59.496264+00:00
3815378,"罕有靚則,豪華裝修",長沙灣,康福樓,4280000,353,2,1,千億物業 長沙灣分行,https://i1.28hse.com/2026/04/202604182142126302949_thumb.jpg,https://www.28hse.com/buy/apartment/property-3815378,2026-08-06T17:33:59.496264+00:00
3912028,525萬有票即成 高層山景 有匙實盤,長沙灣,麗寶花園,5300000,410,2,,香港置業,https://i1.28hse.com/2026/06/202606301956494971836_thumb.jpg,https://www.28hse.com/buy/apartment/property-3912028,2026-08-06T17:33:59.496264+00:00
3911768,"罕有原則可3房2廁,平地梯,靜中帶旺",長沙灣,寶安閣,5980000,462,2,1,九龍地產代理有限公司,https://i1.28hse.com/2026/07/202607282259442756382_thumb.jpg,https://www.28hse.com/buy/apartment/property-3911768,2026-08-06T17:33:59.496264+00:00
3192954,【實盤】罕有放盤 上車筍盤,長沙灣,鴻裕大廈,3880000,405,2,1,高盛地產,https://i1.28hse.com/2026/06/202606031202225670108_thumb.jpg,https://www.28hse.com/buy/apartment/property-3192954,2026-08-06T17:33:59.496264+00:00
3909385,〖大大間新淨實用2房〗〖樓底又高〗〖有會所、有露台〗,長沙灣,The Campton 1B期,7450000,462,2,,中原地產代理有限公司,https://i1.28hse.com/2026/06/202606281754336504957_thumb.jpg,https://www.28hse.com/buy/apartment/property-3909385,2026-08-06T17:33:59.496264+00:00
3908686,市區超筍2房,長沙灣,星匯居,7880000,501,2,,中原地產-碧海藍天分行,https://i1.28hse.com/2026/06/202606281000442659939_thumb.jpg,https://www.28hse.com/buy/apartment/property-3908686,2026-08-06T17:33:59.496264+00:00
3908650,睿峰高層向西南兩房出售！ 豪華會所，成熟社區，地鐵站旁！,長沙灣,睿峰,7600000,447,2,1,中原地產-南昌分行B組,https://i1.28hse.com/2026/06/202606280130078925069_thumb.jpg,https://www.28hse.com/buy/apartment/property-3908650,2026-08-06T17:33:59.496264+00:00
3908457,⛧⛧⛧只求出貨，業主移民急售屋苑管理 快者得⛧⛧⛧,長沙灣,麗寶花園,4580000,404,2,,千億物業 長沙灣分行,https://i1.28hse.com/2026/06/202606271927424831865_thumb.jpg,https://www.28hse.com/buy/apartment/property-3908457,2026-08-06T17:33:59.496264+00:00
3908438,《西南開揚，實用靚則，超近地鐵站，歡迎查詢》,長沙灣,寓弍捌,6000000,433,2,1,香港置業,https://i1.28hse.com/2026/06/202606271919032515760_thumb.jpg,https://www.28hse.com/buy/apartment/property-3908438,2026-08-06T17:33:59.496264+00:00
3908237,四通八達,長沙灣,喜盈,7700000,518,2,1,香港置業西九龍,https://i1.28hse.com/2026/06/20260627172008645919_thumb.jpg,https://www.28hse.com/buy/apartment/property-3908237,2026-08-06T17:33:59.496264+00:00
3907845,全城力谷，長沙灣最筍，有票再減，有匙即看,長沙灣,喜盈,7700000,518,2,,香港置業,https://i1.28hse.com/2026/06/202606271358326813806_thumb.jpg,https://www.28hse.com/buy/apartment/property-3907845,2026-08-06T17:33:59.496264+00:00
3907135,獨家!! 1房+大儲物室極高層，市場缺盤，即約即睇 !!!! 近荔枝角站,長沙灣,星匯居,6500000,395,2,1,宇晴地產,https://i1.28hse.com/2026/06/202606261903451829766_thumb.jpg,https://www.28hse.com/buy/apartment/property-3907135,2026-08-06T17:33:59.496264+00:00
3906249,靚景,長沙灣,睿峰,7480000,438,2,1,香港置業西九龍,https://i1.28hse.com/2026/06/202606261122295460954_thumb.jpg,https://www.28hse.com/buy/apartment/property-3906249,2026-08-06T17:33:59.496264+00:00
3906202,開揚遠景,長沙灣,睿峰,7800000,435,2,1,香港置業西九龍,https://i1.28hse.com/2026/06/202606261058076634191_thumb.jpg,https://www.28hse.com/buy/apartment/property-3906202,2026-08-06T17:33:59.496264+00:00
3905975,【東北開揚，相熟業主，兩房連露台，歡迎約睇】,長沙灣,喜漾,8300000,491,2,1,香港置業,https://i1.28hse.com/2026/06/202606252033328884712_thumb.jpg,https://www.28hse.com/buy/apartment/property-3905975,2026-08-06T17:33:59.496264+00:00
3905780,長沙灣站 梗厨大兩房 有匙即看,長沙灣,喜盈,7700000,518,2,1,香港置業西九龍,https://i1.28hse.com/2026/06/202606251833433207648_thumb.jpg,https://www.28hse.com/buy/apartment/property-3905780,2026-08-06T17:33:59.496264+00:00
3905566,「真實盤源」激荀2房 ，歡迎約睇,長沙灣,豐盛居,7550000,503,2,1,香港置業,https://i1.28hse.com/2026/06/20260625182419746243_thumb.jpg,https://www.28hse.com/buy/apartment/property-3905566,2026-08-06T17:33:59.496264+00:00
3905478,「真實盤源」激荀2房，歡迎約睇,長沙灣,喜韻,7950000,506,2,1,香港置業,https://i1.28hse.com/2026/06/202606251623172366299_thumb.jpg,https://www.28hse.com/buy/apartment/property-3905478,2026-08-06T17:33:59.496264+00:00
3905454,「真實盤源」激荀大1房，歡迎約睇,長沙灣,喜韻,6700000,459,1,1,香港置業,https://i1.28hse.com/2026/06/202606251613592764572_thumb.jpg,https://www.28hse.com/buy/apartment/property-3905454,2026-08-06T17:33:59.496264+00:00
3905328,「真實盤源·帶票睇樓」激荀 2房，歡迎約睇,長沙灣,喜漾,8300000,491,2,1,香港置業,https://i1.28hse.com/2026/06/202606251511142309498_thumb.jpg,https://www.28hse.com/buy/apartment/property-3905328,2026-08-06T17:33:59.496264+00:00
3904686,404尺 即約即睇還價即成 兩房巨廳 屋苑式,長沙灣,麗寶花園,4580000,404,2,1,好景地產代理公司,https://i1.28hse.com/2026/06/202606242000176697730_thumb.jpg,https://www.28hse.com/buy/apartment/property-3904686,2026-08-06T17:33:59.496264+00:00
3904039,「真實盤源」激荀 2房，歡迎約睇,長沙灣,喜盈,7550000,518,2,1,香港置業,https://i1.28hse.com/2026/07/202607281827131941585_thumb.jpg,https://www.28hse.com/buy/apartment/property-3904039,2026-08-06T17:33:59.496264+00:00
3904033,罕有放盘/业主割爱/2房/梗厨明火/快约睇 Ivy 9I439959,長沙灣,喜盈,7610000,518,2,1,香港置業,https://i1.28hse.com/2026/06/202606241529432748332_thumb.jpg,https://www.28hse.com/buy/apartment/property-3904033,2026-08-06T17:33:59.496264+00:00
3903542,Belgravia Place 全新高層三房出售！豪華會所，鄰近地鐵，成熟社區！,長沙灣,Belgravia Place,8480000,425,3,1,中原地產-南昌分行B組,https://i1.28hse.com/2026/06/202606240347583886084_thumb.jpg,https://www.28hse.com/buy/apartment/property-3903542,2026-08-06T17:33:59.496264+00:00
3903050,✪✪長沙灣罕有3房放賣，絕對實盤，歡迎約睇✪✪,長沙灣,寶安閣,5980000,462,3,,千億物業 長沙灣分行,https://i1.28hse.com/2026/06/20260623171832675009_thumb.jpg,https://www.28hse.com/buy/apartment/property-3903050,2026-08-06T17:33:59.496264+00:00
3902748,720買【南昌站】會所泳池、間隔實用、明火明廁、有露台2房！！【仲可以傾。。】,長沙灣,星匯居,7300000,511,2,,中原地產代理有限公司,https://i1.28hse.com/2026/06/20260623152007636028_thumb.jpg,https://www.28hse.com/buy/apartment/property-3902748,2026-08-06T17:33:59.496264+00:00
3901716,【星匯居 兩鐵優勢 會所保養非常好 清靜好位置】,長沙灣,星匯居,7500000,510,2,1,利嘉閣地產有限公司,https://i1.28hse.com/2026/06/202606221657477224877_thumb.jpg,https://www.28hse.com/buy/apartment/property-3901716,2026-08-06T17:33:59.496264+00:00
3900437,「真實盤源•投資自住得宜」激荀 1房,長沙灣,瑜悅,6100000,350,1,1,香港置業,https://i1.28hse.com/2026/06/20260621163449286297_thumb.jpg,https://www.28hse.com/buy/apartment/property-3900437,2026-08-06T17:33:59.496264+00:00
3900255,"748兩房""四喜筍盤推介""開揚有裝""實用靚則,即睇",長沙灣,喜盈,7700000,518,2,1,香港置業,https://i1.28hse.com/2026/06/20260621150658415753_thumb.jpg,https://www.28hse.com/buy/apartment/property-3900255,2026-08-06T17:33:59.496264+00:00
3900133,「真實盤源」激荀 梗廚2房，歡迎約睇,長沙灣,The Campton 1B期,8000000,515,2,1,香港置業,https://i1.28hse.com/2026/06/202606211400537985923_thumb.jpg,https://www.28hse.com/buy/apartment/property-3900133,2026-08-06T17:33:59.496264+00:00
3900012,「真實盤源」激荀1房,長沙灣,The Campton 1B期,6238000,386,1,1,香港置業,https://i1.28hse.com/2026/06/202606211242138823376_thumb.jpg,https://www.28hse.com/buy/apartment/property-3900012,2026-08-06T17:33:59.496264+00:00
3899253,"*3房四正,開揚高層,交通方便,市場筍盤!",長沙灣,東蘭閣,3670000,421,3,1,港威置業（元州街）,https://i1.28hse.com/2026/06/202606201705085584701_thumb.jpg,https://www.28hse.com/buy/apartment/property-3899253,2026-08-06T17:33:59.496264+00:00
3855027,"*超筍罕有放盤*三房靚裝!即買即住！只此一間,歡迎查詢預約！",長沙灣,鴻裕大廈,5450000,574,3,1,港威置業（元州街）,https://i1.28hse.com/2026/06/202606071737082733855_thumb.jpg,https://www.28hse.com/buy/apartment/property-3855027,2026-08-06T17:33:59.496264+00:00
3899236,《荀盤》順景華庭實用447呎，間隔實用，2大房大廳，有露台，連大locker,長沙灣,順景華庭,6500000,447,2,1,柏浩物業代理,https://i1.28hse.com/2026/06/202606201656137939562_thumb.jpg,https://www.28hse.com/buy/apartment/property-3899236,2026-08-06T17:33:59.496264+00:00
3898876,低層**有匙**重建區業主套現還價即收,長沙灣,,4280000,744,3,3,港威置業（青山道）,https://i1.28hse.com/2026/06/202606201432594366992_thumb.jpg,https://www.28hse.com/buy/apartment/property-3898876,2026-08-06T17:33:59.496264+00:00
3897914,最後機會，洋樓同樓價,長沙灣,永隆大廈,2780000,483,3,3,千億物業 長沙灣分行,https://i1.28hse.com/2026/06/202606191738086532316_thumb.jpg,https://www.28hse.com/buy/apartment/property-3897914,2026-08-06T17:33:59.496264+00:00
3895499,►►高層非頂樓 大廈最大尺數3房 上車首選 已做大廈維修 方便約睇◄◄,長沙灣,東蘭閣,3950000,465,3,,千億物業 長沙灣分行,https://i1.28hse.com/2026/06/20260617182627946069_thumb.jpg,https://www.28hse.com/buy/apartment/property-3895499,2026-08-06T17:33:59.496264+00:00
3895417,31年樓齡 業主恨賣 方便睇樓,長沙灣,恆輝閣,4280000,357,2,,千億物業 長沙灣分行,https://i1.28hse.com/2026/07/202607031631352615450_thumb.jpg,https://www.28hse.com/buy/apartment/property-3895417,2026-08-06T17:33:59.496264+00:00
3893765,地鐵站口 位置方便 上車兩房 高層可約睇,長沙灣,東蘭閣,3650000,368,2,1,利嘉閣地產有限公司,https://i1.28hse.com/2026/06/202606161623204165566_thumb.jpg,https://www.28hse.com/buy/apartment/property-3893765,2026-08-06T17:33:59.496264+00:00
3893081,《 * 位置極佳 * 樓齡極新 》 間隔四正,長沙灣,瑜悅,6100000,350,1,1,香港置業,https://i1.28hse.com/2026/06/202606160643394410713_thumb.jpg,https://www.28hse.com/buy/apartment/property-3893081,2026-08-06T17:33:59.496264+00:00
3893080,《 * 樓齡新 * 間隔實用 明廁 》 向東開揚,長沙灣,The Campton 1B期,6238000,386,1,1,香港置業,https://i1.28hse.com/2026/06/202606160642244297739_thumb.jpg,https://www.28hse.com/buy/apartment/property-3893080,2026-08-06T17:33:59.496264+00:00
3892519,(高樓底)大露台，間隔易用 收租或自住佳可,長沙灣,星匯居,7780000,501,2,,香港置業,https://i1.28hse.com/2026/06/202606151715472478081_thumb.jpg,https://www.28hse.com/buy/apartment/property-3892519,2026-08-06T17:33:59.496264+00:00
3892001,星匯居高層筍兩房,長沙灣,星匯居,7780000,501,2,1,香港置業,https://i1.28hse.com/2026/06/202606151256303862662_thumb.jpg,https://www.28hse.com/buy/apartment/property-3892001,2026-08-06T17:33:59.496264+00:00
3891416,長沙灣市區，23年樓、高層開揚，有匙即睇,長沙灣,順景華庭,6280000,447,2,,家旺物業,/assets/img/loadingphoto170_125.jpg,https://www.28hse.com/buy/apartment/property-3891416,2026-08-06T17:33:59.496264+00:00
3890405,近地鐵站，新樓，有會所,長沙灣,瑜悅,6300000,350,1,1,利嘉閣地產有限公司,https://i1.28hse.com/2026/06/202606132204286132687_thumb.jpg,https://www.28hse.com/buy/apartment/property-3890405,2026-08-06T17:33:59.496264+00:00
3890360,東南方向實用358尺兩房兩廳間隔實用，裝修靚仔,長沙灣,秀怡閣,4280000,358,2,1,柏浩物業代理,https://i1.28hse.com/2026/07/202607121159396646210_thumb.jpg,https://www.28hse.com/buy/apartment/property-3890360,2026-08-06T17:33:59.496264+00:00
3890042,筍盤,長沙灣,喜盈,6990000,399,1,1,進達物業,https://i1.28hse.com/2026/06/202606131755472733343_thumb.jpg,https://www.28hse.com/buy/apartment/property-3890042,2026-08-06T17:33:59.496264+00:00
3889750,✧✧實盤 急！急！急！✧✧,長沙灣,喜雅,7150000,458,2,,千億物業 長沙灣分行,https://i1.28hse.com/2026/06/202606131623206971920_thumb.jpg,https://www.28hse.com/buy/apartment/property-3889750,2026-08-06T17:33:59.496264+00:00
3889420,長沙灣現樓超高性價比！大空間現樓速睇,長沙灣,順景華庭,6680000,447,2,1,香港置業,https://i1.28hse.com/2026/06/202606131418438367262_thumb.jpg,https://www.28hse.com/buy/apartment/property-3889420,2026-08-06T17:33:59.496264+00:00
2518539,3房 即買即收租 高私隱度！樓齡新,長沙灣,君凱豪庭,6200000,434,3,,千億物業 太子分行,https://i1.28hse.com/2025/06/202506172050485169548_thumb.jpg,https://www.28hse.com/buy/apartment/property-2518539,2026-08-06T17:33:59.496264+00:00
3888633,【獨家代理】呎價@6022 還價即成 平地電梯三房 實盤有匙即睇,長沙灣,永隆大廈,2800000,465,3,1,八運地產代理有限公司,https://i1.28hse.com/2026/06/202606121940034573997_thumb.jpg,https://www.28hse.com/buy/apartment/property-3888633,2026-08-06T17:33:59.496264+00:00
3887412,【高層 企裝多窗採光足 舒適之選】,長沙灣,新寶大廈,3380000,371,2,1,宇晴地產,https://i1.28hse.com/2026/06/2026061212232675224_thumb.jpg,https://www.28hse.com/buy/apartment/property-3887412,2026-08-06T17:33:59.496264+00:00
3886772,阿Sa實盤～明廁梗廚2房，市區上車首選！,長沙灣,尚都,7500000,429,2,,美聯物業代理有限公司,https://i1.28hse.com/2026/06/202606111838071988907_thumb.jpg,https://www.28hse.com/buy/apartment/property-3886772,2026-08-06T17:33:59.496264+00:00
3885832,"近港鐵站, 有匙即約即睇, 開揚清爽, 間隔四正",長沙灣,麗寶花園,5300000,410,2,1,香港置業,https://i1.28hse.com/2026/06/202606111203005622189_thumb.jpg,https://www.28hse.com/buy/apartment/property-3885832,2026-08-06T17:33:59.496264+00:00
3885674,「真實盤源·帶票睇樓」激荀2房，歡迎約睇,長沙灣,睿峰,7400000,431,2,1,香港置業,https://i1.28hse.com/2026/06/202606110928025509026_thumb.jpg,https://www.28hse.com/buy/apartment/property-3885674,2026-08-06T17:33:59.496264+00:00
3885669,「真實盤源」 市場罕有2房半,長沙灣,家壹,8280000,479,2,1,香港置業,https://i1.28hse.com/2026/06/202606110912023790315_thumb.jpg,https://www.28hse.com/buy/apartment/property-3885669,2026-08-06T17:33:59.496264+00:00
3885023,《西南開揚球場景，明廁兩房，歡迎約睇，交吉出售》,長沙灣,喜韻,7950000,506,2,1,香港置業,https://i1.28hse.com/2026/06/202606101642308263765_thumb.jpg,https://www.28hse.com/buy/apartment/property-3885023,2026-08-06T17:33:59.496264+00:00
3885013,《雅裝東南兩房，開揚山景，實用見稱，有匙即睇》,長沙灣,麗寶花園,5300000,410,2,1,香港置業,https://i1.28hse.com/2026/06/202606101637511123141_thumb.jpg,https://www.28hse.com/buy/apartment/property-3885013,2026-08-06T17:33:59.496264+00:00
3806046,實用雅裝 長沙灣核心地段 地鐵3分中 民生購物 齊備,長沙灣,長盛豪苑,6800000,456,3,1,富居地產有限公司,https://i1.28hse.com/2026/05/202605111530024339019_thumb.jpg,https://www.28hse.com/buy/apartment/property-3806046,2026-08-06T17:33:59.496264+00:00
3883905,阿Sa實盤～極少有1房！間隔實用、極高實用率,長沙灣,喜漾,6400000,397,1,,美聯物業代理有限公司,https://i1.28hse.com/2026/06/202606091802205951198_thumb.jpg,https://www.28hse.com/buy/apartment/property-3883905,2026-08-06T17:33:59.496264+00:00
3883793,阿Sa實盤～經典2房，保養佳，即買即住,長沙灣,喜韻,8300000,520,2,,美聯物業代理有限公司,https://i1.28hse.com/2026/06/202606091723231707547_thumb.jpg,https://www.28hse.com/buy/apartment/property-3883793,2026-08-06T17:33:59.496264+00:00
3642650,*全棟最筍* 最筍兩房！驚喜價！,長沙灣,睿峰,7600000,447,2,1,港威置業（元州街）,https://i1.28hse.com/2025/11/202511141907556884539_thumb.jpg,https://www.28hse.com/buy/apartment/property-3642650,2026-08-06T17:33:59.496264+00:00
3666981,"低層唐樓*筍*,中心位置,交通方便,鄰近地鐵站,大大件尺價低,自用投資一流！",長沙灣,新元洲大廈,4080000,744,3,,港威置業（元州街）,https://i1.28hse.com/2025/12/202512061551217947097_thumb.jpg,https://www.28hse.com/buy/apartment/property-3666981,2026-08-06T17:33:59.496264+00:00
3883701,*筍*交通方便! 間隔四正!收租回報接近6厘投資一流!,長沙灣,鴻裕大廈,3600000,405,3,,港威置業（元州街）,https://i1.28hse.com/2026/06/202606091647508564982_thumb.jpg,https://www.28hse.com/buy/apartment/property-3883701,2026-08-06T17:33:59.496264+00:00
3883494,阿Sa實盤～球場靚景+梗廚明廁+廳大房大,長沙灣,喜薈,8000000,509,2,,美聯物業代理有限公司,https://i1.28hse.com/2026/06/202606091523267163141_thumb.jpg,https://www.28hse.com/buy/apartment/property-3883494,2026-08-06T17:33:59.496264+00:00
3882653,阿Sa實盤～「喜」出望外，首選「雅」緻二房！,長沙灣,喜雅,7100000,458,2,,美聯物業代理有限公司,https://i1.28hse.com/2026/06/202606081903556377382_thumb.jpg,https://www.28hse.com/buy/apartment/property-3882653,2026-08-06T17:33:59.496264+00:00
1709381,✬✬急售！全場最平！✬✬,長沙灣,麗寶花園,4680000,410,2,,千億物業 長沙灣分行,https://i1.28hse.com/2022/06/202206041304214165123_thumb.jpg,https://www.28hse.com/buy/apartment/property-1709381,2026-08-06T17:33:59.496264+00:00
3882536,阿Sa實盤～旺中帶靜！實用首選！5分鐘起步生活圈！,長沙灣,The Campton 1B期,6400000,386,1,,美聯物業代理有限公司,https://i1.28hse.com/2026/06/202606081815122954826_thumb.jpg,https://www.28hse.com/buy/apartment/property-3882536,2026-08-06T17:33:59.496264+00:00
3882319,筍 業主移民 豪裝3房 還價即成,長沙灣,鴻裕大廈,5500000,574,3,1,駿輝地產建榮有限公司,https://i1.28hse.com/2026/06/202606081658161942914_thumb.jpg,https://www.28hse.com/buy/apartment/property-3882319,2026-08-06T17:33:59.496264+00:00
3881631,《還價即成，開揚山景，兩房連露台，歡迎約睇》,長沙灣,睿峰,7450000,438,2,1,香港置業,https://i1.28hse.com/2026/06/202606081050121210601_thumb.jpg,https://www.28hse.com/buy/apartment/property-3881631,2026-08-06T17:33:59.496264+00:00
3881370,"有裝修,3房荀盤,可以約睇樓",長沙灣,鴻裕大廈,4250000,405,3,1,利嘉閣地產有限公司,https://i1.28hse.com/2026/06/202606072105057396010_thumb.jpg,https://www.28hse.com/buy/apartment/property-3881370,2026-08-06T17:33:59.496264+00:00
3880744,25年樓齡、平地電梯、單邊開陽,長沙灣,順寧苑,5980000,381,2,1,田發地產代理,https://i1.28hse.com/2026/06/202606071526568619748_thumb.jpg,https://www.28hse.com/buy/apartment/property-3880744,2026-08-06T17:33:59.496264+00:00
2937348,✯✯絕對實盤 洋樓平地lift 筍過唐樓即買即收租 投資首選✯✯,長沙灣,永隆大廈,3380000,488,3,,千億物業 長沙灣分行,https://i1.28hse.com/2026/07/202607231809344225298_thumb.jpg,https://www.28hse.com/buy/apartment/property-2937348,2026-08-06T17:33:59.496264+00:00
3963192,開陽靚則「大單邊」露台山景,荔枝角,泓景臺,7980000,468,2,,中原地產代理有限公司,https://i1.28hse.com/2026/08/202608070036184716087_thumb.jpg,https://www.28hse.com/buy/apartment/property-3963192,2026-08-06T17:33:59.496264+00:00
3963002,"宇晴軒, 2 房2廳，地鐵上蓋, 只此一家, 速電: 江",荔枝角,宇晴軒,7090000,461,2,1,香港置業,https://i1.28hse.com/2026/08/202608062042173423548_thumb.jpg,https://www.28hse.com/buy/apartment/property-3963002,2026-08-06T17:33:59.496264+00:00
3962968,【$760萬再傾】【高層露台劈價賣●有票再有驚喜】,荔枝角,宇晴軒,7780000,464,2,1,美聯物業代理有限公司,https://i1.28hse.com/2026/08/202608062015488255022_thumb.jpg,https://www.28hse.com/buy/apartment/property-3962968,2026-08-06T17:33:59.496264+00:00
3962951,《鐵路站頂 筍價即睇即傾》,荔枝角,宇晴軒,8000000,451,2,1,利嘉閣地產有限公司,https://i1.28hse.com/2026/08/202608062005243328902_thumb.jpg,https://www.28hse.com/buy/apartment/property-3962951,2026-08-06T17:33:59.496264+00:00
3962854,【泳池園景！極度罕有！有票再有驚喜】,荔枝角,昇悅居,7980000,508,2,1,美聯物業代理有限公司,https://i1.28hse.com/2026/08/202608061904306582091_thumb.jpg,https://www.28hse.com/buy/apartment/property-3962854,2026-08-06T17:33:59.496264+00:00
3962841,【$788萬再傾！有露台●有明廁！】【有票再有驚喜】,荔枝角,泓景臺,8000000,477,2,1,美聯物業代理有限公司,https://i1.28hse.com/2026/08/202608061859312327687_thumb.jpg,https://www.28hse.com/buy/apartment/property-3962841,2026-08-06T17:33:59.496264+00:00
3962838,四小龍指標屋苑荀盤,荔枝角,碧海藍天,8300000,494,2,1,利嘉閣地產有限公司,https://i1.28hse.com/2026/08/202608061858478124135_thumb.jpg,https://www.28hse.com/buy/apartment/property-3962838,2026-08-06T17:33:59.496264+00:00
3962832,【可試$7XX】【2房靚裝修】【荀貨快走】,荔枝角,碧海藍天,8100000,494,2,,美聯物業代理有限公司,https://i1.28hse.com/2026/08/202608061856555947342_thumb.jpg,https://www.28hse.com/buy/apartment/property-3962832,2026-08-06T17:33:59.496264+00:00
3962805,《係啦！係啦！今次係露台企理兩房，仲要明廁！岩岩新放，歡迎試價！》,荔枝角,泓景臺,8200000,481,2,1,利嘉閣地產有限公司,https://i1.28hse.com/2026/08/202608061845447019451_thumb.jpg,https://www.28hse.com/buy/apartment/property-3962805,2026-08-06T17:33:59.496264+00:00
3961722,《還價即成，開揚園景，梗廚一房，新地品牌，歡迎約睇》,荔枝角,昇悅居,6980000,378,1,1,香港置業,https://i1.28hse.com/2026/08/202608060024487068686_thumb.jpg,https://www.28hse.com/buy/apartment/property-3961722,2026-08-06T17:33:59.496264+00:00
3961361,【筍盤必走】【有票有驚喜】,荔枝角,碧海藍天,8280000,494,2,1,美聯物業代理有限公司,https://i1.28hse.com/2026/08/202608051855136401161_thumb.jpg,https://www.28hse.com/buy/apartment/property-3961361,2026-08-06T17:33:59.496264+00:00
3961327,含有海景。超筍低價。手快有手慢️ 價錢可以傾,荔枝角,碧海藍天,8300000,494,2,1,利嘉閣地產有限公司,https://i1.28hse.com/2026/08/202608051828067902898_thumb.jpg,https://www.28hse.com/buy/apartment/property-3961327,2026-08-06T17:33:59.496264+00:00
3960819,【$730萬再傾！筍盤必走●有票再有驚喜】,荔枝角,泓景臺,7380000,440,2,1,美聯物業代理有限公司,https://i1.28hse.com/2026/08/202608051927438568237_thumb.jpg,https://www.28hse.com/buy/apartment/property-3960819,2026-08-06T17:33:59.496264+00:00
3960199,價值投資 近期低水,荔枝角,泓景臺,7600000,460,2,1,香港置業,https://i1.28hse.com/2026/08/202608042208056227010_thumb.jpg,https://www.28hse.com/buy/apartment/property-3960199,2026-08-06T17:33:59.496264+00:00
3960027,(真正實盤）$7xx萬罕有特色！大型屋苑，港鐵零距離!唔買都嚟睇吓,荔枝角,宇晴軒,7950000,447,2,,美聯物業,https://i1.28hse.com/2026/08/202608041902056932931_thumb.jpg,https://www.28hse.com/buy/apartment/property-3960027,2026-08-06T17:33:59.496264+00:00
3959892,必約必睇 絕對視正兩房連大露台 連全新雅緻裝修連傢俬抵價放賣。歡迎隨時約睇,荔枝角,泓景臺,8080000,512,2,,中原地產-泓景臺分行,https://i1.28hse.com/2026/08/202608041756045464323_thumb.jpg,https://www.28hse.com/buy/apartment/property-3959892,2026-08-06T17:33:59.496264+00:00
3959866,【即約即睇】【溫馨舒適】790萬中層安寧開摥,荔枝角,泓景臺,8000000,512,2,1,香港置業,https://i1.28hse.com/2026/08/202608041742261728604_thumb.jpg,https://www.28hse.com/buy/apartment/property-3959866,2026-08-06T17:33:59.496264+00:00
3959395,可議>心態改變 估價到位,荔枝角,泓景臺,8080000,512,2,1,香港置業,https://i1.28hse.com/2026/08/202608041454287394474_thumb.jpg,https://www.28hse.com/buy/apartment/property-3959395,2026-08-06T17:33:59.496264+00:00
3959383,估價到位 價值投資,荔枝角,一號西九龍,7480000,521,2,1,香港置業,https://i1.28hse.com/2026/08/202608041439272108609_thumb.jpg,https://www.28hse.com/buy/apartment/property-3959383,2026-08-06T17:33:59.496264+00:00
3958882,2房上車首選，平呎價，一流盤，歡迎查詢,荔枝角,一號西九龍,7480000,521,2,1,香港置業,https://i1.28hse.com/2026/08/202608040041025216900_thumb.jpg,https://www.28hse.com/buy/apartment/property-3958882,2026-08-06T17:33:59.496264+00:00
3958652,【露台大兩房！筍盤快走！有票有驚喜】,荔枝角,昇悅居,7980000,508,2,1,美聯物業代理有限公司,https://i1.28hse.com/2026/08/202608041914224935361_thumb.jpg,https://www.28hse.com/buy/apartment/property-3958652,2026-08-06T17:33:59.496264+00:00
3958634,【$820萬再傾！筍盤●業主急走！】【有票有驚喜】,荔枝角,泓景臺,8300000,492,2,1,美聯物業代理有限公司,https://i1.28hse.com/2026/08/202608061956074531309_thumb.jpg,https://www.28hse.com/buy/apartment/property-3958634,2026-08-06T17:33:59.496264+00:00
3958608,"((筍筍筍)高層露台兩房, 8字頭最後召集",荔枝角,泓景臺,8200000,481,2,1,利嘉閣地產有限公司,https://i1.28hse.com/2026/08/202608031935221531887_thumb.jpg,https://www.28hse.com/buy/apartment/property-3958608,2026-08-06T17:33:59.496264+00:00
3958576,單邊對流「換樓平走」露台雙景,荔枝角,泓景臺,8050000,510,2,,中原地產代理有限公司,https://i1.28hse.com/2026/08/202608031919397422268_thumb.jpg,https://www.28hse.com/buy/apartment/property-3958576,2026-08-06T17:33:59.496264+00:00
3958367,【大則兩房】【790萬再傾】【可以睇樓】,荔枝角,泓景臺,8050000,512,2,1,美聯物業代理有限公司,https://i1.28hse.com/2026/08/202608031746532589180_thumb.jpg,https://www.28hse.com/buy/apartment/property-3958367,2026-08-06T17:33:59.496264+00:00
3957719,【$808萬再傾】【西南海景！有票再有驚喜】,荔枝角,碧海藍天,8280000,496,2,1,美聯物業代理有限公司,https://i1.28hse.com/2026/08/202608031338136539968_thumb.jpg,https://www.28hse.com/buy/apartment/property-3957719,2026-08-06T17:33:59.496264+00:00
3957646,開陽望海「新裝修」一買即用,荔枝角,碧海藍天,8380000,505,2,,中原地產代理有限公司,https://i1.28hse.com/2026/08/202608031256157751904_thumb.jpg,https://www.28hse.com/buy/apartment/property-3957646,2026-08-06T17:33:59.496264+00:00
3957599,【790萬再傾】【兩房靚裝】,荔枝角,泓景臺,8050000,512,2,1,美聯物業代理有限公司,https://i1.28hse.com/2026/08/202608031220594473750_thumb.jpg,https://www.28hse.com/buy/apartment/property-3957599,2026-08-06T17:33:59.496264+00:00
3957539,高層露台泳池景兩房，靚則大則，有匙即看，搵我傾有驚喜,荔枝角,泓景臺,8380000,511,1,1,利嘉閣地產有限公司,https://i1.28hse.com/2026/08/20260803114940535836_thumb.jpg,https://www.28hse.com/buy/apartment/property-3957539,2026-08-06T17:33:59.496264+00:00
3957302,【820萬】【有票有驚喜】【高層最平】,荔枝角,泓景臺,8200000,468,2,1,美聯物業代理有限公司,https://i1.28hse.com/2026/08/202608022301167537245_thumb.jpg,https://www.28hse.com/buy/apartment/property-3957302,2026-08-06T17:33:59.496264+00:00
3957250,〖 實用、有裝修 〗抵住。。。,荔枝角,泓景臺,8080000,512,2,,中原地產代理有限公司,https://i1.28hse.com/2026/08/202608022120405151718_thumb.jpg,https://www.28hse.com/buy/apartment/property-3957250,2026-08-06T17:33:59.496264+00:00
3957176,16000呎價，買大2房，必走盤。。,荔枝角,昇悅居,8380000,517,2,,中原地產代理有限公司,https://i1.28hse.com/2026/08/202608021951008062361_thumb.jpg,https://www.28hse.com/buy/apartment/property-3957176,2026-08-06T17:33:59.496264+00:00
3957140,"(獨家)$750萬鄰近港鐵,內園池景,投資首選",荔枝角,昇悅居,8180000,509,2,,美聯物業,https://i1.28hse.com/2026/08/20260802191131236377_thumb.jpg,https://www.28hse.com/buy/apartment/property-3957140,2026-08-06T17:33:59.496264+00:00
3956881,上車之選 黃金靚盤,荔枝角,泓景臺,7600000,473,2,,中原地產-泓景臺分行,https://i1.28hse.com/2026/08/202608021718227635326_thumb.jpg,https://www.28hse.com/buy/apartment/property-3956881,2026-08-06T17:33:59.496264+00:00
3956823,【$738萬再傾！內園泳池景】【有票再有驚喜】,荔枝角,泓景臺,7500000,440,2,1,美聯物業代理有限公司,https://i1.28hse.com/2026/08/202608022303572977497_thumb.jpg,https://www.28hse.com/buy/apartment/property-3956823,2026-08-06T17:33:59.496264+00:00
3956714,"((筍,筍,筍))露台泳池景兩房, 搵我傾有驚喜",荔枝角,泓景臺,8000000,440,2,1,利嘉閣地產有限公司,https://i1.28hse.com/2026/08/202608021617554235752_thumb.jpg,https://www.28hse.com/buy/apartment/property-3956714,2026-08-06T17:33:59.496264+00:00
3956400,叡璟開賣～二手業主急走 $740,荔枝角,宇晴軒,7780000,445,2,,美聯物業代理有限公司,https://i1.28hse.com/2026/08/202608021415052462448_thumb.jpg,https://www.28hse.com/buy/apartment/property-3956400,2026-08-06T17:33:59.496264+00:00
3956365,〖 正南方向 〗 全新裝修！,荔枝角,泓景臺,7980000,470,2,,中原地產代理有限公司,https://i1.28hse.com/2026/08/202608021359463324937_thumb.jpg,https://www.28hse.com/buy/apartment/property-3956365,2026-08-06T17:33:59.496264+00:00
3956276,《向東池景，實用兩房，企理裝修，入場首選》,荔枝角,泓景臺,8000000,440,2,1,中原地產-碧海藍天分行,https://i1.28hse.com/2026/08/202608021321317127373_thumb.jpg,https://www.28hse.com/buy/apartment/property-3956276,2026-08-06T17:33:59.496264+00:00
3956217,新放盤，高層有露台，裝修企理，歡迎查詢Wìng [REDACTED],荔枝角,宇晴軒,8180000,464,2,1,中原地產-昇悅居分行,https://i1.28hse.com/2026/08/202608021257322264222_thumb.jpg,https://www.28hse.com/buy/apartment/property-3956217,2026-08-06T17:33:59.496264+00:00
3956192,高層露台「獨家」見票再傾,荔枝角,宇晴軒,8080000,464,2,,中原地產代理有限公司,https://i1.28hse.com/2026/08/202608021246237803225_thumb.jpg,https://www.28hse.com/buy/apartment/property-3956192,2026-08-06T17:33:59.496264+00:00
3955604,【激筍@770萬劈價求售@高層兩房】,荔枝角,泓景臺,8200000,468,2,1,美聯物業代理有限公司,https://i1.28hse.com/2026/08/202608011915222298811_thumb.jpg,https://www.28hse.com/buy/apartment/property-3955604,2026-08-06T17:33:59.496264+00:00
3955567,開陽靚則「大單邊」露台山景,荔枝角,泓景臺,7980000,468,2,,中原地產代理有限公司,https://i1.28hse.com/2026/08/202608011858058224808_thumb.jpg,https://www.28hse.com/buy/apartment/property-3955567,2026-08-06T17:33:59.496264+00:00
3953994,【$738萬盡試】獨家筍盤【有票盡傾】,荔枝角,宇晴軒,7780000,445,2,,美聯物業代理有限公司,https://i1.28hse.com/2026/07/202607311812294755819_thumb.jpg,https://www.28hse.com/buy/apartment/property-3953994,2026-08-06T17:33:59.496264+00:00
3953403,地鉄站頂/大型商場/極荀2房/快約睇Ivy 9I439959,荔枝角,宇晴軒,7500000,441,2,1,香港置業,https://i1.28hse.com/2026/07/202607311407092873435_thumb.jpg,https://www.28hse.com/buy/apartment/property-3953403,2026-08-06T17:33:59.496264+00:00
3952868,【$790萬再傾●廳大房大●有票再有驚喜】,荔枝角,泓景臺,7950000,512,2,1,美聯物業代理有限公司,https://i1.28hse.com/2026/07/202607302028571726047_thumb.jpg,https://www.28hse.com/buy/apartment/property-3952868,2026-08-06T17:33:59.496264+00:00
3952803,聽大房大「則王」池園山景,荔枝角,泓景臺,7980000,512,2,,中原地產代理有限公司,https://i1.28hse.com/2026/07/202607301933446925177_thumb.jpg,https://www.28hse.com/buy/apartment/property-3952803,2026-08-06T17:33:59.496264+00:00
3951482,【新裝修大露台】【790萬盡傾】,荔枝角,泓景臺,8050000,512,2,1,美聯物業代理有限公司,https://i1.28hse.com/2026/07/202607291917595808996_thumb.jpg,https://www.28hse.com/buy/apartment/property-3951482,2026-08-06T17:33:59.496264+00:00
3951453,【新裝修大露台】【爆筍790萬】【內園泳池】【靚則】,荔枝角,泓景臺,8080000,512,2,,中原地產-泓景臺分行,https://i1.28hse.com/2026/07/202607291902292014739_thumb.jpg,https://www.28hse.com/buy/apartment/property-3951453,2026-08-06T17:33:59.496264+00:00
3950676,【開揚景觀! 】【實用兩房！】,荔枝角,碧海藍天,8300000,494,2,1,美聯物業,https://i1.28hse.com/2026/07/202607291254387113436_thumb.jpg,https://www.28hse.com/buy/apartment/property-3950676,2026-08-06T17:33:59.496264+00:00
3950020,【有得傾！筍爆2房●靚靚泳池景！】【有票有驚喜】,荔枝角,泓景臺,7600000,473,2,1,美聯物業代理有限公司,https://i1.28hse.com/2026/07/202607281801423550245_thumb.jpg,https://www.28hse.com/buy/apartment/property-3950020,2026-08-06T17:33:59.496264+00:00
3949668,【約睇】【爆筍2房】【內園泳池】【靚則】,荔枝角,泓景臺,7660000,473,2,,中原地產-泓景臺分行,https://i1.28hse.com/2026/07/202607281546048901571_thumb.jpg,https://www.28hse.com/buy/apartment/property-3949668,2026-08-06T17:33:59.496264+00:00
3948945,【$820萬再傾】【開揚兩房！有票再有驚喜】,荔枝角,泓景臺,8300000,492,2,1,美聯物業代理有限公司,https://i1.28hse.com/2026/08/202608061830157290208_thumb.jpg,https://www.28hse.com/buy/apartment/property-3948945,2026-08-06T17:33:59.496264+00:00
3948866,《實盤實盤，西南有海，四正實用，可約睇樓》,荔枝角,碧海藍天,8260000,494,2,,中原地產-碧海藍天分行,https://i1.28hse.com/2026/07/202607271904585223989_thumb.jpg,https://www.28hse.com/buy/apartment/property-3948866,2026-08-06T17:33:59.496264+00:00
3948588,【790萬再傾】兩房 實用有匙只此一間,荔枝角,宇晴軒,7950000,447,2,,美聯物業代理有限公司,https://i1.28hse.com/2026/07/202607271655232812909_thumb.jpg,https://www.28hse.com/buy/apartment/property-3948588,2026-08-06T17:33:59.496264+00:00
3948497,《平售兩房 實盤約睇 還價即成》,荔枝角,宇晴軒,8000000,451,2,1,利嘉閣地產有限公司,https://i1.28hse.com/2026/07/202607271623151535401_thumb.jpg,https://www.28hse.com/buy/apartment/property-3948497,2026-08-06T17:33:59.496264+00:00
3947134,大型屋苑宇晴軒兩房,荔枝角,宇晴軒,7500000,441,2,1,香港置業,https://i1.28hse.com/2026/07/202607261532044257753_thumb.jpg,https://www.28hse.com/buy/apartment/property-3947134,2026-08-06T17:33:59.496264+00:00
3946933,【$788萬再傾!】【正南開揚景！有票再有驚喜】,荔枝角,昇悅居,7950000,523,2,1,美聯物業代理有限公司,https://i1.28hse.com/2026/07/202607281650481041787_thumb.jpg,https://www.28hse.com/buy/apartment/property-3946933,2026-08-06T17:33:59.496264+00:00
3946826,開陽望海「新裝修」一買即用,荔枝角,碧海藍天,8380000,505,2,,中原地產代理有限公司,https://i1.28hse.com/2026/07/202607252143228376782_thumb.jpg,https://www.28hse.com/buy/apartment/property-3946826,2026-08-06T17:33:59.496264+00:00
3946677,25/7 實盤 *最後機會 最筍兩房*,荔枝角,宇晴軒,7950000,447,2,,美聯物業,https://i1.28hse.com/2026/07/202607251837416834608_thumb.jpg,https://www.28hse.com/buy/apartment/property-3946677,2026-08-06T17:33:59.496264+00:00
3946624,直達南昌站「有海景」靚則,荔枝角,碧海藍天,8280000,494,2,,中原地產代理有限公司,https://i1.28hse.com/2026/07/202607251813576121499_thumb.jpg,https://www.28hse.com/buy/apartment/property-3946624,2026-08-06T17:33:59.496264+00:00
3946476,聽大房大「則王」池園山景,荔枝角,泓景臺,7980000,512,2,,中原地產代理有限公司,https://i1.28hse.com/2026/07/202607251713513634021_thumb.jpg,https://www.28hse.com/buy/apartment/property-3946476,2026-08-06T17:33:59.496264+00:00
3945961,特色平台 即可約睇 還價即成,荔枝角,宇晴軒,7950000,447,2,,美聯物業,https://i1.28hse.com/2026/07/202607251303358200661_thumb.jpg,https://www.28hse.com/buy/apartment/property-3945961,2026-08-06T17:33:59.496264+00:00
3944004,【$778萬再傾】【高層露台劈價賣●有票再有驚喜】,荔枝角,宇晴軒,7780000,464,2,1,美聯物業代理有限公司,https://i1.28hse.com/2026/07/202607231921474525500_thumb.jpg,https://www.28hse.com/buy/apartment/property-3944004,2026-08-06T17:33:59.496264+00:00
3943915,高層露台「獨家」見票再傾,荔枝角,宇晴軒,8080000,464,2,,中原地產代理有限公司,https://i1.28hse.com/2026/07/202607231842327352097_thumb.jpg,https://www.28hse.com/buy/apartment/property-3943915,2026-08-06T17:33:59.496264+00:00
3942575,開陽望海「新裝修」一買即用,荔枝角,碧海藍天,8380000,505,2,,中原地產代理有限公司,https://i1.28hse.com/2026/07/202607221931013134433_thumb.jpg,https://www.28hse.com/buy/apartment/property-3942575,2026-08-06T17:33:59.496264+00:00
3942516,【$840萬再傾！極靚裝修！>有票再有驚喜】,荔枝角,宇晴軒,8400000,462,2,1,美聯物業代理有限公司,https://i1.28hse.com/2026/07/202607221853011175567_thumb.jpg,https://www.28hse.com/buy/apartment/property-3942516,2026-08-06T17:33:59.496264+00:00
3941908,環迴美景「38尺露台」優質之選,荔枝角,宇晴軒,8280000,485,2,,中原地產代理有限公司,https://i1.28hse.com/2026/07/202607222334133344753_thumb.jpg,https://www.28hse.com/buy/apartment/property-3941908,2026-08-06T17:33:59.496264+00:00
3941859,開陽「新地樓王」向南,荔枝角,昇悅居,7980000,491,2,,中原地產代理有限公司,https://i1.28hse.com/2026/07/202607221439577379732_thumb.jpg,https://www.28hse.com/buy/apartment/property-3941859,2026-08-06T17:33:59.496264+00:00
3941343,【實盤可傾！靚裝大則兩房！】【有票有驚喜】,荔枝角,泓景臺,8050000,512,2,1,美聯物業代理有限公司,https://i1.28hse.com/2026/07/202607292209284067916_thumb.jpg,https://www.28hse.com/buy/apartment/property-3941343,2026-08-06T17:33:59.496264+00:00
3941193,► 大2房◄ ☞景觀開揚☜ ➚即約,荔枝角,昇悅居,8150000,508,2,1,美聯物業代理有限公司,https://i1.28hse.com/2026/07/202607211851487196804_thumb.jpg,https://www.28hse.com/buy/apartment/property-3941193,2026-08-06T17:33:59.496264+00:00
3940029,20/7後可睇樓 靚裝修 非凶宅/非1樓,荔枝角,泓景臺,7500000,473,2,1,錦逸地產,https://i1.28hse.com/2026/07/20260720195929532224_thumb.jpg,https://www.28hse.com/buy/apartment/property-3940029,2026-08-06T17:33:59.496264+00:00
3937497,【獨家】【780萬】【有票有驚喜】【兩房梗廚】,荔枝角,昇悅居,8090000,509,2,1,美聯物業代理有限公司,https://i1.28hse.com/2026/07/20260718173245500889_thumb.jpg,https://www.28hse.com/buy/apartment/property-3937497,2026-08-06T17:33:59.496264+00:00
3937471,池園則王「向南」滄海遺珠,荔枝角,昇悅居,8380000,522,2,,中原地產代理有限公司,https://i1.28hse.com/2026/07/20260718172207468305_thumb.jpg,https://www.28hse.com/buy/apartment/property-3937471,2026-08-06T17:33:59.496264+00:00
3937110,"昇悅居2房2廳地鐵上蓋, 罕有放盤，歡迎查詢: 江",荔枝角,昇悅居,7580000,459,2,1,香港置業,https://i1.28hse.com/2026/07/2026072118222323510_thumb.jpg,https://www.28hse.com/buy/apartment/property-3937110,2026-08-06T17:33:59.496264+00:00
3936692,四小龍｜泓景臺 高層靚景 【同區換樓必睇】《兩房筍盤》《齊盤鎖匙盤即約即睇》,荔枝角,泓景臺,7680000,469,2,1,榮利地產,https://i1.28hse.com/2026/07/202607211151595793613_thumb.jpg,https://www.28hse.com/buy/apartment/property-3936692,2026-08-06T17:33:59.496264+00:00
3935940,【獨家】【780萬】【有票有驚喜】【兩房梗廚】,荔枝角,昇悅居,8090000,509,2,1,美聯物業代理有限公司,https://i1.28hse.com/2026/07/20260717175648812658_thumb.jpg,https://www.28hse.com/buy/apartment/property-3935940,2026-08-06T17:33:59.496264+00:00
3935242,【17/7後約睇】【實用2房】【必睇】,荔枝角,宇晴軒,7800000,441,2,,中原地產-泓景臺分行,https://i1.28hse.com/2026/07/202607171155288200828_thumb.jpg,https://www.28hse.com/buy/apartment/property-3935242,2026-08-06T17:33:59.496264+00:00
3935233,【17/7後約睇】【爆筍2房】【內園泳池】【靚則】,荔枝角,泓景臺,7660000,473,2,,中原地產-泓景臺分行,https://i1.28hse.com/2026/07/202607171148202721073_thumb.jpg,https://www.28hse.com/buy/apartment/property-3935233,2026-08-06T17:33:59.496264+00:00
3935035,《開揚泳池園景，特大主人房，交吉出售，兩房有匙》,荔枝角,泓景臺,7950000,512,2,1,香港置業,https://i1.28hse.com/2026/07/202607170045268791588_thumb.jpg,https://www.28hse.com/buy/apartment/property-3935035,2026-08-06T17:33:59.496264+00:00
3935033,《蝕讓割愛，新地品牌，開揚山景，明廁兩房》,荔枝角,昇悅居,7550000,491,2,1,香港置業,https://i1.28hse.com/2026/07/202607170040182001630_thumb.jpg,https://www.28hse.com/buy/apartment/property-3935033,2026-08-06T17:33:59.496264+00:00
3934779,直達南昌站「有海景」靚則,荔枝角,碧海藍天,8280000,494,2,,中原地產代理有限公司,https://i1.28hse.com/2026/07/202607161915234919348_thumb.jpg,https://www.28hse.com/buy/apartment/property-3934779,2026-08-06T17:33:59.496264+00:00
3934766,【大則兩房】【有露台中層】【還價即成】,荔枝角,泓景臺,8000000,512,2,1,美聯物業代理有限公司,https://i1.28hse.com/2026/07/202607161907106711374_thumb.jpg,https://www.28hse.com/buy/apartment/property-3934766,2026-08-06T17:33:59.496264+00:00
3934733,向東大則「呎價平」露台中層,荔枝角,泓景臺,8160000,511,2,,中原地產代理有限公司,https://i1.28hse.com/2026/07/202607161853484135434_thumb.jpg,https://www.28hse.com/buy/apartment/property-3934733,2026-08-06T17:33:59.496264+00:00
3934612,► 罕有1房◄ ☞景觀開揚☜ ➚即約,荔枝角,昇悅居,7200000,378,1,1,美聯物業代理有限公司,https://i1.28hse.com/2026/07/202607211852424350738_thumb.jpg,https://www.28hse.com/buy/apartment/property-3934612,2026-08-06T17:33:59.496264+00:00
3934607,► 大2房◄ ☞景觀開揚☜ ➚即約,荔枝角,碧海藍天,8200000,502,2,1,美聯物業代理有限公司,https://i1.28hse.com/2026/07/202607161801057811673_thumb.jpg,https://www.28hse.com/buy/apartment/property-3934607,2026-08-06T17:33:59.496264+00:00
3934513,► 大2房◄ ☞景觀開揚☜ ➚即約,荔枝角,一號西九龍,7800000,521,2,1,美聯物業代理有限公司,https://i1.28hse.com/2026/07/202607161732086512590_thumb.jpg,https://www.28hse.com/buy/apartment/property-3934513,2026-08-06T17:33:59.496264+00:00
3934500,► 大2房◄ ☞景觀開揚☜ ➚即約,荔枝角,宇晴軒,7950000,447,2,1,美聯物業代理有限公司,https://i1.28hse.com/2026/07/202607161728174196427_thumb.jpg,https://www.28hse.com/buy/apartment/property-3934500,2026-08-06T17:33:59.496264+00:00
3934479,► 大2房◄ ☞景觀開揚☜ ➚即約,荔枝角,泓景臺,7500000,469,2,1,美聯物業代理有限公司,https://i1.28hse.com/2026/07/202607161719213838356_thumb.jpg,https://www.28hse.com/buy/apartment/property-3934479,2026-08-06T17:33:59.496264+00:00
3934333,【$820萬再傾】業主急走 睇岩盡傾,荔枝角,泓景臺,8300000,511,2,1,美聯物業代理有限公司,https://i1.28hse.com/2026/07/20260716162731742060_thumb.jpg,https://www.28hse.com/buy/apartment/property-3934333,2026-08-06T17:33:59.496264+00:00
3934312,《向東+內園+泳池景》 再劈！…. 馬上約睇,荔枝角,泓景臺,8280000,511,1,,中原地產-泓景臺分行,https://i1.28hse.com/2026/07/202607161618338552614_thumb.jpg,https://www.28hse.com/buy/apartment/property-3934312,2026-08-06T17:33:59.496264+00:00
3933599,16/7後可睇樓 內景園非凶宅/非1樓,荔枝角,宇晴軒,7800000,441,2,1,錦逸地產,https://i1.28hse.com/2026/07/202607152039556631316_thumb.jpg,https://www.28hse.com/buy/apartment/property-3933599,2026-08-06T17:33:59.496264+00:00
3933597,16/7後可睇樓 靚裝修 非凶宅/非1樓,荔枝角,泓景臺,7500000,473,2,1,錦逸地產,https://i1.28hse.com/2026/07/202607152038263432814_thumb.jpg,https://www.28hse.com/buy/apartment/property-3933597,2026-08-06T17:33:59.496264+00:00
3933467,【780萬仲有得傾】【有票有驚喜】【地鐵站上蓋可約睇】,荔枝角,泓景臺,8200000,468,2,1,美聯物業代理有限公司,https://i1.28hse.com/2026/07/202607151848585238815_thumb.jpg,https://www.28hse.com/buy/apartment/property-3933467,2026-08-06T17:33:59.496264+00:00
3933444,單邊開陽「獨家」露台遠景,荔枝角,泓景臺,8280000,468,2,,中原地產代理有限公司,https://i1.28hse.com/2026/07/202607151838043765490_thumb.jpg,https://www.28hse.com/buy/apartment/property-3933444,2026-08-06T17:33:59.496264+00:00
3933437,【778萬唔洗住一樓】【見票即走】【市埸最筍】,荔枝角,宇晴軒,7780000,445,2,1,美聯物業代理有限公司,https://i1.28hse.com/2026/07/202607151903268952770_thumb.jpg,https://www.28hse.com/buy/apartment/property-3933437,2026-08-06T17:33:59.496264+00:00
3933205,《特色連平台173‘，實盤有匙，有票盡傾》,荔枝角,宇晴軒,7950000,447,2,1,中原地產-碧海藍天分行,https://i1.28hse.com/2026/07/20260715170930799395_thumb.jpg,https://www.28hse.com/buy/apartment/property-3933205,2026-08-06T17:33:59.496264+00:00
3932237,"宇晴軒2房2廳1廁梗廚大型屋苑, 歡迎查詢； 江",荔枝角,宇晴軒,7500000,445,2,1,香港置業,https://i1.28hse.com/2026/07/202607141917037438469_thumb.jpg,https://www.28hse.com/buy/apartment/property-3932237,2026-08-06T17:33:59.496264+00:00
3932171,"宇晴軒, 茘枝角地鐵2房2廳大型會所, 歡迎查詢: 江:",荔枝角,宇晴軒,7380000,445,2,1,香港置業,https://i1.28hse.com/2026/07/202607141835538592296_thumb.jpg,https://www.28hse.com/buy/apartment/property-3932171,2026-08-06T17:33:59.496264+00:00
3930916,全屋苑最平～非凶宅～可睇樓,荔枝角,碧海藍天,8280000,494,2,,美聯物業代理有限公司,https://i1.28hse.com/2026/07/202607131929466707671_thumb.jpg,https://www.28hse.com/buy/apartment/property-3930916,2026-08-06T17:33:59.496264+00:00
3930911,全城最筍「誠意出售」大廳大房,荔枝角,碧海藍天,8330000,494,2,,中原地產代理有限公司,https://i1.28hse.com/2026/07/202607131923285037117_thumb.jpg,https://www.28hse.com/buy/apartment/property-3930911,2026-08-06T17:33:59.496264+00:00
3929431,16/7後可睇樓 靚裝修 非凶宅/非1樓,荔枝角,泓景臺,7500000,473,2,1,錦逸地產,https://i1.28hse.com/2026/07/202607121716582725870_thumb.jpg,https://www.28hse.com/buy/apartment/property-3929431,2026-08-06T17:33:59.496264+00:00
3928359,可傾價@西九龍站最平大2房@隨時賣出,荔枝角,一號西九龍,7800000,521,2,1,美聯物業,https://i1.28hse.com/2026/07/202607141532435977323_thumb.jpg,https://www.28hse.com/buy/apartment/property-3928359,2026-08-06T17:33:59.496264+00:00
3927926,"最平兩房,廳大房大,歡迎預約 有鎖匙",荔枝角,宇晴軒,7950000,447,2,,美聯物業,https://i1.28hse.com/2026/07/202607111452392173470_thumb.jpg,https://www.28hse.com/buy/apartment/property-3927926,2026-08-06T17:33:59.496264+00:00
3927823,地铁站頂/实盘/开揚市景/罕有茍2房/快查詢Ivy 9I439959,荔枝角,宇晴軒,7090000,461,2,1,香港置業,https://i1.28hse.com/2026/07/202607111402076470554_thumb.jpg,https://www.28hse.com/buy/apartment/property-3927823,2026-08-06T17:33:59.496264+00:00
3927786,实盘/开扬市景/荀盘实用2房/查询Ivy 9I439959,荔枝角,泓景臺,7100000,434,2,1,香港置業,https://i1.28hse.com/2026/07/202607111345525797496_thumb.jpg,https://www.28hse.com/buy/apartment/property-3927786,2026-08-06T17:33:59.496264+00:00
3927767,地鉄站頂/优質品牌/新鴻基/园景/查詢 Ivy 9I439959,荔枝角,昇悅居,7580000,459,2,1,香港置業,https://i1.28hse.com/2026/07/202607111340074838873_thumb.jpg,https://www.28hse.com/buy/apartment/property-3927767,2026-08-06T17:33:59.496264+00:00
3927611,【可試$760萬】獨家盤【有票盡傾】,荔枝角,宇晴軒,7780000,445,2,,美聯物業代理有限公司,https://i1.28hse.com/2026/07/202607111233108420028_thumb.jpg,https://www.28hse.com/buy/apartment/property-3927611,2026-08-06T17:33:59.496264+00:00
3927579,《中原獨家，實價實盤，露台兩房，即刻約睇》,荔枝角,宇晴軒,8080000,464,2,1,中原地產-碧海藍天分行,https://i1.28hse.com/2026/07/202607111220516122899_thumb.jpg,https://www.28hse.com/buy/apartment/property-3927579,2026-08-06T17:33:59.496264+00:00
3927556,《送你一個平台 優閒系列 有匙睇樓》,荔枝角,宇晴軒,7950000,447,2,1,利嘉閣地產有限公司,https://i1.28hse.com/2026/07/202607111208547874409_thumb.jpg,https://www.28hse.com/buy/apartment/property-3927556,2026-08-06T17:33:59.496264+00:00
3927292,【$738萬再傾！內園泳池景】【有票再有驚喜】,荔枝角,泓景臺,7500000,440,2,1,美聯物業代理有限公司,https://i1.28hse.com/2026/07/202607102325134448757_thumb.jpg,https://www.28hse.com/buy/apartment/property-3927292,2026-08-06T17:33:59.496264+00:00
3927270,《套現》 急走！！！內園景….. 馬上約睇,荔枝角,泓景臺,7500000,440,2,,中原地產-泓景臺分行,https://i1.28hse.com/2026/07/202607102303005965740_thumb.jpg,https://www.28hse.com/buy/apartment/property-3927270,2026-08-06T17:33:59.496264+00:00
3927211,【$728萬再傾！獨家真實盤！筍盤靚則>有票再有驚喜】,荔枝角,宇晴軒,7380000,441,2,1,美聯物業代理有限公司,https://i1.28hse.com/2026/07/202607102147597707653_thumb.jpg,https://www.28hse.com/buy/apartment/property-3927211,2026-08-06T17:33:59.496264+00:00
3927168,獨家代理！真盤源！可以睇樓！,荔枝角,宇晴軒,8080000,464,2,1,中原地產-昇悅居分行,https://i1.28hse.com/2026/07/202607102104267080201_thumb.jpg,https://www.28hse.com/buy/apartment/property-3927168,2026-08-06T17:33:59.496264+00:00
3927151,"獨家筍盤,高層内園,歡迎查詢wing [REDACTED]",荔枝角,宇晴軒,8080000,464,2,1,中原地產-昇悅居分行,https://i1.28hse.com/2026/07/202607102053377525543_thumb.jpg,https://www.28hse.com/buy/apartment/property-3927151,2026-08-06T17:33:59.496264+00:00
3926659,新鴻基出品「則王」換樓平走,荔枝角,昇悅居,8050000,491,2,1,美聯物業代理有限公司,https://i1.28hse.com/2026/07/202607101719108174968_thumb.jpg,https://www.28hse.com/buy/apartment/property-3926659,2026-08-06T17:33:59.496264+00:00
3926118,【靚裝兩房】【有票盡試】,荔枝角,泓景臺,7500000,440,2,,美聯物業代理有限公司,https://i1.28hse.com/2026/07/202607101327327417461_thumb.jpg,https://www.28hse.com/buy/apartment/property-3926118,2026-08-06T17:33:59.496264+00:00
3925875,【有票有驚喜】【可约睇】地鐵站上蓋！激筍2房！！,荔枝角,泓景臺,7600000,473,2,,中原地產-泓景臺分行,https://i1.28hse.com/2026/07/202607101008434587893_thumb.jpg,https://www.28hse.com/buy/apartment/property-3925875,2026-08-06T17:33:59.496264+00:00
3925660,【可試$798萬】【2房】【真實盤源】,荔枝角,昇悅居,8050000,491,2,1,美聯物業代理有限公司,https://i1.28hse.com/2026/07/202607092142423650087_thumb.jpg,https://www.28hse.com/buy/apartment/property-3925660,2026-08-06T17:33:59.496264+00:00
3925530,正常單位「不是兇宅」有票再傾,荔枝角,昇悅居,8080000,491,2,,中原地產代理有限公司,https://i1.28hse.com/2026/07/202607091953035464841_thumb.jpg,https://www.28hse.com/buy/apartment/property-3925530,2026-08-06T17:33:59.496264+00:00
3925095,《業主急走》 《有票可再試》《即約即睇》,荔枝角,碧海藍天,7600000,502,2,,美聯物業代理有限公司,https://i1.28hse.com/2026/07/202607091652103352798_thumb.jpg,https://www.28hse.com/buy/apartment/property-3925095,2026-08-06T17:33:59.496264+00:00
3923976,【實用兩房】【另有其他】,荔枝角,泓景臺,7500000,440,2,1,美聯物業代理有限公司,https://i1.28hse.com/2026/07/202607081859072770729_thumb.jpg,https://www.28hse.com/buy/apartment/property-3923976,2026-08-06T17:33:59.496264+00:00
3923961,【東南內園】 【日內必走】,荔枝角,泓景臺,7700000,440,2,,中原地產-泓景臺分行,https://i1.28hse.com/2026/07/202607081850425054753_thumb.jpg,https://www.28hse.com/buy/apartment/property-3923961,2026-08-06T17:33:59.496264+00:00
3922577,【$800萬再傾●估凸晒價●有票再有驚喜】,荔枝角,泓景臺,8000000,512,2,1,美聯物業代理有限公司,https://i1.28hse.com/2026/07/202607072024114376166_thumb.jpg,https://www.28hse.com/buy/apartment/property-3922577,2026-08-06T17:33:59.496264+00:00
3922473,實用靚則「三邊落床」聽大房大,荔枝角,泓景臺,8250000,512,2,,中原地產代理有限公司,https://i1.28hse.com/2026/07/202607071858371013336_thumb.jpg,https://www.28hse.com/buy/apartment/property-3922473,2026-08-06T17:33:59.496264+00:00
3916202,【呎價極低，開揚景觀，大則兩房，歡迎查詢】,荔枝角,一號西九龍,7480000,521,2,1,香港置業,https://i1.28hse.com/2026/07/202607031724207934712_thumb.jpg,https://www.28hse.com/buy/apartment/property-3916202,2026-08-06T17:33:59.496264+00:00
3916180,【正南園景，明廁設計，梗廚一房，歡迎查詢】,荔枝角,昇悅居,6350000,378,1,1,香港置業,https://i1.28hse.com/2026/07/20260703172106761193_thumb.jpg,https://www.28hse.com/buy/apartment/property-3916180,2026-08-06T17:33:59.496264+00:00
3914545,"罕有放盤, 間隔四正, 廳大房大",荔枝角,昇悅居,7000000,378,1,1,香港置業,https://i1.28hse.com/2026/07/202607021727463698085_thumb.jpg,https://www.28hse.com/buy/apartment/property-3914545,2026-08-06T17:33:59.496264+00:00
3907447,《開揚園景，筍價出售，明廁兩房，歡迎查詢》,荔枝角,宇晴軒,7500000,445,2,1,香港置業,https://i1.28hse.com/2026/06/202606270032488017298_thumb.jpg,https://www.28hse.com/buy/apartment/property-3907447,2026-08-06T17:33:59.496264+00:00
3905941,《還價即成，雅裝大則兩房，開揚景觀，歡迎約睇》,荔枝角,昇悅居,8300000,517,2,1,香港置業,https://i1.28hse.com/2026/06/202606251959214143759_thumb.jpg,https://www.28hse.com/buy/apartment/property-3905941,2026-08-06T17:33:59.496264+00:00
3904348,【可試738萬有票儘傾】【即買即收租】【自用精選】【來電儘傾】,荔枝角,一號西九龍,7600000,521,2,,中原地產代理有限公司,https://i1.28hse.com/2026/06/202606241726066373418_thumb.jpg,https://www.28hse.com/buy/apartment/property-3904348,2026-08-06T17:33:59.496264+00:00
3903524,《新地品牌，高層園景，明廁兩房，歡迎約睇》,荔枝角,昇悅居,7580000,459,2,1,香港置業,https://i1.28hse.com/2026/06/202606240054182802137_thumb.jpg,https://www.28hse.com/buy/apartment/property-3903524,2026-08-06T17:33:59.496264+00:00
3901358,"池園景, 旺中帶靜, 間隔四正",荔枝角,泓景臺,8000000,469,2,1,香港置業,https://i1.28hse.com/2026/06/202606221457548877026_thumb.jpg,https://www.28hse.com/buy/apartment/property-3901358,2026-08-06T17:33:59.496264+00:00
3900468,西九鐵路盤！可租24000！,荔枝角,宇晴軒,8000000,447,2,1,中原地產-昇悅居分行,https://i1.28hse.com/2026/06/202606211648566870096_thumb.jpg,https://www.28hse.com/buy/apartment/property-3900468,2026-08-06T17:33:59.496264+00:00
3900205,開陽透光度高,荔枝角,泓景臺,8200000,470,2,1,香港置業西九龍,https://i1.28hse.com/2026/06/202606211427202106487_thumb.jpg,https://www.28hse.com/buy/apartment/property-3900205,2026-08-06T17:33:59.496264+00:00
3897844,業主急走，投資一流，手快有手慢無，歡迎查詢,荔枝角,泓景臺,7100000,434,2,1,香港置業,https://i1.28hse.com/2026/06/202606191710471741006_thumb.jpg,https://www.28hse.com/buy/apartment/property-3897844,2026-08-06T17:33:59.496264+00:00
3897631,碧海藍天高層大兩房 兩房都大窗有景,荔枝角,碧海藍天,8300000,510,2,1,鴻恩地產代理有限公司,https://i1.28hse.com/2026/06/202606191535258960794_thumb.jpg,https://www.28hse.com/buy/apartment/property-3897631,2026-08-06T17:33:59.496264+00:00
3894422,《雅裝兩房，即買即住，兩房連露台，歡迎查詢》,荔枝角,泓景臺,7700000,466,2,1,香港置業,https://i1.28hse.com/2026/06/202606170039095183635_thumb.jpg,https://www.28hse.com/buy/apartment/property-3894422,2026-08-06T17:33:59.496264+00:00
3894235,"2房荀盤,堅賣",荔枝角,宇晴軒,8300000,445,2,1,利嘉閣地產有限公司,https://i1.28hse.com/2026/06/20260616195300561864_thumb.jpg,https://www.28hse.com/buy/apartment/property-3894235,2026-08-06T17:33:59.496264+00:00
3893779,啱水位！ 清靜舒服內園泳池景 手快有手慢冇,荔枝角,泓景臺,8280000,473,2,,香港置業西九龍,https://i1.28hse.com/2026/06/20260616161940353631_thumb.jpg,https://www.28hse.com/buy/apartment/property-3893779,2026-08-06T17:33:59.496264+00:00
3891273,池園雙暉,荔枝角,泓景臺,8280000,473,2,1,香港置業西九龍,https://i1.28hse.com/2026/06/202606141728005043684_thumb.jpg,https://www.28hse.com/buy/apartment/property-3891273,2026-08-06T17:33:59.496264+00:00
3890982,市場最平 有裝修 向南 綠化景觀,荔枝角,泓景臺,8200000,470,2,1,利嘉閣地產有限公司,https://i1.28hse.com/2026/06/202606141532561557208_thumb.jpg,https://www.28hse.com/buy/apartment/property-3890982,2026-08-06T17:33:59.496264+00:00
3890876,《正南開揚，罕有間隔，雅裝兩房，交吉出售》,荔枝角,宇晴軒,8280000,484,2,1,香港置業,https://i1.28hse.com/2026/06/202606141439158284696_thumb.jpg,https://www.28hse.com/buy/apartment/property-3890876,2026-08-06T17:33:59.496264+00:00
3890528,真实盘源/有票有惊喜/铁站顶/极方便/快约Ivy 9I439959,荔枝角,宇晴軒,7950000,447,2,1,香港置業,https://i1.28hse.com/2026/06/202606140922551348549_thumb.jpg,https://www.28hse.com/buy/apartment/property-3890528,2026-08-06T17:33:59.496264+00:00
3886866,宇晴軒兩房平兩房盤,荔枝角,宇晴軒,7500000,441,2,1,香港置業,https://i1.28hse.com/2026/06/202606111920275793472_thumb.jpg,https://www.28hse.com/buy/apartment/property-3886866,2026-08-06T17:33:59.496264+00:00
3886138,《時尚裝修 開揚正東》,荔枝角,宇晴軒,7950000,447,2,,香港置業西九龍,https://i1.28hse.com/2026/06/202606121429195521669_thumb.jpg,https://www.28hse.com/buy/apartment/property-3886138,2026-08-06T17:33:59.496264+00:00
3886124,《800萬 靚裝 海景 買到賺到》,荔枝角,泓景臺,8320000,490,2,,香港置業西九龍,https://i1.28hse.com/2026/06/202606111439243079134_thumb.jpg,https://www.28hse.com/buy/apartment/property-3886124,2026-08-06T17:33:59.496264+00:00
3885435,（荀）開揚景，連裝修兩房，實盤可看。#荔枝角 #四小龍,荔枝角,宇晴軒,8080000,447,2,1,香港置業西九龍,https://i1.28hse.com/2026/06/202606102005537295350_thumb.jpg,https://www.28hse.com/buy/apartment/property-3885435,2026-08-06T17:33:59.496264+00:00
3963211,獨家筍盤，有票盡傾，大廳大房間隔實用,深水埗,景怡峰,5980000,396,1,1,珀麗物業有限公司,https://i1.28hse.com/2026/08/202608070128404909589_thumb.jpg,https://www.28hse.com/buy/apartment/property-3963211,2026-08-06T17:33:59.496264+00:00
3962769,【開揚高層】【實用三房】【只有一間】,深水埗,南昌一號,8000000,419,3,1,美聯物業代理有限公司,https://i1.28hse.com/2026/08/202608061833365660627_thumb.jpg,https://www.28hse.com/buy/apartment/property-3962769,2026-08-06T17:33:59.496264+00:00
3962459,【唐樓】738呎3房 鄰近地鐵站全屋未間 景觀開揚 呎價@37xx 即買即用,深水埗,唐樓,2750000,738,3,1,駿輝地產專業有限公司,https://i1.28hse.com/2026/08/20260806162230705385_thumb.jpg,https://www.28hse.com/buy/apartment/property-3962459,2026-08-06T17:33:59.496264+00:00
3962374,【可試＄７８０】【2房靚裝修】【荀貨快走】,深水埗,愛海頌,8000000,487,2,,美聯物業代理有限公司,https://i1.28hse.com/2026/08/202608061545046761466_thumb.jpg,https://www.28hse.com/buy/apartment/property-3962374,2026-08-06T17:33:59.496264+00:00
3962182,"地鐵口，平地電梯，高層開陽,三面單邊多窗，近城市大學，出入方便，大型商場",石硤尾,仁寶大廈,4800000,410,2,1,家旺物業,https://i1.28hse.com/2026/08/202608061350443864765_thumb.jpg,https://www.28hse.com/buy/apartment/property-3962182,2026-08-06T17:33:59.496264+00:00
3962103,實用長形廳，客飯廳分明，罕有放盤,深水埗,愛海頌,7400000,496,2,,香港置業,https://i1.28hse.com/2026/08/20260806125953551513_thumb.jpg,https://www.28hse.com/buy/apartment/property-3962103,2026-08-06T17:33:59.496264+00:00
3492987,"1站即到九龍塘，開揚,可改做兩房，明火梗廚，烏語花香",深水埗,景怡峰,6380000,395,1,1,富榮地產代理,https://i1.28hse.com/2026/07/202607121310396741096_thumb.jpg,https://www.28hse.com/buy/apartment/property-3492987,2026-08-06T17:33:59.496264+00:00
3961631,【兩站3線】 幾年新樓 企理即買即住,深水埗,愛海頌,8000000,487,2,,香港置業,https://i1.28hse.com/2026/08/202608052216437884320_thumb.jpg,https://www.28hse.com/buy/apartment/property-3961631,2026-08-06T17:33:59.496264+00:00
3410063,號外 100蚊厘印！巨房巨廳 正東南,深水埗,嘉匯大廈,4050000,501,2,1,千億物業 長沙灣分行,https://i1.28hse.com/2026/08/202608052025245714119_thumb.jpg,https://www.28hse.com/buy/apartment/property-3410063,2026-08-06T17:33:59.496264+00:00
3961305,【可試748萬】【超值抵住】【四正實用】,深水埗,愛海頌,7800000,490,2,1,香港置業,https://i1.28hse.com/2026/08/202608051823043246744_thumb.jpg,https://www.28hse.com/buy/apartment/property-3961305,2026-08-06T17:33:59.496264+00:00
3961173,"*靚裝高層靚景兩房,1分鐘到港鐵,近城市大學*三邊窗,煤氣梗廚,乾明廁,新電梯",石硤尾,仁寶大廈,4800000,410,2,1,晉聯地產,https://i1.28hse.com/2026/08/202608051725132477735_thumb.jpg,https://www.28hse.com/buy/apartment/property-3961173,2026-08-06T17:33:59.496264+00:00
3960932,"[實盤] [交吉盤]超筍3房推介,大房大廳,約睇",深水埗,快樂大廈,5300000,493,3,1,喜居物業(欽州街舖),https://i1.28hse.com/2026/08/202608051555494474419_thumb.jpg,https://www.28hse.com/buy/apartment/property-3960932,2026-08-06T17:33:59.496264+00:00
3960919,*超大間 超實用 無間套房 交吉賣 鄰近地鐵站*,深水埗,唐樓,4600000,871,2,1,廣信地產顧問有限公司,https://i1.28hse.com/2026/08/202608051547457185406_thumb.jpg,https://www.28hse.com/buy/apartment/property-3960919,2026-08-06T17:33:59.496264+00:00
3960153,匯璽最筍中層1房出售 歡迎咨詢,南昌,匯璽,8300000,362,1,1,美聯物業代理有限公司,https://i1.28hse.com/2026/08/202608042050232455434_thumb.jpg,https://www.28hse.com/buy/apartment/property-3960153,2026-08-06T17:33:59.496264+00:00
3959891,南昌站/大型居苑/激筍2房/投資自住/查詢Ivy 9I439959,深水埗,愛海頌,7420000,496,2,1,香港置業,https://i1.28hse.com/2026/08/202608041750564102882_thumb.jpg,https://www.28hse.com/buy/apartment/property-3959891,2026-08-06T17:33:59.496264+00:00
3959552,1分鐘地鐵站 業主恨賣 2房巨廳 還價即成,石硤尾,仁寶大廈,4800000,410,2,,千億物業 太子分行,https://i1.28hse.com/2026/08/202608041555476850779_thumb.jpg,https://www.28hse.com/buy/apartment/property-3959552,2026-08-06T17:33:59.496264+00:00
3959280,業主急售！668萬！5分鐘地鐵站！,深水埗,景怡峰,7000000,485,2,,美聯物業代理有限公司,https://i1.28hse.com/2026/08/20260804135147962451_thumb.jpg,https://www.28hse.com/buy/apartment/property-3959280,2026-08-06T17:33:59.496264+00:00
3791636,"地鐵站旁,平lift,多窗開揚,2房大廳,投資自用一流!!!",石硤尾,仁寶大廈,4800000,410,2,1,鴻發地產物業,https://i1.28hse.com/2026/03/202603301923467689174_thumb.jpg,https://www.28hse.com/buy/apartment/property-3791636,2026-08-06T17:33:59.496264+00:00
3958792,雙線交匯！【匯璽】高回報一房放盤,南昌,匯璽,7800000,363,1,,香港置業,https://i1.28hse.com/2026/08/202608032217297326486_thumb.jpg,https://www.28hse.com/buy/apartment/property-3958792,2026-08-06T17:33:59.496264+00:00
3958687,"【VR/圖則/分貝計】2房+天台,電梯,保安,大埔道較清靜住宅區",深水埗,嘉匯大廈,3350000,417,2,1,小村置業有限公司,https://i1.28hse.com/2026/08/202608032023066913221_thumb.jpg,https://www.28hse.com/buy/apartment/property-3958687,2026-08-06T17:33:59.496264+00:00
3958568,唯一一間真盤有樓看！全屋裝修新淨一房一廳 內圓景舒適寧靜 相熟業主 還價即成！,南昌,匯璽,8500000,363,1,1,廣信地產顧問有限公司,https://i1.28hse.com/2026/08/202608031916575492268_thumb.jpg,https://www.28hse.com/buy/apartment/property-3958568,2026-08-06T17:33:59.496264+00:00
3958378,急賣套現，不是兇宅，有契，罕有大單位放賣，只此1間大單位，經紀免問冇佣金,深水埗,龍華大廈,4880000,629,3,1,,https://i1.28hse.com/2026/08/202608031734164189771_thumb.jpg,https://www.28hse.com/buy/apartment/property-3958378,2026-08-06T17:33:59.496264+00:00
3730668,"100印花,投資穩收5厘.自住靜中又旺.五分鐘太子站,生活起居樣樣齊",深水埗,恒興大廈,3630000,369,2,1,富榮地產代理,https://i1.28hse.com/2026/08/202608031726141189665_thumb.jpg,https://www.28hse.com/buy/apartment/property-3730668,2026-08-06T17:33:59.496264+00:00
3639746,"實用三房,景觀開揚.三分鐘太子地鐵站",深水埗,恆成大廈,5680000,717,3,1,富榮地產代理,https://i1.28hse.com/2026/03/20260304182356603753_thumb.jpg,https://www.28hse.com/buy/apartment/property-3639746,2026-08-06T17:33:59.496264+00:00
3957994,*平尺價 可改三房 有裝修 可即用 $100稅 快者得*,深水埗,荔香大廈,3280000,437,2,1,廣信地產顧問有限公司,https://i1.28hse.com/2026/08/202608031545376883564_thumb.jpg,https://www.28hse.com/buy/apartment/property-3957994,2026-08-06T17:33:59.496264+00:00
3957878,「有匙即睇」！高層開陽！市區兩房兩廳，雙露台，梗廚明火！,深水埗,景怡峰,6180000,396,2,1,鴻發地產物業,https://i1.28hse.com/2026/08/202608031507021753151_thumb.jpg,https://www.28hse.com/buy/apartment/property-3957878,2026-08-06T17:33:59.496264+00:00
3957862,🩵三月🩵【1分鐘地鐵站 ● 實用兩房 ● 超高層(非頂)】*吉樓 *可睇！,石硤尾,仁寶大廈,4800000,410,2,1,三月地產,https://i1.28hse.com/2026/08/202608031502498800893_thumb.jpg,https://www.28hse.com/buy/apartment/property-3957862,2026-08-06T17:33:59.496264+00:00
3821813,市區半新樓*實用兩房*梗廚*高層開揚靚景*豪華會所*,深水埗,景怡峰,6280000,396,2,1,鴻發地產物業,https://i1.28hse.com/2026/08/20260803144946994710_thumb.jpg,https://www.28hse.com/buy/apartment/property-3821813,2026-08-06T17:33:59.496264+00:00
3630454,筍野＼＼單邊＼＼ 即買即收租＼＼歡迎查詢,深水埗,嘉匯大廈,4050000,501,2,1,駿輝地產投資有限公司,https://i1.28hse.com/2025/11/202511301759517813050_thumb.jpg,https://www.28hse.com/buy/apartment/property-3630454,2026-08-06T17:33:59.496264+00:00
3957782,業主誠意出售，實用兩房，梗厨，開揚市景，歡迎約睇,深水埗,景怡峰,6350000,396,2,1,鴻發地產物業,https://i1.28hse.com/2026/08/202608031424148518701_thumb.jpg,https://www.28hse.com/buy/apartment/property-3957782,2026-08-06T17:33:59.496264+00:00
3957166,《南北對流，特大主人房設計，大則一房，交吉有匙》,深水埗,丰滙,5480000,362,1,1,香港置業,https://i1.28hse.com/2026/08/202608021944002077109_thumb.jpg,https://www.28hse.com/buy/apartment/property-3957166,2026-08-06T17:33:59.496264+00:00
3956182,【荀貨快走748萬】【真實盤源】【2房靚裝修】,深水埗,愛海頌,7780000,490,2,,美聯物業代理有限公司,https://i1.28hse.com/2026/08/20260802124115944050_thumb.jpg,https://www.28hse.com/buy/apartment/property-3956182,2026-08-06T17:33:59.496264+00:00
3955675,【650萬】【兩房即走】【收租必選】,深水埗,晉嶺,6500000,430,2,1,美聯物業代理有限公司,https://i1.28hse.com/2026/08/202608061901487773370_thumb.jpg,https://www.28hse.com/buy/apartment/property-3955675,2026-08-06T17:33:59.496264+00:00
3955621,《開揚園景，兩房連露台，大型屋苑，歡迎約睇》,深水埗,愛海頌,7800000,490,2,1,香港置業,https://i1.28hse.com/2026/08/202608011923415080281_thumb.jpg,https://www.28hse.com/buy/apartment/property-3955621,2026-08-06T17:33:59.496264+00:00
3955506,"超筍!低層唐樓,大大件,單邊多窗,投資自用必選.歡迎來電約睇,還價即簽,快者得!",深水埗,唐樓,4500000,804,2,1,富榮地產代理,https://i1.28hse.com/2026/08/202608011830366068126_thumb.jpg,https://www.28hse.com/buy/apartment/property-3955506,2026-08-06T17:33:59.496264+00:00
3955390,【760萬】【兩房即走】【近南昌站】,深水埗,傲凱,7600000,455,2,1,美聯物業代理有限公司,https://i1.28hse.com/2026/08/20260806185300254945_thumb.jpg,https://www.28hse.com/buy/apartment/property-3955390,2026-08-06T17:33:59.496264+00:00
3955364,急售兩房戶,深水埗,愛海頌,7500000,490,2,1,香港置業,https://i1.28hse.com/2026/08/202608011734241992459_thumb.jpg,https://www.28hse.com/buy/apartment/property-3955364,2026-08-06T17:33:59.496264+00:00
3868632,市區 連約售 收租筍盤,石硤尾,南昌戲院大廈,3680000,357,1,1,協力物業代理公司,https://i1.28hse.com/2026/07/20260725163252647862_thumb.jpg,https://www.28hse.com/buy/apartment/property-3868632,2026-08-06T17:33:59.496264+00:00
3954913,厘印$100~睇岩有票再砌再劈!,深水埗,東明樓,3980000,677,3,1,宇晴地產,https://i1.28hse.com/2026/08/202608011409451323736_thumb.jpg,https://www.28hse.com/buy/apartment/property-3954913,2026-08-06T17:33:59.496264+00:00
3954494,年輕樓齡 大積三房近地鐵,深水埗,樂意居,7880000,644,3,1,喜居物業(欽州街舖),https://i1.28hse.com/2026/08/202608010357425251059_thumb.jpg,https://www.28hse.com/buy/apartment/property-3954494,2026-08-06T17:33:59.496264+00:00
3953634,▷罕有𝟯房𝟱𝟬𝟮' 大單邊◁【三英大廈】平地電梯 開揚市景 鄰近太子,深水埗,三英大廈,4020000,502,3,1,駿輝地產專業有限公司,https://i1.28hse.com/2026/07/202607311556486346803_thumb.jpg,https://www.28hse.com/buy/apartment/property-3953634,2026-08-06T17:33:59.496264+00:00
3952842,深水埗地鐵站步行1分鐘 平地電梯已換新 做學生宿舍 簡樸房收租回報極高,深水埗,協興大廈,3000000,546,3,3,喜居物業(旺角舖),https://i1.28hse.com/2026/07/202607302002565389378_thumb.jpg,https://www.28hse.com/buy/apartment/property-3952842,2026-08-06T17:33:59.496264+00:00
3952251,深水埗唐楼,深水埗,北河街131號,3680000,558,3,,港龙地产,https://i1.28hse.com/2026/07/202607301517238498234_thumb.jpg,https://www.28hse.com/buy/apartment/property-3952251,2026-08-06T17:33:59.496264+00:00
3952052,全新裝修 全新油油翻新 乾淨企理 鄰近地鐵站 交通方便,深水埗,金椽樓,3480000,360,2,1,駿輝地產世一有限公司,https://i1.28hse.com/2026/07/202607301344248775580_thumb.jpg,https://www.28hse.com/buy/apartment/property-3952052,2026-08-06T17:33:59.496264+00:00
3951956,"平地電梯, 已分間三個套房連租約放售, 收租每月13800",深水埗,鴻生大廈,2800000,391,3,3,新平輝置地,https://i1.28hse.com/2026/08/202608031423566467711_thumb.jpg,https://www.28hse.com/buy/apartment/property-3951956,2026-08-06T17:33:59.496264+00:00
3494478,石硤尾全新裝修2房洋樓 平地電梯 近地鐵站,深水埗,東廬大樓,3480000,509,2,1,富榮地產代理,https://i1.28hse.com/2025/10/202510072008198554041_thumb.jpg,https://www.28hse.com/buy/apartment/property-3494478,2026-08-06T17:33:59.496264+00:00
3951291,有露台唐5F出售,深水埗,唐樓,3080000,644,3,1,美居物業,https://i1.28hse.com/2026/07/202607291757153139101_thumb.jpg,https://www.28hse.com/buy/apartment/property-3951291,2026-08-06T17:33:59.496264+00:00
3951259,一房在手 天下我有 南昌站頂 財源長久,南昌,匯璽,8300000,362,1,1,美聯物業,https://i1.28hse.com/2026/07/202607291730303845808_thumb.jpg,https://www.28hse.com/buy/apartment/property-3951259,2026-08-06T17:33:59.496264+00:00
3951178,【$680萬收票】【開揚兩房】【有票盡試】,深水埗,景怡峰,7000000,403,2,,美聯物業代理有限公司,https://i1.28hse.com/2026/07/202607291713038480768_thumb.jpg,https://www.28hse.com/buy/apartment/property-3951178,2026-08-06T17:33:59.496264+00:00
3951005,『100$印花稅之選 平地電梯』靚裝自住放租都GOOD~,深水埗,金椽樓,3280000,360,2,1,駿輝地產投資有限公司,https://i1.28hse.com/2026/07/202607291559582303785_thumb.jpg,https://www.28hse.com/buy/apartment/property-3951005,2026-08-06T17:33:59.496264+00:00
3950956,開揚市景 旺中帶靜 可以約睇,深水埗,景怡峰,7200000,423,2,1,中原地產-泓景臺分行,https://i1.28hse.com/2026/07/202607291535235068904_thumb.jpg,https://www.28hse.com/buy/apartment/property-3950956,2026-08-06T17:33:59.496264+00:00
3840213,高層靚裝兩房，投資自住首選,深水埗,正輝大樓,3650000,463,2,1,鴻發地產物業,https://i1.28hse.com/2026/05/202605081656127919555_thumb.jpg,https://www.28hse.com/buy/apartment/property-3840213,2026-08-06T17:33:59.496264+00:00
3950601,【7分鐘石硤尾站1站九龍塘】【可試$698萬有票儘傾】【來電即睇】【高層大露台】,深水埗,景怡峰,7200000,423,2,,中原地產-長沙灣映築分行,https://i1.28hse.com/2026/07/202607291154598801830_thumb.jpg,https://www.28hse.com/buy/apartment/property-3950601,2026-08-06T17:33:59.496264+00:00
3950216,三房 极開揚 投資首選 收租回報高,深水埗,南昌一號,7380000,418,3,1,嘉威地產,https://i1.28hse.com/2026/07/202607281938582282209_thumb.jpg,https://www.28hse.com/buy/apartment/property-3950216,2026-08-06T17:33:59.496264+00:00
3950198,「真實盤源•還價即成」激荀1房，歡迎約睇,深水埗,丰滙,5480000,362,1,1,香港置業,https://i1.28hse.com/2026/07/202607281930412264222_thumb.jpg,https://www.28hse.com/buy/apartment/property-3950198,2026-08-06T17:33:59.496264+00:00
3866315,"超平唐樓4/f＼＼收租8,000＼＼細冧心＼＼沒有電梯",深水埗,唐樓,2100000,364,2,1,駿輝地產投資有限公司,/assets/img/loadingphoto170_125.jpg,https://www.28hse.com/buy/apartment/property-3866315,2026-08-06T17:33:59.496264+00:00
3949952,【$680萬收票】【開揚兩房】【有票盡試】,深水埗,景怡峰,7000000,403,2,,美聯物業代理有限公司,https://i1.28hse.com/2026/07/202607281738392609440_thumb.jpg,https://www.28hse.com/buy/apartment/property-3949952,2026-08-06T17:33:59.496264+00:00
3949771,✬✬筍筍筍 平地電梯洋樓 三面單邊 呎價平平 方便約睇✬✬,深水埗,三英大廈,4020000,502,3,,千億物業 長沙灣分行,https://i1.28hse.com/2026/07/202607281632554433609_thumb.jpg,https://www.28hse.com/buy/apartment/property-3949771,2026-08-06T17:33:59.496264+00:00
3949618,**罕有靚裝+獨家代理【 建文大廈 ~ 連特色980呎平台】**全新裝修未試過*,深水埗,建文大廈,5780000,452,2,1,駿輝地產建榮有限公司,https://i1.28hse.com/2026/07/20260728152357287618_thumb.jpg,https://www.28hse.com/buy/apartment/property-3949618,2026-08-06T17:33:59.496264+00:00
3949557,"高層2房, 開揚景觀",深水埗,曉尚,7280000,425,2,1,喜居物業(欽州街舖),https://i1.28hse.com/2026/07/20260728145813566380_thumb.jpg,https://www.28hse.com/buy/apartment/property-3949557,2026-08-06T17:33:59.496264+00:00
3949543,"深水埗地鐵站,平地𨋢，全新裝修，2房，即買即住，有匙",深水埗,東盧大廈,4380000,510,2,1,家旺物業,https://i1.28hse.com/2026/07/202607281450535363962_thumb.jpg,https://www.28hse.com/buy/apartment/property-3949543,2026-08-06T17:33:59.496264+00:00
3949332,共2間一次睇[相熟業主]近太子 平地電梯 大廈已維修 3房 收租自住一流,深水埗,嘉匯大廈,3270000,417,2,1,九龍地產代理有限公司,https://i1.28hse.com/2026/07/202607282223327703782_thumb.jpg,https://www.28hse.com/buy/apartment/property-3949332,2026-08-06T17:33:59.496264+00:00
3949318,✿✿筍筍筍 唐樓價買平地電梯洋樓 還價即成✿✿,深水埗,東廬大樓,2980000,449,2,,千億物業,https://i1.28hse.com/2026/07/20260728124031359738_thumb.jpg,https://www.28hse.com/buy/apartment/property-3949318,2026-08-06T17:33:59.496264+00:00
3949023,"〖 廳大房大 〗〖梗廚,有露台〗。東南方向又開陽。。",深水埗,景怡峰,7200000,423,2,,中原地產代理有限公司,https://i1.28hse.com/2026/07/202607272210421928787_thumb.jpg,https://www.28hse.com/buy/apartment/property-3949023,2026-08-06T17:33:59.496264+00:00
3948722,實用三房 平地電梯 交吉有匙,深水埗,嘉匯大廈,3300000,417,3,1,晉達地產代理有限公司,https://i1.28hse.com/2026/07/202607271749125615988_thumb.jpg,https://www.28hse.com/buy/apartment/property-3948722,2026-08-06T17:33:59.496264+00:00
3948456,"有匙> 唐樓, 開揚景觀, 3房大則",深水埗,唐樓,3100000,580,3,1,喜居物業(欽州街舖),https://i1.28hse.com/2026/07/20260727160232754166_thumb.jpg,https://www.28hse.com/buy/apartment/property-3948456,2026-08-06T17:33:59.496264+00:00
3948443,"即約即睇大單邊, 大大間兩房, 一買即住 !!! 快者得 。",深水埗,海天大樓,2700000,474,2,1,宇晴地產,https://i1.28hse.com/2026/07/202607271602172300324_thumb.jpg,https://www.28hse.com/buy/apartment/property-3948443,2026-08-06T17:33:59.496264+00:00
3948231,【750萬開揚兩房】業主急走【有票必有驚喜】,深水埗,愛海頌,7800000,507,2,1,美聯物業代理有限公司,https://i1.28hse.com/2026/07/202607271424168004868_thumb.jpg,https://www.28hse.com/buy/apartment/property-3948231,2026-08-06T17:33:59.496264+00:00
3948212,大型屋苑，有匙即睇 !!! 少有放盤 !! 一次介紹多間,深水埗,丰滙,5500000,362,1,1,宇晴地產,https://i1.28hse.com/2026/07/202607271420385820052_thumb.jpg,https://www.28hse.com/buy/apartment/property-3948212,2026-08-06T17:33:59.496264+00:00
3948206,32年樓平地電梯，房大廳大，快者得 !!!!!! 即約即睇,深水埗,普陞閣,3880000,376,2,1,宇晴地產,https://i1.28hse.com/2026/07/202607271419034716578_thumb.jpg,https://www.28hse.com/buy/apartment/property-3948206,2026-08-06T17:33:59.496264+00:00
3872568,上車靓靓盤，平地電梯，超筍3房洋樓,深水埗,樂意居,7880000,644,3,1,高盛地產,https://i1.28hse.com/2026/08/202608031245348174909_thumb.jpg,https://www.28hse.com/buy/apartment/property-3872568,2026-08-06T17:33:59.496264+00:00
3948039,【720萬最平兩房】【筍盤即走】【近南昌站】,深水埗,傲凱,7600000,455,2,1,美聯物業代理有限公司,https://i1.28hse.com/2026/07/202607271240001353722_thumb.jpg,https://www.28hse.com/buy/apartment/property-3948039,2026-08-06T17:33:59.496264+00:00
3862172,汝州街唐樓7/F 2房多窗 交吉,深水埗,唐樓,2600000,654,2,1,安泰物業,https://i1.28hse.com/2026/05/20260525125354651823_thumb.jpg,https://www.28hse.com/buy/apartment/property-3862172,2026-08-06T17:33:59.496264+00:00
3947724,《 * 海景 3房 * 靚裝修 》 平讓割愛,深水埗,West Park,8000000,493,2,1,香港置業,https://i1.28hse.com/2026/07/202607262045516149858_thumb.jpg,https://www.28hse.com/buy/apartment/property-3947724,2026-08-06T17:33:59.496264+00:00
3947642,【700萬再傾】兩房 實用 約睇只此一間,深水埗,南昌一號,7000000,365,2,,美聯物業代理有限公司,https://i1.28hse.com/2026/07/20260726192253108122_thumb.jpg,https://www.28hse.com/buy/apartment/property-3947642,2026-08-06T17:33:59.496264+00:00
3947450,靚裝修 2房2廳 非常開揚 冷氣大堂 3分鍾地鐵,深水埗,新輝大廈,3380000,397,2,1,18物業有限公司,https://i1.28hse.com/2026/07/202607261749542766081_thumb.jpg,https://www.28hse.com/buy/apartment/property-3947450,2026-08-06T17:33:59.496264+00:00
3947209,"全新放盤，近太子地鐵，三面大單邊,高層開揚3房二廳,約睇",深水埗,三英大廈,4280000,485,3,1,家旺物業,https://i1.28hse.com/2026/07/202607261608493340113_thumb.jpg,https://www.28hse.com/buy/apartment/property-3947209,2026-08-06T17:33:59.496264+00:00
3946834,業主急售！668萬！5分鐘地鐵站！,深水埗,景怡峰,7000000,485,2,,美聯物業代理有限公司,https://i1.28hse.com/2026/07/202607252206303265041_thumb.jpg,https://www.28hse.com/buy/apartment/property-3946834,2026-08-06T17:33:59.496264+00:00
3946828,【極罕1房】【可試538萬有票儘傾】【核心地段收租超4厘】【5分鐘南昌站】,深水埗,丰滙,5600000,362,1,,中原地產-長沙灣映築分行,https://i1.28hse.com/2026/07/202607252146096643644_thumb.jpg,https://www.28hse.com/buy/apartment/property-3946828,2026-08-06T17:33:59.496264+00:00
3946675,太子站5分鐘平地電梯，冷氣大堂，單邊多窗，誠意出貨可傾價約睇,深水埗,三英大廈,4300000,485,3,1,家旺物業,https://i1.28hse.com/2026/07/202607251834165583487_thumb.jpg,https://www.28hse.com/buy/apartment/property-3946675,2026-08-06T17:33:59.496264+00:00
3946661,25/7*實盤 新鴻基站上蓋 收租自住皆宜*必走,南昌,匯璽,8300000,362,1,,美聯物業,https://i1.28hse.com/2026/07/20260725183030288317_thumb.jpg,https://www.28hse.com/buy/apartment/property-3946661,2026-08-06T17:33:59.496264+00:00
3945445,#急走收租唐樓 全新豪裝三間房 年收租可達$21萬,深水埗,單幢樓房,3500000,431,3,3,廣信地產顧問有限公司,https://i1.28hse.com/2026/07/20260724191526743801_thumb.jpg,https://www.28hse.com/buy/apartment/property-3945445,2026-08-06T17:33:59.496264+00:00
3945011,"10%首期27年樓，只需12xxx,就可擁有市區大房大廳，實用三房",石硤尾,單幢樓房,7890000,644,3,1,鴻發地產物業,https://i1.28hse.com/2026/07/202607241615344885230_thumb.jpg,https://www.28hse.com/buy/apartment/property-3945011,2026-08-06T17:33:59.496264+00:00
3945002,"投資首選, 租金高回報",南昌,匯璽,8500000,379,1,1,美聯物業代理有限公司,https://i1.28hse.com/2026/07/202607241611532511955_thumb.jpg,https://www.28hse.com/buy/apartment/property-3945002,2026-08-06T17:33:59.496264+00:00
3944934,"投資首選, 租金高回報",南昌,匯璽,8300000,362,1,1,美聯物業代理有限公司,https://i1.28hse.com/2026/07/202607241544308114684_thumb.jpg,https://www.28hse.com/buy/apartment/property-3944934,2026-08-06T17:33:59.496264+00:00
3944845,高層 特色🩵客廳出露台 秒到深水埗地鐵站,深水埗,恆發大廈,3980000,351,2,1,千億物業 長沙灣分行,https://i1.28hse.com/2026/07/202607241516245245214_thumb.jpg,https://www.28hse.com/buy/apartment/property-3944845,2026-08-06T17:33:59.496264+00:00
3944779,業主急售 14年樓 有會所 1房2廳2露台、可間2房,深水埗,景怡峰,6100000,395,1,1,鴻發地產物業,https://i1.28hse.com/2026/07/202607241445474305118_thumb.jpg,https://www.28hse.com/buy/apartment/property-3944779,2026-08-06T17:33:59.496264+00:00
3944672,"10%首期27年樓，只需12xxx,就可擁有市區大房大廳，實用三房",深水埗,樂意居,7890000,644,3,1,鴻發地產物業,https://i1.28hse.com/2026/07/202607241347501252950_thumb.jpg,https://www.28hse.com/buy/apartment/property-3944672,2026-08-06T17:33:59.496264+00:00
3944604,"收租神器,7厘回報",深水埗,福星樓,2950000,398,2,2,富榮地產代理,https://i1.28hse.com/2026/07/202607241310108396657_thumb.jpg,https://www.28hse.com/buy/apartment/property-3944604,2026-08-06T17:33:59.496264+00:00
3944576,3房，中高層，自住收租一流，呎價吸引，6分鐘到太子站,深水埗,長興樓,3880000,483,3,1,家旺物業 彌敦道分行,https://i1.28hse.com/2026/07/202607241254436930294_thumb.jpg,https://www.28hse.com/buy/apartment/property-3944576,2026-08-06T17:33:59.496264+00:00
3944554,難得大一房 可改兩房 高層開揚 有對流通爽,深水埗,景怡峰,6380000,395,1,1,鴻發地產物業,https://i1.28hse.com/2026/07/202607241235456565820_thumb.jpg,https://www.28hse.com/buy/apartment/property-3944554,2026-08-06T17:33:59.496264+00:00
3944134,【平地電梯 用家靚裝】業主忍痛割愛 旺中帶靜~,深水埗,金椽樓,3280000,360,2,1,駿輝地產投資有限公司,https://i1.28hse.com/2026/07/202607232051498887428_thumb.jpg,https://www.28hse.com/buy/apartment/property-3944134,2026-08-06T17:33:59.496264+00:00
3944118,罕有27年 3房 高層靚則 還價即成,深水埗,樂意居,7980000,644,3,1,富榮地產代理,https://i1.28hse.com/2026/07/202607232039424775883_thumb.jpg,https://www.28hse.com/buy/apartment/property-3944118,2026-08-06T17:33:59.496264+00:00
3943195,5分半鐘到地鐵站！實用靚則！罕有梗廚！單邊窗光猛！可兩房,深水埗,景怡峰,6150000,395,2,1,鴻發地產物業,https://i1.28hse.com/2026/07/20260723140934438882_thumb.jpg,https://www.28hse.com/buy/apartment/property-3943195,2026-08-06T17:33:59.496264+00:00
3942743,【南昌站頂】【可試$828萬有票儘傾】【即買即收租】【回報超4%】【來電儘傾】,南昌,匯璽,8550000,362,1,,中原地產-長沙灣映築分行,https://i1.28hse.com/2026/07/202607222312082986197_thumb.jpg,https://www.28hse.com/buy/apartment/property-3942743,2026-08-06T17:33:59.496264+00:00
3942578,"超平唐樓6/f＼＼$3,7XX＼＼細冧心＼＼沒有電梯",深水埗,唐樓,2750000,738,3,1,駿輝地產投資有限公司,https://i1.28hse.com/2026/07/20260722193149874666_thumb.jpg,https://www.28hse.com/buy/apartment/property-3942578,2026-08-06T17:33:59.496264+00:00
3942246,《5分鐘太子站》開揚市景梗廚兩房!歡迎來電約睇!,深水埗,景怡峰,7200000,423,2,1,中原地產代理有限公司,https://i1.28hse.com/2026/07/202607221715545869907_thumb.jpg,https://www.28hse.com/buy/apartment/property-3942246,2026-08-06T17:33:59.496264+00:00
1583061,[減價盤] 投資自住罕有市區實用大單位,深水埗,樂意居,7890000,644,3,1,星光地產投資有限公司,https://i1.28hse.com/2026/07/202607220648434540605_thumb.jpg,https://www.28hse.com/buy/apartment/property-1583061,2026-08-06T17:33:59.496264+00:00
3941399,業主急售！668萬！5分鐘地鐵站！,深水埗,景怡峰,7000000,485,2,,美聯物業代理有限公司,https://i1.28hse.com/2026/07/202607212224468150763_thumb.jpg,https://www.28hse.com/buy/apartment/property-3941399,2026-08-06T17:33:59.496264+00:00
3941397,【780萬】實盤三房約睇 還價即成,深水埗,West Park,8000000,493,2,1,美聯物業代理有限公司,https://i1.28hse.com/2026/07/202607212223107770638_thumb.jpg,https://www.28hse.com/buy/apartment/property-3941397,2026-08-06T17:33:59.496264+00:00
3941380,【7分鐘石硤尾站1站九龍塘】【可試$698萬有票儘傾】【來電即睇】【高層大露台】,深水埗,景怡峰,7200000,423,2,,中原地產-長沙灣映築分行,https://i1.28hse.com/2026/07/202607212202204231701_thumb.jpg,https://www.28hse.com/buy/apartment/property-3941380,2026-08-06T17:33:59.496264+00:00
3941371,【可試750萬有票儘傾】【6分鐘南昌站海景3房】【即買即收租】【回報超4%】,深水埗,West Park,8000000,493,3,,中原地產代理有限公司,https://i1.28hse.com/2026/07/202607212151527056030_thumb.jpg,https://www.28hse.com/buy/apartment/property-3941371,2026-08-06T17:33:59.496264+00:00
3941347,獨家筍盤，有票盡傾，大廳大房間隔實用,深水埗,景怡峰,5980000,396,1,1,珀麗物業有限公司,https://i1.28hse.com/2026/07/202607212118386453578_thumb.jpg,https://www.28hse.com/buy/apartment/property-3941347,2026-08-06T17:33:59.496264+00:00
3941276,北河街樂意居3房2廳放售,深水埗,樂意居,7980000,644,3,1,喜居物業(欽州街舖),https://i1.28hse.com/2026/07/202607211946162178444_thumb.jpg,https://www.28hse.com/buy/apartment/property-3941276,2026-08-06T17:33:59.496264+00:00
3941165,「真實盤源•還價即成」激荀2房，歡迎約睇,深水埗,海珀,7480000,474,2,1,香港置業,https://i1.28hse.com/2026/07/2026072118360357370_thumb.jpg,https://www.28hse.com/buy/apartment/property-3941165,2026-08-06T17:33:59.496264+00:00
3941001,高層 大單邊 3房 洋樓筍過唐樓,深水埗,三英大廈,4020000,502,3,,千億物業 旺角分行,https://i1.28hse.com/2026/08/20260805200050230439_thumb.jpg,https://www.28hse.com/buy/apartment/property-3941001,2026-08-06T17:33:59.496264+00:00
3940988,"平地電梯(2部),回報達7厘起,!!只有一間!!",深水埗,龍華大廈,4518000,629,3,1,晉聯地產(太子),https://i1.28hse.com/2026/07/202607211728377898187_thumb.jpg,https://www.28hse.com/buy/apartment/property-3940988,2026-08-06T17:33:59.496264+00:00
3940856,"*寧靜方便大單邊,開陽三房可四房,三邊多窗*兩部平地新電梯,已大維修,現在再維修",深水埗,龍華大廈,4500000,629,3,1,晉聯地產(太子),https://i1.28hse.com/2026/07/202607211617592508854_thumb.jpg,https://www.28hse.com/buy/apartment/property-3940856,2026-08-06T17:33:59.496264+00:00
3940674,罕有出賣 1梯兩伙 3房積 高層開揚 平地電梯,深水埗,樂意居,7980000,644,3,1,18物業有限公司,https://i1.28hse.com/2026/07/202607211520185236481_thumb.jpg,https://www.28hse.com/buy/apartment/property-3940674,2026-08-06T17:33:59.496264+00:00
3940590,南昌站頂 最平一房 上車投資收租一流 搵我至著數！,南昌,匯璽,7800000,363,1,1,利嘉閣地產有限公司,https://i1.28hse.com/2026/07/202607211428211235021_thumb.jpg,https://www.28hse.com/buy/apartment/property-3940590,2026-08-06T17:33:59.496264+00:00
3940548,27年 3房開陽 少有放盤 旺中帶靜 自住投資首選,深水埗,樂意居,7880000,644,3,1,高盛地產,https://i1.28hse.com/2026/07/202607251309303044069_thumb.jpg,https://www.28hse.com/buy/apartment/property-3940548,2026-08-06T17:33:59.496264+00:00
3816600,超筍盤 高層靚景 山景2房 東南座向,深水埗,景怡峰,6930000,484,2,1,鴻發地產物業,https://i1.28hse.com/2026/04/202604201225588909220_thumb.jpg,https://www.28hse.com/buy/apartment/property-3816600,2026-08-06T17:33:59.496264+00:00
3939600,大積兩房 開揚山景 鄰近地鐵 寧靜實用,深水埗,景怡峰,6950000,484,2,1,鴻發地產物業,https://i1.28hse.com/2026/07/20260720160013526222_thumb.jpg,https://www.28hse.com/buy/apartment/property-3939600,2026-08-06T17:33:59.496264+00:00
3939542,"平地電梯, 三間套房,可睇樓,可交吉, 投資收租或裝修自用也可",深水埗,東廬大樓,2750000,429,3,3,新平輝置地,https://i1.28hse.com/2026/08/202608052147234929363_thumb.jpg,https://www.28hse.com/buy/apartment/property-3939542,2026-08-06T17:33:59.496264+00:00
3939523,建文大廈,深水埗,建文大廈,5780000,542,2,1,萬橋地產有限公司,https://i1.28hse.com/2026/07/202607201455418209621_thumb.jpg,https://www.28hse.com/buy/apartment/property-3939523,2026-08-06T17:33:59.496264+00:00
3939352,罕有3房，筍價放售,深水埗,樂意居,7880000,644,3,1,高盛地產,https://i1.28hse.com/2026/07/202607251308314178261_thumb.jpg,https://www.28hse.com/buy/apartment/property-3939352,2026-08-06T17:33:59.496264+00:00
3939131,太子金椽樓，步行至地鐵站大約5分鐘，即買即住,深水埗,金椽樓,3280000,360,2,,駿輝地產建榮有限公司,https://i1.28hse.com/2026/07/202607200138128823793_thumb.jpg,https://www.28hse.com/buy/apartment/property-3939131,2026-08-06T17:33:59.496264+00:00
3939028,【$670萬收票】【開揚兩房】【有票盡試】,深水埗,景怡峰,7000000,403,2,,美聯物業代理有限公司,https://i1.28hse.com/2026/07/202607192120422303558_thumb.jpg,https://www.28hse.com/buy/apartment/property-3939028,2026-08-06T17:33:59.496264+00:00
3939020,《實價實盤，實用兩房，開揚光猛，可約睇樓》,深水埗,景怡峰,7200000,423,2,1,中原地產-碧海藍天分行,https://i1.28hse.com/2026/07/202607192105552578326_thumb.jpg,https://www.28hse.com/buy/apartment/property-3939020,2026-08-06T17:33:59.496264+00:00
3938853,單邉多窗，低層唐樓,深水埗,唐樓,4600000,871,3,2,高盛地產,https://i1.28hse.com/2026/07/202607191840247595921_thumb.jpg,https://www.28hse.com/buy/apartment/property-3938853,2026-08-06T17:33:59.496264+00:00
3938725,有匙即睇！2房梗廚明火！高展開揚！東南光猛！有高級會所！見票即收！,深水埗,景怡峰,7180000,423,2,1,鴻發地產物業,https://i1.28hse.com/2026/07/20260719173158721673_thumb.jpg,https://www.28hse.com/buy/apartment/property-3938725,2026-08-06T17:33:59.496264+00:00
3938558,✮✮絕對實盤 17年樓齡 業主換樓急售，方便約睇✮✮,深水埗,喜居,4780000,365,2,,千億物業 長沙灣分行,https://i1.28hse.com/2026/07/202607191608246523386_thumb.jpg,https://www.28hse.com/buy/apartment/property-3938558,2026-08-06T17:33:59.496264+00:00
3937921,獨家銀行估到價✿高層單邊✿近地鐵有裝修✿間隔實用✿業主換樓✿即睇,深水埗,新榮大樓,3050000,370,2,1,九龍地產代理有限公司,https://i1.28hse.com/2026/07/20260718230834486582_thumb.jpg,https://www.28hse.com/buy/apartment/property-3937921,2026-08-06T17:33:59.496264+00:00
3824824,太子洋樓 印花稅只需$100 已大維修及已換電梯,深水埗,榮華樓,3980000,540,2,1,富榮地產代理,https://i1.28hse.com/2026/04/202604262022232763059_thumb.jpg,https://www.28hse.com/buy/apartment/property-3824824,2026-08-06T17:33:59.496264+00:00
3937085,即睇太子7分鐘 高層2房 寧靜 梗廚 有泳池會所,深水埗,景怡峰,6280000,396,2,1,九龍地產代理有限公司,https://i1.28hse.com/2026/08/202608051255004318880_thumb.jpg,https://www.28hse.com/buy/apartment/property-3937085,2026-08-06T17:33:59.496264+00:00
3487972,近南昌 大兩房大廳 已換新電梯,深水埗,華興大樓,3300000,435,2,1,恒龍地產,https://i1.28hse.com/2025/06/202506282130451797229_thumb.jpg,https://www.28hse.com/buy/apartment/property-3487972,2026-08-06T17:33:59.496264+00:00
3936909,收租$15000 劏房 平地電梯 近地鐵,深水埗,鴻益大廈,3680000,501,3,3,恒龍地產,https://i1.28hse.com/2026/07/202607181251358813512_thumb.jpg,https://www.28hse.com/buy/apartment/property-3936909,2026-08-06T17:33:59.496264+00:00
3936699,近深水埗站 三房大厅 平地电梯 新装修,深水埗,福安樓,3200000,423,3,,祥利地產,https://i1.28hse.com/2026/07/202607180758138148991_thumb.jpg,https://www.28hse.com/buy/apartment/property-3936699,2026-08-06T17:33:59.496264+00:00
3936197,黃金大廈 | 罕有放盤｜385呎實呎一房一廳｜零距離地鐵｜全開揚靚採光,深水埗,黃金大廈,3800000,385,1,1,億卓公司,https://i1.28hse.com/2026/07/202607171817503940984_thumb.jpg,https://www.28hse.com/buy/apartment/property-3936197,2026-08-06T17:33:59.496264+00:00
3935869,*筍到癲 33年樓 萬鬆一尺 手快有 手慢無*,深水埗,普陞閣,3880000,376,2,1,廣信地產顧問有限公司,https://i1.28hse.com/2026/07/202607171648423387181_thumb.jpg,https://www.28hse.com/buy/apartment/property-3935869,2026-08-06T17:33:59.496264+00:00
3935794,► 2房特高樓底◄ ☞景觀開揚☜ ➚即約,深水埗,愛海頌,7900000,474,2,2,美聯物業代理有限公司,https://i1.28hse.com/2026/07/202607171620321426211_thumb.jpg,https://www.28hse.com/buy/apartment/property-3935794,2026-08-06T17:33:59.496264+00:00
3935474,"【VR/圖則】大2房,極高層,電梯,保安,南昌/深水埗站",深水埗,華登大廈,3300000,593,2,1,小村置業有限公司,https://i1.28hse.com/2026/07/20260717142135591013_thumb.jpg,https://www.28hse.com/buy/apartment/property-3935474,2026-08-06T17:33:59.496264+00:00
3935438,超筍：單邊高層，平地電梯，可做3房，無限想像，鄰近地鐵,深水埗,明珠大樓,3800000,565,3,1,廣信地產顧問有限公司,/assets/img/loadingphoto170_125.jpg,https://www.28hse.com/buy/apartment/property-3935438,2026-08-06T17:33:59.496264+00:00
3818856,減價510 》450。曲尺大單邊，多窗，平地電梯x 2，已更換電梯，已做大廈維修,深水埗,龍華大廈,4500000,629,3,1,鴻發地產物業,https://i1.28hse.com/2026/04/202604212326063746783_thumb.jpg,https://www.28hse.com/buy/apartment/property-3818856,2026-08-06T17:33:59.496264+00:00
3935040,【可試580萬】【隨時約睇】【鄰近南昌站最平2房】,深水埗,南昌一號,6400000,366,2,1,美聯物業代理有限公司,https://i1.28hse.com/2026/07/202607170056517094015_thumb.jpg,https://www.28hse.com/buy/apartment/property-3935040,2026-08-06T17:33:59.496264+00:00
3934797,【$680萬再傾】【兩房梗廚！有票再有驚喜】,深水埗,景怡峰,6800000,423,2,1,美聯物業代理有限公司,https://i1.28hse.com/2026/07/202607301021481177660_thumb.jpg,https://www.28hse.com/buy/apartment/property-3934797,2026-08-06T17:33:59.496264+00:00
3934700,【獨家】【有裝修】【無走廊兩房】【可約睇】,深水埗,愛海頌,7900000,474,2,1,美聯物業代理有限公司,https://i1.28hse.com/2026/07/202607161913288830722_thumb.jpg,https://www.28hse.com/buy/apartment/property-3934700,2026-08-06T17:33:59.496264+00:00
3934605,收租自住皆筍！有樓睇！有價傾！大膽衝擊！立馬約睇！大量高質筍盤等你速詢！,南昌,匯璽,7780000,363,1,,中原地產,https://i1.28hse.com/2026/07/202607161801113565747_thumb.jpg,https://www.28hse.com/buy/apartment/property-3934605,2026-08-06T17:33:59.496264+00:00
3934471,"罕有單邊多窗,東南三房,",深水埗,恆成大廈,5800000,717,3,1,晉聯地產(太子),https://i1.28hse.com/2026/07/202607161715328079260_thumb.jpg,https://www.28hse.com/buy/apartment/property-3934471,2026-08-06T17:33:59.496264+00:00
3934193,九龍市區！超荀梗廚2房！民生成熟 普陞閣！靜中帶旺！平地電梯！8分鐘，雙站優勢！,深水埗,普陞閣,3880000,376,2,1,利嘉閣地產有限公司,https://i1.28hse.com/2026/07/202607161514458053550_thumb.jpg,https://www.28hse.com/buy/apartment/property-3934193,2026-08-06T17:33:59.496264+00:00
3933711,【可試680萬】【鄰近南昌站】【有票有得傾】,深水埗,傲凱,7600000,455,2,1,美聯物業代理有限公司,https://i1.28hse.com/2026/07/20260715235121892106_thumb.jpg,https://www.28hse.com/buy/apartment/property-3933711,2026-08-06T17:33:59.496264+00:00
3933669,實實在在，即時約睇，有票盡傾！樓先生,深水埗,傲凱,7600000,455,2,,中原地產-美孚3期B組,https://i1.28hse.com/2026/07/20260715224723234786_thumb.jpg,https://www.28hse.com/buy/apartment/property-3933669,2026-08-06T17:33:59.496264+00:00
3933663,真盤 業主Firm賣 貼估價 景觀開陽 間隔實用 可以約睇樓,南昌,匯璽,8300000,362,1,,中原地產,https://i1.28hse.com/2026/07/202607152239557571236_thumb.jpg,https://www.28hse.com/buy/apartment/property-3933663,2026-08-06T17:33:59.496264+00:00
3933015,新裝平地電梯大2房，大單邊多窗！,深水埗,東廬大樓,4360000,510,2,1,鴻發地產物業,https://i1.28hse.com/2026/07/20260715154623220915_thumb.jpg,https://www.28hse.com/buy/apartment/property-3933015,2026-08-06T17:33:59.496264+00:00
3932935,$100印花稅！3分半鐘到地鐵站！管理好,深水埗,東廬大樓,3150000,429,2,1,鴻發地產物業,https://i1.28hse.com/2026/07/202607151519387856586_thumb.jpg,https://www.28hse.com/buy/apartment/property-3932935,2026-08-06T17:33:59.496264+00:00
3932842,極度罕有 三房靚裝連大平台 種花養寵物一流 太子站6分鐘,深水埗,雙喜大廈,5990000,710,3,1,富榮地產代理,https://i1.28hse.com/2026/07/20260715142931421967_thumb.jpg,https://www.28hse.com/buy/apartment/property-3932842,2026-08-06T17:33:59.496264+00:00
3932815,「真實盤源•帶票睇樓」激荀 1房，歡迎約睇,南昌,匯璽,8200000,357,1,1,香港置業,https://i1.28hse.com/2026/07/202607151414441703186_thumb.jpg,https://www.28hse.com/buy/apartment/property-3932815,2026-08-06T17:33:59.496264+00:00
3932592,超荀盤，重建收購機會高。,深水埗,唐樓,2600000,609,3,1,億家物業,https://i1.28hse.com/2026/07/202607151138551098164_thumb.jpg,https://www.28hse.com/buy/apartment/property-3932592,2026-08-06T17:33:59.496264+00:00
3819388,業主急賣 1分鐘地鐵站 平地電梯 2房梗廚 多窗光猛,石硤尾,仁寶大廈,4800000,410,2,1,鴻發地產物業,https://i1.28hse.com/2026/08/202608042302357408623_thumb.jpg,https://www.28hse.com/buy/apartment/property-3819388,2026-08-06T17:33:59.496264+00:00
3932500,獨家 開揚靚景 收租王 匯璽850萬 睇樓call 陳生 [REDACTED],南昌,匯璽,8500000,350,1,,買樓易,https://i1.28hse.com/2026/07/202607150938497800330_thumb.jpg,https://www.28hse.com/buy/apartment/property-3932500,2026-08-06T17:33:59.496264+00:00
3932476,【$750萬盡試】兩房筍盤【有票即收】,深水埗,愛海頌,7780000,490,2,1,美聯物業代理有限公司,https://i1.28hse.com/2026/07/202607150342103899859_thumb.jpg,https://www.28hse.com/buy/apartment/property-3932476,2026-08-06T17:33:59.496264+00:00
3932447,南昌站7分鐘距離，一站往返高鐵站，14分鐘直達福田，三站直達中環,深水埗,愛海頌,7950000,499,2,,中原地產-南昌分行A組,https://i1.28hse.com/2026/07/202607150019161547180_thumb.jpg,https://www.28hse.com/buy/apartment/property-3932447,2026-08-06T17:33:59.496264+00:00
3931928,筍價洋樓，约睇,深水埗,明珠大樓,3800000,565,2,1,高盛地產,/assets/img/loadingphoto170_125.jpg,https://www.28hse.com/buy/apartment/property-3931928,2026-08-06T17:33:59.496264+00:00
3931483,$100印花稅，三房@6xxx呎！抵住，近太子站,深水埗,昌明大廈,3950000,584,3,1,鴻發地產物業,https://i1.28hse.com/2026/07/202607151237592698376_thumb.jpg,https://www.28hse.com/buy/apartment/property-3931483,2026-08-06T17:33:59.496264+00:00
3931011,【550萬睇岩再傾】【蝕讓求出貨】【大一房】,深水埗,丰滙,5500000,362,1,1,美聯物業代理有限公司,https://i1.28hse.com/2026/07/202607132147133955651_thumb.jpg,https://www.28hse.com/buy/apartment/property-3931011,2026-08-06T17:33:59.496264+00:00
3579982,✦✦兩房平地電梯，高回報✦✦,深水埗,嘉匯大廈,3980000,502,2,,千億物業 太子分行,https://i1.28hse.com/2025/09/202509181711174744439_thumb.jpg,https://www.28hse.com/buy/apartment/property-3579982,2026-08-06T17:33:59.496264+00:00
3930937,近鐵大一房【有票有得傾】,深水埗,丰滙,5500000,362,1,,中原地產-美孚3期B組,https://i1.28hse.com/2026/07/202607131947484662307_thumb.jpg,https://www.28hse.com/buy/apartment/property-3930937,2026-08-06T17:33:59.496264+00:00
3930758,【新榮大樓】業主平賣 裝修企理 多窗開揚 歡迎約睇,深水埗,新榮大樓,3250000,370,3,1,駿輝地產世一有限公司,https://i1.28hse.com/2026/07/202607131803381472546_thumb.jpg,https://www.28hse.com/buy/apartment/property-3930758,2026-08-06T17:33:59.496264+00:00
3930714,高層無敵球場景 超豪裝近太子站3房 喵星球天堂,深水埗,園景大廈,7500000,583,3,1,廣信地產顧問有限公司,https://i1.28hse.com/2026/07/202607131745191226450_thumb.jpg,https://www.28hse.com/buy/apartment/property-3930714,2026-08-06T17:33:59.496264+00:00
3930643,"方正實用 ,最平海景兩房,廳大房大,換樓推介,歡迎預約",深水埗,愛海頌,8000000,505,2,,美聯物業,https://i1.28hse.com/2026/07/202607131716054230198_thumb.jpg,https://www.28hse.com/buy/apartment/property-3930643,2026-08-06T17:33:59.496264+00:00
3930636,全新裝修益用家［金橡樓］八分鐘地鐵站 高層開陽 有匙即睇,深水埗,金椽樓,3480000,360,2,1,駿輝地產國際有限公司,https://i1.28hse.com/2026/07/202607281909412495604_thumb.jpg,https://www.28hse.com/buy/apartment/property-3930636,2026-08-06T17:33:59.496264+00:00
3930623,"方正實用 ,最平海景兩房,廳大房大,換樓推介,歡迎預約",深水埗,愛海頌,8000000,505,2,,美聯物業,https://i1.28hse.com/2026/07/202607131709375551755_thumb.jpg,https://www.28hse.com/buy/apartment/property-3930623,2026-08-06T17:33:59.496264+00:00
3929826,➽➽7000一尺平地電梯洋樓，2年前全新裝修，即買即賺➽➽,深水埗,昌遠大廈,3500000,456,3,,千億物業 深水埗分行,https://i1.28hse.com/2026/07/202607130043241802350_thumb.jpg,https://www.28hse.com/buy/apartment/property-3929826,2026-08-06T17:33:59.496264+00:00
3820706,"福華街,唐四樓,近桂林街,三分鐘到地鐵站口！",深水埗,,2680000,435,3,3,富華地產,https://i1.28hse.com/2026/04/202604261756305159002_thumb.jpg,https://www.28hse.com/buy/apartment/property-3820706,2026-08-06T17:33:59.496264+00:00
3837106,"中層兩房,廳大房大,投資必選",深水埗,黃金大廈,4080000,385,2,1,富居地產有限公司,https://i1.28hse.com/2026/05/202605151519301053852_thumb.jpg,https://www.28hse.com/buy/apartment/property-3837106,2026-08-06T17:33:59.496264+00:00
3929293,丰汇!东北大1房！罕有1房！超荀咪走寶！2.8米高楼底！交吉可看！8分钟南昌站!,深水埗,丰滙,5500000,362,1,1,利嘉閣地產有限公司,https://i1.28hse.com/2026/07/202607121608063423707_thumb.jpg,https://www.28hse.com/buy/apartment/property-3929293,2026-08-06T17:33:59.496264+00:00
3929243,獨家!收購重地!!! ! 快者得 ，大大間!!! 即約即睇 !!!,深水埗,唐樓,2580000,560,2,1,宇晴地產,https://i1.28hse.com/2026/07/202607121545448637969_thumb.jpg,https://www.28hse.com/buy/apartment/property-3929243,2026-08-06T17:33:59.496264+00:00
3929204,"*真盤源*匙盤即睇,362呎,極荀超大則一房,15xxx呎價,業主誠意出售.",深水埗,丰滙,5500000,362,1,,利嘉閣地產有限公司,https://i1.28hse.com/2026/07/202607121527247602699_thumb.jpg,https://www.28hse.com/buy/apartment/property-3929204,2026-08-06T17:33:59.496264+00:00
3929136,【$628萬再傾！劈一球！半新樓兩房半●有票再有驚喜】,深水埗,南昌一號,6400000,366,2,1,美聯物業代理有限公司,https://i1.28hse.com/2026/07/202607121448348600307_thumb.jpg,https://www.28hse.com/buy/apartment/property-3929136,2026-08-06T17:33:59.496264+00:00
3929024,業主急售！678萬！5分鐘地鐵站！,深水埗,景怡峰,7000000,485,2,,美聯物業代理有限公司,https://i1.28hse.com/2026/07/20260712170039985104_thumb.jpg,https://www.28hse.com/buy/apartment/property-3929024,2026-08-06T17:33:59.496264+00:00
3928541,"2房單位, 上車之選",深水埗,南昌一號,6500000,364,2,,中原地產-泓景臺分行,https://i1.28hse.com/2026/07/202607111922485063335_thumb.jpg,https://www.28hse.com/buy/apartment/property-3928541,2026-08-06T17:33:59.496264+00:00
3928479,"高層,有裝修,荀盤",深水埗,利德昌大廈,4080000,375,2,1,利嘉閣地產有限公司,https://i1.28hse.com/2026/07/202607111850053277616_thumb.jpg,https://www.28hse.com/buy/apartment/property-3928479,2026-08-06T17:33:59.496264+00:00
3927329,【800萬】兩房有露台 即走,深水埗,愛海頌,8000000,487,2,,美聯物業代理有限公司,https://i1.28hse.com/2026/07/202607221743542060580_thumb.jpg,https://www.28hse.com/buy/apartment/property-3927329,2026-08-06T17:33:59.496264+00:00
3927245,實盤放售 投資即買即收租 1梯1伙 私穩度極高 送你天台觀星賞月 自在人生,深水埗,巴域閣,3880000,372,2,1,華美國際集團,https://i1.28hse.com/2026/07/202607102227043644835_thumb.jpg,https://www.28hse.com/buy/apartment/property-3927245,2026-08-06T17:33:59.496264+00:00
3926743,2房大單位 有裝修近地鐵站,深水埗,黃金大廈,4500000,385,2,1,高盛地產,https://i1.28hse.com/2026/07/202607111601126161261_thumb.jpg,https://www.28hse.com/buy/apartment/property-3926743,2026-08-06T17:33:59.496264+00:00
3828399,已做大維修，大單邊邊～即買即收租～平地電梯兩部（新）有保安， 3分鐘到港鐵站,深水埗,冠奇大廈,3980000,512,3,3,達成地產,https://i1.28hse.com/2026/04/202604300316417165216_thumb.jpg,https://www.28hse.com/buy/apartment/property-3828399,2026-08-06T17:33:59.496264+00:00
3807287,"平地電梯,六分鐘太子站,100印花,每呎8XXX.",深水埗,楓華樓,3500000,397,2,1,富榮地產代理,https://i1.28hse.com/2026/04/202604121539586248584_thumb.jpg,https://www.28hse.com/buy/apartment/property-3807287,2026-08-06T17:33:59.496264+00:00
3882791,文海樓,深水埗,文海樓,4980000,588,2,1,高翔地產,https://i1.28hse.com/2026/07/202607220742245041318_thumb.jpg,https://www.28hse.com/buy/apartment/property-3882791,2026-08-06T17:33:59.496264+00:00
3925792,【$750萬盡試】兩房筍盤【有票即收】,深水埗,愛海頌,7780000,490,2,1,美聯物業代理有限公司,https://i1.28hse.com/2026/07/202607100028542860499_thumb.jpg,https://www.28hse.com/buy/apartment/property-3925792,2026-08-06T17:33:59.496264+00:00
3925786,有密碼即睇樓～有票有得傾*再有750都笑死人，呃人出去睇樓～睇愛海頌搵我長註在此,深水埗,愛海頌,8400000,505,2,1,利嘉閣地產有限公司,https://i1.28hse.com/2026/07/202607100011312815226_thumb.jpg,https://www.28hse.com/buy/apartment/property-3925786,2026-08-06T17:33:59.496264+00:00
3925768,靚裝修～業主自住，Keep得新淨，*真實盤源～^^我鋪在愛海頌 隨時幫忙！,深水埗,愛海頌,7700000,490,2,1,利嘉閣地產有限公司,https://i1.28hse.com/2026/07/202607092353404489981_thumb.jpg,https://www.28hse.com/buy/apartment/property-3925768,2026-08-06T17:33:59.496264+00:00
3925256,震撼價【晉嶺】極高層靚裝兩房 還價即成,深水埗,晉嶺,7350000,427,2,1,駿輝地產建榮有限公司,https://i1.28hse.com/2026/08/202608051922156013750_thumb.jpg,https://www.28hse.com/buy/apartment/property-3925256,2026-08-06T17:33:59.496264+00:00
3810583,【大單邊多窗】~高層開揚/間隔實用誠意出售業主移民 還價即成,深水埗,利德昌大廈,3800000,375,2,1,富榮地產代理,https://i1.28hse.com/2026/04/202604151233446166069_thumb.jpg,https://www.28hse.com/buy/apartment/property-3810583,2026-08-06T17:33:59.496264+00:00
3924237,1分鐘深水埗站 平地電梯 呎價6389 稍遜即逝 萬勿錯過!!!,深水埗,協興大廈,3380000,529,3,3,富榮地產代理,https://i1.28hse.com/2026/07/202607082350051066466_thumb.jpg,https://www.28hse.com/buy/apartment/property-3924237,2026-08-06T17:33:59.496264+00:00
3923962,【780萬】實用兩房 業主有意賣 可以睇樓,深水埗,海峯,8000000,507,2,,美聯物業代理有限公司,https://i1.28hse.com/2026/07/202607081851064639208_thumb.jpg,https://www.28hse.com/buy/apartment/property-3923962,2026-08-06T17:33:59.496264+00:00
3923955,海峰！極罕有市場唯一，西南2房！歡迎看！民生會所泳池齊全！3分鐘步行 深水埗站！,深水埗,海峯,8000000,507,2,1,利嘉閣地產有限公司,https://i1.28hse.com/2026/07/202607081843472778677_thumb.jpg,https://www.28hse.com/buy/apartment/property-3923955,2026-08-06T17:33:59.496264+00:00
3923891,九龍市區！超荀梗廚2房！民生成熟 普陞閣！靜中帶旺！平地電梯！8分鐘，雙站優勢！,深水埗,普陞閣,3880000,376,2,1,利嘉閣地產有限公司,https://i1.28hse.com/2026/07/20260716151031392240_thumb.jpg,https://www.28hse.com/buy/apartment/property-3923891,2026-08-06T17:33:59.496264+00:00
3923832,企理裝修 兩房 平地電梯 上車盤,深水埗,普陞閣,3880000,376,2,1,利嘉閣地產有限公司,https://i1.28hse.com/2026/07/202607161500174784778_thumb.jpg,https://www.28hse.com/buy/apartment/property-3923832,2026-08-06T17:33:59.496264+00:00
3923766,平地電梯，鄰近地鐵，超筍尺價，換樓首選,深水埗,協興大廈,3380000,529,3,3,廣信地產顧問有限公司,/assets/img/loadingphoto170_125.jpg,https://www.28hse.com/buy/apartment/property-3923766,2026-08-06T17:33:59.496264+00:00
3923683,✪✪無敵公園景 屋苑管理 大廈靚維修 3房巨廳 即買即賺✪✪,深水埗,嘉美中心,5500000,467,3,,千億物業 長沙灣分行,https://i1.28hse.com/2026/07/202607081710285245260_thumb.jpg,https://www.28hse.com/buy/apartment/property-3923683,2026-08-06T17:33:59.496264+00:00
3923525,【$750萬盡試】兩房筍盤【有票即收】,深水埗,愛海頌,7780000,490,2,1,美聯物業代理有限公司,https://i1.28hse.com/2026/07/202607081619221221265_thumb.jpg,https://www.28hse.com/buy/apartment/property-3923525,2026-08-06T17:33:59.496264+00:00
3923418,「急走、見票再傾」2房、廳大房大、換樓割愛！,深水埗,愛海頌,7700000,490,2,1,利嘉閣地產有限公司,https://i1.28hse.com/2026/07/202607081542481680096_thumb.jpg,https://www.28hse.com/buy/apartment/property-3923418,2026-08-06T17:33:59.496264+00:00
3810884,"交通超方便,實用3房大廳,大家庭首選",深水埗,正輝大樓,3680000,463,3,1,鴻發地產物業,https://i1.28hse.com/2026/04/202604151520284906228_thumb.jpg,https://www.28hse.com/buy/apartment/property-3810884,2026-08-06T17:33:59.496264+00:00
3923251,【$680萬】【蝕讓求出貨】【業主急走】,深水埗,景怡峰,6800000,403,2,1,美聯物業代理有限公司,https://i1.28hse.com/2026/07/202607081440463350886_thumb.jpg,https://www.28hse.com/buy/apartment/property-3923251,2026-08-06T17:33:59.496264+00:00
3794607,西洋北街界限街交界太子地鐵站3分鐘警察俱樂部對面開揚旺中帶靜合自住及投資平售,深水埗,園景大廈,7500000,583,3,1,富榮地產代理,https://i1.28hse.com/2026/04/202604021307412469258_thumb.jpg,https://www.28hse.com/buy/apartment/property-3794607,2026-08-06T17:33:59.496264+00:00
3834694,5分鐘太子地鐵站 ！有鎖匙 已做大廈維修升降機翻新,深水埗,長興樓,3800000,483,3,1,,https://i1.28hse.com/2026/05/202605042044265638121_thumb.jpg,https://www.28hse.com/buy/apartment/property-3834694,2026-08-06T17:33:59.496264+00:00
3922778,《東南光猛，梗廚兩房，實盤約睇，還價即成》,深水埗,景怡峰,7200000,423,2,1,中原地產-碧海藍天分行,https://i1.28hse.com/2026/07/202607080851086985681_thumb.jpg,https://www.28hse.com/buy/apartment/property-3922778,2026-08-06T17:33:59.496264+00:00
3922598,《東南開揚，兩房連儲物室，高層連露台，交吉出售》,深水埗,南昌一號,6500000,364,2,1,香港置業,https://i1.28hse.com/2026/07/20260707205237419325_thumb.jpg,https://www.28hse.com/buy/apartment/property-3922598,2026-08-06T17:33:59.496264+00:00
3800068,"樓下巴士站,太子地鐵,交通方便",深水埗,昌明大廈,3950000,583,3,1,富榮地產代理,https://i1.28hse.com/2026/04/202604161622245445528_thumb.jpg,https://www.28hse.com/buy/apartment/property-3800068,2026-08-06T17:33:59.496264+00:00
3920742,業主急賣 清靜兩房 靚裝 高層 光猛開揚,深水埗,景怡峰,6100000,396,2,1,鴻發地產物業,https://i1.28hse.com/2026/08/202608061324442229813_thumb.jpg,https://www.28hse.com/buy/apartment/property-3920742,2026-08-06T17:33:59.496264+00:00
3917717,【業主想賣】【有梗廚】【有景觀】【位置又好】【四正實用】【大型會所有泳池】,深水埗,愛海頌,7600000,485,2,,中原地產代理有限公司,https://i1.28hse.com/2026/07/202607041544484451371_thumb.jpg,https://www.28hse.com/buy/apartment/property-3917717,2026-08-06T17:33:59.496264+00:00
3916929,平地電梯＜友聯大樓＞,深水埗,友聯大樓,5480000,508,2,1,美居物業,https://i1.28hse.com/2026/07/202607040451206546699_thumb.jpg,https://www.28hse.com/buy/apartment/property-3916929,2026-08-06T17:33:59.496264+00:00
3817744,業主急賣 靚裝修2房大廳 2分鐘太子地鐵站,深水埗,恆順大樓,3800000,389,2,1,鴻發地產物業,https://i1.28hse.com/2026/05/202605231422133916970_thumb.jpg,https://www.28hse.com/buy/apartment/property-3817744,2026-08-06T17:33:59.496264+00:00
3916607,1分钟深水埗站 平地电梯 两房一厅可三房 全新装修,深水埗,涵碧樓,3700000,390,3,,祥利地產,https://i1.28hse.com/2026/07/202607031936205441482_thumb.jpg,https://www.28hse.com/buy/apartment/property-3916607,2026-08-06T17:33:59.496264+00:00
3848542,罕有放盤兩房大廳 多窗開揚 可三房,深水埗,鑽石樓,3280000,445,2,1,鴻發地產物業,https://i1.28hse.com/2026/05/20260514181839107268_thumb.jpg,https://www.28hse.com/buy/apartment/property-3848542,2026-08-06T17:33:59.496264+00:00
3833116,"靚則,可間4套房，回報可達9厘,L型單邊多窗,4分鐘到地鐵，單邊大廈收購率高",深水埗,恆成大廈,5700000,717,3,1,晉聯地產(太子),https://i1.28hse.com/2026/05/202605031806538636793_thumb.jpg,https://www.28hse.com/buy/apartment/property-3833116,2026-08-06T17:33:59.496264+00:00
3915112,【海景】【高層開揚】【有露台】【優質半新兩房】,深水埗,南昌一號,7100000,365,2,1,香港置業,https://i1.28hse.com/2026/07/202607030526024424571_thumb.jpg,https://www.28hse.com/buy/apartment/property-3915112,2026-08-06T17:33:59.496264+00:00
3914672,[共2間]新型海景3房 高層 可約睇【6分鐘南昌站 】【可試$788萬有票儘傾】,深水埗,West Park,7990000,493,3,1,九龍地產代理有限公司,https://i1.28hse.com/2026/07/202607021810431412219_thumb.jpg,https://www.28hse.com/buy/apartment/property-3914672,2026-08-06T17:33:59.496264+00:00
3665456,太子平地双电梯设计新装即买即住,深水埗,海祥大廈,5180000,404,2,1,家旺物業大埔道,https://i1.28hse.com/2025/12/202512051507013206047_thumb.jpg,https://www.28hse.com/buy/apartment/property-3665456,2026-08-06T17:33:59.496264+00:00
3913341,地鐵沿線，上車首選！全新未住過，拎包即入住！,深水埗,東廬大樓,4380000,510,2,1,中原地產-南昌分行B組,https://i1.28hse.com/2026/07/202607011846447253522_thumb.jpg,https://www.28hse.com/buy/apartment/property-3913341,2026-08-06T17:33:59.496264+00:00
3913235,少有3房大大間，高層光猛!!! 即約即睇 ，快者得,深水埗,東明樓,4180000,677,3,1,宇晴地產,https://i1.28hse.com/2026/07/202607011759393178036_thumb.jpg,https://www.28hse.com/buy/apartment/property-3913235,2026-08-06T17:33:59.496264+00:00
3843894,ღ太子三房大大件ღ【實盤約睇】廳大房大/間隔實用/交通便利,深水埗,豐寧樓,6450000,725,3,2,富榮地產代理,https://i1.28hse.com/2026/06/202606071621102877626_thumb.jpg,https://www.28hse.com/buy/apartment/property-3843894,2026-08-06T17:33:59.496264+00:00
3912190,連特色靚天台 近西九龍大型商場 政府合署 值得約睇,深水埗,南洋大廈,4300000,381,2,1,喜居物業-欽州街分店,https://i1.28hse.com/2026/06/202606302306033529270_thumb.jpg,https://www.28hse.com/buy/apartment/property-3912190,2026-08-06T17:33:59.496264+00:00
3912166,房大廳大 平地電梯 有匙即睇,深水埗,銀輝樓,3450000,383,2,1,喜居物業-欽州街分店,https://i1.28hse.com/2026/06/202606302239296356910_thumb.jpg,https://www.28hse.com/buy/apartment/property-3912166,2026-08-06T17:33:59.496264+00:00
3911822,地鐵上蓋，大型屋苑，大型商場,南昌,匯璽,7780000,363,1,,中原地產,https://i1.28hse.com/2026/06/20260630180504770858_thumb.jpg,https://www.28hse.com/buy/apartment/property-3911822,2026-08-06T17:33:59.496264+00:00
3410142,《實盤》即買即收租，高回報 即睇,深水埗,單幢樓房,4950000,720,3,3,高盛地產,https://i1.28hse.com/2026/04/202604011337508827103_thumb.jpg,https://www.28hse.com/buy/apartment/property-3410142,2026-08-06T17:33:59.496264+00:00
3911588,"熟業主,我口價一定最便",深水埗,丰滙,5500000,362,1,1,日豐地產公司,https://i1.28hse.com/2026/06/202606301629023921043_thumb.jpg,https://www.28hse.com/buy/apartment/property-3911588,2026-08-06T17:33:59.496264+00:00
3911408,三房超實用 5分鐘地鐵站,深水埗,唐樓,3480000,515,3,1,富榮地產代理,https://i1.28hse.com/2026/06/202606301501385730796_thumb.jpg,https://www.28hse.com/buy/apartment/property-3911408,2026-08-06T17:33:59.496264+00:00
3911323,原則未劏 ，巨房巨廳 大3房！交通方便,深水埗,慶豐大廈,3600000,506,3,,千億物業 長沙灣分行,https://i1.28hse.com/2026/06/20260630141600216542_thumb.jpg,https://www.28hse.com/buy/apartment/property-3911323,2026-08-06T17:33:59.496264+00:00
3911297,７１８兩房＂向南海景＂靚裝，實用，即睇,深水埗,海珀,7480000,474,2,1,香港置業,https://i1.28hse.com/2026/06/202606301356426403003_thumb.jpg,https://www.28hse.com/buy/apartment/property-3911297,2026-08-06T17:33:59.496264+00:00
3911203,環抱九龍市景 罕有梗廚明廁 $7.2M盡傾 搵我至著數！,深水埗,景怡峰,7200000,423,2,1,利嘉閣地產有限公司,https://i1.28hse.com/2026/06/202606301251341238918_thumb.jpg,https://www.28hse.com/buy/apartment/property-3911203,2026-08-06T17:33:59.496264+00:00
3911154,3房中層 巳換電梯,深水埗,文海樓,4180000,588,3,1,高盛地產,/assets/img/loadingphoto170_125.jpg,https://www.28hse.com/buy/apartment/property-3911154,2026-08-06T17:33:59.496264+00:00
3910684,"平地電梯,六分鐘太子站,雙lift,大堂靚仔",深水埗,嘉匯大廈,3500000,421,2,1,富榮地產代理,https://i1.28hse.com/2026/06/20260629185343782926_thumb.jpg,https://www.28hse.com/buy/apartment/property-3910684,2026-08-06T17:33:59.496264+00:00
3908809,Key & Youtube【北歐風格 ● 開揚園景 ● 寧靜小區】 東廬大樓,深水埗,東廬大樓,4380000,510,2,1,38地產代理有限公司,https://i1.28hse.com/2026/06/202606281214052016940_thumb.jpg,https://www.28hse.com/buy/apartment/property-3908809,2026-08-06T17:33:59.496264+00:00
3908188,秒到港鐡，開阳唐樓5/F,深水埗,利誠樓,2800000,521,2,1,高盛地產,https://i1.28hse.com/2026/06/202606271653025115992_thumb.jpg,https://www.28hse.com/buy/apartment/property-3908188,2026-08-06T17:33:59.496264+00:00
3908114,界限街 ～全新裝修（ 金椽樓）,深水埗,金椽樓,3380000,360,2,1,港威置業（青山道）,https://i1.28hse.com/2026/08/202608011256044831232_thumb.jpg,https://www.28hse.com/buy/apartment/property-3908114,2026-08-06T17:33:59.496264+00:00
3907854,"510呎,全新裝修,兩房大廳,曲尺窗,平地電梯,即買即住,地庫有停車場",深水埗,東廬大樓,4200000,510,2,,新平輝置地,https://i1.28hse.com/2026/06/202606271409517972423_thumb.jpg,https://www.28hse.com/buy/apartment/property-3907854,2026-08-06T17:33:59.496264+00:00
3736109,"全新靚裝。 可間3房,即約即睇,同區最平!投資自用一流!",深水埗,金椽樓,3480000,360,2,,港威置業（元州街）,https://i1.28hse.com/2026/07/202607220016306239543_thumb.jpg,https://www.28hse.com/buy/apartment/property-3736109,2026-08-06T17:33:59.496264+00:00
3582063,✫✫銀碼細細 電梯洋樓 業主恨賣 還價即成✫✫,深水埗,福星樓,2990000,398,2,,千億物業 長沙灣分行,https://i1.28hse.com/2026/06/202606281539241926554_thumb.jpg,https://www.28hse.com/buy/apartment/property-3582063,2026-08-06T17:33:59.496264+00:00
3318387,大1房有匙即睇~,深水埗,丰滙,5500000,362,1,1,日豐地產公司,https://i1.28hse.com/2026/06/202606261549474466996_thumb.jpg,https://www.28hse.com/buy/apartment/property-3318387,2026-08-06T17:33:59.496264+00:00
3905863,【南昌戲院大廈】超級實用 多窗光線充足 鄰近地鐵 歡迎約睇,石硤尾,南昌戲院大廈,3800000,435,3,1,駿輝地產世一有限公司,https://i1.28hse.com/2026/06/202606251904454008525_thumb.jpg,https://www.28hse.com/buy/apartment/property-3905863,2026-08-06T17:33:59.496264+00:00
3905805,「真實盤源·投資自住得宜」激荀2房,深水埗,愛海頌,7420000,496,2,1,香港置業,https://i1.28hse.com/2026/06/202606251844123766460_thumb.jpg,https://www.28hse.com/buy/apartment/property-3905805,2026-08-06T17:33:59.496264+00:00
3725099,細細件容易食租金回報極高,石硤尾,匯寶樓,2780000,562,3,3,千億物業 長沙灣分行,https://i1.28hse.com/2026/06/202606252058086233280_thumb.jpg,https://www.28hse.com/buy/apartment/property-3725099,2026-08-06T17:33:59.496264+00:00
3905748,新裝平地電梯大單邊多窗,深水埗,東盧大廈,4380000,510,2,1,家旺物業大埔道,https://i1.28hse.com/2026/06/202606251816427980091_thumb.jpg,https://www.28hse.com/buy/apartment/property-3905748,2026-08-06T17:33:59.496264+00:00
2749454,✧✧客廳、主人房雙露台 南北對流 ✧✧另有中層 499呎 放賣,深水埗,曉尚,6680000,423,2,,千億物業 長沙灣分行,https://i1.28hse.com/2024/07/202407171857076496339_thumb.jpg,https://www.28hse.com/buy/apartment/property-2749454,2026-08-06T17:33:59.496264+00:00
3905180,「真實盤源」 激荀 3房，歡迎約睇,深水埗,南昌一號,6480000,418,3,1,香港置業,https://i1.28hse.com/2026/06/202606251355527402236_thumb.jpg,https://www.28hse.com/buy/apartment/property-3905180,2026-08-06T17:33:59.496264+00:00
3904755,2房中層梗厨，位置靚，楼龄新。,深水埗,福年大廈,4450000,359,2,1,喜居物業(宇宙商場),https://i1.28hse.com/2026/06/202606242208035633888_thumb.jpg,https://www.28hse.com/buy/apartment/property-3904755,2026-08-06T17:33:59.496264+00:00
2887035,✦筍盤急走 近地鐵 高層 ✦✦,深水埗,榮利大廈,3990000,361,2,,千億物業 太子分行,https://i1.28hse.com/2023/12/202312141610401394826_thumb.jpg,https://www.28hse.com/buy/apartment/property-2887035,2026-08-06T17:33:59.496264+00:00
3903663,"近深水埗地鐵站 投資收租 有匙即約即睇筍價出售, 間隔四正, 實用率高",深水埗,唐樓,2580000,558,2,1,宇晴地產,https://i1.28hse.com/2026/06/202606241123052097994_thumb.jpg,https://www.28hse.com/buy/apartment/property-3903663,2026-08-06T17:33:59.496264+00:00
3903221,*特色雙連單位 [連355呎天台]~單邊多窗+平地電梯+歡迎約看*,深水埗,華邦大樓,5990000,578,3,1,廣信地產顧問有限公司,https://i1.28hse.com/2026/06/20260623182723919294_thumb.jpg,https://www.28hse.com/buy/apartment/property-3903221,2026-08-06T17:33:59.496264+00:00
3902740,罕有連平台500尺 已裝修即買即住,深水埗,唐樓,3980000,727,2,,達成物業,https://i1.28hse.com/2026/06/202606231512504504904_thumb.jpg,https://www.28hse.com/buy/apartment/property-3902740,2026-08-06T17:33:59.496264+00:00
3765354,"新放,無敵大單邊,無天井,球埸景,平地2部電梯,交吉實盤",深水埗,文海樓,4980000,588,3,1,富榮地產代理,https://i1.28hse.com/2026/03/202603091519312673544_thumb.jpg,https://www.28hse.com/buy/apartment/property-3765354,2026-08-06T17:33:59.496264+00:00
3901895,[8月更新][搵我們盡傾平] 實用三房 27年平地電梯 呎價僅12XXX罕有三房,深水埗,樂意居,7870000,644,3,1,九龍地產代理有限公司,https://i1.28hse.com/2026/07/202607260911565151299_thumb.jpg,https://www.28hse.com/buy/apartment/property-3901895,2026-08-06T17:33:59.496264+00:00
3816224,【利德昌大廈】**相熟業主**高層極方正2房**平地電梯!還價即成!,深水埗,利德昌大廈,3880000,375,2,1,駿輝地產置業有限公司,https://i1.28hse.com/2026/04/202604191919592631080_thumb.jpg,https://www.28hse.com/buy/apartment/property-3816224,2026-08-06T17:33:59.496264+00:00
3901704,"即睇高層開揚海景一覽無遺,交通便利",深水埗,南昌一號,7000000,366,2,1,九龍地產代理有限公司,https://i1.28hse.com/2026/07/202607241319464100337_thumb.jpg,https://www.28hse.com/buy/apartment/property-3901704,2026-08-06T17:33:59.496264+00:00
3812478,"獨家代理 >> 1分鐘到地鐵站,可三房,37年樓,罕有放盤",深水埗,祥賢大廈,4980000,394,2,1,港威置業（青山道）,https://i1.28hse.com/2026/04/202604161748228986134_thumb.jpg,https://www.28hse.com/buy/apartment/property-3812478,2026-08-06T17:33:59.496264+00:00
3901204,南昌一号/荀3房双铁优质/投资自住/约睇 Ivy 9I439959,深水埗,南昌一號,6480000,418,3,1,香港置業,https://i1.28hse.com/2026/06/202606221302355375370_thumb.jpg,https://www.28hse.com/buy/apartment/property-3901204,2026-08-06T17:33:59.496264+00:00
3900717,業主急售，還價即成，筍價唐4/F，约睇,深水埗,唐樓,2500000,577,3,1,高盛地產,https://i1.28hse.com/2026/06/202606211842345486055_thumb.jpg,https://www.28hse.com/buy/apartment/property-3900717,2026-08-06T17:33:59.496264+00:00
3515360,➽➽平地電梯，無敵公園景，四正2房，業主急放➽➽,深水埗,銀輝樓,3300000,383,2,,千億物業,https://i1.28hse.com/2025/08/202508051655446795077_thumb.jpg,https://www.28hse.com/buy/apartment/property-3515360,2026-08-06T17:33:59.496264+00:00
3900100,2房四正裝修乾濕分離 近地鐵站 交通便利,深水埗,嘉順大廈,4280000,400,2,1,九龍地產代理有限公司,https://i1.28hse.com/2026/07/202607181427508094228_thumb.jpg,https://www.28hse.com/buy/apartment/property-3900100,2026-08-06T17:33:59.496264+00:00
3808601,"【深水埗洋樓】熟業主 幫你盡傾 可收租22,000",深水埗,景怡峰,7200000,423,2,1,駿輝地產投資有限公司,https://i1.28hse.com/2026/07/202607251724345579389_thumb.jpg,https://www.28hse.com/buy/apartment/property-3808601,2026-08-06T17:33:59.496264+00:00
3899085,南昌站新樓，唔駛等，唔駛抽，仲有得睇現樓,深水埗,海珀,7480000,474,2,,香港置業,https://i1.28hse.com/2026/07/202607241618088153518_thumb.jpg,https://www.28hse.com/buy/apartment/property-3899085,2026-08-06T17:33:59.496264+00:00
3899037,筍盤 金椽樓 40萬靚裝2房 還價即成 KEY,深水埗,金椽樓,3480000,360,2,1,駿輝地產建榮有限公司,https://i1.28hse.com/2026/07/202607251525146462826_thumb.jpg,https://www.28hse.com/buy/apartment/property-3899037,2026-08-06T17:33:59.496264+00:00
3794566,近南昌西鐵站 大兩房大廳 多窗 平地電梯,深水埗,普陞閣,4480000,388,2,1,恒龍地產,https://i1.28hse.com/2026/04/202604031127488480018_thumb.jpg,https://www.28hse.com/buy/apartment/property-3794566,2026-08-06T17:33:59.496264+00:00
3897410,*高層開揚 廳大房大 三面窗 即買即住 平地電梯 有匙即睇*,深水埗,利德昌大廈,3780000,376,2,1,廣信地產顧問有限公司,https://i1.28hse.com/2026/06/202606191346464863503_thumb.jpg,https://www.28hse.com/buy/apartment/property-3897410,2026-08-06T17:33:59.496264+00:00
3896601,"【深水埗唐7樓】2房 / / 4,820元一尺 / / 收購地段",深水埗,唐樓,3350000,695,2,1,駿輝地產投資有限公司,https://i1.28hse.com/2026/06/2026061817044433594_thumb.jpg,https://www.28hse.com/buy/apartment/property-3896601,2026-08-06T17:33:59.496264+00:00
3896370,原裝3房，$100厘印費，銀行可按揭,深水埗,福華大廈,3800000,530,3,1,千億物業 長沙灣分行,https://i1.28hse.com/2026/06/202606181532035221818_thumb.jpg,https://www.28hse.com/buy/apartment/property-3896370,2026-08-06T17:33:59.496264+00:00
3896179,共3間一次睇[相熟業主]近太子 平地電梯 大廈已維修 3房 收租自住一流,深水埗,嘉匯大廈,3270000,417,2,1,九龍地產代理有限公司,https://i1.28hse.com/2026/07/202607031242157830657_thumb.jpg,https://www.28hse.com/buy/apartment/property-3896179,2026-08-06T17:33:59.496264+00:00
3896106,♡♡♡超筍價 業主自劈50萬 投資自住兩相宜♡♡♡,深水埗,金必多大廈,4980000,465,2,,千億物業 長沙灣分行,https://i1.28hse.com/2026/07/202607192330048016770_thumb.jpg,https://www.28hse.com/buy/apartment/property-3896106,2026-08-06T17:33:59.496264+00:00
3895626,13年樓 高層開揚 兩房露台,深水埗,景怡峰,7200000,423,2,1,富榮地產代理,https://i1.28hse.com/2026/06/202606171935476349053_thumb.jpg,https://www.28hse.com/buy/apartment/property-3895626,2026-08-06T17:33:59.496264+00:00
3895486,嘩~市區大一房 有鑰匙，即刻call我看樓,深水埗,丰滙,5500000,362,1,1,香港置業西九龍,https://i1.28hse.com/2026/06/202606171815504424331_thumb.jpg,https://www.28hse.com/buy/apartment/property-3895486,2026-08-06T17:33:59.496264+00:00
3895401,業主急走 有票即收 5年半新樓兩房,深水埗,愛海頌,7600000,490,2,1,香港置業西九龍,https://i1.28hse.com/2026/06/202606171747418024626_thumb.jpg,https://www.28hse.com/buy/apartment/property-3895401,2026-08-06T17:33:59.496264+00:00
3894217,32年樓平地電梯，房大廳大，快者得 !!!!!! 即約即睇,深水埗,普陞閣,3880000,376,2,1,宇晴地產,https://i1.28hse.com/2026/06/202606161944425833398_thumb.jpg,https://www.28hse.com/buy/apartment/property-3894217,2026-08-06T17:33:59.496264+00:00
3893262,銀輝樓2房大埔道放售,深水埗,銀輝樓,3450000,385,2,1,喜居物業-欽州街分店,https://i1.28hse.com/2026/06/202606161158162135930_thumb.jpg,https://www.28hse.com/buy/apartment/property-3893262,2026-08-06T17:33:59.496264+00:00
3596934,獨家盤＼＼大大間＼＼ 即買即收租＼＼歡迎查詢,深水埗,新榮大樓,3050000,370,2,1,駿輝地產投資有限公司,https://i1.28hse.com/2026/03/202603160902272963024_thumb.jpg,https://www.28hse.com/buy/apartment/property-3596934,2026-08-06T17:33:59.496264+00:00
3892541,"【$100印花稅】平地電梯,高層多窗,都係6400一呎,間3個套房,可租2萬左右",深水埗,百祥大樓,3300000,515,3,3,富榮地產代理,https://i1.28hse.com/2026/06/202606211241205327290_thumb.jpg,https://www.28hse.com/buy/apartment/property-3892541,2026-08-06T17:33:59.496264+00:00
3891858,四正实用开扬,深水埗,正輝大樓,4300000,463,2,1,家旺物業大埔道,https://i1.28hse.com/2026/06/202606151117591942951_thumb.jpg,https://www.28hse.com/buy/apartment/property-3891858,2026-08-06T17:33:59.496264+00:00
3803578,實盤【南昌中心】364呎2房 市場最後100蚊厘印 有票即收 投資自住皆可,深水埗,南昌中心,4000000,357,2,1,駿輝地產專業有限公司,https://i1.28hse.com/2026/04/202604091620038185173_thumb.jpg,https://www.28hse.com/buy/apartment/property-3803578,2026-08-06T17:33:59.496264+00:00
3891168,單位新淨企理 有匙即睇,深水埗,丰滙,5680000,362,1,1,利嘉閣地產有限公司,https://i1.28hse.com/2026/06/202606141641415070763_thumb.jpg,https://www.28hse.com/buy/apartment/property-3891168,2026-08-06T17:33:59.496264+00:00
3890961,3房收租$2xxxx,深水埗,龍華大廈,3980000,452,3,3,高盛地產,/assets/img/loadingphoto170_125.jpg,https://www.28hse.com/buy/apartment/property-3890961,2026-08-06T17:33:59.496264+00:00
1229236,✶✶✶稀有放盤 2房 投資自住均可✶✶✶,深水埗,喜居,4800000,365,2,,千億物業,https://i1.28hse.com/2022/08/20220809174015104564_thumb.jpg,https://www.28hse.com/buy/apartment/property-1229236,2026-08-06T17:33:59.496264+00:00
3889579,【南昌戲院大廈】**相熟業主**$8xxx/呎!真3房!平地電梯!5分鐘生活圈,石硤尾,南昌戲院大廈,3800000,435,3,1,駿輝地產置業有限公司,https://i1.28hse.com/2026/06/202606131524386127886_thumb.jpg,https://www.28hse.com/buy/apartment/property-3889579,2026-08-06T17:33:59.496264+00:00
3889428,Youtube【巨廳大房 ● 可橺3房 ● 旺中帶靜】銀輝樓,深水埗,銀輝樓,3450000,383,2,1,38地產代理有限公司,https://i1.28hse.com/2026/06/202606221336471050018_thumb.jpg,https://www.28hse.com/buy/apartment/property-3889428,2026-08-06T17:33:59.496264+00:00
2373961,翠綠山景 高層 通爽！大廈已維修 全場最筍！,深水埗,太子中心,5980000,533,2,1,千億物業 太子分行,https://i1.28hse.com/2025/03/202503101928583940332_thumb.jpg,https://www.28hse.com/buy/apartment/property-2373961,2026-08-06T17:33:59.496264+00:00
3889196,❀❀100%實盤，全城最筍，四正實用❀❀,深水埗,南昌中心,3980000,366,2,,千億物業 長沙灣分行,https://i1.28hse.com/2026/06/202606131824078817888_thumb.jpg,https://www.28hse.com/buy/apartment/property-3889196,2026-08-06T17:33:59.496264+00:00
3888091,✿✿石硤尾旺中帶靜地段，9成按揭首選，即call即睇✿✿,石硤尾,南昌戲院大廈,3800000,435,3,,千億物業 太子分行,https://i1.28hse.com/2026/06/202606121642031760005_thumb.jpg,https://www.28hse.com/buy/apartment/property-3888091,2026-08-06T17:33:59.496264+00:00
3887128,【實價超值選】愛海頌高實用兩房｜非一般低層景觀！開揚樹景、間隔四正 換樓首選,深水埗,愛海頌,8000000,490,2,1,中原地產代理有限公司,https://i1.28hse.com/2026/06/202606112330202396094_thumb.jpg,https://www.28hse.com/buy/apartment/property-3887128,2026-08-06T17:33:59.496264+00:00
3886760,阿Sa實盤～雅裝中層 ｜全屋品味裝修｜開揚市景｜還價即成！,深水埗,一號九龍道,8100000,442,2,,美聯物業代理有限公司,https://i1.28hse.com/2026/06/202606111831523537083_thumb.jpg,https://www.28hse.com/buy/apartment/property-3886760,2026-08-06T17:33:59.496264+00:00
3886715,♔ ♔ ♔【園景大廈】相熟業主,深水埗,園景大廈,7500000,583,3,1,駿輝地產發展有限公司,https://i1.28hse.com/2026/06/202606111817481584467_thumb.jpg,https://www.28hse.com/buy/apartment/property-3886715,2026-08-06T17:33:59.496264+00:00
3752044,"2房開揚山景，實盤可睇,僅此一間",深水埗,景怡峰,7680000,484,2,2,鴻發地產物業,https://i1.28hse.com/2026/02/202602271445574676255_thumb.jpg,https://www.28hse.com/buy/apartment/property-3752044,2026-08-06T17:33:59.496264+00:00
3788554,1分鐘地鐵，超筍實用2房，投資首選!,石硤尾,仁寶大廈,3200000,396,2,1,鴻發地產物業,https://i1.28hse.com/2026/03/202603272322513418132_thumb.jpg,https://www.28hse.com/buy/apartment/property-3788554,2026-08-06T17:33:59.496264+00:00
3885401,"*太子罕有品味三房連592尺大平台,三邊窗,寧靜方便,已大維修,兩部新電梯",深水埗,雙喜大廈,5800000,710,3,1,晉聯地產(太子),https://i1.28hse.com/2026/06/202606241550396624384_thumb.jpg,https://www.28hse.com/buy/apartment/property-3885401,2026-08-06T17:33:59.496264+00:00
3885047,廳大房大 間隔實用 經濟之選 交通方便,深水埗,嘉寶大廈,2680000,357,2,1,宇晴地產,https://i1.28hse.com/2026/06/20260610165351296727_thumb.jpg,https://www.28hse.com/buy/apartment/property-3885047,2026-08-06T17:33:59.496264+00:00
3885018,減完再減！急！急！高層 多窗 大單邊 光猛 南北對流,深水埗,恒興大廈,3650000,368,2,,千億物業 長沙灣分行,https://i1.28hse.com/2026/06/202606101639154087047_thumb.jpg,https://www.28hse.com/buy/apartment/property-3885018,2026-08-06T17:33:59.496264+00:00
3884359,"$780萬再傾, 兩房筍盤",深水埗,愛海頌,7800000,505,2,1,樸特地有限公司,https://i1.28hse.com/2026/07/202607031743371127856_thumb.jpg,https://www.28hse.com/buy/apartment/property-3884359,2026-08-06T17:33:59.496264+00:00
3883969,【近地鐵站𝟯房】♡ 東南上車靚樓/間隔實用/歡迎約睇♡,石硤尾,南昌戲院大廈,3800000,435,3,1,富榮地產代理,https://i1.28hse.com/2026/06/202606091832584794037_thumb.jpg,https://www.28hse.com/buy/apartment/property-3883969,2026-08-06T17:33:59.496264+00:00
3883483,福華街唐樓 ~ 林生,深水埗,唐樓,2380000,381,2,1,陽光物業/穗禾地產,https://i1.28hse.com/2026/06/202606111217424446921_thumb.jpg,https://www.28hse.com/buy/apartment/property-3883483,2026-08-06T17:33:59.496264+00:00
3704770,100蚊厘印^_^核心地段！即買即收租,深水埗,南昌中心,3980000,357,2,1,千億物業,https://i1.28hse.com/2026/01/202601111325231588914_thumb.jpg,https://www.28hse.com/buy/apartment/property-3704770,2026-08-06T17:33:59.496264+00:00
3798655,筍盤出售！有票有驚喜,深水埗,嘉匯大廈,3600000,417,3,1,千億物業,https://i1.28hse.com/2026/06/202606121526423788470_thumb.jpg,https://www.28hse.com/buy/apartment/property-3798655,2026-08-06T17:33:59.496264+00:00
3882412,「急讓 潛力地段 博收購首選」已間3套房 交吉放售 有匙可睇,深水埗,唐樓,3300000,635,3,3,廣信地產顧問有限公司,https://i1.28hse.com/2026/06/202606081726527195596_thumb.jpg,https://www.28hse.com/buy/apartment/property-3882412,2026-08-06T17:33:59.496264+00:00
3882154,估價足 豪華大堂會所 地點方便 大1房好夠用 東南向,深水埗,丰滙,5680000,362,1,1,利嘉閣地產有限公司,https://i1.28hse.com/2026/06/202606081603397927593_thumb.jpg,https://www.28hse.com/buy/apartment/property-3882154,2026-08-06T17:33:59.496264+00:00
3882113,2房梗廚露台齊哂~跟足估價~,深水埗,愛海頌,7900000,506,2,1,日豐地產公司,https://i1.28hse.com/2026/06/202606081551275673331_thumb.jpg,https://www.28hse.com/buy/apartment/property-3882113,2026-08-06T17:33:59.496264+00:00
3447114,真心放賣~最近成交熾熱~有層數之下最後800萬以下,深水埗,愛海頌,7990000,505,2,1,日豐地產公司,https://i1.28hse.com/2026/03/202603151738241203894_thumb.jpg,https://www.28hse.com/buy/apartment/property-3447114,2026-08-06T17:33:59.496264+00:00
3881211,市區特平高層洋樓，可3房，平至每呎6900餘元。,深水埗,新榮大樓,3050000,425,2,1,帝庭地產公司,https://i1.28hse.com/2026/06/202606071851425948889_thumb.jpg,https://www.28hse.com/buy/apartment/property-3881211,2026-08-06T17:33:59.496264+00:00
3734633,✩3房單邊太子站呎價平 ✩✩,深水埗,恆成大廈,5700000,717,3,,千億物業 太子分行,https://i1.28hse.com/2026/03/20260331182316207833_thumb.jpg,https://www.28hse.com/buy/apartment/property-3734633,2026-08-06T17:33:59.496264+00:00
3671442,"新放,200米到港鐵站,3面單邊,罕有放盤,交吉",深水埗,康寶大廈,3620000,358,2,1,富榮地產代理,https://i1.28hse.com/2025/12/202512131811262302496_thumb.jpg,https://www.28hse.com/buy/apartment/property-3671442,2026-08-06T17:33:59.496264+00:00
3307683,"【豐寧樓】三房兩廳猛企, 光猛開揚, 間隔企離, 5分鐘到太子站",深水埗,豐寧樓,6480000,725,3,2,鴻利物業代理有限公司,https://i1.28hse.com/2026/07/2026070419200281529_thumb.jpg,https://www.28hse.com/buy/apartment/property-3307683,2026-08-06T17:33:59.496264+00:00
3808349,【利德昌大廈】深水埗高層兩房！罕有平呎價企理多窗！已做基本維修，平地電梯！,深水埗,利德昌大廈,4080000,375,2,1,駿輝地產有限公司,https://i1.28hse.com/2026/04/202604131534472119738_thumb.jpg,https://www.28hse.com/buy/apartment/property-3808349,2026-08-06T17:33:59.496264+00:00
3701262,荀【平房連車位】罕有細單位連租約,又一村,雅麗苑,6650000,415,2,1,鴻利物業代理有限公司,https://i1.28hse.com/2026/01/202601081534311913130_thumb.jpg,https://www.28hse.com/buy/apartment/property-3701262,2026-08-06T17:33:59.496264+00:00
3963181,【業主放血蝕讓】翠綠山景！5星級會所！5分鐘到地鐵站！,何文田,何文田山畔,7280000,369,1,1,新港地產代理有限公司,https://i1.28hse.com/2026/08/202608070029457801808_thumb.jpg,https://www.28hse.com/buy/apartment/property-3963181,2026-08-06T17:33:59.496264+00:00
3963051,[華欣閣] 何文田3房 ***近培正名校網34 鐵路優勢 投資自住皆 有匙即看,何文田,華欣閣,5280000,364,3,1,駿輝地產置業有限公司,https://i1.28hse.com/2026/08/202608062129503183402_thumb.jpg,https://www.28hse.com/buy/apartment/property-3963051,2026-08-06T17:33:59.496264+00:00
3962277,何文田華欣閣高層出售,何文田,華欣閣,5280000,364,3,1,金國置業,https://i1.28hse.com/2026/08/20260806145744577243_thumb.jpg,https://www.28hse.com/buy/apartment/property-3962277,2026-08-06T17:33:59.496264+00:00
2844427,34名校網 高層2房連天台 多窗光猛開揚 罕有放售,何文田,怡景大廈,6750000,465,2,1,富榮地產代理,https://i1.28hse.com/2026/05/202605181243067832334_thumb.jpg,https://www.28hse.com/buy/apartment/property-2844427,2026-08-06T17:33:59.496264+00:00
3962021,何文田 窩打老道山 文運道 德信園 至筍呎價 兩房可改三房,何文田,德信園,8200000,651,2,,中原地產,https://www.28hse.com/assets/img/vr_default_pic.jpg,https://www.28hse.com/buy/apartment/property-3962021,2026-08-06T17:33:59.496264+00:00
3961879,"何文田34小學校網, 鄰近商場生活及交通配套完善",何文田,君逸山,7600000,482,2,1,中原地產,https://i1.28hse.com/2026/08/202608061104274451064_thumb.jpg,https://www.28hse.com/buy/apartment/property-3961879,2026-08-06T17:33:59.496264+00:00
3960789,何文田34名校網近旺角東 黃金荀盤！全新豪華靚裝修大兩房一廳 即買即住 即約看！,何文田,金富大廈,5680000,445,2,1,廣信地產顧問有限公司,https://i1.28hse.com/2026/08/202608051451568374044_thumb.jpg,https://www.28hse.com/buy/apartment/property-3960789,2026-08-06T17:33:59.496264+00:00
3959881,..….「 何文田山 」.…補貼自主裝修費～～平售……..泳池網球場…..,何文田,嘉輝台,7500000,689,3,1,栢聯物業有限公司,https://i1.28hse.com/2026/08/202608041754052795095_thumb.jpg,https://www.28hse.com/buy/apartment/property-3959881,2026-08-06T17:33:59.496264+00:00
3959243,何文田山 泳池 網球場 平售,何文田,嘉輝台,7500000,689,3,1,港城物業代理有限公司,https://i1.28hse.com/2026/08/202608041332393085805_thumb.jpg,https://www.28hse.com/buy/apartment/property-3959243,2026-08-06T17:33:59.496264+00:00
3957746,歡迎約睇 34校網 樓齡新 可以做足九成按揭 收租自住皆宜,何文田,君逸山,7300000,482,2,,中原地產代理有限公司,https://i1.28hse.com/2026/08/202608031400037142180_thumb.jpg,https://www.28hse.com/buy/apartment/property-3957746,2026-08-06T17:33:59.496264+00:00
3557257,【100%真實盤何文田站 全屋苑最高質一房 上車筍盤】年輕人首選 投資自住!!,何文田,何文田山畔,7000000,369,1,1,世紀21領先置業代理,https://i1.28hse.com/2026/02/202602251618445923603_thumb.jpg,https://www.28hse.com/buy/apartment/property-3557257,2026-08-06T17:33:59.496264+00:00
3955830,業主急售 還價即成,何文田,嘉輝台,7500000,689,3,,美聯物業代理有限公司,https://i1.28hse.com/2026/08/202608012235584716939_thumb.jpg,https://www.28hse.com/buy/apartment/property-3955830,2026-08-06T17:33:59.496264+00:00
3955735,朗賢峯 Onmantin 一房388呎 靜望山景 直通何文田港鐵站,何文田,朗賢峯,8200000,388,1,,美聯物業代理有限公司,https://i1.28hse.com/2026/08/202608012042303869240_thumb.jpg,https://www.28hse.com/buy/apartment/property-3955735,2026-08-06T17:33:59.496264+00:00
3954938,何文田站上蓋 朗賢峯,何文田,朗賢峯,8280000,388,1,,美聯物業代理有限公司,https://i1.28hse.com/2026/08/202608011418098767127_thumb.jpg,https://www.28hse.com/buy/apartment/property-3954938,2026-08-06T17:33:59.496264+00:00
3954518,執筍貨 記得帶票 何文田星級會所屋苑 特大一房一廳 銀行估凸價 有匙即睇,何文田,何文田山畔,7080000,381,1,1,新港地產代理有限公司,https://i1.28hse.com/2026/08/202608010818248332644_thumb.jpg,https://www.28hse.com/buy/apartment/property-3954518,2026-08-06T17:33:59.496264+00:00
3829701,"何文田, 太平道 二房細型屋苑. 大厦已翻新更换全新電梯.",何文田,富威花園,5490000,352,2,1,志富地產,https://i1.28hse.com/2026/07/202607312257017316086_thumb.jpg,https://www.28hse.com/buy/apartment/property-3829701,2026-08-06T17:33:59.496264+00:00
3649071,何文田34校網近地鐵 雅裝高層二房 有匙 筍,何文田,富威花園,5490000,352,2,1,富旺地產代理有限公司,https://i1.28hse.com/2026/06/20260623100938184530_thumb.jpg,https://www.28hse.com/buy/apartment/property-3649071,2026-08-06T17:33:59.496264+00:00
3951105,9/F on 9 Peace Aveune = Double the Luck,何文田,富臨閣,6300000,425,2,1,,https://i1.28hse.com/2026/07/20260729163704881131_thumb.jpg,https://www.28hse.com/buy/apartment/property-3951105,2026-08-06T17:33:59.496264+00:00
3949694,特色兩房連天台 34校網 相熟業主 還價即成【德信園】致電約睇,何文田,德信園,6800000,583,2,1,駿輝地產皓譽有限公司,https://i1.28hse.com/2026/07/202607281601384800337_thumb.jpg,https://www.28hse.com/buy/apartment/property-3949694,2026-08-06T17:33:59.496264+00:00
3949468,【德信園】34校網 豪裝2房加工人房 還價即成 KEY,何文田,德信園,6800000,583,2,1,駿輝地產建榮有限公司,https://i1.28hse.com/2026/07/202607281417005252440_thumb.jpg,https://www.28hse.com/buy/apartment/property-3949468,2026-08-06T17:33:59.496264+00:00
3948557,何文田精緻大一房 罕有梗廚,何文田,One Homantin,7500000,372,1,1,美聯物業代理有限公司,https://i1.28hse.com/2026/07/202607271648041257856_thumb.jpg,https://www.28hse.com/buy/apartment/property-3948557,2026-08-06T17:33:59.496264+00:00
3947581,有匙即睇，一口價，正東南，靚景，豪宅之中最筍的一間，有買快手！馬上約睇，勿走寶！,何文田,何文田山畔,6900000,381,1,1,世紀21領先置業代理,https://i1.28hse.com/2026/07/202607261847075747875_thumb.jpg,https://www.28hse.com/buy/apartment/property-3947581,2026-08-06T17:33:59.496264+00:00
3944705,《 蝕讓·需要何文田高級屋苑的正正係好機會 》皓畋,何文田,皓畋,8100000,402,1,1,天晋物業有限公司,https://i1.28hse.com/2026/07/202607241403315858678_thumb.jpg,https://www.28hse.com/buy/apartment/property-3944705,2026-08-06T17:33:59.496264+00:00
3943943,旺中帶靜，望绿色山景，拎包入住,何文田,何文田山畔,7280000,369,1,,美聯物業,https://i1.28hse.com/2026/07/202607231854533433111_thumb.jpg,https://www.28hse.com/buy/apartment/property-3943943,2026-08-06T17:33:59.496264+00:00
3943220,鄰近地鐵 豪華會所,何文田,何文田山畔,7200000,381,1,,美聯物業,https://i1.28hse.com/2026/07/202607231424565204793_thumb.jpg,https://www.28hse.com/buy/apartment/property-3943220,2026-08-06T17:33:59.496264+00:00
3641873,何文田2房 靚裝 合上車投資,何文田,富臨閣,6300000,425,2,1,天域地產代理有限公司,https://i1.28hse.com/2026/08/202608052117505833150_thumb.jpg,https://www.28hse.com/buy/apartment/property-3641873,2026-08-06T17:33:59.496264+00:00
2018993,何文田15年樓齡~靚校網~靚租約,何文田,勝利道一號,8280000,556,2,1,富安地產顧問有限公司,https://i1.28hse.com/2026/07/202607021719522228070_thumb.jpg,https://www.28hse.com/buy/apartment/property-2018993,2026-08-06T17:33:59.496264+00:00
3938171,全屋苑最笋（开单价7 xx）,何文田,朗賢峯,8200000,388,1,1,中原地產代理有限公司,https://i1.28hse.com/2026/07/202607191224012291241_thumb.jpg,https://www.28hse.com/buy/apartment/property-3938171,2026-08-06T17:33:59.496264+00:00
3937567,亞皆老街 絕對真盤 可睇樓 交通方便 純正大大大兩房！仲要企理裝修,何文田,富都大廈,5880000,441,2,,中原地產代理有限公司,https://i1.28hse.com/2026/07/202607181757346426064_thumb.jpg,https://www.28hse.com/buy/apartment/property-3937567,2026-08-06T17:33:59.496264+00:00
3934307,嘉登大廈，實用率高. 何文田豪宅入門首選，步行約9分鐘至宋皇台地鐵站,何文田,嘉登大廈,6900000,593,2,,中原地產代理有限公司,https://i1.28hse.com/2026/07/202607161617477493967_thumb.jpg,https://www.28hse.com/buy/apartment/property-3934307,2026-08-06T17:33:59.496264+00:00
3931341,筍盤蝕讓，急急急，蝕300萬。何文田34校網，2房，家長投資至愛,何文田,加多利軒,7600000,389,2,1,美聯物業,https://i1.28hse.com/estate_data/60/8928/FLOOR/8928_20231222162323464411_thumb.jpg,https://www.28hse.com/buy/apartment/property-3931341,2026-08-06T17:33:59.496264+00:00
3930364,"罕有放盤,實用大一房,外形獨特,名牌發展商,5分鐘到何文田站",何文田,何文田山畔,7180000,381,1,,太陽物業,https://i1.28hse.com/2026/07/202607131515134980746_thumb.jpg,https://www.28hse.com/buy/apartment/property-3930364,2026-08-06T17:33:59.496264+00:00
3929903,何文田站二手專家｜2w1蚊呎買站上蓋｜連租約｜不發假盤｜不浪費自己時間,何文田,朗賢峯,8200000,388,1,,利嘉閣地產有限公司,https://i1.28hse.com/2026/07/202607130943254558638_thumb.jpg,https://www.28hse.com/buy/apartment/property-3929903,2026-08-06T17:33:59.496264+00:00
3929453,何文田34校網 高層全新裝修2房 十分鐘可步行到宋皇臺地鐵站,何文田,嘉登大廈,6600000,593,2,1,華夏地產代理有限公司,https://i1.28hse.com/2026/07/202607121734561399985_thumb.jpg,https://www.28hse.com/buy/apartment/property-3929453,2026-08-06T17:33:59.496264+00:00
3929279,何文田校網，交通方便，3房2浴定，連C+ D天台,何文田,龍翔大廈,7000000,579,3,2,喜居物業(欽州街舖),https://i1.28hse.com/2026/07/202607211727386413636_thumb.jpg,https://www.28hse.com/buy/apartment/property-3929279,2026-08-06T17:33:59.496264+00:00
3764178,何文田名校網區～優質精選，高層東南，實用四正，罕有靚盤筍價！,何文田,金富大廈,5400000,445,2,1,富安地產顧問有限公司,https://i1.28hse.com/2026/03/202603081550064998399_thumb.jpg,https://www.28hse.com/buy/apartment/property-3764178,2026-08-06T17:33:59.496264+00:00
3666631,罕放 34校網 優質名厦 兩房靚裝 開揚 即買即住,何文田,華欣閣,5280000,364,2,1,永升物業代理,https://i1.28hse.com/2026/06/202606061704198537050_thumb.jpg,https://www.28hse.com/buy/apartment/property-3666631,2026-08-06T17:33:59.496264+00:00
3814453,何文田34校網 靚則王 名牌屋苑 二房二廳 已大維修/換lift,何文田,富威花園,5680000,352,2,1,永升物業代理,https://i1.28hse.com/2026/06/202606011540285185978_thumb.jpg,https://www.28hse.com/buy/apartment/property-3814453,2026-08-06T17:33:59.496264+00:00
3314664,34校網 靚裝連天台,何文田,龍翔大廈,7000000,579,3,2,友和地產,https://i1.28hse.com/2026/08/202608041632211735546_thumb.jpg,https://www.28hse.com/buy/apartment/property-3314664,2026-08-06T17:33:59.496264+00:00
3927218,獨家放售 何文田-太平道三房實用山景,何文田,富臨閣,5290000,423,3,1,志富地產,https://i1.28hse.com/2026/07/202607102144525693622_thumb.jpg,https://www.28hse.com/buy/apartment/property-3927218,2026-08-06T17:33:59.496264+00:00
3924871,何文田34校网 开扬靚裝2房 嘉多利山景,何文田,富都大廈,5880000,441,2,1,華夏地產代理有限公司,https://i1.28hse.com/2026/07/202607091533113365025_thumb.jpg,https://www.28hse.com/buy/apartment/property-3924871,2026-08-06T17:33:59.496264+00:00
3924282,近旺東鐵站 交通便利 旺中帶靜 名樓網 近培正學校 都會大學 自住收租一流,何文田,華欣閣,5280000,365,3,1,八達地產代理有限公司,https://i1.28hse.com/2026/08/202608061606321276235_thumb.jpg,https://www.28hse.com/buy/apartment/property-3924282,2026-08-06T17:33:59.496264+00:00
3921541,"何文田,34校網,中層,大2房有裝修,開揚,近旺角站,歡迎約睇",何文田,富都大廈,5880000,441,2,,富榮地產代理,https://i1.28hse.com/2026/07/202607071139366861338_thumb.jpg,https://www.28hse.com/buy/apartment/property-3921541,2026-08-06T17:33:59.496264+00:00
3847030,"何文田街入口,無敵大單邊,50萬裝修,冷氣大堂,交吉盤",何文田,龍翔大廈,6450000,598,3,1,富榮地產代理,https://i1.28hse.com/2026/05/202605131735081497450_thumb.jpg,https://www.28hse.com/buy/apartment/property-3847030,2026-08-06T17:33:59.496264+00:00
3920772,靜中帶旺 露台,何文田,何文田山畔,7200000,369,1,3,美聯物業代理有限公司,https://i1.28hse.com/2026/07/202607061708166360019_thumb.jpg,https://www.28hse.com/buy/apartment/property-3920772,2026-08-06T17:33:59.496264+00:00
3920728,何文田 平價入場2房戶,何文田,怡景大廈,6750000,465,2,,香港置業,https://i1.28hse.com/2026/07/20260706165047640897_thumb.jpg,https://www.28hse.com/buy/apartment/property-3920728,2026-08-06T17:33:59.496264+00:00
3917149,皓畋低筍入場單位，置業首選,何文田,皓畋,8000000,361,1,,香港置業,https://i1.28hse.com/2026/07/202607041140362067966_thumb.jpg,https://www.28hse.com/buy/apartment/property-3917149,2026-08-06T17:33:59.496264+00:00
3915376,何文田精緻生活新選擇，擁抱寧靜之美(有VR),何文田,君逸山,7800000,482,2,,中原地產,https://i1.28hse.com/2026/07/202607031208264014270_thumb.jpg,https://www.28hse.com/buy/apartment/property-3915376,2026-08-06T17:33:59.496264+00:00
3475347,"罕有靚則3房,34校網,大廈已維修",何文田,芝齡大廈,6450000,560,3,1,明威置業,https://i1.28hse.com/2025/06/202506171309088937918_thumb.jpg,https://www.28hse.com/buy/apartment/property-3475347,2026-08-06T17:33:59.496264+00:00
3911695,何文田34名校網 平地電梯新淨裝修兩房一廳 業主急售 開陽光猛 即約即看~,何文田,仁儀苑,4790000,365,2,1,廣信地產顧問有限公司,https://i1.28hse.com/2026/06/202606301714535889190_thumb.jpg,https://www.28hse.com/buy/apartment/property-3911695,2026-08-06T17:33:59.496264+00:00
3910627,【靚裝靚景】何文田名校網,何文田,怡景大廈,7080000,502,2,1,喜居物業 (旺角),https://i1.28hse.com/2026/07/202607141429192760074_thumb.jpg,https://www.28hse.com/buy/apartment/property-3910627,2026-08-06T17:33:59.496264+00:00
3906514,【名校網、豪宅區】何文田靚裝筍盤,何文田,文翠閣,8000000,572,2,1,喜居物業 (旺角),https://i1.28hse.com/2026/06/202606261437178179662_thumb.jpg,https://www.28hse.com/buy/apartment/property-3906514,2026-08-06T17:33:59.496264+00:00
3906485,超筍 優質靚裝3房連車位 連租約放盤,何文田,嘉景樓,8200000,664,3,1,駿輝地產建榮有限公司,https://i1.28hse.com/2026/06/202606261420177164339_thumb.jpg,https://www.28hse.com/buy/apartment/property-3906485,2026-08-06T17:33:59.496264+00:00
3906465,嘉景樓 罕有平價靚裝大1房 還價即成,何文田,嘉景樓,7500000,606,1,1,駿輝地產建榮有限公司,https://i1.28hse.com/2026/06/202606261408227077727_thumb.jpg,https://www.28hse.com/buy/apartment/property-3906465,2026-08-06T17:33:59.496264+00:00
3906351,有匙！太平道恒基屋苑 已做大維修 2部電梯 兩房全新裝修 34校網 隨時可睇,何文田,富威花園,5500000,352,2,1,富榮地產代理,https://i1.28hse.com/2026/06/202606261251207200628_thumb.jpg,https://www.28hse.com/buy/apartment/property-3906351,2026-08-06T17:33:59.496264+00:00
3905221,何文田皓畋1房荀盤推介 有匙即睇,何文田,皓畋,8300000,402,1,1,香港置業,https://i1.28hse.com/2026/06/202606251415154095441_thumb.jpg,https://www.28hse.com/buy/apartment/property-3905221,2026-08-06T17:33:59.496264+00:00
3903816,何文田34名校網!3房連天台!還價即成,何文田,龍翔大廈,7000000,579,3,2,喜居物業(旺角舖),https://i1.28hse.com/2026/07/202607211357451417454_thumb.jpg,https://www.28hse.com/buy/apartment/property-3903816,2026-08-06T17:33:59.496264+00:00
3855879,太平道罕有放盤 3房1套 間隔實用 位置優越 34校網,何文田,松亭閣,7480000,560,3,2,富榮地產代理,https://i1.28hse.com/2026/06/202606051712344964675_thumb.jpg,https://www.28hse.com/buy/apartment/property-3855879,2026-08-06T17:33:59.496264+00:00
3901756,極罕 高層2連車位 筍價出售 34校網 有匙有票盡傾,何文田,德信園,8180000,651,2,1,駿輝地產建榮有限公司,https://i1.28hse.com/2026/07/202607171423455428916_thumb.jpg,https://www.28hse.com/buy/apartment/property-3901756,2026-08-06T17:33:59.496264+00:00
3898261,華仁靚景! 大廈已經維修! 罕有吉售,何文田,松亭閣,7480000,560,3,2,明威置業,https://i1.28hse.com/2026/06/202606292151383237040_thumb.jpg,https://www.28hse.com/buy/apartment/property-3898261,2026-08-06T17:33:59.496264+00:00
3898062,絕對真盤！34校網！君逸山！可以即時睇！全何文田新新地最平兩房！,何文田,君逸山,7500000,482,2,,中原地產代理有限公司,https://i1.28hse.com/2026/07/202607201737572654256_thumb.jpg,https://www.28hse.com/buy/apartment/property-3898062,2026-08-06T17:33:59.496264+00:00
3897981,喇沙利道2房罕售，上車收租筍盤,何文田,晟林,8500000,402,2,,香港置業,https://i1.28hse.com/2026/06/202606191805437510824_thumb.jpg,https://www.28hse.com/buy/apartment/property-3897981,2026-08-06T17:33:59.496264+00:00
3897670,"窩山入場版, 高層大窗",何文田,德信園,8180000,651,2,1,栢聯物業有限公司,https://i1.28hse.com/2026/06/202606191557408870620_thumb.jpg,https://www.28hse.com/buy/apartment/property-3897670,2026-08-06T17:33:59.496264+00:00
3740041,何文田34校網近地鐵近培正 雅装高層三房 筍,何文田,華欣閣,5280000,364,3,1,富旺地產代理有限公司,https://i1.28hse.com/2026/08/20260805124134200743_thumb.jpg,https://www.28hse.com/buy/apartment/property-3740041,2026-08-06T17:33:59.496264+00:00
3894336,《有片》何文田 加多利軒 特色平台,何文田,加多利軒,7980000,353,2,1,駿輝地產建榮有限公司,https://i1.28hse.com/2026/06/202606162136194473276_thumb.jpg,https://www.28hse.com/buy/apartment/property-3894336,2026-08-06T17:33:59.496264+00:00
3892346,何文田山畔1房,何文田,何文田山畔,7200000,381,1,,美聯物業代理有限公司,https://i1.28hse.com/2026/06/202606151612116547824_thumb.jpg,https://www.28hse.com/buy/apartment/property-3892346,2026-08-06T17:33:59.496264+00:00
3892225,"手快者得,蝕讓筍盤！",何文田,皓畋,8300000,402,1,1,香港置業,https://i1.28hse.com/2026/06/202606151517273145341_thumb.jpg,https://www.28hse.com/buy/apartment/property-3892225,2026-08-06T17:33:59.496264+00:00
3892152,✪✪【最筍一房，相熟業主】罕有快者得，蝕讓遠超100萬,何文田,皓畋,8290000,402,1,1,星匯物業有限公司,https://i1.28hse.com/2026/07/202607310046298767808_thumb.jpg,https://www.28hse.com/buy/apartment/property-3892152,2026-08-06T17:33:59.496264+00:00
3887041,獨家盤，2房1厠，雅緻新靚裝修，嘉山靚景,何文田,富都大廈,5900000,433,2,1,灝田置業地產,https://i1.28hse.com/2026/06/202606112106434741181_thumb.jpg,https://www.28hse.com/buy/apartment/property-3887041,2026-08-06T17:33:59.496264+00:00
3835807,高層兩房連大平台!交通方便!配套齊全,何文田,怡景大廈,6700000,465,2,1,喜居物業-欽州街分店,https://i1.28hse.com/2026/06/202606021654024479126_thumb.jpg,https://www.28hse.com/buy/apartment/property-3835807,2026-08-06T17:33:59.496264+00:00
3885992,"狠心劈價無悔, 還價bye bye",何文田,嘉輝台,7500000,689,3,1,中原地產,https://i1.28hse.com/2026/08/202608011712004317864_thumb.jpg,https://www.28hse.com/buy/apartment/property-3885992,2026-08-06T17:33:59.496264+00:00
3843009,何文田洋樓新勝大厦3房2廳近港鐵及加多利山，校网靓，歡迎合作,何文田,新勝大樓,6390000,461,3,1,家田物業代理公司,https://i1.28hse.com/2026/05/202605101654585878653_thumb.jpg,https://www.28hse.com/buy/apartment/property-3843009,2026-08-06T17:33:59.496264+00:00
3884443,【最筍2房，可睇樓】隨時賣出，性價比高快者得,何文田,君逸山,7480000,482,2,1,星匯物業有限公司,https://i1.28hse.com/2026/07/202607310135518902563_thumb.jpg,https://www.28hse.com/buy/apartment/property-3884443,2026-08-06T17:33:59.496264+00:00
3146147,【怡景大廈】已外牆維修♡特大天台370呎♡新淨裝修兩房♡3分鐘旺角東♡還價即成♡,何文田,怡景大廈,6750000,465,2,1,駿輝地產安業有限公司,https://i1.28hse.com/2026/03/202603191332155088130_thumb.jpg,https://www.28hse.com/buy/apartment/property-3146147,2026-08-06T17:33:59.496264+00:00
3812883,兩房/可改3房/34校網近旺角東,何文田,怡景大廈,5900000,502,2,1,卓越地產,https://i1.28hse.com/2026/06/202606271310391771546_thumb.jpg,https://www.28hse.com/buy/apartment/property-3812883,2026-08-06T17:33:59.496264+00:00
3883523,旺中帶靜 交通方便,何文田,加多利軒,7200000,390,2,,美聯物業,https://i1.28hse.com/2026/06/202606091551201235636_thumb.jpg,https://www.28hse.com/buy/apartment/property-3883523,2026-08-06T17:33:59.496264+00:00
3883432,寵物友善，#34 校網，旺中帶靜，鄰近生活購物商圈，步行8分鐘至何文田港鐵站,何文田,君逸山,7600000,482,2,,中原地產,https://i1.28hse.com/2026/06/202606091512282139686_thumb.jpg,https://www.28hse.com/buy/apartment/property-3883432,2026-08-06T17:33:59.496264+00:00
3882274,極靚裝3房連車位 可以約睇 有票盡傾,何文田,德星樓,7900000,667,3,1,駿輝地產建榮有限公司,https://i1.28hse.com/2026/06/202606241652306884425_thumb.jpg,https://www.28hse.com/buy/apartment/property-3882274,2026-08-06T17:33:59.496264+00:00
3880452,"窩山別注, 優靜蝸居 , 𨘻價即刻賣比你 ，",何文田,德星樓,7900000,667,3,2,中原地產,https://i1.28hse.com/2026/06/202606071316144970897_thumb.jpg,https://www.28hse.com/buy/apartment/property-3880452,2026-08-06T17:33:59.496264+00:00
3956469,"2房校網,上車必選",九龍塘,百美花園,6750000,496,2,,美聯物業,https://i1.28hse.com/2026/08/202608051242233515543_thumb.jpg,https://www.28hse.com/buy/apartment/property-3956469,2026-08-06T17:33:59.496264+00:00
3955289,廣播道 最筍高層2房連車位【信達閣】 還價即成,九龍塘,信達閣,5900000,405,2,1,駿輝地產建榮有限公司,https://i1.28hse.com/2026/08/202608011702563587060_thumb.jpg,https://www.28hse.com/buy/apartment/property-3955289,2026-08-06T17:33:59.496264+00:00
3953697,廣播道最新放盤！靚裝修大兩房！可以隨時約睇 絕對真盤！連車位！不是頂樓,九龍塘,寶能閣,8000000,505,2,,中原地產代理有限公司,https://i1.28hse.com/2026/07/20260731162304927456_thumb.jpg,https://www.28hse.com/buy/apartment/property-3953697,2026-08-06T17:33:59.496264+00:00
3952497,九龍塘廣播道41區校網交通方便鄰近大型公園商埸街市十分方便,九龍塘,真能閣,7500000,570,3,1,飛達地產代理有限公司,https://i1.28hse.com/2026/07/202607301651365311303_thumb.jpg,https://www.28hse.com/buy/apartment/property-3952497,2026-08-06T17:33:59.496264+00:00
3951881,41校網激筍2房必走推介,九龍塘,寶能閣,8000000,505,2,1,中原地產,https://i1.28hse.com/2026/07/202607301157437371529_thumb.jpg,https://www.28hse.com/buy/apartment/property-3951881,2026-08-06T17:33:59.496264+00:00
3945967,全廣播道毫無爭議 最平3房 ！一定好快走 依家租客住緊 絕對真盤！ 實客可約睇！,九龍塘,碧麗閣,6080000,578,3,,中原地產代理有限公司,https://i1.28hse.com/2026/07/202607251307118494262_thumb.jpg,https://www.28hse.com/buy/apartment/property-3945967,2026-08-06T17:33:59.496264+00:00
3937517,廣播道 最平最平兩房連車位 隨時可以睇！一定快走！收租都有20000一個月,九龍塘,信達閣,6000000,405,2,,中原地產代理有限公司,https://i1.28hse.com/2026/07/202607181742356764364_thumb.jpg,https://www.28hse.com/buy/apartment/property-3937517,2026-08-06T17:33:59.496264+00:00
3936814,41名校網,九龍塘,百美花園,6000000,445,2,,美聯物業,https://i1.28hse.com/2026/07/20260718115312246959_thumb.jpg,https://www.28hse.com/buy/apartment/property-3936814,2026-08-06T17:33:59.496264+00:00
3917407,"捨得放手, 還價套現, 41 至強校網,",九龍塘,信達閣,6000000,405,2,1,中原地產,https://i1.28hse.com/2026/08/202608021755426054879_thumb.jpg,https://www.28hse.com/buy/apartment/property-3917407,2026-08-06T17:33:59.496264+00:00
3886068,極罕兩房！火速搶手！！！ 秒速成交倒數中，錯過不再有，手慢即無！！,九龍塘,嘉福閣,5300000,354,1,,美聯物業代理有限公司,https://i1.28hse.com/2026/06/202606111419187225621_thumb.jpg,https://www.28hse.com/buy/apartment/property-3886068,2026-08-06T17:33:59.496264+00:00
3959356,新鴻基^新光中心^高層,黃大仙,新光中心,5400000,412,2,1,中原地產代理有限公司,https://i1.28hse.com/2026/08/202608041433346991620_thumb.jpg,https://www.28hse.com/buy/apartment/property-3959356,2026-08-06T17:33:59.496264+00:00
3872735,新蒲崗唐樓 向東南,新蒲崗,錦榮街35號,3400000,603,2,1,宏龍地產代理,https://i1.28hse.com/2026/06/202606082145128785838_thumb.jpg,https://www.28hse.com/buy/apartment/property-3872735,2026-08-06T17:33:59.496264+00:00
3957699,新蒲崗大廈 中層 放售 (新裝修),新蒲崗,新蒲崗大廈,4500000,507,3,2,,https://i1.28hse.com/2026/08/202608031320488501165_thumb.jpg,https://www.28hse.com/buy/apartment/property-3957699,2026-08-06T17:33:59.496264+00:00
3957533,有匙即睇 舒適輕裝 高層開揚,黃大仙,新光中心,5200000,412,2,,世紀21富山(香港),https://i1.28hse.com/2026/08/202608031148462232989_thumb.jpg,https://www.28hse.com/buy/apartment/property-3957533,2026-08-06T17:33:59.496264+00:00
3843029,2房 梗廚 明廁,新蒲崗,越秀廣場,5680000,448,2,1,啟盛物業代理,https://i1.28hse.com/2026/06/202606181755283804381_thumb.jpg,https://www.28hse.com/buy/apartment/property-3843029,2026-08-06T17:33:59.496264+00:00
3955396,"業主急售, 一減再減, 高層2房企理開揚,有匙即睇,睇啱還價照傾,快者得!",黃大仙,鳳凰村大廈,3300000,384,2,1,富榮地產代理,https://i1.28hse.com/2026/08/20260801174842171676_thumb.jpg,https://www.28hse.com/buy/apartment/property-3955396,2026-08-06T17:33:59.496264+00:00
3954995,2房高層新鴻基樓地鐵站,黃大仙,新光中心,5200000,412,2,1,世紀21富山(香港),https://i1.28hse.com/2026/08/202608011451262666817_thumb.jpg,https://www.28hse.com/buy/apartment/property-3954995,2026-08-06T17:33:59.496264+00:00
3954681,有匙即睇 舒適輕裝 開揚景觀,黃大仙,匯豪山,6980000,439,2,,世紀21富山(香港),https://i1.28hse.com/2026/08/202608011203576671035_thumb.jpg,https://www.28hse.com/buy/apartment/property-3954681,2026-08-06T17:33:59.496264+00:00
3954470,～業主割愛平售 入場最平 高層大2房 價錢可議 靚裝即住～黃大仙地鐵 歡迎參觀,黃大仙,新光中心,5200000,412,2,1,世紀21富山(香港),https://i1.28hse.com/2026/08/20260801021306167797_thumb.jpg,https://www.28hse.com/buy/apartment/property-3954470,2026-08-06T17:33:59.496264+00:00
3830470,飲頭啖湯，平絕越秀，歡迎查詢,新蒲崗,越秀廣場,5680000,448,2,1,啟盛物業代理,https://i1.28hse.com/2026/05/202605231529246913251_thumb.jpg,https://www.28hse.com/buy/apartment/property-3830470,2026-08-06T17:33:59.496264+00:00
3952275,新光中心位處黃大仙地鐵站附近的樓盤出入相當方便週邊生活消費核心區都近在眼前,黃大仙,新光中心,5350000,382,2,1,百利物業顧問,https://i1.28hse.com/2026/07/202607301532555763383_thumb.jpg,https://www.28hse.com/buy/apartment/property-3952275,2026-08-06T17:33:59.496264+00:00
3951174,"大平台,單邊,多窗",黃大仙,長樂樓,3400000,508,3,1,怡嘉地產,/assets/img/loadingphoto170_125.jpg,https://www.28hse.com/buy/apartment/property-3951174,2026-08-06T17:33:59.496264+00:00
3950943,新鴻基屋苑 罕有高層2房 靚則實用 即買即住 大廈已維修 有匙即睇,黃大仙,新光中心,5200000,412,2,1,廣信地產顧問有限公司,https://i1.28hse.com/2026/07/202607291515042496897_thumb.jpg,https://www.28hse.com/buy/apartment/property-3950943,2026-08-06T17:33:59.496264+00:00
3950534,單位企理 家庭客都夠住 景觀開陽面向公園光線好 梗廚 洗手間有窗乾濕分離,新蒲崗,越秀廣場,5700000,448,2,1,駿輝地產皓譽有限公司,https://i1.28hse.com/2026/08/202608052350046759517_thumb.jpg,https://www.28hse.com/buy/apartment/property-3950534,2026-08-06T17:33:59.496264+00:00
3950053,』優質高層『筍價大兩房』已做大維修『,黃大仙,新光中心,5200000,412,2,1,金滙地產 慈雲山分行,https://i1.28hse.com/2026/07/202607281815225822222_thumb.jpg,https://www.28hse.com/buy/apartment/property-3950053,2026-08-06T17:33:59.496264+00:00
3949845,～有匙即睇 最平真筍盤 高層大2房靚裝 價錢可議～黃大仙地鐵 歡迎參觀,黃大仙,新光中心,5200000,412,2,1,世紀21富山(香港),https://i1.28hse.com/2026/08/202608010232361569317_thumb.jpg,https://www.28hse.com/buy/apartment/property-3949845,2026-08-06T17:33:59.496264+00:00
3948785,新光中心兩房！近地鐵~高層有質數！,黃大仙,新光中心,5200000,412,2,1,世紀21富山(香港),https://i1.28hse.com/2026/07/202607271821146050112_thumb.jpg,https://www.28hse.com/buy/apartment/property-3948785,2026-08-06T17:33:59.496264+00:00
3795815,市中心洋樓 近地鐵站 民生區 間隔實用……,黃大仙,伯德大樓,3800000,352,2,1,世紀21富山(香港),https://i1.28hse.com/2026/04/202604031125366454830_thumb.jpg,https://www.28hse.com/buy/apartment/property-3795815,2026-08-06T17:33:59.496264+00:00
3898466,市中心2房 新鴻基物業 靚裝修 即買即住～,黃大仙,新光中心,5680000,412,1,1,世紀21富山(香港),https://i1.28hse.com/2026/06/202606201056537169016_thumb.jpg,https://www.28hse.com/buy/apartment/property-3898466,2026-08-06T17:33:59.496264+00:00
3945711,黃大仙新光中心二期 高層罕有放售｜業主直接｜買家免佣｜交吉即住,黃大仙,新光中心,5400000,412,2,1,,https://i1.28hse.com/2026/07/202607250000518839673_thumb.jpg,https://www.28hse.com/buy/apartment/property-3945711,2026-08-06T17:33:59.496264+00:00
3944872,"高層開揚,靚裝2房連大露台, 有匙即睇",黃大仙,匯豪山,6980000,439,2,1,金滙地產 采頣分行,https://i1.28hse.com/2026/07/202607241526324217218_thumb.jpg,https://www.28hse.com/buy/apartment/property-3944872,2026-08-06T17:33:59.496264+00:00
3942041,富裕地產@新蒲崗大厦@,新蒲崗,新蒲崗大廈,3980000,516,2,1,富裕地產代理,https://i1.28hse.com/2026/07/20260722160437447417_thumb.jpg,https://www.28hse.com/buy/apartment/property-3942041,2026-08-06T17:33:59.496264+00:00
3941022,➽萬星物業➽ 洋樓二房➽約睇*新蒲崗 仁愛大樓* 筍盤約睇*,新蒲崗,仁愛大樓,3500000,434,2,1,萬星物業,https://i1.28hse.com/2026/07/202607211740428120482_thumb.jpg,https://www.28hse.com/buy/apartment/property-3941022,2026-08-06T17:33:59.496264+00:00
3941009,➽萬星物業➽ 洋樓三房➽靚裝修約睇*新蒲崗 仁愛大樓* 筍盤約睇*,新蒲崗,仁愛大樓,4400000,552,3,1,萬星物業,https://i1.28hse.com/2026/07/202607211736411338052_thumb.jpg,https://www.28hse.com/buy/apartment/property-3941009,2026-08-06T17:33:59.496264+00:00
3940438,企理兩房~5分鐘達港鐵站~睇啱盡傾,黃大仙,豪苑,4500000,420,2,1,中原地產,https://i1.28hse.com/2026/07/202607211254295875733_thumb.jpg,https://www.28hse.com/buy/apartment/property-3940438,2026-08-06T17:33:59.496264+00:00
3365820,位靚 博重建 唐五樓,新蒲崗,唐樓,3500000,602,2,1,燕發地產,https://i1.28hse.com/2025/07/202507051953341758296_thumb.jpg,https://www.28hse.com/buy/apartment/property-3365820,2026-08-06T17:33:59.496264+00:00
3844213,』平地LIFT『企理兩房』開楊多窗,黃大仙,華麗樓,3200000,372,2,1,金滙地產 慈雲山分行,https://i1.28hse.com/2026/05/202605111714127181693_thumb.jpg,https://www.28hse.com/buy/apartment/property-3844213,2026-08-06T17:33:59.496264+00:00
2690000,【實相貼心 好多推介 筍盤靚價】【筍筍筍】【業主有商量】可合作,新蒲崗,新蒲崗大廈,3980000,516,1,1,金滙地產有限公司,https://i1.28hse.com/2026/07/202607191644357196961_thumb.jpg,https://www.28hse.com/buy/apartment/property-2690000,2026-08-06T17:33:59.496264+00:00
3937179,《歡迎預約》《泳池會所齊》《呎價低》《兩房市區易上車價》《附近大型商場》,黃大仙,鑽嶺,6000000,381,2,1,香港置業,https://i1.28hse.com/2026/07/202607181518051356334_thumb.jpg,https://www.28hse.com/buy/apartment/property-3937179,2026-08-06T17:33:59.496264+00:00
3051096,超實用，聽大房大2房,新蒲崗,新蒲崗廣場,6000000,408,2,1,世紀21啟豐物業代理,https://i1.28hse.com/2026/07/202607171636298719347_thumb.jpg,https://www.28hse.com/buy/apartment/property-3051096,2026-08-06T17:33:59.496264+00:00
2766826,實盤 鐘情實用 唔好錯過【開揚】【市區港鐵】【多盤推介】可合作,黃大仙,秀芳花園,6480000,639,3,1,金滙地產有限公司,https://i1.28hse.com/2026/07/202607051603295656656_thumb.jpg,https://www.28hse.com/buy/apartment/property-2766826,2026-08-06T17:33:59.496264+00:00
3935606,交通便利完善配套,黃大仙,唐樓,3750000,374,2,1,家旺物業大埔道,https://i1.28hse.com/2026/07/202607171522006531618_thumb.jpg,https://www.28hse.com/buy/apartment/property-3935606,2026-08-06T17:33:59.496264+00:00
3935343,【鍾賢地產】新蒲崗-仁愛大樓｜實用434呎｜高層兩房向東南《有電梯》,新蒲崗,仁愛大樓,3600000,434,2,1,鍾賢地產,https://i1.28hse.com/2026/07/202607171259152444452_thumb.jpg,https://www.28hse.com/buy/apartment/property-3935343,2026-08-06T17:33:59.496264+00:00
3935341,【鍾賢地產】新蒲崗-仁愛大樓｜實用434呎｜高層兩房向東南《有電梯》,新蒲崗,仁愛大樓,3580000,434,2,1,鍾賢地產,https://i1.28hse.com/2026/07/202607171259014349709_thumb.jpg,https://www.28hse.com/buy/apartment/property-3935341,2026-08-06T17:33:59.496264+00:00
3935339,【鍾賢地產】新蒲崗-錦榮街35號｜實用603呎｜兩房梗廚向東南！,新蒲崗,錦榮街35號,3400000,603,2,1,鍾賢地產,https://i1.28hse.com/2026/07/202607171258335202865_thumb.jpg,https://www.28hse.com/buy/apartment/property-3935339,2026-08-06T17:33:59.496264+00:00
3933256,筍盤!!【地鐵口旁新鴻基樓~「高層」】「真盤源」曾生/曾小姐,黃大仙,新光中心,5400000,412,2,,利嘉閣地產,https://i1.28hse.com/2026/08/202608021153018261146_thumb.jpg,https://www.28hse.com/buy/apartment/property-3933256,2026-08-06T17:33:59.496264+00:00
3932762,【鍾賢地產】新蒲崗-仁愛大樓｜實用434呎｜低層兩房向東南《有電梯》,新蒲崗,仁愛大樓,3500000,434,2,1,鍾賢地產,https://i1.28hse.com/2026/07/202607171302534379318_thumb.jpg,https://www.28hse.com/buy/apartment/property-3932762,2026-08-06T17:33:59.496264+00:00
3575160,➽萬星物業➽ 洋樓二房➽靚裝修約睇*新蒲崗 新蒲崗大廈* 筍盤約睇*,新蒲崗,新蒲崗大廈,3800000,487,2,1,萬星物業,https://i1.28hse.com/2026/07/202607211842407719071_thumb.jpg,https://www.28hse.com/buy/apartment/property-3575160,2026-08-06T17:33:59.496264+00:00
3932271,"JIMMY(新蒲崗第一靚新裝筍盤@@再傾@(即睇即到),一次過4個盤,可合作",新蒲崗,仁愛大樓,3580000,434,2,1,金滙地產 新蒲崗分行,https://i1.28hse.com/2026/07/202607191959075562197_thumb.jpg,https://www.28hse.com/buy/apartment/property-3932271,2026-08-06T17:33:59.496264+00:00
3931841,高層開揚實用2房 荀呎價 有得傾,新蒲崗,仁愛大樓,3580000,434,2,1,金國置業,https://i1.28hse.com/2026/07/202607141627368886327_thumb.jpg,https://www.28hse.com/buy/apartment/property-3931841,2026-08-06T17:33:59.496264+00:00
3928450,～最平入場 移民筍盤平賣 大3房抵住～近地鐵方便、歡迎參觀,黃大仙,秀芳花園,6450000,639,3,1,世紀21富山(香港),https://i1.28hse.com/2026/07/202607200237083003108_thumb.jpg,https://www.28hse.com/buy/apartment/property-3928450,2026-08-06T17:33:59.496264+00:00
3928057,【鍾賢地產】新蒲崗-崇齡大廈｜實用380呎｜靚裝兩房向東南《有電梯》,新蒲崗,崇齡大廈,3900000,380,2,1,鍾賢地產,https://i1.28hse.com/2026/07/202607111550045829946_thumb.jpg,https://www.28hse.com/buy/apartment/property-3928057,2026-08-06T17:33:59.496264+00:00
3927201,近地鐵高層3房2浴靚裝開陽全家電,黃大仙,秀芳花園,7550000,682,3,2,盈富物業代理有限公司,https://i1.28hse.com/2026/07/202607272321006968749_thumb.jpg,https://www.28hse.com/buy/apartment/property-3927201,2026-08-06T17:33:59.496264+00:00
3926081,鑽嶺靚積兩房！高層東南～唔好錯過,黃大仙,鑽嶺,5960000,381,2,1,世紀21富山(香港),https://i1.28hse.com/2026/07/20260727155228909594_thumb.jpg,https://www.28hse.com/buy/apartment/property-3926081,2026-08-06T17:33:59.496264+00:00
3924906,荀! 慈雲山蒲崗村道 企理高層兩房單位 靚價轉讓,黃大仙,慈華大廈,4200000,400,2,,海維投資有限公司,https://i1.28hse.com/2026/07/202607091546523731072_thumb.jpg,https://www.28hse.com/buy/apartment/property-3924906,2026-08-06T17:33:59.496264+00:00
3854168,"JIMMY(新蒲崗第一全新裝筍盤@@再傾@(即睇即到),一次過4個盤,可合作",新蒲崗,仁愛大樓,3480000,436,2,1,金滙地產 新蒲崗分行,https://i1.28hse.com/2026/07/202607251547288219207_thumb.jpg,https://www.28hse.com/buy/apartment/property-3854168,2026-08-06T17:33:59.496264+00:00
3919030,MM 推介》實盤放售 高層三房 廳大房大 有匙即睇,黃大仙,秀芳花園,6480000,639,3,,金滙地產 黃大仙分行,https://i1.28hse.com/2026/07/202607051443475330618_thumb.jpg,https://www.28hse.com/buy/apartment/property-3919030,2026-08-06T17:33:59.496264+00:00
3918703,【獨家筍盤】市區6字兩房 近地鐵站,黃大仙,薈鳴,6150000,356,2,1,中輝偉創,https://i1.28hse.com/2026/07/202607051630328647088_thumb.jpg,https://www.28hse.com/buy/apartment/property-3918703,2026-08-06T17:33:59.496264+00:00
3918553,【鍾賢地產】新蒲崗-越秀廣場｜實用448呎｜兩房梗廚《有電梯》,新蒲崗,越秀廣場,5700000,448,2,1,鍾賢地產,https://i1.28hse.com/2026/07/202607051530342028824_thumb.jpg,https://www.28hse.com/buy/apartment/property-3918553,2026-08-06T17:33:59.496264+00:00
3918552,【鍾賢地產】新蒲崗-新蒲崗廣場｜實用431呎｜高層兩房《有電梯》,新蒲崗,新蒲崗廣場,6000000,431,2,1,鍾賢地產,https://i1.28hse.com/2026/07/202607050112028366687_thumb.jpg,https://www.28hse.com/buy/apartment/property-3918552,2026-08-06T17:33:59.496264+00:00
3917585,【9分鐘港鐵8 千呎價7成按揭6百萬一半5使猶豫馬上行動】,黃大仙,鳳祥樓,3200000,381,2,,世紀21富山(香港),https://i1.28hse.com/2026/07/202607041443405358023_thumb.jpg,https://www.28hse.com/buy/apartment/property-3917585,2026-08-06T17:33:59.496264+00:00
3917350,即約即睇 舒適輕裝 乾淨單位,黃大仙,豪苑,4350000,420,2,,世紀21富山(香港),https://i1.28hse.com/2026/07/202607041311452778225_thumb.jpg,https://www.28hse.com/buy/apartment/property-3917350,2026-08-06T17:33:59.496264+00:00
3917191,少有放盤 兩房 市區收租神器,黃大仙,薈鳴,6480000,350,2,1,大老闆物業代理,https://i1.28hse.com/2026/07/202607041159218965863_thumb.jpg,https://www.28hse.com/buy/apartment/property-3917191,2026-08-06T17:33:59.496264+00:00
3916831,～最平真筍盤 有匙即睇 價錢可議 高層大2靚裝即住～黃大仙地鐵方便 歡迎參觀,黃大仙,新光中心,5200000,412,2,1,世紀21富山(香港),https://i1.28hse.com/2026/07/202607271942533597336_thumb.jpg,https://www.28hse.com/buy/apartment/property-3916831,2026-08-06T17:33:59.496264+00:00
3916828,～業主割愛平售 高層大2房向南開揚 價錢可議 會所泳池～近地鐵方便 歡迎參觀,黃大仙,鑽嶺,5960000,364,2,1,世紀21富山(香港),https://i1.28hse.com/2026/07/202607252005286362359_thumb.jpg,https://www.28hse.com/buy/apartment/property-3916828,2026-08-06T17:33:59.496264+00:00
3916751,［新鴻基］特大主人房［靚裝］2分鐘到地鐵站,黃大仙,新光中心,5680000,412,1,1,香港置業,https://i1.28hse.com/2026/07/202607032134161537543_thumb.jpg,https://www.28hse.com/buy/apartment/property-3916751,2026-08-06T17:33:59.496264+00:00
3916527,高層靚裝.租金回報6.5%,黃大仙,華基大樓,2180000,370,2,1,港威置業（青山道）,https://i1.28hse.com/2026/07/202607261755572691585_thumb.jpg,https://www.28hse.com/buy/apartment/property-3916527,2026-08-06T17:33:59.496264+00:00
3360895,市中心洋樓 民生區 一手業主 極高層 間隔實用…,黃大仙,鳳祥樓,3200000,381,2,1,世紀21富山(香港),https://i1.28hse.com/2025/03/202503201606392614000_thumb.jpg,https://www.28hse.com/buy/apartment/property-3360895,2026-08-06T17:33:59.496264+00:00
3727996,康景樓,新蒲崗,康景樓,3780000,392,2,1,富裕地產代理,https://i1.28hse.com/2026/02/202602011513094752059_thumb.jpg,https://www.28hse.com/buy/apartment/property-3727996,2026-08-06T17:33:59.496264+00:00
3915245,(真盤源)間隔實用2房，自住投資首選。歡迎查詢,新蒲崗,越秀廣場,5780000,448,2,1,啟盛物業代理,https://i1.28hse.com/2026/07/202607031106423562876_thumb.jpg,https://www.28hse.com/buy/apartment/property-3915245,2026-08-06T17:33:59.496264+00:00
3913411,MM 推介》真實盤源 高層大兩房 開揚無敵靚景 快快約睇,黃大仙,鑽嶺,5960000,381,2,,金滙地產 黃大仙分行,https://i1.28hse.com/2026/07/202607011938147886117_thumb.jpg,https://www.28hse.com/buy/apartment/property-3913411,2026-08-06T17:33:59.496264+00:00
2550397,上車真係岩晒 呎價好抵夠大【入黎睇左先】【業主有商量】可合作,新蒲崗,仁愛大樓,3680000,434,2,1,金滙地產有限公司,https://i1.28hse.com/2026/07/202607181553335383901_thumb.jpg,https://www.28hse.com/buy/apartment/property-2550397,2026-08-06T17:33:59.496264+00:00
3911598,"開揚3房筍盤,房大廳大",黃大仙,秀芳花園,6450000,639,2,1,金滙地產  總行,https://i1.28hse.com/2026/08/202608031537523319469_thumb.jpg,https://www.28hse.com/buy/apartment/property-3911598,2026-08-06T17:33:59.496264+00:00
3909901,"超級筍盤,最靚2房則,1年樓齡,高層正南",黃大仙,薈鳴,6990000,375,2,1,金滙地產  總行,https://i1.28hse.com/2026/07/202607191153082152195_thumb.jpg,https://www.28hse.com/buy/apartment/property-3909901,2026-08-06T17:33:59.496264+00:00
3902599,▛ 業主移民急劈!一閃即逝 ▟,黃大仙,鳳凰村大廈,3380000,384,2,,世紀21富山(香港),https://i1.28hse.com/2026/07/202607281359296407067_thumb.jpg,https://www.28hse.com/buy/apartment/property-3902599,2026-08-06T17:33:59.496264+00:00
3900704,【鍾賢地產】新蒲崗洋樓｜實用約470呎｜三房梗廚《有電梯》,新蒲崗,,4200000,470,3,1,鍾賢地產,https://i1.28hse.com/2026/07/202607171310413279301_thumb.jpg,https://www.28hse.com/buy/apartment/property-3900704,2026-08-06T17:33:59.496264+00:00
3900703,【鍾賢地產】新蒲崗-仁愛大樓｜實用552呎｜兩邊窗＋三房向東南《有電梯》,新蒲崗,仁愛大樓,4400000,552,3,1,鍾賢地產,https://i1.28hse.com/2026/07/202607161338492895547_thumb.jpg,https://www.28hse.com/buy/apartment/property-3900703,2026-08-06T17:33:59.496264+00:00
3900667,港鐵站沿線.實用四正兩房.全新未住過,黃大仙,薈鳴,6250000,356,2,1,美聯物業,https://i1.28hse.com/2026/06/202606211815141164157_thumb.jpg,https://www.28hse.com/buy/apartment/property-3900667,2026-08-06T17:33:59.496264+00:00
3900028,市中心洋樓，高層向南，交通方便！到價即簽！,黃大仙,豪苑,5000000,408,2,1,富誠宏景花園分行,https://i1.28hse.com/2026/06/202606211250484376561_thumb.jpg,https://www.28hse.com/buy/apartment/property-3900028,2026-08-06T17:33:59.496264+00:00
3837009,臨近啟德站 市區2房平售 快電,新蒲崗,崇齡大廈,3880000,412,2,1,金滙地產有限公司,https://i1.28hse.com/2026/05/202605061542445743520_thumb.jpg,https://www.28hse.com/buy/apartment/property-3837009,2026-08-06T17:33:59.496264+00:00
3898963,』靚裝『近鐵』極優,黃大仙,新光中心,5680000,412,2,1,金滙地產 慈雲山分行,https://i1.28hse.com/2026/06/202606201509194073071_thumb.jpg,https://www.28hse.com/buy/apartment/property-3898963,2026-08-06T17:33:59.496264+00:00
3898473,3房2廁平賣換樓首選,黃大仙,秀芳花園,6500000,639,3,2,富山(香港)地產,https://i1.28hse.com/2026/06/202606201106406926225_thumb.jpg,https://www.28hse.com/buy/apartment/property-3898473,2026-08-06T17:33:59.496264+00:00
3897390,"筍!筍!筍!高層開揚,靚裝2房",黃大仙,匯豪山,6980000,439,2,1,金匯地產總行,https://i1.28hse.com/2026/06/20260620115437984360_thumb.jpg,https://www.28hse.com/buy/apartment/property-3897390,2026-08-06T17:33:59.496264+00:00
3809820,"【罕有高層靚裝2房,有匙即睇,MTR上車盤,還價即成打黎傾傾!!】",黃大仙,新光中心,5200000,412,2,1,富誠地產代理公司,https://i1.28hse.com/2026/07/202607211052088582921_thumb.jpg,https://www.28hse.com/buy/apartment/property-3809820,2026-08-06T17:33:59.496264+00:00
3892139,"兩房企理,收租4厘回報高,中層開揚,收租自用,兩者皆可",新蒲崗,崇齡大廈,3930000,380,2,1,金滙地產 樂富分行,https://i1.28hse.com/2026/07/202607021518286580304_thumb.jpg,https://www.28hse.com/buy/apartment/property-3892139,2026-08-06T17:33:59.496264+00:00
3891908,高層開揚~歡迎聯絡約睇,黃大仙,匯豪山,6980000,439,2,1,富誠慈雲山分行,https://i1.28hse.com/2026/06/20260615115435247351_thumb.jpg,https://www.28hse.com/buy/apartment/property-3891908,2026-08-06T17:33:59.496264+00:00
3891555,～呢間最平真筍盤 割愛平售 實用大2房 上車精選 黃大仙地鐵方便～歡迎參觀查詢,黃大仙,豪苑,4380000,420,2,1,世紀21富山(香港),https://i1.28hse.com/2026/06/202606142105426515139_thumb.jpg,https://www.28hse.com/buy/apartment/property-3891555,2026-08-06T17:33:59.496264+00:00
3887382,豪苑兩房筍盤｜420呎4xx筍價放售｜交通便利投資自住皆宜,黃大仙,豪苑,4500000,420,2,,中原地產,https://i1.28hse.com/2026/06/202606121159578360828_thumb.jpg,https://www.28hse.com/buy/apartment/property-3887382,2026-08-06T17:33:59.496264+00:00
3886845,「市區罕有『3字頭』兩房 供平過租，上車無難度！」,黃大仙,伯德大樓,3800000,352,2,1,世紀21富山(香港),https://i1.28hse.com/2026/06/202606111904217365025_thumb.jpg,https://www.28hse.com/buy/apartment/property-3886845,2026-08-06T17:33:59.496264+00:00
3884518,必睇靚盤~3分鐘達鐵~已做大維修,黃大仙,新光中心,5800000,412,1,1,中原地產,https://i1.28hse.com/2026/06/202606191103532024794_thumb.jpg,https://www.28hse.com/buy/apartment/property-3884518,2026-08-06T17:33:59.496264+00:00
3884095,新蒲崗衍慶大廈底層435尺已間3套房售298萬,新蒲崗,衍慶大廈,2980000,435,3,3,嬌陽地產,https://i1.28hse.com/2026/06/202606091939544976460_thumb.jpg,https://www.28hse.com/buy/apartment/property-3884095,2026-08-06T17:33:59.496264+00:00
3884091,唐樓-三套房380尺靚裝268萬,新蒲崗,唐樓,2680000,380,3,1,嬌陽地產,https://i1.28hse.com/2026/06/20260609193823378366_thumb.jpg,https://www.28hse.com/buy/apartment/property-3884091,2026-08-06T17:33:59.496264+00:00
3883852,康景樓2房392尺高層開揚靚裝$385萬交吉出售,新蒲崗,康景樓,3850000,392,2,1,嬌陽地產,https://i1.28hse.com/2026/06/202606091748392162343_thumb.jpg,https://www.28hse.com/buy/apartment/property-3883852,2026-08-06T17:33:59.496264+00:00
3883623,彝倫街唐樓高層379尺三個套房連租約售200萬,新蒲崗,百樂大樓,2000000,379,3,3,嬌陽地產,https://i1.28hse.com/2026/06/202606091621071537470_thumb.jpg,https://www.28hse.com/buy/apartment/property-3883623,2026-08-06T17:33:59.496264+00:00
3883506,錦榮街唐五樓603尺二房一廳吉售350萬⋯⋯可試345,新蒲崗,唐樓,3450000,603,2,1,嬌陽地產,https://i1.28hse.com/2026/06/202606091656264468964_thumb.jpg,https://www.28hse.com/buy/apartment/property-3883506,2026-08-06T17:33:59.496264+00:00
3883489,仁愛大廈-電梯東南434尺吉售350萬即睇,新蒲崗,仁愛大樓,3500000,434,2,1,嬌陽地產,https://i1.28hse.com/2026/06/202606091532335965945_thumb.jpg,https://www.28hse.com/buy/apartment/property-3883489,2026-08-06T17:33:59.496264+00:00
3882855,"業主急售, 一減再減, 高層2房企理開揚,有匙即睇,睇啱還價照傾,快者得!",黃大仙,鳳凰村大廈,3380000,384,2,1,富榮地產代理,https://i1.28hse.com/2026/06/202606221634387839681_thumb.jpg,https://www.28hse.com/buy/apartment/property-3882855,2026-08-06T17:33:59.496264+00:00
3881851,鄰近黃大仙站極高層開陽景2房單位,黃大仙,豪苑,5500000,408,2,1,鴻亮地產代理公司,https://i1.28hse.com/2026/06/202606081350084384805_thumb.jpg,https://www.28hse.com/buy/apartment/property-3881851,2026-08-06T17:33:59.496264+00:00
3880964,』成熟市區『兩房』即住/即放租『,新蒲崗,新蒲崗廣場,6480000,470,2,1,金滙地產 慈雲山分行,https://i1.28hse.com/2026/06/202606071705535467865_thumb.jpg,https://www.28hse.com/buy/apartment/property-3880964,2026-08-06T17:33:59.496264+00:00
3724987,臨近啟德站 罕有3房連天台 靚裝拎包即住 快快快,新蒲崗,康強洋樓,5060000,506,3,1,金滙地產有限公司,https://i1.28hse.com/2026/02/202602111302378825756_thumb.jpg,https://www.28hse.com/buy/apartment/property-3724987,2026-08-06T17:33:59.496264+00:00
3802749,JIMMY主區可睇晒@(保證FIRM賣唔玩野)推介@v@獨家,新蒲崗,新蒲崗廣場,6370000,470,2,1,金滙地產 新蒲崗分行,https://i1.28hse.com/2026/06/202606031514545206531_thumb.jpg,https://www.28hse.com/buy/apartment/property-3802749,2026-08-06T17:33:59.496264+00:00
3956371,✿❀【Miami Quay】✿❀優質2房～急走！,啟德,Miami Quay,7480000,459,2,1,中原地產代理有限公司,https://i1.28hse.com/2026/08/202608021403141153089_thumb.jpg,https://www.28hse.com/buy/apartment/property-3956371,2026-08-06T17:33:59.496264+00:00
3855455,嘉匯一房，有露台，有鎖匙,啟德,嘉匯,7380000,372,1,1,達成地產,https://i1.28hse.com/2026/05/202605200402046302110_thumb.jpg,https://www.28hse.com/buy/apartment/property-3855455,2026-08-06T17:33:59.496264+00:00
3954343,啟德最平最筍一房，交通方便，配套齊全，地方企理，景觀開揚！R,啟德,啟德1號(II),7000000,375,1,1,利嘉閣地產有限公司,https://i1.28hse.com/2026/07/202607312143114449501_thumb.jpg,https://www.28hse.com/buy/apartment/property-3954343,2026-08-06T17:33:59.496264+00:00
3954128,［真盤源］城中心高層大一房！3分鐘到地鐵站！有匙引看！,啟德,啟德1號(II),7000000,375,1,,利嘉閣地產有限公司,https://i1.28hse.com/2026/07/202607311912138933760_thumb.jpg,https://www.28hse.com/buy/apartment/property-3954128,2026-08-06T17:33:59.496264+00:00
3954023,高層開陽，向南單位,啟德,嘉匯,7380000,372,1,,美聯物業,https://i1.28hse.com/2026/07/202607311822014995215_thumb.jpg,https://www.28hse.com/buy/apartment/property-3954023,2026-08-06T17:33:59.496264+00:00
3952217,柏蔚森 8XX海景兩房 最平$800萬,啟德,柏蔚森,8500000,391,2,1,辰川地產有限公司,https://i1.28hse.com/2026/07/202607301504336730956_thumb.jpg,https://www.28hse.com/buy/apartment/property-3952217,2026-08-06T17:33:59.496264+00:00
3952142,✿❀ 【柏蔚森】 ❁❁優質2房，移民急走！,啟德,柏蔚森,6870000,392,2,1,中原地產代理有限公司,https://i1.28hse.com/2026/07/20260730153833407699_thumb.jpg,https://www.28hse.com/buy/apartment/property-3952142,2026-08-06T17:33:59.496264+00:00
3951847,啟德半新樓 兩房最平! 立即查詢!,啟德,柏蔚森,7080000,392,2,1,中原地產代理有限公司,https://i1.28hse.com/2026/07/202607301217444680105_thumb.jpg,https://www.28hse.com/buy/apartment/property-3951847,2026-08-06T17:33:59.496264+00:00
3951624,柏蔚森全新兩房泳池景低價出售,啟德,柏蔚森,7300000,391,2,,美聯物業,https://i1.28hse.com/2026/07/202607292228403250210_thumb.jpg,https://www.28hse.com/buy/apartment/property-3951624,2026-08-06T17:33:59.496264+00:00
3949745,優質上車盤！大1房！近啟德站！,啟德,啟德1號(II),6900000,375,1,1,世紀21啟豐物業代理,https://i1.28hse.com/2026/07/202607281619551869440_thumb.jpg,https://www.28hse.com/buy/apartment/property-3949745,2026-08-06T17:33:59.496264+00:00
3949542,銀行估凸價 寬闊開揚大1房,啟德,啟德1號(I),7050000,368,1,1,世紀21啟豐物業代理,https://i1.28hse.com/2026/07/202607281450547981257_thumb.jpg,https://www.28hse.com/buy/apartment/property-3949542,2026-08-06T17:33:59.496264+00:00
3947530,啟德站焕然壹居靓裝梗廚一房放賣歡迎約睇馬小姐,啟德,煥然壹居,8300000,472,1,1,利嘉閣地產有限公司,https://i1.28hse.com/2026/07/202607261833392759341_thumb.jpg,https://www.28hse.com/buy/apartment/property-3947530,2026-08-06T17:33:59.496264+00:00
3947407,啟德城最筍大一房，底價6XX快者得，有匙即睇,啟德,啟德1號(I),7310000,367,1,,啟盛物業代理,https://i1.28hse.com/2026/07/202607261731213754059_thumb.jpg,https://www.28hse.com/buy/apartment/property-3947407,2026-08-06T17:33:59.496264+00:00
3854209,●●明火，明廁●●全區最靚間隔，沒有之一,啟德,龍譽,6750000,351,1,1,世紀21啟豐物業代理,https://i1.28hse.com/2026/05/202605190232421292878_thumb.jpg,https://www.28hse.com/buy/apartment/property-3854209,2026-08-06T17:33:59.496264+00:00
3944832,間格實用 鄰近啟德站,啟德,啟德1號(I),6950000,367,1,1,中原地產代理有限公司,https://i1.28hse.com/2026/07/202607241508418899474_thumb.jpg,https://www.28hse.com/buy/apartment/property-3944832,2026-08-06T17:33:59.496264+00:00
3944766,罕有園池維港海景三景兩房>投資自住首選!!,啟德,柏蔚森,8200000,390,2,1,美聯物業,https://i1.28hse.com/2026/07/202607241437391997856_thumb.jpg,https://www.28hse.com/buy/apartment/property-3944766,2026-08-06T17:33:59.496264+00:00
3944702,最等两房梗廚，随時約睇。樓市火爆，筍盤好快走，價錢可便,啟德,Henley Park,8400000,384,1,,美聯物業,https://i1.28hse.com/2026/07/202607241401468526531_thumb.jpg,https://www.28hse.com/buy/apartment/property-3944702,2026-08-06T17:33:59.496264+00:00
3944110,启德一号大一房低價出售［減至698萬],啟德,啟德1號(I),7600000,367,1,,美聯物業,https://i1.28hse.com/2026/07/202607231710212678328_thumb.jpg,https://www.28hse.com/buy/apartment/property-3944110,2026-08-06T17:33:59.496264+00:00
3943836,"銀主盤, 筍盤有匙, 平過估價, 正南大一房",啟德,嘉匯,7380000,372,1,,利嘉閣地產有限公司,https://i1.28hse.com/2026/07/202607231814017030324_thumb.jpg,https://www.28hse.com/buy/apartment/property-3943836,2026-08-06T17:33:59.496264+00:00
3943697,上車首選｜荀爆廳大房大 置業必睇,啟德,嘉匯,7100000,372,1,,中原地產代理有限公司,https://i1.28hse.com/2026/07/20260723172100291373_thumb.jpg,https://www.28hse.com/buy/apartment/property-3943697,2026-08-06T17:33:59.496264+00:00
3856514,最近啟德站罕有一房一廳放盤,啟德,煥然壹居,7380000,449,1,1,樂置業,https://i1.28hse.com/2026/06/202606181814141850536_thumb.jpg,https://www.28hse.com/buy/apartment/property-3856514,2026-08-06T17:33:59.496264+00:00
3942490,《擁抱開揚靚海景》｛自住靚裝2房} [盡快約睇],啟德,柏蔚森,8200000,390,2,,利嘉閣地產,https://i1.28hse.com/2026/07/202607221839067573541_thumb.jpg,https://www.28hse.com/buy/apartment/property-3942490,2026-08-06T17:33:59.496264+00:00
3938490,便過一手樓 專門幫你尋找便過一手的貨,啟德,柏蔚森,8200000,390,2,,利嘉閣地產有限公司,https://i1.28hse.com/2026/07/202607191535257440940_thumb.jpg,https://www.28hse.com/buy/apartment/property-3938490,2026-08-06T17:33:59.496264+00:00
3937831,啟德地鐵站附近一房 遠超估價,啟德,Oasis Kai Tak,8000000,366,1,1,利嘉閣地產有限公司,https://i1.28hse.com/2026/07/202607182034005890550_thumb.jpg,https://www.28hse.com/buy/apartment/property-3937831,2026-08-06T17:33:59.496264+00:00
3937786,高層實用一房 無敵景觀 開陽采光 租金回報率高可租19000,啟德,龍譽,7500000,358,1,,利嘉閣地產有限公司,https://i1.28hse.com/2026/07/202607181938302153266_thumb.jpg,https://www.28hse.com/buy/apartment/property-3937786,2026-08-06T17:33:59.496264+00:00
3935580,《業主有意出貨》一刀落手有驚喜,啟德,Henley Park,8000000,388,1,,香港置業,https://i1.28hse.com/2026/07/202607171501426932133_thumb.jpg,https://www.28hse.com/buy/apartment/property-3935580,2026-08-06T17:33:59.496264+00:00
3935520,690萬仍有空間 業主見票笑呵呵,啟德,啟德1號(I),7310000,367,1,,香港置業,https://i1.28hse.com/2026/07/202607171439355736125_thumb.jpg,https://www.28hse.com/buy/apartment/property-3935520,2026-08-06T17:33:59.496264+00:00
3935003,啟德城中心！一房出售 。業主叫價700萬，價格可傾。3分鐘到地鐵站口。精緻裝修。,啟德,嘉匯,7000000,358,1,,中原地產,https://i1.28hse.com/2026/07/202607231325451479058_thumb.jpg,https://www.28hse.com/buy/apartment/property-3935003,2026-08-06T17:33:59.496264+00:00
3934788,高端優質，1房，2房，3房，開放式，景觀開揚，歡迎預約參觀,啟德,Henley Park,8180000,388,1,1,啟盛物業代理,https://i1.28hse.com/estate_data/82/26199/FLOOR/26199_20231117043519627141_thumb.jpg,https://www.28hse.com/buy/apartment/property-3934788,2026-08-06T17:33:59.496264+00:00
3934284,機會!!巨型一房！3分鐘到地鐵站！西南河景！,啟德,啟德1號(II),6900000,375,1,,香港置業,https://i1.28hse.com/2026/07/202607161606172515164_thumb.jpg,https://www.28hse.com/buy/apartment/property-3934284,2026-08-06T17:33:59.496264+00:00
3848968,【震撼上車之選】維港煙花海景兩房 睇完包你有驚喜,啟德,柏蔚森,6850000,394,2,1,天狼星物業,https://i1.28hse.com/2026/05/202605150651464846953_thumb.jpg,https://www.28hse.com/buy/apartment/property-3848968,2026-08-06T17:33:59.496264+00:00
3848900,【筍盤求售】海景兩房連儲物室 四正實用 還價即成,啟德,Miami Quay,8000000,500,2,1,天狼星物業,https://i1.28hse.com/2026/05/202605162045377959157_thumb.jpg,https://www.28hse.com/buy/apartment/property-3848900,2026-08-06T17:33:59.496264+00:00
3848220,【會德豐系列】 海景兩房 明廁明火 即約即睇,啟德,Miami Quay,7450000,459,2,1,天狼星物業,https://i1.28hse.com/2026/05/202605141629114390000_thumb.jpg,https://www.28hse.com/buy/apartment/property-3848220,2026-08-06T17:33:59.496264+00:00
3930084,東南內園 1房 全啟德1號最大則嘅1房 主人房有對流窗,啟德,啟德1號(I),7810000,383,1,1,世紀21啟豐物業代理,https://i1.28hse.com/2026/07/202607211112338706149_thumb.jpg,https://www.28hse.com/buy/apartment/property-3930084,2026-08-06T17:33:59.496264+00:00
3929332,急售 約睇 兩房 向南內園,啟德,Miami Quay,7750000,450,2,1,世宏地產,https://i1.28hse.com/2026/07/20260712162604850271_thumb.jpg,https://www.28hse.com/buy/apartment/property-3929332,2026-08-06T17:33:59.496264+00:00
3929290,豪裝一房內園! 荀價求售!,啟德,Henley Park,8200000,388,1,1,美聯物業代理有限公司,https://i1.28hse.com/2026/07/202607121612231029437_thumb.jpg,https://www.28hse.com/buy/apartment/property-3929290,2026-08-06T17:33:59.496264+00:00
3928480,《價筍》《實用》《靠牆位多》《少走廊位》《市區大廳大房》《近地鐵屋苑》34校網,啟德,啟德1號(II),6900000,375,1,1,香港置業,https://i1.28hse.com/2026/07/202607111848297919504_thumb.jpg,https://www.28hse.com/buy/apartment/property-3928480,2026-08-06T17:33:59.496264+00:00
3927451,啟德一房凸估價筍盤，即走盤，還價即成,啟德,Oasis Kai Tak,8000000,366,1,,利嘉閣地產有限公司,https://i1.28hse.com/2026/07/202607111058458974458_thumb.jpg,https://www.28hse.com/buy/apartment/property-3927451,2026-08-06T17:33:59.496264+00:00
3788594,●●官方荀盤認證✓✓➼●●大1房 廳大房大 靚則,啟德,啟德1號(II),6960000,375,1,1,世紀21啟豐物業代理,https://i1.28hse.com/2026/03/202603280132428132735_thumb.jpg,https://www.28hse.com/buy/apartment/property-3788594,2026-08-06T17:33:59.496264+00:00
3925526,極高層1房，收租首選,啟德,龍譽,7500000,358,1,1,啟盛物業代理,https://i1.28hse.com/2026/07/202607091951397019012_thumb.jpg,https://www.28hse.com/buy/apartment/property-3925526,2026-08-06T17:33:59.496264+00:00
3726555,啟德1號 超實用1房 距離地鐵站1分鐘 開陽靚景,啟德,啟德1號(I),7180000,376,1,,世紀21啟豐物業代理,https://i1.28hse.com/2026/01/202601310031432122592_thumb.jpg,https://www.28hse.com/buy/apartment/property-3726555,2026-08-06T17:33:59.496264+00:00
3923356,啟德方正一房｜近港鐵鄰商場 清幽靜居,啟德,龍譽,7500000,358,1,,利嘉閣地產有限公司,https://i1.28hse.com/2026/07/20260708151520687771_thumb.jpg,https://www.28hse.com/buy/apartment/property-3923356,2026-08-06T17:33:59.496264+00:00
3921787,近地鐵、高層開揚大1房,啟德,龍譽,7380000,358,1,,美聯物業代理有限公司,https://i1.28hse.com/2026/07/202607071411518301348_thumb.jpg,https://www.28hse.com/buy/apartment/property-3921787,2026-08-06T17:33:59.496264+00:00
3920459,"[實盤堅價]明廁一房,連約/交吉都得",啟德,嘉匯,7200000,372,1,,香港置業,https://i1.28hse.com/2026/07/202607061514321555188_thumb.jpg,https://www.28hse.com/buy/apartment/property-3920459,2026-08-06T17:33:59.496264+00:00
3919544,大一房 筍價售,啟德,龍譽,7200000,356,1,1,利嘉閣香港有限公司,https://i1.28hse.com/2026/07/202607161757215330302_thumb.jpg,https://www.28hse.com/buy/apartment/property-3919544,2026-08-06T17:33:59.496264+00:00
3833461,啟德高層海景兩房 相熟業主幫你傾到最平,啟德,維港1號,7950000,444,2,1,中輝偉創,https://i1.28hse.com/2026/07/202607051729567832127_thumb.jpg,https://www.28hse.com/buy/apartment/property-3833461,2026-08-06T17:33:59.496264+00:00
3917887,平絕啟德新區，性價比高,啟德,柏蔚森,7080000,392,2,1,中原地產,https://i1.28hse.com/2026/07/202607041648251018836_thumb.jpg,https://www.28hse.com/buy/apartment/property-3917887,2026-08-06T17:33:59.496264+00:00
3917781,（真盤源)筍！高層大房1房，有匙歡迎約睇。,啟德,啟德1號(I),7130000,372,1,1,啟盛物業代理,https://i1.28hse.com/2026/07/202607241138272315675_thumb.jpg,https://www.28hse.com/buy/apartment/property-3917781,2026-08-06T17:33:59.496264+00:00
3833678,HENLEY PARK業主誠意出售!!投資者最愛!!即時有租收!!業主有心走貨!,啟德,Henley Park,8180000,388,1,1,啟盛物業代理,https://i1.28hse.com/2026/07/202607121247356045420_thumb.jpg,https://www.28hse.com/buy/apartment/property-3833678,2026-08-06T17:33:59.496264+00:00
3916875,進註啟德好時機，2房低位入埸,啟德,維港1號,7980000,444,2,1,大老闆物業代理,https://i1.28hse.com/2026/07/202607040017226754006_thumb.jpg,https://www.28hse.com/buy/apartment/property-3916875,2026-08-06T17:33:59.496264+00:00
2543830,業主求售，劈價$50萬,啟德,煥然壹居,8000000,449,1,1,世紀21啟豐物業代理,https://i1.28hse.com/2026/07/202607031717356113686_thumb.jpg,https://www.28hse.com/buy/apartment/property-2543830,2026-08-06T17:33:59.496264+00:00
3915757,"啟德一房, 有匙即睇",啟德,嘉匯,7380000,372,1,,利嘉閣地產有限公司,https://i1.28hse.com/2026/07/202607031518598709598_thumb.jpg,https://www.28hse.com/buy/apartment/property-3915757,2026-08-06T17:33:59.496264+00:00
3832640,啟德海景兩房 明火煮食 真盤只此一間,啟德,Double Coast,8300000,420,2,1,中輝偉創,https://i1.28hse.com/2026/05/202605031541515722704_thumb.jpg,https://www.28hse.com/buy/apartment/property-3832640,2026-08-06T17:33:59.496264+00:00
3915368,兩房高層開揚,啟德,Monaco One,8200000,438,2,,美聯物業代理有限公司,https://i1.28hse.com/2026/07/202607031205418151214_thumb.jpg,https://www.28hse.com/buy/apartment/property-3915368,2026-08-06T17:33:59.496264+00:00
3914675,新淨實用兩房！呢排業主都賺夠想比其他人賺下！相熟業主！價錢好相議800萬都可試！,啟德,柏蔚森,8500000,395,2,,香港置業,https://i1.28hse.com/2026/07/202607021810574804567_thumb.jpg,https://www.28hse.com/buy/apartment/property-3914675,2026-08-06T17:33:59.496264+00:00
3913027,啟德筍盤超大一房,啟德,Henley Park,8200000,388,1,,利嘉閣地產有限公司,https://i1.28hse.com/2026/07/202607011626565225909_thumb.jpg,https://www.28hse.com/buy/apartment/property-3913027,2026-08-06T17:33:59.496264+00:00
3910425,銀行估凸，筍價放售,啟德,Oasis Kai Tak,7950000,366,1,1,美聯物業,https://i1.28hse.com/2026/07/202607261615168018896_thumb.jpg,https://www.28hse.com/buy/apartment/property-3910425,2026-08-06T17:33:59.496264+00:00
3910277,龍譽罕有明廁一房，全落地玻璃，距離地鐵站3-4分鐘,啟德,龍譽,6750000,356,1,1,世紀21啟豐物業代理,https://i1.28hse.com/2026/06/202606291530498124084_thumb.jpg,https://www.28hse.com/buy/apartment/property-3910277,2026-08-06T17:33:59.496264+00:00
3802192,超實用靚則！向南單邊開揚海景2房！性價比最高！,啟德,柏蔚森,7000000,395,2,1,榮利地產,https://i1.28hse.com/2026/04/202604081534158439140_thumb.jpg,https://www.28hse.com/buy/apartment/property-3802192,2026-08-06T17:33:59.496264+00:00
3908352,優質盤源1房，2房，3房，景觀開揚，歡迎預約參觀,啟德,啟德1號(I),7590000,367,1,1,啟盛物業代理,https://i1.28hse.com/2026/07/202607061720172749303_thumb.jpg,https://www.28hse.com/buy/apartment/property-3908352,2026-08-06T17:33:59.496264+00:00
3905325,【超級筍盤】 啟德1號 375尺 1房 單位 ️ 平價 19000 左右 1尺,啟德,啟德1號(II),7350000,375,1,,香港置業,https://i1.28hse.com/2026/06/20260625150757150633_thumb.jpg,https://www.28hse.com/buy/apartment/property-3905325,2026-08-06T17:33:59.496264+00:00
3904393,最筍1房，廳大房大,啟德,Oasis Kai Tak,7000000,364,1,1,啟盛物業代理,https://i1.28hse.com/2026/06/202606241802546283864_thumb.jpg,https://www.28hse.com/buy/apartment/property-3904393,2026-08-06T17:33:59.496264+00:00
3903728,急走1房！罕有靚則！還價即成！,啟德,龍譽,6750000,351,1,1,世紀21啟豐物業代理,https://i1.28hse.com/2026/06/202606241222511013026_thumb.jpg,https://www.28hse.com/buy/apartment/property-3903728,2026-08-06T17:33:59.496264+00:00
3773120,●●官方荀盤認證✓✓➼●全區最寛景觀嘅1房 超大睡房,啟德,啟德1號(I),7310000,368,1,1,世紀21啟豐物業代理,https://i1.28hse.com/2026/08/202608061229206443131_thumb.jpg,https://www.28hse.com/buy/apartment/property-3773120,2026-08-06T17:33:59.496264+00:00
3810292,業主誠意放售！市場最筍！頂級會所！特高樓底！,啟德,Henley Park,8180000,388,1,1,世紀21啟豐物業代理,https://i1.28hse.com/2026/04/202604142317545582980_thumb.jpg,https://www.28hse.com/buy/apartment/property-3810292,2026-08-06T17:33:59.496264+00:00
3898818,【⭑最荀推介⭑】超荀價跑道區2房！全新未住過！即約即睇！歡迎查詢約睇！,啟德,柏蔚森,7080000,392,2,1,中原地產代理有限公司,https://i1.28hse.com/2026/06/202606201358043171033_thumb.jpg,https://www.28hse.com/buy/apartment/property-3898818,2026-08-06T17:33:59.496264+00:00
3897937,7XX萬！全場最筍兩房！業主劈價移民急走！有興趣聯絡！《34名校網》,啟德,維港1號,8000000,426,2,,中原地產,https://i1.28hse.com/2026/06/202606191747541987485_thumb.jpg,https://www.28hse.com/buy/apartment/property-3897937,2026-08-06T17:33:59.496264+00:00
3897092,全啟德優質至筍兩房！即約即睇！把握機會！,啟德,柏蔚森,7080000,392,2,1,中原地產,https://i1.28hse.com/2026/07/202607012045417096199_thumb.jpg,https://www.28hse.com/buy/apartment/property-3897092,2026-08-06T17:33:59.496264+00:00
3892571,買家免佣 【銀主盤】 真盤真價｜銀主盤專家｜有匙引看,啟德,嘉匯,7380000,372,1,1,銀置地產有限公司,https://i1.28hse.com/2026/06/202606252107241406938_thumb.jpg,https://www.28hse.com/buy/apartment/property-3892571,2026-08-06T17:33:59.496264+00:00
3888049,大型地標商場｜購物娛樂飲食完善・鐵路沿線＋啟德河畔景致,啟德,龍譽,7350000,356,1,,利嘉閣地產,https://i1.28hse.com/2026/06/202606121622157447158_thumb.jpg,https://www.28hse.com/buy/apartment/property-3888049,2026-08-06T17:33:59.496264+00:00
3887918,收租，自住，首選,啟德,Oasis Kai Tak,7000000,366,1,1,香港置業,https://i1.28hse.com/2026/06/202606121552304825539_thumb.jpg,https://www.28hse.com/buy/apartment/property-3887918,2026-08-06T17:33:59.496264+00:00
3885205,啟德2房上車推介,啟德,柏蔚森,7900000,391,2,1,美聯物業,https://i1.28hse.com/2026/06/202606101741495288972_thumb.jpg,https://www.28hse.com/buy/apartment/property-3885205,2026-08-06T17:33:59.496264+00:00
3885198,高端優質，1房，2房，3房，開放式，景觀開揚，歡迎預約參觀,啟德,Henley Park,8300000,388,1,1,啟盛物業代理,https://i1.28hse.com/2026/06/202606101740448539629_thumb.jpg,https://www.28hse.com/buy/apartment/property-3885198,2026-08-06T17:33:59.496264+00:00
3783941,1房 帶衣帽間 明火煮食,啟德,The Henley,8100000,380,1,1,世紀21啟豐物業代理,https://i1.28hse.com/2026/03/202603241446518177629_thumb.jpg,https://www.28hse.com/buy/apartment/property-3783941,2026-08-06T17:33:59.496264+00:00
3882585,市場最筍！投資上車精選！實用兩房！,啟德,柏蔚森,7300000,391,2,,香港置業,https://i1.28hse.com/2026/06/202606081833241726914_thumb.jpg,https://www.28hse.com/buy/apartment/property-3882585,2026-08-06T17:33:59.496264+00:00
3811029,[可試700萬] 高層 1房. 恆生估值810,啟德,啟德1號(I),7470000,367,1,1,啟盛物業代理,https://i1.28hse.com/2026/04/202604151631477522262_thumb.jpg,https://www.28hse.com/buy/apartment/property-3811029,2026-08-06T17:33:59.496264+00:00
3810907,"實用383尺, 東南1房 連租約",啟德,啟德1號(I),7570000,383,1,1,啟盛物業代理,https://i1.28hse.com/2026/04/202604151531544318620_thumb.jpg,https://www.28hse.com/buy/apartment/property-3810907,2026-08-06T17:33:59.496264+00:00
3881622,近地鐵站、高層開揚、清靜即住,啟德,啟德1號(I),7310000,367,1,,美聯物業代理有限公司,https://i1.28hse.com/2026/07/202607311822116900131_thumb.jpg,https://www.28hse.com/buy/apartment/property-3881622,2026-08-06T17:33:59.496264+00:00
3880590,[筍]啟德城中心高層超筍大一房買賣，低於估價!!!快來,啟德,啟德1號(I),7500000,367,1,,利嘉閣地產有限公司,https://i1.28hse.com/2026/06/202606071409468808769_thumb.jpg,https://www.28hse.com/buy/apartment/property-3880590,2026-08-06T17:33:59.496264+00:00
3962113,"【VR/圖則】2房+天台,極具重建價值,新晉豪宅區,41校網,宋皇臺站",九龍城,恒勝樓,4000000,478,2,1,小村置業有限公司,https://i1.28hse.com/2026/08/202608061309192428349_thumb.jpg,https://www.28hse.com/buy/apartment/property-3962113,2026-08-06T17:33:59.496264+00:00
3917290,✭松林✭見票即走價✭,九龍城,松林,8180000,462,2,1,滙昇置業,https://i1.28hse.com/2026/07/202607051643344665903_thumb.jpg,https://www.28hse.com/buy/apartment/property-3917290,2026-08-06T17:33:59.496264+00:00
3916470,平絕豪門，兩房必睇!,九龍城,豪門,7930000,541,2,1,啟盛物業代理,https://i1.28hse.com/2026/07/20260705160549558083_thumb.jpg,https://www.28hse.com/buy/apartment/property-3916470,2026-08-06T17:33:59.496264+00:00
3590193,41校網，超值。洋樓，1梯2伙，私隱度極高.,九龍城,博林軒,7280000,438,2,1,港駿物業,https://i1.28hse.com/2026/05/202605141333432561004_thumb.jpg,https://www.28hse.com/buy/apartment/property-3590193,2026-08-06T17:33:59.496264+00:00
3955404,"41校綱,9年樓齡,1房高層,高級會所,宋王臺站B2出口步行5分鐘,歡迎來電約睇",九龍城,文曜,7780000,379,1,,富榮地產代理,https://i1.28hse.com/2026/08/20260801175009769393_thumb.jpg,https://www.28hse.com/buy/apartment/property-3955404,2026-08-06T17:33:59.496264+00:00
3953502,41名校校網,九龍城,御崗軒,6450000,389,2,,利嘉閣地產,https://i1.28hse.com/2026/07/20260731150809399837_thumb.jpg,https://www.28hse.com/buy/apartment/property-3953502,2026-08-06T17:33:59.496264+00:00
3951722,松林~41名校網2房平售，wechat:[REDACTED] 機不可失,九龍城,松林,8180000,452,2,1,世紀21傲群地產,https://i1.28hse.com/2026/07/202607300148153679198_thumb.jpg,https://www.28hse.com/buy/apartment/property-3951722,2026-08-06T17:33:59.496264+00:00
3951720,"九龍城唐一樓,三房兩廁實 473呎加203呎入契平台急走，中銀估價$400",九龍城,唐樓,3980000,473,3,2,世紀21傲群地產,https://i1.28hse.com/2026/07/202607300145092790722_thumb.jpg,https://www.28hse.com/buy/apartment/property-3951720,2026-08-06T17:33:59.496264+00:00
3951675,✭聯合道✭前座向街✭,九龍城,唐樓,3430000,381,2,1,滙昇置業,https://i1.28hse.com/2026/07/202607300036196741142_thumb.jpg,https://www.28hse.com/buy/apartment/property-3951675,2026-08-06T17:33:59.496264+00:00
3633918,低層三房 企理即住,九龍城,唐樓,6000000,605,3,1,嘉福地產有限公司,https://i1.28hse.com/2026/06/202606181820505833595_thumb.jpg,https://www.28hse.com/buy/apartment/property-3633918,2026-08-06T17:33:59.496264+00:00
3414320,有電梯2房41校網,九龍城,單幢樓房,3830000,386,2,1,天申置業,https://i1.28hse.com/2026/08/202608011111435327471_thumb.jpg,https://www.28hse.com/buy/apartment/property-3414320,2026-08-06T17:33:59.496264+00:00
3943824,罕有 大1房 高層 泳池會所齊全41 校網,九龍城,瓏碧,6600000,354,1,1,誠家地產,https://i1.28hse.com/2026/07/202607231811084377824_thumb.jpg,https://www.28hse.com/buy/apartment/property-3943824,2026-08-06T17:33:59.496264+00:00
3942282,Angel真盤源推介 獨立電梯大堂 一梯一伙 私隱度極高,九龍城,松林,8300000,462,2,,利嘉閣地產,https://i1.28hse.com/2026/07/202607221725278399710_thumb.jpg,https://www.28hse.com/buy/apartment/property-3942282,2026-08-06T17:33:59.496264+00:00
3940236,"九龍城唐一樓,三房兩廁實 473呎加203呎入契平台急走，中銀估價$400",九龍城,唐樓,3980000,473,3,2,世紀21傲群地產,https://i1.28hse.com/2026/07/202607211010285843604_thumb.jpg,https://www.28hse.com/buy/apartment/property-3940236,2026-08-06T17:33:59.496264+00:00
3934062,[突發減價] 業主急售 $100印花稅 有票即收 低層兩房+大平台,九龍城,唐樓,3980000,472,3,2,佳信物業有限公司,https://i1.28hse.com/2026/07/202607171629042555053_thumb.jpg,https://www.28hse.com/buy/apartment/property-3934062,2026-08-06T17:33:59.496264+00:00
3930519,《 唐樓中嘅極品·非呢間莫屬 》 龍圖街,九龍城,單幢樓房,3650000,441,2,1,天晋物業有限公司,https://i1.28hse.com/2026/07/20260713162904618264_thumb.jpg,https://www.28hse.com/buy/apartment/property-3930519,2026-08-06T17:33:59.496264+00:00
3926563,九龍塘校網靚裝1房連天台，豪華會所、名校、港鐵！,九龍城,瓏碧,7800000,354,1,1,友和地產,https://i1.28hse.com/2026/07/202607101646387406857_thumb.jpg,https://www.28hse.com/buy/apartment/property-3926563,2026-08-06T17:33:59.496264+00:00
3924266,**一減再減** 豪門 最筍兩房 投資自住皆宜,九龍城,豪門,7920000,541,2,1,友和地產,https://i1.28hse.com/2026/07/20260709010858924880_thumb.jpg,https://www.28hse.com/buy/apartment/property-3924266,2026-08-06T17:33:59.496264+00:00
3923379,一層一王國～私隱度極高～高層開實靚景～實用兩房～有匙快走！,九龍城,松林,8300000,462,2,1,美聯物業,https://i1.28hse.com/2026/07/202607081528056875226_thumb.jpg,https://www.28hse.com/buy/apartment/property-3923379,2026-08-06T17:33:59.496264+00:00
3836990,2房高層 41校網,九龍城,松林,8180000,426,2,1,誠家地產,https://i1.28hse.com/2026/06/202606201357031913774_thumb.jpg,https://www.28hse.com/buy/apartment/property-3836990,2026-08-06T17:33:59.496264+00:00
3917045,（真盤源)筍！大兩房自住，投資首選。歡迎約睇。,九龍城,豪門,7800000,541,2,1,啟盛物業代理,https://i1.28hse.com/2026/07/202607041552178769144_thumb.jpg,https://www.28hse.com/buy/apartment/property-3917045,2026-08-06T17:33:59.496264+00:00
3911924,最後一間！恆基出品！特高樓底！41名校網！地鐵10秒鐘！,九龍城,南首,7150000,351,2,1,匯誠物業有限公司,https://i1.28hse.com/2026/06/202606301854293364283_thumb.jpg,https://www.28hse.com/buy/apartment/property-3911924,2026-08-06T17:33:59.496264+00:00
3862006,✭文曜✭罕有放盤✭買要快,九龍城,文曜,7800000,379,1,1,滙昇置業,https://i1.28hse.com/2026/05/202605250231297039342_thumb.jpg,https://www.28hse.com/buy/apartment/property-3862006,2026-08-06T17:33:59.496264+00:00
3903259,聯合道41校網2房唐樓,九龍城,單幢樓房,3430000,381,2,1,天申置業,https://i1.28hse.com/2026/06/202606231837157021410_thumb.jpg,https://www.28hse.com/buy/apartment/property-3903259,2026-08-06T17:33:59.496264+00:00
3899432,41多校網 極開揚 2房,九龍城,松林,8300000,462,2,1,港駿物業,https://i1.28hse.com/2026/06/202606201816327394569_thumb.jpg,https://www.28hse.com/buy/apartment/property-3899432,2026-08-06T17:33:59.496264+00:00
3713348,劈價即走 41校網~前座三房已做大維修,九龍城,單幢樓房,3880000,471,3,1,宏基地產(九龍城)有限公司,https://i1.28hse.com/2026/07/20260705195640110418_thumb.jpg,https://www.28hse.com/buy/apartment/property-3713348,2026-08-06T17:33:59.496264+00:00
3898256,松林~41名校網2房平售，wechat:[REDACTED] 機不可失,九龍城,松林,8180000,452,2,1,世紀21傲群地產,https://i1.28hse.com/2026/06/202606192158536112917_thumb.jpg,https://www.28hse.com/buy/apartment/property-3898256,2026-08-06T17:33:59.496264+00:00
3798060,九龍城 侯王道 低層唐樓， 三房 超筍價， 41校網， 可大膽還價,九龍城,,5200000,629,3,1,世紀21傲群地產,https://i1.28hse.com/2026/04/20260404194059595093_thumb.jpg,https://www.28hse.com/buy/apartment/property-3798060,2026-08-06T17:33:59.496264+00:00
3893351,衙前塱道唐樓銀主盤~ 還價即成,九龍城,唐樓,6300000,667,3,1,世紀21傲群地產,https://i1.28hse.com/2026/06/202606161252066381071_thumb.jpg,https://www.28hse.com/buy/apartment/property-3893351,2026-08-06T17:33:59.496264+00:00
3893344,"九龍城唐一樓,三房兩廁實 473呎加203呎入契平台急走，中銀估價$400",九龍城,唐樓,3980000,473,3,2,世紀21傲群地產,https://i1.28hse.com/2026/06/202606292350226081008_thumb.jpg,https://www.28hse.com/buy/apartment/property-3893344,2026-08-06T17:33:59.496264+00:00
3882279,九龍塘41號名校網高層美景靚裝2房梗廚大露台！,九龍城,松林,8300000,462,2,1,友和地產,https://i1.28hse.com/2026/07/202607021655252781297_thumb.jpg,https://www.28hse.com/buy/apartment/property-3882279,2026-08-06T17:33:59.496264+00:00
3963152,"【30秒到地鐵站】357尺特大1房, 半新樓尺價@16xxx, 保證交吉",土瓜灣,翰畋,5980000,357,1,1,新港地產代理有限公司,https://i1.28hse.com/2026/08/202608070001064676491_thumb.jpg,https://www.28hse.com/buy/apartment/property-3963152,2026-08-06T17:33:59.496264+00:00
3963149,【好過買一手】新鴻基半新樓有露台2房！廁所有窗！,土瓜灣,Downtown 38,6980000,377,2,1,新港地產代理有限公司,https://i1.28hse.com/2026/08/202608062356457844808_thumb.jpg,https://www.28hse.com/buy/apartment/property-3963149,2026-08-06T17:33:59.496264+00:00
3963147,【好過買一手！】新世界半新樓真正2房！2分鐘到地鐵站！,土瓜灣,瑧尚,6880000,386,2,1,新港地產代理有限公司,https://i1.28hse.com/2026/08/202608062354386797442_thumb.jpg,https://www.28hse.com/buy/apartment/property-3963147,2026-08-06T17:33:59.496264+00:00
3963124,"【傲雲峰2房479尺, $800急走】劈價急走！全屋苑最平細2房！",土瓜灣,傲雲峰,8000000,478,2,1,新港地產代理有限公司,https://i1.28hse.com/2026/08/202608062328272527168_thumb.jpg,https://www.28hse.com/buy/apartment/property-3963124,2026-08-06T17:33:59.496264+00:00
3962927,✿【大減價真心幫你慳】慳錢慳裝修慳時間✿『3房2廁✓34校網✓近港鐵✓』,土瓜灣,安平大廈,4680000,473,3,2,生利達物業代理,https://i1.28hse.com/2026/08/202608061942298682018_thumb.jpg,https://www.28hse.com/buy/apartment/property-3962927,2026-08-06T17:33:59.496264+00:00
3962273,640萬 激荀！放盤! 還價即成 快者得,土瓜灣,金都豪苑,6380000,385,2,1,中景地產,https://i1.28hse.com/2026/08/202608061456492614767_thumb.jpg,https://www.28hse.com/buy/apartment/property-3962273,2026-08-06T17:33:59.496264+00:00
3686003,《偉景閣》高層保証平 靚 正 陽光入屋 2房1廳 仲要有靚裝修 有票有驚喜,土瓜灣,偉恆昌新村,4460000,372,2,1,天晋物業有限公司,https://i1.28hse.com/2026/08/20260806142632217529_thumb.jpg,https://www.28hse.com/buy/apartment/property-3686003,2026-08-06T17:33:59.496264+00:00
3962200,*佳美地產*$100印花稅/ 中層/東南/二房/單邊多窗/名校網/2分鐘到MTR,土瓜灣,嶺南大廈,3850000,414,2,1,佳美地產,https://i1.28hse.com/2026/08/20260806140142106163_thumb.jpg,https://www.28hse.com/buy/apartment/property-3962200,2026-08-06T17:33:59.496264+00:00
3962187,*佳美地產* 新裝修 即買即住/ 二大房大廳/多窗通風/名校網,土瓜灣,安和園,4650000,409,2,1,佳美地產,https://i1.28hse.com/2026/08/202608061353126444316_thumb.jpg,https://www.28hse.com/buy/apartment/property-3962187,2026-08-06T17:33:59.496264+00:00
3961931,「金都豪苑」「中層東南靚座向」 2房約睇 *樓齡新淨 34校網 近地鐵*,土瓜灣,金都豪苑,6680000,409,2,1,世紀21置業易,https://i1.28hse.com/2026/08/202608061143421218042_thumb.jpg,https://www.28hse.com/buy/apartment/property-3961931,2026-08-06T17:33:59.496264+00:00
3921065,【獨家！】超熟業主 萬事好商量！企理裝修 近地鐵 34校網 歡迎約睇！,土瓜灣,傲雲峰,8080000,478,2,1,世紀21領先置業代理,https://i1.28hse.com/2026/07/202607061840594357281_thumb.jpg,https://www.28hse.com/buy/apartment/property-3921065,2026-08-06T17:33:59.496264+00:00
3745490,『金都豪苑』 兩房 鄰近港鐵屯馬線 交通方便 上車首選,土瓜灣,金都豪苑,6400000,385,2,1,聯通物業代理有限公司,https://i1.28hse.com/2026/07/20260709143426305671_thumb.jpg,https://www.28hse.com/buy/apartment/property-3745490,2026-08-06T17:33:59.496264+00:00
3961117,【 靚裝2房 ❋ 3分鐘到MTR ❋ 旺中帶靜 】,土瓜灣,晨樂大廈,4580000,360,2,1,金領物業顧問有限公司,https://i1.28hse.com/2026/08/202608051707237828525_thumb.jpg,https://www.28hse.com/buy/apartment/property-3961117,2026-08-06T17:33:59.496264+00:00
3961002,單位方正實用>>廳大房大~5分鐘到港鐵土瓜灣站,土瓜灣,寶德大廈,3780000,367,2,1,金達地產,https://i1.28hse.com/2026/08/202608051627047031917_thumb.jpg,https://www.28hse.com/buy/apartment/property-3961002,2026-08-06T17:33:59.496264+00:00
3959091,*佳美地產* *豪華裝修 即買即住*高層*單邊開揚*東南*二大房大廳*,土瓜灣,偉恆昌新村,5680000,409,2,1,佳美地產,https://i1.28hse.com/2026/08/202608041207333508526_thumb.jpg,https://www.28hse.com/buy/apartment/property-3959091,2026-08-06T17:33:59.496264+00:00
3959089,*佳美地產* 靚裝修 即買即住/中層/打通一大房2廳,土瓜灣,偉恆昌新村,4680000,369,1,1,佳美地產,https://i1.28hse.com/2026/08/20260804120549458366_thumb.jpg,https://www.28hse.com/buy/apartment/property-3959089,2026-08-06T17:33:59.496264+00:00
3958729,《豪裝＋兩房＋34校網》偉恆昌 偉景閣 高層兩房 則王開陽 即買即住 交吉約睇,土瓜灣,偉恆昌新村,4500000,372,2,1,天晋物業有限公司,https://i1.28hse.com/2026/08/202608032106573017260_thumb.jpg,https://www.28hse.com/buy/apartment/property-3958729,2026-08-06T17:33:59.496264+00:00
3958703,◄►全城最平◄►上車收租之選◄►兩房雅裝 ◄►有匙引看◄►,土瓜灣,翔龍灣,5800000,360,2,1,卓天置業代理有限公司,https://i1.28hse.com/2026/08/202608032034351618179_thumb.jpg,https://www.28hse.com/buy/apartment/property-3958703,2026-08-06T17:33:59.496264+00:00
3958549,大兩房可約睇樓 望海心公園 海景 地鐵站3分鐘 34校網 特高樓底 鄰近新建小區,土瓜灣,旭日豪庭,7800000,494,2,1,匯誠物業有限公司,https://i1.28hse.com/2026/08/202608031910204942204_thumb.jpg,https://www.28hse.com/buy/apartment/property-3958549,2026-08-06T17:33:59.496264+00:00
3957566,*佳美地產* 大屋苑* 中層*單邊*2大房大廳*靚校網*匙盤即看*,土瓜灣,偉恆昌新村,5400000,456,2,1,佳美地產,https://i1.28hse.com/2026/08/202608031205223973444_thumb.jpg,https://www.28hse.com/buy/apartment/property-3957566,2026-08-06T17:33:59.496264+00:00
3957565,*佳美地產* 靚裝修 即買即住/高層東南/2房2廳/已做大維修,土瓜灣,偉恆昌新村,4600000,372,2,1,佳美地產,https://i1.28hse.com/2026/08/20260803120452932045_thumb.jpg,https://www.28hse.com/buy/apartment/property-3957565,2026-08-06T17:33:59.496264+00:00
3957468,✿【呢間係高層金都】景觀遠✩光線足✿『2房✓泳池會所✓34校網✓』,土瓜灣,金都豪苑,6680000,409,2,1,生利達物業代理,https://i1.28hse.com/2026/08/202608031044383982256_thumb.jpg,https://www.28hse.com/buy/apartment/property-3957468,2026-08-06T17:33:59.496264+00:00
3957189,近地鐵站，即買即住，東南景觀，開陽實用，罕有放售,土瓜灣,瑧尚,6880000,386,2,1,匯誠物業有限公司,https://i1.28hse.com/2026/08/202608022004587830639_thumb.jpg,https://www.28hse.com/buy/apartment/property-3957189,2026-08-06T17:33:59.496264+00:00
3956929,獨家 可看 真盤 最平入場上車必看 眼鏡房兩房 臨海地標式建築 五星級會所,土瓜灣,翔龍灣,6180000,360,2,1,星光物業顧問公司,https://i1.28hse.com/2026/08/202608021748032764650_thumb.jpg,https://www.28hse.com/buy/apartment/property-3956929,2026-08-06T17:33:59.496264+00:00
3956885,「物以罕為貴、唔到你唔制」偉恆昌 3房,土瓜灣,偉恆昌新村,7500000,538,3,1,捷昇置業有限公司,https://i1.28hse.com/2026/08/202608021720494070554_thumb.jpg,https://www.28hse.com/buy/apartment/property-3956885,2026-08-06T17:33:59.496264+00:00
3956884,開陽景觀，34校網大屋苑！啟德區無敵配套！梗廚明廁！一盤難求！,土瓜灣,翔龍灣,5780000,360,2,1,匯誠物業有限公司,https://i1.28hse.com/2026/08/202608021719394973568_thumb.jpg,https://www.28hse.com/buy/apartment/property-3956884,2026-08-06T17:33:59.496264+00:00
3956682,地標大型屋苑，入門首選!,土瓜灣,傲雲峰,8000000,478,2,1,中原地產,https://i1.28hse.com/2026/08/202608021606381231086_thumb.jpg,https://www.28hse.com/buy/apartment/property-3956682,2026-08-06T17:33:59.496264+00:00
3956172,轉灣到地鐵站 高層開揚小海,土瓜灣,祥雲大廈,4650000,454,3,1,中景地產,https://i1.28hse.com/2026/08/202608021233392590778_thumb.jpg,https://www.28hse.com/buy/apartment/property-3956172,2026-08-06T17:33:59.496264+00:00
3788280,罕有放盤~實用兩房!!!交通便利步行3分鐘到地鐵站,土瓜灣,龍德大廈,4500000,399,2,1,金達地產,https://i1.28hse.com/2026/07/202607271849117296763_thumb.jpg,https://www.28hse.com/buy/apartment/property-3788280,2026-08-06T17:33:59.496264+00:00
3526069,陽光充足*高層開揚*用家首選*宋皇臺地鐵站*實用率高*兩房一廳*平地電梯洋樓,土瓜灣,東寶大樓,3380000,351,2,1,東成地產,https://i1.28hse.com/2026/04/202604071200227471701_thumb.jpg,https://www.28hse.com/buy/apartment/property-3526069,2026-08-06T17:33:59.496264+00:00
3904313,特色單位 三房兩廁,土瓜灣,安平大廈,4680000,470,3,2,德榮地產代理公司,https://i1.28hse.com/2026/07/202607030140417728902_thumb.jpg,https://www.28hse.com/buy/apartment/property-3904313,2026-08-06T17:33:59.496264+00:00
3955612,*佳美地產* 大屋苑/中層/2房2廳/名校網,土瓜灣,偉恆昌新村,4780000,372,2,1,佳美地產,https://i1.28hse.com/2026/08/20260801191933583256_thumb.jpg,https://www.28hse.com/buy/apartment/property-3955612,2026-08-06T17:33:59.496264+00:00
3955611,有匙即睇～梗厨二房～大型屋苑～高級會所,土瓜灣,翔龍灣,6000000,360,2,1,香港置業,https://i1.28hse.com/2026/08/202608011918567350809_thumb.jpg,https://www.28hse.com/buy/apartment/property-3955611,2026-08-06T17:33:59.496264+00:00
3955606,*佳美地產* 大屋苑* 豪華裝修 即買即住*中層*東南*二大房大廳,土瓜灣,偉恆昌新村,5980000,426,2,1,佳美地產,https://i1.28hse.com/2026/08/202608011916586100209_thumb.jpg,https://www.28hse.com/buy/apartment/property-3955606,2026-08-06T17:33:59.496264+00:00
3955598,*佳美地產* *獨家代理*少海*向東南*三房大廳*靚校網,土瓜灣,偉恆昌新村,4980000,421,3,1,佳美地產,https://i1.28hse.com/2026/08/202608011913282091727_thumb.jpg,https://www.28hse.com/buy/apartment/property-3955598,2026-08-06T17:33:59.496264+00:00
3955583,【中層靚裝 匙盤即睇】日內必走 保證最抵 不睇後悔,土瓜灣,偉恆昌新村,5080000,372,2,1,天晋物業有限公司,https://i1.28hse.com/2026/08/2026080119055998409_thumb.jpg,https://www.28hse.com/buy/apartment/property-3955583,2026-08-06T17:33:59.496264+00:00
3955570,銀主筍盤 實用率高首置精選,土瓜灣,偉恆昌新村,4280000,372,2,1,世紀21置業易,https://i1.28hse.com/2026/08/202608011858297313194_thumb.jpg,https://www.28hse.com/buy/apartment/property-3955570,2026-08-06T17:33:59.496264+00:00
3955555,實用率高首置精選,土瓜灣,偉恆昌新村,5400000,421,2,1,世紀21置業易,https://i1.28hse.com/2026/08/202608011852463361174_thumb.jpg,https://www.28hse.com/buy/apartment/property-3955555,2026-08-06T17:33:59.496264+00:00
3872227,有盤睇啦，高層開揚景觀，上車盤或收租最佳選擇。,土瓜灣,金都豪苑,6680000,409,2,1,聯通物業代理有限公司,https://i1.28hse.com/2026/07/202607311750248005523_thumb.jpg,https://www.28hse.com/buy/apartment/property-3872227,2026-08-06T17:33:59.496264+00:00
3953470,【超罕有東南全海】【即約即睇】有露台，梗廚，5分鐘到地鐵站,土瓜灣,利港灣18,7800000,424,2,1,新港地產代理有限公司,https://i1.28hse.com/2026/07/202607311450068331327_thumb.jpg,https://www.28hse.com/buy/apartment/property-3953470,2026-08-06T17:33:59.496264+00:00
3953400,【全場最荀大兩房427尺】即約即睇！土瓜灣大型屋苑！,土瓜灣,翔龍灣,6500000,427,2,1,新港地產代理有限公司,https://i1.28hse.com/2026/07/202607311409442697479_thumb.jpg,https://www.28hse.com/buy/apartment/property-3953400,2026-08-06T17:33:59.496264+00:00
3953375,【同層無事故，仲望到少少海】即約即睇！全場最荀！,土瓜灣,翔龍灣,6180000,372,2,1,新港地產代理有限公司,https://i1.28hse.com/2026/07/202607311356173926385_thumb.jpg,https://www.28hse.com/buy/apartment/property-3953375,2026-08-06T17:33:59.496264+00:00
3953305,100元稅冇負擔**附帶天台唯獨難求* *34校網自住收租咪走寶,土瓜灣,安順大廈,3990000,390,2,1,順發地產,https://i1.28hse.com/2026/07/202607311315034976664_thumb.jpg,https://www.28hse.com/buy/apartment/property-3953305,2026-08-06T17:33:59.496264+00:00
3952999,《則王＋兩房＋34校網》偉恆昌 恆景閣 中層兩房 則王開陽 即買即住 交吉約睇,土瓜灣,偉恆昌新村,5080000,372,2,1,天晋物業有限公司,https://i1.28hse.com/2026/07/202607310104055283973_thumb.jpg,https://www.28hse.com/buy/apartment/property-3952999,2026-08-06T17:33:59.496264+00:00
3952826,【一放盤即賣 呢間幫你hold住】泳池會所停車場 兩房無露台超實用,土瓜灣,金都豪苑,6350000,385,2,1,天晋物業有限公司,https://i1.28hse.com/2026/07/202607301950147874953_thumb.jpg,https://www.28hse.com/buy/apartment/property-3952826,2026-08-06T17:33:59.496264+00:00
3790970,極高層東南小海!!單邊多窗光猛自住一流~空氣極佳!!超筍三房放售,土瓜灣,定安大廈,4050000,461,3,2,金達地產,https://i1.28hse.com/2026/03/202603301324304418580_thumb.jpg,https://www.28hse.com/buy/apartment/property-3790970,2026-08-06T17:33:59.496264+00:00
3951970,獨家新委託 地鐵1分鐘 靚裝開揚,土瓜灣,晨樂大廈,4580000,360,2,1,中景地產,https://i1.28hse.com/2026/07/202607301259232416947_thumb.jpg,https://www.28hse.com/buy/apartment/property-3951970,2026-08-06T17:33:59.496264+00:00
3951597,【土瓜灣人最鍾意上路】兩分鐘到土瓜灣站A出口!兩電梯四伙容易變三房!,土瓜灣,美嘉大廈,6980000,487,3,1,捷昇置業有限公司,https://i1.28hse.com/2026/07/202607292129144083368_thumb.jpg,https://www.28hse.com/buy/apartment/property-3951597,2026-08-06T17:33:59.496264+00:00
3951488,✿【金碧輝煌嘅外型】位置最好✩生活便利✿『2房✓泳池會所✓34校網✓』,土瓜灣,金都豪苑,6400000,385,2,1,生利達物業代理,https://i1.28hse.com/2026/07/202607291920082486555_thumb.jpg,https://www.28hse.com/buy/apartment/property-3951488,2026-08-06T17:33:59.496264+00:00
3951219,【靜中帶旺地段】2分鐘到地鐵站！34校網 ！步行到名校區！,土瓜灣,美嘉大廈,6950000,487,2,1,新港地產代理有限公司,https://i1.28hse.com/2026/07/2026072917273073105_thumb.jpg,https://www.28hse.com/buy/apartment/property-3951219,2026-08-06T17:33:59.496264+00:00
3951016,高層開揚 鄰近地鐵,土瓜灣,金都豪苑,8200000,524,3,1,中景地產,https://i1.28hse.com/2026/07/202607291606563048347_thumb.jpg,https://www.28hse.com/buy/apartment/property-3951016,2026-08-06T17:33:59.496264+00:00
3950888,《美嘉大廈》兩房雅裝(可三房) 豪宅地段 33年樓約睇,土瓜灣,美嘉大廈,6980000,487,3,1,天晋物業有限公司,https://i1.28hse.com/2026/07/202607291506158648150_thumb.jpg,https://www.28hse.com/buy/apartment/property-3950888,2026-08-06T17:33:59.496264+00:00
3950724,"*佳美地產* 2大房2大廳/單邊多窗通風/間客實用, 可間三房/名校網",土瓜灣,安和園,4800000,490,2,1,佳美地產,https://i1.28hse.com/2026/07/202607291325414761477_thumb.jpg,https://www.28hse.com/buy/apartment/property-3950724,2026-08-06T17:33:59.496264+00:00
3950431,《無遮擋永久啟德園景！》翔龍灣 中層眼鏡兩房 戶戶露台 恆基出品 五星級豪華會所,土瓜灣,翔龍灣,6180000,360,2,1,天晋物業有限公司,https://i1.28hse.com/2026/07/202607290102254179005_thumb.jpg,https://www.28hse.com/buy/apartment/property-3950431,2026-08-06T17:33:59.496264+00:00
3950426,《荀盤已難找，靚裝更難求》安和園 安泰大廈 中層豪裝可三房 合適大家庭上車 約睇,土瓜灣,安和園,4650000,409,2,1,天晋物業有限公司,https://i1.28hse.com/2026/07/202607290057127056189_thumb.jpg,https://www.28hse.com/buy/apartment/property-3950426,2026-08-06T17:33:59.496264+00:00
3950421,《物以罕為貴，吾怕貨比貨》美嘉大廈 雅裝兩房可三房 豪宅地段 極罕放盤 實客約睇,土瓜灣,美嘉大廈,6980000,487,3,1,天晋物業有限公司,https://i1.28hse.com/2026/07/202607290028587327868_thumb.jpg,https://www.28hse.com/buy/apartment/property-3950421,2026-08-06T17:33:59.496264+00:00
3950257,～實用兩房梗廚～中心地帶樓下有商場～用家首選～歡迎查詢！,土瓜灣,海悅豪庭,6600000,424,2,1,美聯物業,https://i1.28hse.com/2026/07/202607282004502775314_thumb.jpg,https://www.28hse.com/buy/apartment/property-3950257,2026-08-06T17:33:59.496264+00:00
3904336,"最筍入場大兩房，見票即走,隨時方便睇樓！歡迎預約參觀",土瓜灣,翔龍灣,6500000,427,2,1,匯誠物業有限公司,https://i1.28hse.com/2026/06/202606241718461964314_thumb.jpg,https://www.28hse.com/buy/apartment/property-3904336,2026-08-06T17:33:59.496264+00:00
3949269,開揚景 星級會所 減完再減,土瓜灣,翔龍灣,5980000,360,2,1,中景地產,https://i1.28hse.com/2026/07/202607281202451506304_thumb.jpg,https://www.28hse.com/buy/apartment/property-3949269,2026-08-06T17:33:59.496264+00:00
3949263,名牌屋苑 歡迎查詢,土瓜灣,偉恆昌新村,5080000,372,2,1,中景地產,https://i1.28hse.com/2026/07/202607291547338965201_thumb.jpg,https://www.28hse.com/buy/apartment/property-3949263,2026-08-06T17:33:59.496264+00:00
3949237,【東南直視全海景、公園球場、郵輪碼頭】極罕明火梗廚明廁、34校網三分鐘到土瓜灣站,土瓜灣,利港灣18,7800000,424,2,1,捷昇置業有限公司,https://i1.28hse.com/2026/07/202607281135453793435_thumb.jpg,https://www.28hse.com/buy/apartment/property-3949237,2026-08-06T17:33:59.496264+00:00
1999504,翔龍灣沒有最平只有更平2房 光猛開揚 出一間無一間 搶手內市 心動不如行動,土瓜灣,翔龍灣,6180000,360,2,1,天晋物業有限公司,https://i1.28hse.com/2026/07/202607272353103505029_thumb.jpg,https://www.28hse.com/buy/apartment/property-1999504,2026-08-06T17:33:59.496264+00:00
3948972,"急賣whatsapp 超高永運動場海景旁起三十幾樓,低便宜有原因",土瓜灣,翔龍灣,7130000,367,2,1,,https://i1.28hse.com/2026/07/202607292044068512319_thumb.jpg,https://www.28hse.com/buy/apartment/property-3948972,2026-08-06T17:33:59.496264+00:00
3863761,嘩！兩巨房巨廳 仲全屋靚裝 連入契特色大平台 罕有放盤 随時約睇,土瓜灣,僑盛大廈,7988000,591,2,1,東成地產,https://i1.28hse.com/2026/05/202605261724063789578_thumb.jpg,https://www.28hse.com/buy/apartment/property-3863761,2026-08-06T17:33:59.496264+00:00
3860727,實用率高首置精選,土瓜灣,偉恆昌新村,5400000,421,2,1,世紀21置業易,https://i1.28hse.com/2026/05/202605231928413876203_thumb.jpg,https://www.28hse.com/buy/apartment/property-3860727,2026-08-06T17:33:59.496264+00:00
3948559,【同SIZE最平非頂樓】銀主兩房34校網，鄰近啟德體育城,土瓜灣,偉恆昌新村,4300000,372,2,1,捷昇置業有限公司,https://i1.28hse.com/2026/07/202607271648086315092_thumb.jpg,https://www.28hse.com/buy/apartment/property-3948559,2026-08-06T17:33:59.496264+00:00
3948486,"【全屋靚裝, 屋苑大單邊, 超開揚望到海】歡迎約睇！土瓜灣大型屋苑！",土瓜灣,翔龍灣,7380000,427,2,1,新港地產代理有限公司,https://i1.28hse.com/2026/07/202607271619171168506_thumb.jpg,https://www.28hse.com/buy/apartment/property-3948486,2026-08-06T17:33:59.496264+00:00
3948426,「有匙任睇、」北帝街唐樓 488呎 頂樓,土瓜灣,唐樓,2990000,488,2,1,捷昇置業有限公司,https://i1.28hse.com/2026/07/202607271555521498183_thumb.jpg,https://www.28hse.com/buy/apartment/property-3948426,2026-08-06T17:33:59.496264+00:00
3742550,"《金都豪苑》2 房大廳有裝修, 低水位趁機入市 史無前例平 低層價錢",土瓜灣,金都豪苑,6350000,385,2,1,天晋物業有限公司,https://i1.28hse.com/2026/07/202607271517353412645_thumb.jpg,https://www.28hse.com/buy/apartment/property-3742550,2026-08-06T17:33:59.496264+00:00
3947710,【一家幾口唔洗逼餐飽!】平過大部分四五十年樓，入場三房套34校網近土瓜灣站！,土瓜灣,同興花園,7580000,587,3,2,捷昇置業有限公司,https://i1.28hse.com/2026/07/202607262028404349328_thumb.jpg,https://www.28hse.com/buy/apartment/property-3947710,2026-08-06T17:33:59.496264+00:00
3904201,直達業主-有匙即睇，筍盤難求，業主Firm賣，細兩房價錢買大兩房，一閃即逝,土瓜灣,翔龍灣,6480000,427,2,1,置高物業,https://i1.28hse.com/2026/06/202606241631334045047_thumb.jpg,https://www.28hse.com/buy/apartment/property-3904201,2026-08-06T17:33:59.496264+00:00
3947168,✿【呢間唔使執即住得】東南窗｜唔向大路｜有橋3分鐘到港鐵站✿『好校區•配套好』,土瓜灣,22居,6500000,409,2,1,生利達物業代理,https://i1.28hse.com/2026/07/202607261549176495026_thumb.jpg,https://www.28hse.com/buy/apartment/property-3947168,2026-08-06T17:33:59.496264+00:00
3947028,天橋連接地鐵,土瓜灣,傲雲峰,8180000,482,2,1,美聯物業代理有限公司,https://i1.28hse.com/2026/07/202607261428044278182_thumb.jpg,https://www.28hse.com/buy/apartment/property-3947028,2026-08-06T17:33:59.496264+00:00
3510382,市區新鴻基樓2房，34名校網近土瓜灣地鐵站，極少放盤又開揚。,土瓜灣,Downtown 38,7000000,377,2,1,聯通物業代理有限公司,https://i1.28hse.com/2026/06/202606271540167291523_thumb.jpg,https://www.28hse.com/buy/apartment/property-3510382,2026-08-06T17:33:59.496264+00:00
3947000,《 最啱你上車嘅·大2房積·實用·合家庭》偉恆昌,土瓜灣,偉恆昌新村,5280000,419,2,1,天晋物業有限公司,https://i1.28hse.com/2026/07/202607261350318906359_thumb.jpg,https://www.28hse.com/buy/apartment/property-3947000,2026-08-06T17:33:59.496264+00:00
3946972,《翔龍灣》2房 34校網 啟德機建 靚會所 大型屋苑,土瓜灣,翔龍灣,6000000,360,2,1,天晋物業有限公司,https://i1.28hse.com/2026/07/202607261305102746608_thumb.jpg,https://www.28hse.com/buy/apartment/property-3946972,2026-08-06T17:33:59.496264+00:00
3946962,金都豪苑高层三房单位，自住出租都合适,土瓜灣,金都豪苑,8200000,524,3,1,利嘉閣,https://i1.28hse.com/2026/07/202607261237127185104_thumb.jpg,https://www.28hse.com/buy/apartment/property-3946962,2026-08-06T17:33:59.496264+00:00
3946795,✿【真心幫你慳】慳錢慳裝修慳時間｜3房2廁全新裝•未住過✿『34校網✓近港鐵✓』,土瓜灣,安平大廈,4680000,473,3,2,生利達物業代理,https://i1.28hse.com/2026/07/202607252012085732861_thumb.jpg,https://www.28hse.com/buy/apartment/property-3946795,2026-08-06T17:33:59.496264+00:00
3946770,【可做三房 高層靚裝】匙盤即睇 萬勿錯過 估價有突,土瓜灣,偉恆昌新村,5280000,419,2,1,天晋物業有限公司,https://i1.28hse.com/2026/07/202607251948543822517_thumb.jpg,https://www.28hse.com/buy/apartment/property-3946770,2026-08-06T17:33:59.496264+00:00
3946724,《豪裝＋宋王臺站＋34校網》東寶大樓 高層兩房 北帝街舊樓之霸 民生地段 可約睇,土瓜灣,東寶大樓,3780000,355,2,1,天晋物業有限公司,https://i1.28hse.com/2026/07/202607251902162341482_thumb.jpg,https://www.28hse.com/buy/apartment/property-3946724,2026-08-06T17:33:59.496264+00:00
3946684,《相信我保證幫你傾到最平！》金都豪苑 中層兩房 東南開陽 家庭客首選 九成按揭,土瓜灣,金都豪苑,6380000,385,2,1,天晋物業有限公司,https://i1.28hse.com/2026/07/202607251840415411362_thumb.jpg,https://www.28hse.com/buy/apartment/property-3946684,2026-08-06T17:33:59.496264+00:00
3790939,【即約即睇 中層山景】啟德旁邊 市場最抵交吉盤 機會難得,土瓜灣,翔龍灣,5980000,360,2,1,天晋物業有限公司,https://i1.28hse.com/2026/03/202603301306148437682_thumb.jpg,https://www.28hse.com/buy/apartment/property-3790939,2026-08-06T17:33:59.496264+00:00
3946256,◄►實盤◄►兩房上車◄►市區難求◄►歡迎查詢◄►,土瓜灣,翔龍灣,6180000,372,2,1,卓天置業代理有限公司,https://i1.28hse.com/2026/07/202607251546447657295_thumb.jpg,https://www.28hse.com/buy/apartment/property-3946256,2026-08-06T17:33:59.496264+00:00
3946025,「翔龍灣」「2房低水系列」 超值得睇 *唔好睇少依間*,土瓜灣,翔龍灣,6200000,360,2,1,世紀21置業易,https://i1.28hse.com/2026/07/202607251346317769521_thumb.jpg,https://www.28hse.com/buy/apartment/property-3946025,2026-08-06T17:33:59.496264+00:00
3945399,【三房大廳 對流多窗• 】【 烟花景 • 日落景緻 】,土瓜灣,金都豪苑,8200000,524,3,1,卓天置業代理有限公司,https://i1.28hse.com/2026/08/202608041147117994125_thumb.jpg,https://www.28hse.com/buy/apartment/property-3945399,2026-08-06T17:33:59.496264+00:00
3945372,【2房大直廳 對流多窗• 】【 靚間隔 • 靚裝修 】,土瓜灣,金都豪苑,6380000,385,2,1,卓天置業代理有限公司,https://i1.28hse.com/2026/07/202607241858546221236_thumb.jpg,https://www.28hse.com/buy/apartment/property-3945372,2026-08-06T17:33:59.496264+00:00
3945265,業主自讓即走，靚裝修！採光高，校網強，附近配套設施齊全,土瓜灣,安和園,4650000,409,2,1,,https://i1.28hse.com/2026/07/20260725172542571768_thumb.jpg,https://www.28hse.com/buy/apartment/property-3945265,2026-08-06T17:33:59.496264+00:00
3944743,《偉恆昌新村 》最平實盤 3房雅裝 高層 交吉約睇,土瓜灣,偉恆昌新村,5480000,426,3,1,天晋物業有限公司,https://i1.28hse.com/2026/07/202607241430137029532_thumb.jpg,https://www.28hse.com/buy/apartment/property-3944743,2026-08-06T17:33:59.496264+00:00
3944687,*佳美地產* 大屋苑/名校網/高層/2房2廳/可間3房,土瓜灣,偉恆昌新村,5300000,419,2,1,佳美地產,https://i1.28hse.com/2026/07/202607241354263326022_thumb.jpg,https://www.28hse.com/buy/apartment/property-3944687,2026-08-06T17:33:59.496264+00:00
3944301,《海天一色壯觀海景！》利港灣18 兩房梗廚用煤氣 前後雙露台 東南海景 交吉約睇,土瓜灣,利港灣18,7800000,424,2,1,天晋物業有限公司,https://i1.28hse.com/2026/07/202607240118071905319_thumb.jpg,https://www.28hse.com/buy/apartment/property-3944301,2026-08-06T17:33:59.496264+00:00
3944299,《土瓜灣站心臟位置！》北帝街4/F 曲尺單邊開陽 適合間套房 自住投資 交吉約睇,土瓜灣,唐樓,2900000,488,2,1,天晋物業有限公司,https://i1.28hse.com/2026/07/202607240107284097282_thumb.jpg,https://www.28hse.com/buy/apartment/property-3944299,2026-08-06T17:33:59.496264+00:00
3944298,《高中低層全部帶您睇！》偉恆昌 雅裝兩房 極高開陽 34校網 交吉約睇 藍籌屋苑,土瓜灣,偉恆昌新村,4280000,376,2,1,天晋物業有限公司,https://i1.28hse.com/2026/07/202607240100026237116_thumb.jpg,https://www.28hse.com/buy/apartment/property-3944298,2026-08-06T17:33:59.496264+00:00
3944291,《三房＋鳳凰高層＋34校網》偉恆昌 昌景高層三房 最平只此一間 約睇實盤 九成按,土瓜灣,偉恆昌新村,5480000,426,3,1,天晋物業有限公司,https://i1.28hse.com/2026/07/20260724004504459922_thumb.jpg,https://www.28hse.com/buy/apartment/property-3944291,2026-08-06T17:33:59.496264+00:00
3833991,真盤真價！不用抽籤，即買即住 大型屋苑 34名校網！,土瓜灣,翔龍灣,6190000,360,2,1,匯誠物業有限公司,https://i1.28hse.com/2026/05/202605041534217689677_thumb.jpg,https://www.28hse.com/buy/apartment/property-3833991,2026-08-06T17:33:59.496264+00:00
3943442,「No thing beats a SeaView Hoilday」利港灣 兩房,土瓜灣,利港灣18,7880000,424,2,1,捷昇置業有限公司,https://i1.28hse.com/2026/07/202607231603296249631_thumb.jpg,https://www.28hse.com/buy/apartment/property-3943442,2026-08-06T17:33:59.496264+00:00
3943325,高層啟徳體育園靚景,土瓜灣,翔龍灣,6200000,360,2,1,,https://i1.28hse.com/2026/07/202607231516363747267_thumb.jpg,https://www.28hse.com/buy/apartment/property-3943325,2026-08-06T17:33:59.496264+00:00
3943104,《 泳池會所 ✰ 恆基25年樓 ✰ 高層開揚》,土瓜灣,金都豪苑,6680000,409,2,1,金領物業顧問有限公司,https://i1.28hse.com/2026/08/202608051338241215931_thumb.jpg,https://www.28hse.com/buy/apartment/property-3943104,2026-08-06T17:33:59.496264+00:00
3943071,【 獨家代理【2房大直廳 • 企理裝修】] 睇咗適合再傾價 •,土瓜灣,嘉景花園,5500000,354,2,1,卓天置業代理有限公司,https://i1.28hse.com/2026/07/20260723125717869769_thumb.jpg,https://www.28hse.com/buy/apartment/property-3943071,2026-08-06T17:33:59.496264+00:00
3942657,～開揚梗廚兩房～啟德全景～新淨企理～歡迎查詢,土瓜灣,翔龍灣,6600000,360,2,1,美聯物業,https://i1.28hse.com/2026/07/202607222058116278334_thumb.jpg,https://www.28hse.com/buy/apartment/property-3942657,2026-08-06T17:33:59.496264+00:00
3942351,*佳美地產* 豪華裝修 即買即住/大屋苑/名校網/打通一大房二廳,土瓜灣,偉恆昌新村,5000000,372,1,1,佳美地產,https://i1.28hse.com/2026/07/202607221741453300435_thumb.jpg,https://www.28hse.com/buy/apartment/property-3942351,2026-08-06T17:33:59.496264+00:00
3942301,*佳美地產* 高層/東南/多窗通風光猛/2房2廳/名校網,土瓜灣,偉恆昌新村,4800000,372,2,1,佳美地產,https://i1.28hse.com/2026/07/202607221729276924209_thumb.jpg,https://www.28hse.com/buy/apartment/property-3942301,2026-08-06T17:33:59.496264+00:00
3942099,【翔龍灣最平2房】有匙即睇！全場最荀！34校網！,土瓜灣,翔龍灣,6200000,360,2,1,新港地產代理有限公司,https://i1.28hse.com/2026/07/202607221628198972080_thumb.jpg,https://www.28hse.com/buy/apartment/property-3942099,2026-08-06T17:33:59.496264+00:00
3941773,"洋樓已𢵧三套房,可交吉即約即睇",土瓜灣,仁和大樓,3080000,398,3,3,錦隆物業代理,https://i1.28hse.com/2026/08/20260806143010404321_thumb.jpg,https://www.28hse.com/buy/apartment/property-3941773,2026-08-06T17:33:59.496264+00:00
3941734,［獨家］實用面積566呎，欣榮花園2房，給您一個理想的家，最好選擇！,土瓜灣,欣榮花園,7800000,620,2,1,萬聯物業,https://i1.28hse.com/2026/08/202608061124467374367_thumb.jpg,https://www.28hse.com/buy/apartment/property-3941734,2026-08-06T17:33:59.496264+00:00
3941274,✿【高山道最方正實用】一層兩伙✩私隱度高✿『2房✓巨廳✓對流窗通風✓近港鐵✓』,土瓜灣,利高大廈,5500000,493,2,1,生利達物業代理,https://i1.28hse.com/2026/07/202607211937588593717_thumb.jpg,https://www.28hse.com/buy/apartment/property-3941274,2026-08-06T17:33:59.496264+00:00
3941259,2房廳大房大，可3房，高樓底無窗台，窗多通風光猛，靜中帶旺，歡迎睇樓，35校網,土瓜灣,利高大廈,5500000,493,2,1,生利達物業代理,https://i1.28hse.com/2026/07/202607211938317195828_thumb.jpg,https://www.28hse.com/buy/apartment/property-3941259,2026-08-06T17:33:59.496264+00:00
3941152,【名牌上車屋苑會所兩房!非單位數樓層!】平過近兩個月所有成交!,土瓜灣,翔龍灣,5800000,360,2,1,捷昇置業有限公司,https://i1.28hse.com/2026/07/202607231747085628443_thumb.jpg,https://www.28hse.com/buy/apartment/property-3941152,2026-08-06T17:33:59.496264+00:00
3849811,可遇不可求，筍價清幽內園！有匙即睇，即約即到！最後一間,土瓜灣,傲雲峰,8180000,452,2,1,匯誠物業有限公司,https://i1.28hse.com/2026/05/202605151721387584270_thumb.jpg,https://www.28hse.com/buy/apartment/property-3849811,2026-08-06T17:33:59.496264+00:00
3939658,鄰近地鐵、交通購物方便,土瓜灣,光耀大廈,5980000,601,2,1,德昌地產公司,https://i1.28hse.com/2026/07/202607201612342105249_thumb.jpg,https://www.28hse.com/buy/apartment/property-3939658,2026-08-06T17:33:59.496264+00:00
3939502,34校網，兩房首選,土瓜灣,翔龍灣,6370000,385,2,1,君匯地產《鯉灣天下》,https://i1.28hse.com/2026/07/202607201433454142855_thumb.jpg,https://www.28hse.com/buy/apartment/property-3939502,2026-08-06T17:33:59.496264+00:00
3938842,"高山道環境清幽,原三房改兩房,近何文田站",土瓜灣,利高大廈,5500000,493,2,1,錦隆物業代理,https://i1.28hse.com/2026/07/202607191831185089020_thumb.jpg,https://www.28hse.com/buy/apartment/property-3938842,2026-08-06T17:33:59.496264+00:00
3938646,"洋樓實用兩房,已吉即睇",土瓜灣,安和大廈,3800000,365,2,1,錦隆物業代理,https://i1.28hse.com/2026/08/202608051934152030215_thumb.jpg,https://www.28hse.com/buy/apartment/property-3938646,2026-08-06T17:33:59.496264+00:00
3874999,有鎖匙即刻睇-開揚遠景光線足-20幾年經驗-分行樓下專業可靠筍盤專家,土瓜灣,傲雲峰,7990000,479,3,2,置高物業,https://i1.28hse.com/2026/06/202606032354044428919_thumb.jpg,https://www.28hse.com/buy/apartment/property-3874999,2026-08-06T17:33:59.496264+00:00
3690107,同區最抵買3房有套房屋苑，高層景觀開揚通爽對流窗光線充足,土瓜灣,同興花園,7600000,587,3,2,聯通物業代理有限公司,https://i1.28hse.com/2026/05/202605051839321508842_thumb.jpg,https://www.28hse.com/buy/apartment/property-3690107,2026-08-06T17:33:59.496264+00:00
3813303,高層豪裝人見人愛，實用高堅筍難求，近地鐵站歡迎約睇,土瓜灣,安和園,4580000,409,2,1,聯通物業代理有限公司,https://i1.28hse.com/2026/04/202604171351036016662_thumb.jpg,https://www.28hse.com/buy/apartment/property-3813303,2026-08-06T17:33:59.496264+00:00
3938070,☛【直達業主】《保證盡傾》𝄞搶手宋皇臺啟德地鐵校網兩房𝄞會所靚樓︎即買即住,土瓜灣,金都豪苑,6400000,409,2,1,東成地產,https://i1.28hse.com/2026/08/20260805185436438220_thumb.jpg,https://www.28hse.com/buy/apartment/property-3938070,2026-08-06T17:33:59.496264+00:00
3937565,✿高層實用2房 ✿歡迎約看✿,土瓜灣,金都豪苑,6500000,385,2,,美聯物業,https://i1.28hse.com/2026/07/202607181756555077350_thumb.jpg,https://www.28hse.com/buy/apartment/property-3937565,2026-08-06T17:33:59.496264+00:00
3789384,《獨家》『 同興花園 』三房套廁 高層海景 同區少有 近土瓜灣站 交通方便,土瓜灣,同興花園,7680000,587,3,2,聯通物業代理有限公司,https://i1.28hse.com/2026/03/20260328185143788728_thumb.jpg,https://www.28hse.com/buy/apartment/property-3789384,2026-08-06T17:33:59.496264+00:00
3937459,唐一楼 可看楼 可做3房 土瓜湾东维港湾强大收购价值 投资必看,土瓜灣,洋樓,4180000,600,1,1,星光物業顧問公司,https://i1.28hse.com/2026/07/202607181718025474083_thumb.jpg,https://www.28hse.com/buy/apartment/property-3937459,2026-08-06T17:33:59.496264+00:00
3937458,LILY独家 7XXX尺无敌球场景 此盘一出各路买家必争,土瓜灣,僑榮大廈,4180000,521,2,1,星光物業顧問公司,https://i1.28hse.com/2026/07/202607181717373489442_thumb.jpg,https://www.28hse.com/buy/apartment/property-3937458,2026-08-06T17:33:59.496264+00:00
3937415,《34校網》《會所齊》《2分鐘到地鐵 》《東南向》《 街市超市食市齊備》,土瓜灣,瑧尚,7000000,386,2,1,香港置業,https://i1.28hse.com/2026/07/202607181658572489180_thumb.jpg,https://www.28hse.com/buy/apartment/property-3937415,2026-08-06T17:33:59.496264+00:00
3937272,ღ獨家代理ღ宋皇臺站大型屋苑ღ開揚兩房ღ歡迎查詢ღ,土瓜灣,傲雲峰,7980000,479,2,1,裕豐物業代理,https://i1.28hse.com/2026/07/202607181600264985810_thumb.jpg,https://www.28hse.com/buy/apartment/property-3937272,2026-08-06T17:33:59.496264+00:00
3937238,ღ獨家委託ღ翔龍灣高層兩房ღ開揚遠景ღ歡迎查詢ღ,土瓜灣,翔龍灣,6900000,361,2,1,裕豐物業代理,https://i1.28hse.com/2026/07/202607181547108910737_thumb.jpg,https://www.28hse.com/buy/apartment/property-3937238,2026-08-06T17:33:59.496264+00:00
3937199,ღ海悅豪庭兩房ღ罕有長廳ღ東南透光ღ歡迎約睇,土瓜灣,海悅豪庭,6580000,424,2,1,裕豐物業代理,https://i1.28hse.com/2026/07/202607181529506757842_thumb.jpg,https://www.28hse.com/buy/apartment/property-3937199,2026-08-06T17:33:59.496264+00:00
3937189,「自建三房 老牌大屋苑」實用率超過 8成平 抵到爛,土瓜灣,偉恆昌新村,4300000,372,3,1,世紀21置業易,https://i1.28hse.com/2026/07/202607181521528244542_thumb.jpg,https://www.28hse.com/buy/apartment/property-3937189,2026-08-06T17:33:59.496264+00:00
3936566,"【VR/圖則】2房+工人房,已大維修,平地電梯,保安,土瓜灣站,臨海大型屋苑",土瓜灣,偉恆昌新村,4300000,372,2,1,小村置業有限公司,https://i1.28hse.com/2026/07/202607172235461520932_thumb.jpg,https://www.28hse.com/buy/apartment/property-3936566,2026-08-06T17:33:59.496264+00:00
3936289,土瓜灣站旁 梗廚明廁商場 正東開揚 淨係間隔已經贏晒 陳生約看,土瓜灣,海悅豪庭,6600000,424,2,1,美聯物業,https://i1.28hse.com/2026/07/202607171857168609323_thumb.jpg,https://www.28hse.com/buy/apartment/property-3936289,2026-08-06T17:33:59.496264+00:00
3936085,「突然大減價」祥雲大廈 454呎 3房,土瓜灣,祥雲大廈,4680000,454,3,1,捷昇置業有限公司,https://i1.28hse.com/2026/07/202607171748542671180_thumb.jpg,https://www.28hse.com/buy/apartment/property-3936085,2026-08-06T17:33:59.496264+00:00
3935775,🤎一定無假盤咁平🤎你嘅電話號碼好珍貴，唔好隨便俾一個假盤換走,土瓜灣,翔龍灣,6050000,360,2,1,啟德匯地產有限公司,https://i1.28hse.com/2026/08/202608051533187048217_thumb.jpg,https://www.28hse.com/buy/apartment/property-3935775,2026-08-06T17:33:59.496264+00:00
3935295,半百萬!!全新裝修>>即買即住~超大巨無霸三房!!罕有放盤,土瓜灣,崇智樓,7500000,743,3,1,金達地產,https://i1.28hse.com/2026/07/202607171231468054742_thumb.jpg,https://www.28hse.com/buy/apartment/property-3935295,2026-08-06T17:33:59.496264+00:00
3934783,多個單位選擇，極具性價比，極罕海景兩房，臨近啟德，海濱長廊，至尊享受！,土瓜灣,翔龍灣,6400000,427,2,1,匯誠物業有限公司,https://i1.28hse.com/2026/07/202607161919406991771_thumb.jpg,https://www.28hse.com/buy/apartment/property-3934783,2026-08-06T17:33:59.496264+00:00
3933965,港鐵沿線最熱門小屋苑 上車首選 絕無僅有,土瓜灣,嘉景花園,5500000,354,2,1,中景地產,https://i1.28hse.com/2026/07/202607161242428606987_thumb.jpg,https://www.28hse.com/buy/apartment/property-3933965,2026-08-06T17:33:59.496264+00:00
3933724,～罕有大兩房～方正實用～景觀開揚～有匙即睇,土瓜灣,翔龍灣,6580000,427,2,1,美聯物業,https://i1.28hse.com/2026/07/202607160012297286960_thumb.jpg,https://www.28hse.com/buy/apartment/property-3933724,2026-08-06T17:33:59.496264+00:00
3932853,[獨家盤]三房一廳放售,土瓜灣,安福大廈,5500000,545,3,,置達行物業代理,https://i1.28hse.com/2026/07/20260724161836618493_thumb.jpg,https://www.28hse.com/buy/apartment/property-3932853,2026-08-06T17:33:59.496264+00:00
3932790,✿【堪稱最好用嘅間隔】長方廳｜零三尖八角✿『2房✓泳池會所✓屋苑商場✓停車場✓』,土瓜灣,海悅豪庭,6580000,424,2,1,生利達物業代理,https://i1.28hse.com/2026/07/202607151355275664029_thumb.jpg,https://www.28hse.com/buy/apartment/property-3932790,2026-08-06T17:33:59.496264+00:00
3932526,罕有方廳 *開揚［ 2房 大廳•• 宋皇臺站•］,土瓜灣,東寶大樓,3160000,361,2,1,卓天置業代理有限公司,https://i1.28hse.com/2026/07/20260715103117171840_thumb.jpg,https://www.28hse.com/buy/apartment/property-3932526,2026-08-06T17:33:59.496264+00:00
3932200,業主自讓即走！採光高，校網強，附近配套設施齊全,土瓜灣,嶺南大廈,3850000,414,2,1,,https://i1.28hse.com/2026/07/202607141851498065517_thumb.jpg,https://www.28hse.com/buy/apartment/property-3932200,2026-08-06T17:33:59.496264+00:00
3932134,真賣盤>>移民放售，業主割愛! 有匙引看，還價即成。,土瓜灣,翔龍灣,6790000,427,2,1,世紀21置業易,https://i1.28hse.com/2026/07/202607141819057398952_thumb.jpg,https://www.28hse.com/buy/apartment/property-3932134,2026-08-06T17:33:59.496264+00:00
1450864,"✿【安居羅小姐】✿高層,2房1厠,8分鐘地鐵站,溫馨之家.",土瓜灣,偉恆昌新村,5980000,426,2,1,安居置業-土瓜灣,https://i1.28hse.com/2026/05/202605281502286573734_thumb.jpg,https://www.28hse.com/buy/apartment/property-1450864,2026-08-06T17:33:59.496264+00:00
3931894,有匙引看！手快有！,土瓜灣,翔龍灣,6950000,427,2,1,利嘉閣地產,https://i1.28hse.com/2026/07/202607141651168394093_thumb.jpg,https://www.28hse.com/buy/apartment/property-3931894,2026-08-06T17:33:59.496264+00:00
3931787,地鐵口 尺價低 有電梯 近街市,土瓜灣,聯業大廈,4280000,517,3,1,燕發地產,https://i1.28hse.com/2026/07/202607161407083054620_thumb.jpg,https://www.28hse.com/buy/apartment/property-3931787,2026-08-06T17:33:59.496264+00:00
3931740,❀新鴻基樓❀2房❀❀歡迎約睇,土瓜灣,Downtown 38,7000000,377,2,,美聯物業,https://i1.28hse.com/2026/07/202607141552437877578_thumb.jpg,https://www.28hse.com/buy/apartment/property-3931740,2026-08-06T17:33:59.496264+00:00
3931276,罕有方廳 *開揚［ 2房 大直廳•• 環境清幽•］,土瓜灣,海悅豪庭,6580000,424,3,2,卓天置業代理有限公司,https://i1.28hse.com/2026/07/202607141203561407994_thumb.jpg,https://www.28hse.com/buy/apartment/property-3931276,2026-08-06T17:33:59.496264+00:00
3931264,"鄰近地鐵站 起居飲食齊備 >> ➽ [ 連特色平台723""] ➽",土瓜灣,美嘉大廈,4800000,360,2,1,卓天置業代理有限公司,https://i1.28hse.com/2026/07/202607141153291713914_thumb.jpg,https://www.28hse.com/buy/apartment/property-3931264,2026-08-06T17:33:59.496264+00:00
3931099,《終於等到有放盤了！》海悅豪庭 中層兩房靚裝 單邊開陽 交吉約睇 有泳池又有會所,土瓜灣,海悅豪庭,6580000,424,2,1,天晋物業有限公司,https://i1.28hse.com/2026/07/20260714013224127450_thumb.jpg,https://www.28hse.com/buy/apartment/property-3931099,2026-08-06T17:33:59.496264+00:00
3012872,裝修企理 三房有窗 大街上落 單位安靜,土瓜灣,定安大廈,4180000,378,3,1,燕發地產,https://i1.28hse.com/2024/04/202404162216374845670_thumb.jpg,https://www.28hse.com/buy/apartment/property-3012872,2026-08-06T17:33:59.496264+00:00
3929742,地產口 三房大廳 實用企理 有電梯,土瓜灣,聯業大廈,4280000,517,3,1,燕發地產,https://i1.28hse.com/2026/07/202607122141132466220_thumb.jpg,https://www.28hse.com/buy/apartment/property-3929742,2026-08-06T17:33:59.496264+00:00
3929189,"《海悅豪庭》兩房靚裝 屋苑 單邊 有泳池,會所 約睇",土瓜灣,海悅豪庭,6580000,424,2,1,天晋物業有限公司,https://i1.28hse.com/2026/07/202607141612255371459_thumb.jpg,https://www.28hse.com/buy/apartment/property-3929189,2026-08-06T17:33:59.496264+00:00
2860228,馬頭圍道唐樓 等收購 還價即成,土瓜灣,,3980000,494,2,1,金領物業顧問有限公司,https://i1.28hse.com/2023/11/202311191846484934185_thumb.jpg,https://www.28hse.com/buy/apartment/property-2860228,2026-08-06T17:33:59.496264+00:00
3929019,獨家新委託 地鐵1分鐘 靚裝開揚,土瓜灣,晨樂大廈,4580000,360,2,1,中景地產,https://i1.28hse.com/2026/07/202607121338585520709_thumb.jpg,https://www.28hse.com/buy/apartment/property-3929019,2026-08-06T17:33:59.496264+00:00
3842741,❋ 原則2房 ❋ 即買即住 ❋ 優質地段 ❋旺中帶靜 ❋,土瓜灣,美善大廈,6580000,524,2,2,金領物業顧問有限公司,https://i1.28hse.com/2026/05/202605101423123524206_thumb.jpg,https://www.28hse.com/buy/apartment/property-3842741,2026-08-06T17:33:59.496264+00:00
3928963,✿【一直等緊金都嘅朋友】機會到左啦｜可以約睇✿『2房✓泳池會所✓34校網✓』,土瓜灣,金都豪苑,6400000,385,2,1,生利達物業代理,https://i1.28hse.com/2026/07/202607121305337904684_thumb.jpg,https://www.28hse.com/buy/apartment/property-3928963,2026-08-06T17:33:59.496264+00:00
3928738,《舊樓真係好實用！原裝大三房！》天富大廈 中高層三房 馬頭圍道大街入口 交吉約睇,土瓜灣,天富大廈,4780000,598,3,1,天晋物業有限公司,https://i1.28hse.com/2026/07/202607120006536168149_thumb.jpg,https://www.28hse.com/buy/apartment/property-3928738,2026-08-06T17:33:59.496264+00:00
3928736,《土瓜灣站＋單邊兩房》嶺南大廈 中層兩房兩廳可三房 彩光度高 交吉約睇 34校網,土瓜灣,嶺南大廈,3880000,414,2,1,天晋物業有限公司,https://i1.28hse.com/2026/07/202607120000282404777_thumb.jpg,https://www.28hse.com/buy/apartment/property-3928736,2026-08-06T17:33:59.496264+00:00
3927502,東南全海景兩房！歡迎約睇！5分鐘到土瓜灣站！梗廚明廁！,土瓜灣,利港灣18,7680000,424,2,1,昇譽物業代理,https://i1.28hse.com/2026/07/202607311228342925597_thumb.jpg,https://www.28hse.com/buy/apartment/property-3927502,2026-08-06T17:33:59.496264+00:00
3926422,「單邊大樓、4百中頭」天富大廈 598呎 3房,土瓜灣,天富大廈,4800000,598,3,1,捷昇置業有限公司,https://i1.28hse.com/2026/07/202607101559578627135_thumb.jpg,https://www.28hse.com/buy/apartment/property-3926422,2026-08-06T17:33:59.496264+00:00
3925689,lily独家>高层卖少见少 二座更系开扬过一座拍拍声 差不多价紧系买这间,土瓜灣,同興花園,7880000,587,3,2,星光物業顧問公司,https://i1.28hse.com/2026/07/202607092200237672627_thumb.jpg,https://www.28hse.com/buy/apartment/property-3925689,2026-08-06T17:33:59.496264+00:00
3925518,*佳美地產**獨家代理*望海景/中高層/向東南/雅裝/2房2廳/靚校網,土瓜灣,偉恆昌新村,5180000,372,2,1,佳美地產,https://i1.28hse.com/2026/07/202607091946558251122_thumb.jpg,https://www.28hse.com/buy/apartment/property-3925518,2026-08-06T17:33:59.496264+00:00
3924269,《兩房＋宋王臺站＋34校網》東寶大樓 中層兩房 北帝街舊樓之霸 民生地段 可約睇,土瓜灣,東寶大樓,3280000,361,2,1,天晋物業有限公司,https://i1.28hse.com/2026/07/202607090120513944508_thumb.jpg,https://www.28hse.com/buy/apartment/property-3924269,2026-08-06T17:33:59.496264+00:00
3923174,【好過買翔龍灣】恆基25年樓左右385尺兩房！有會所！,土瓜灣,金都豪苑,6400000,385,2,1,新港地產代理有限公司,https://i1.28hse.com/2026/07/20260711145041629228_thumb.jpg,https://www.28hse.com/buy/apartment/property-3923174,2026-08-06T17:33:59.496264+00:00
3508118,“海天一色，海風清爽輕輕飄” 臨海，夜景璀璨，值得你一睇,土瓜灣,利港灣18,7800000,424,2,1,福興地產代理有限公司,https://i1.28hse.com/2026/07/202607231559266514978_thumb.jpg,https://www.28hse.com/buy/apartment/property-3508118,2026-08-06T17:33:59.496264+00:00
3922410,【6字有大兩房 隨約隨睇】要買就買間最大 要平就一定要揀最平,土瓜灣,翔龍灣,6480000,427,2,1,天晋物業有限公司,https://i1.28hse.com/2026/07/202607071831102800272_thumb.jpg,https://www.28hse.com/buy/apartment/property-3922410,2026-08-06T17:33:59.496264+00:00
3922220,✿【真心幫你慳】慳錢慳裝修慳時間｜3房2廁全新裝•未住過✿『34校網✓近港鐵✓』,土瓜灣,安平大廈,4830000,473,3,2,生利達物業代理,https://i1.28hse.com/2026/07/202607071709474354951_thumb.jpg,https://www.28hse.com/buy/apartment/property-3922220,2026-08-06T17:33:59.496264+00:00
3922198,大單邊 睇完有信心才放心傾,土瓜灣,譚公大廈,4900000,589,2,1,中景地產,https://i1.28hse.com/2026/07/202607071659516037939_thumb.jpg,https://www.28hse.com/buy/apartment/property-3922198,2026-08-06T17:33:59.496264+00:00
3922183,開揚正東南 鄰近地鐵,土瓜灣,海悅豪庭,6580000,424,2,1,中景地產,https://i1.28hse.com/2026/07/202607071653294680383_thumb.jpg,https://www.28hse.com/buy/apartment/property-3922183,2026-08-06T17:33:59.496264+00:00
3922106,特大一房 樓下地鐵站出口 民生配套齊配、歡迎約睇樓！,土瓜灣,翰畋,5980000,357,1,1,匯誠物業有限公司,https://i1.28hse.com/2026/07/202607071627547412312_thumb.jpg,https://www.28hse.com/buy/apartment/property-3922106,2026-08-06T17:33:59.496264+00:00
3922093,"洋樓中層單邊兩房大廳,近土瓜灣站",土瓜灣,嶺南大廈,3850000,414,2,1,錦隆物業代理,https://i1.28hse.com/2026/07/202607181505053080276_thumb.jpg,https://www.28hse.com/buy/apartment/property-3922093,2026-08-06T17:33:59.496264+00:00
3920913,《安泰大廈》號外 !低水中層兩房激荀放售 真係可遇不可求 信我包你你無買錯,土瓜灣,安泰大廈,4620000,409,2,2,天晋物業有限公司,https://i1.28hse.com/2026/07/202607301430405458989_thumb.jpg,https://www.28hse.com/buy/apartment/property-3920913,2026-08-06T17:33:59.496264+00:00
3756050,【屋苑兩房 有停車場有泳池】3年無一個放盤 拳打翔龍灣腳踢傲峰,土瓜灣,海悅豪庭,6580000,424,2,1,天晋物業有限公司,https://i1.28hse.com/2026/07/202607152128057732229_thumb.jpg,https://www.28hse.com/buy/apartment/property-3756050,2026-08-06T17:33:59.496264+00:00
3918821,✿【想做3房都得】最靚2房•無敵空間✿『靚校網✓家長愛✓』有高中低層俾你睇埋,土瓜灣,欣榮花園,7700000,566,2,1,生利達物業代理,https://i1.28hse.com/2026/07/202607051252015826592_thumb.jpg,https://www.28hse.com/buy/apartment/property-3918821,2026-08-06T17:33:59.496264+00:00
3835130,"洋樓@5900,收租一流$15800,兩分鐘到港鐵站",土瓜灣,益豐大廈,3080000,518,3,3,錦隆物業代理,https://i1.28hse.com/2026/06/202606011433368054219_thumb.jpg,https://www.28hse.com/buy/apartment/property-3835130,2026-08-06T17:33:59.496264+00:00
3918104,✿【要大間?要實用?要有𨋢?】呎價唔過萬｜呢間滿足到你✿『真3房✓高層✓』,土瓜灣,譚公大廈,3950000,427,3,1,生利達物業代理,https://i1.28hse.com/2026/07/202607041757088676706_thumb.jpg,https://www.28hse.com/buy/apartment/property-3918104,2026-08-06T17:33:59.496264+00:00
1867654,"安居置業(陳小姐) 34名校网，鄰近地鐵站，2房,企理,東南.",土瓜灣,嶺南大廈,3850000,414,2,1,安居置業-土瓜灣,https://i1.28hse.com/2026/07/202607221150261999343_thumb.jpg,https://www.28hse.com/buy/apartment/property-1867654,2026-08-06T17:33:59.496264+00:00
3918055,"洋樓單邊靚裝三房,預約睇樓",土瓜灣,安福大廈,5500000,545,3,1,錦隆物業代理,https://i1.28hse.com/2026/07/20260704175008700844_thumb.jpg,https://www.28hse.com/buy/apartment/property-3918055,2026-08-06T17:33:59.496264+00:00
3916086,罕有高層名校網放盤,土瓜灣,偉恆昌新村,4280000,369,2,1,港威置業（青山道）,https://i1.28hse.com/2026/07/202607261658152365783_thumb.jpg,https://www.28hse.com/buy/apartment/property-3916086,2026-08-06T17:33:59.496264+00:00
3915557,名校網區 30秒去到地鐵站,土瓜灣,翰畋,6200000,357,1,,利嘉閣地產有限公司,https://i1.28hse.com/2026/07/202607031344055383533_thumb.jpg,https://www.28hse.com/buy/apartment/property-3915557,2026-08-06T17:33:59.496264+00:00
3914152,靚裝修 即買即住 最平入場兩房 歡迎約睇,土瓜灣,翔龍灣,6250000,385,2,1,置高物業,https://i1.28hse.com/2026/07/202607021452162438665_thumb.jpg,https://www.28hse.com/buy/apartment/property-3914152,2026-08-06T17:33:59.496264+00:00
3914117,東九龍買賣專區 大量實盤 歡迎查詢,土瓜灣,欣榮花園,7800000,566,2,1,美聯物業,https://i1.28hse.com/2026/07/202607021440336903298_thumb.jpg,https://www.28hse.com/buy/apartment/property-3914117,2026-08-06T17:33:59.496264+00:00
3913886,✿【搵多間都難】大方廳東南窗｜唔向大路｜有橋3分鐘到港鐵站✿『好校區•配套好』,土瓜灣,22居,6000000,409,2,1,生利達物業代理,https://i1.28hse.com/2026/07/202607021228082711547_thumb.jpg,https://www.28hse.com/buy/apartment/property-3913886,2026-08-06T17:33:59.496264+00:00
3913362,✿【完美家庭用】實用587呎｜3房2廁｜東南｜獨有對流窗通風✿『5分鐘到港鐵』,土瓜灣,同興花園,7680000,587,3,2,生利達物業代理,https://i1.28hse.com/2026/07/20260701185952394426_thumb.jpg,https://www.28hse.com/buy/apartment/property-3913362,2026-08-06T17:33:59.496264+00:00
3913276,翔龙湾两房笋盘,土瓜灣,翔龍灣,6600000,360,2,,美聯物業,https://i1.28hse.com/2026/07/202607011819036737920_thumb.jpg,https://www.28hse.com/buy/apartment/property-3913276,2026-08-06T17:33:59.496264+00:00
3912773,【超罕有東南全海】【即約即睇】有露台，梗廚，5分鐘到地鐵站,土瓜灣,利港灣18,7800000,424,2,1,新港地產代理有限公司,https://i1.28hse.com/2026/07/202607011451033893181_thumb.jpg,https://www.28hse.com/buy/apartment/property-3912773,2026-08-06T17:33:59.496264+00:00
3497254,全新裝修>>罕有高層放盤!!平地電梯大堂!!巨無霸三房單位~,土瓜灣,崇敬樓,5780000,616,3,1,金達地產,https://i1.28hse.com/2026/03/202603022126031954701_thumb.jpg,https://www.28hse.com/buy/apartment/property-3497254,2026-08-06T17:33:59.496264+00:00
3911180,【鐵路會所屋苑】單幢樓價錢，屋苑配套，實用會所商場齊全！,土瓜灣,海悅豪庭,6580000,424,2,1,捷昇置業有限公司,https://i1.28hse.com/2026/06/202606301241308737393_thumb.jpg,https://www.28hse.com/buy/apartment/property-3911180,2026-08-06T17:33:59.496264+00:00
3911146,九龍市中心旺中帶靜投資回報高平均不過8千元筍到爆,土瓜灣,忠信大廈,3990000,549,2,,太陽物業,https://i1.28hse.com/2026/06/202606301215052811066_thumb.jpg,https://www.28hse.com/buy/apartment/property-3911146,2026-08-06T17:33:59.496264+00:00
3910520,2房交吉，全區最平，約看 ，34校網,土瓜灣,傲雲峰,8000000,478,1,1,置高物業,https://i1.28hse.com/2026/07/202607271609205024034_thumb.jpg,https://www.28hse.com/buy/apartment/property-3910520,2026-08-06T17:33:59.496264+00:00
3910267,𝄞34靚校網 業主割愛 特色平台 宋皇臺地鐵鄰近啟德場館超實用兩房自用收租皆宜,土瓜灣,東寶大樓,3280000,382,2,1,東成地產,https://i1.28hse.com/2026/06/202606291526025836675_thumb.jpg,https://www.28hse.com/buy/apartment/property-3910267,2026-08-06T17:33:59.496264+00:00
3686263,土瓜灣地鐵站旁>>高層東南單邊!!開陽環境舒適!!清靜~交通購物非常方便>>,土瓜灣,益民大廈,3880000,363,2,1,金達地產,https://i1.28hse.com/2026/07/202607231539431715286_thumb.jpg,https://www.28hse.com/buy/apartment/property-3686263,2026-08-06T17:33:59.496264+00:00
3616060,"最新放盤，05/08巨無霸!!超大3房單位,即買即住~交通便利8分鐘到地鐵站",土瓜灣,安和園,4200000,490,2,1,金達地產,https://i1.28hse.com/2026/08/202608051615025747153_thumb.jpg,https://www.28hse.com/buy/apartment/property-3616060,2026-08-06T17:33:59.496264+00:00
3330024,筍!!全新裝修~即買即住~3分鐘到地鐵站交通便利!!何文田校網,土瓜灣,寶德大廈,4100000,366,2,1,金達地產,https://i1.28hse.com/2025/08/202508151527008246098_thumb.jpg,https://www.28hse.com/buy/apartment/property-3330024,2026-08-06T17:33:59.496264+00:00
3909905,利．港灣18皇牌全海景 兩房 真正直視 非打斜海景 同罕有梗㕑 投資自住首選,土瓜灣,利港灣18,7990000,424,2,1,搜房香港集團有限公司,https://i1.28hse.com/2026/06/202606291146093913708_thumb.jpg,https://www.28hse.com/buy/apartment/property-3909905,2026-08-06T17:33:59.496264+00:00
3908899,帝庭豪園 特色高樓底一房 設會所大型屋苑 鄰近名校 環境清靜,土瓜灣,帝庭豪園,7800000,441,1,1,聯通物業代理有限公司,https://i1.28hse.com/2026/06/202606281316315380988_thumb.jpg,https://www.28hse.com/buy/apartment/property-3908899,2026-08-06T17:33:59.496264+00:00
3908846,【 極高層維港景緻 • • 巨廰 一大房• 企理裝修 即買即住】,土瓜灣,帝庭豪園,7680000,441,1,1,卓天置業代理有限公司,https://i1.28hse.com/2026/06/202606281245208574585_thumb.jpg,https://www.28hse.com/buy/apartment/property-3908846,2026-08-06T17:33:59.496264+00:00
3827105,狀元之資科科𝐀 近天光道✿三房一廳 價位適中︎︎︎︎𖣁土瓜灣地鐵 34靚校網,土瓜灣,祥雲大廈,4500000,454,3,1,東成地產,https://i1.28hse.com/2026/08/202608030422073168682_thumb.jpg,https://www.28hse.com/buy/apartment/property-3827105,2026-08-06T17:33:59.496264+00:00
3907879,✿喜歡金都嘅朋友•機會終於返嚟啦｜方正好用無角位•住得租得✿『會所✓34校網✓』,土瓜灣,金都豪苑,6400000,385,2,1,生利達物業代理,https://i1.28hse.com/2026/06/20260627141536923775_thumb.jpg,https://www.28hse.com/buy/apartment/property-3907879,2026-08-06T17:33:59.496264+00:00
3907200,【唔洗打斜先望到海得啖笑！直視全海景兩房】34校網、三分鐘到土瓜灣站,土瓜灣,利港灣18,7800000,424,2,1,捷昇置業有限公司,https://i1.28hse.com/2026/06/202606271541268156943_thumb.jpg,https://www.28hse.com/buy/apartment/property-3907200,2026-08-06T17:33:59.496264+00:00
3906122,《又平又靚又可以三房！》偉恆昌 高層雅裝 單邊開陽可三房 交吉約睇 一閃即逝,土瓜灣,偉恆昌新村,5280000,419,2,1,天晋物業有限公司,https://i1.28hse.com/2026/07/202607251830317316745_thumb.jpg,https://www.28hse.com/buy/apartment/property-3906122,2026-08-06T17:33:59.496264+00:00
3906120,《最大兩房＋東南海景＋露台》翔龍灣 原裝兩房有海景 罕有中層 豪華會所 戶戶露台,土瓜灣,翔龍灣,6880000,427,2,1,天晋物業有限公司,https://i1.28hse.com/2026/06/202606260228412209233_thumb.jpg,https://www.28hse.com/buy/apartment/property-3906120,2026-08-06T17:33:59.496264+00:00
3905604,【新鴻基樓靚樓落街咩都有、幾分鐘到地鐵站！】間隔、管理、位置贏曬幾條街嘅同類！,土瓜灣,Downtown 38,7080000,377,2,1,捷昇置業有限公司,https://i1.28hse.com/2026/06/202606251717558285742_thumb.jpg,https://www.28hse.com/buy/apartment/property-3905604,2026-08-06T17:33:59.496264+00:00
3905493,新鴻基出品 半新樓2房 信心保證,土瓜灣,Downtown 38,7080000,377,2,1,中景地產,https://i1.28hse.com/2026/06/202606251626537095282_thumb.jpg,https://www.28hse.com/buy/apartment/property-3905493,2026-08-06T17:33:59.496264+00:00
3905008,✿新鴻基•半新樓2房｜信心保證•即買即用✿『近港鐵✓34校網✓』【有匙睇實盤】,土瓜灣,Downtown 38,7000000,377,2,1,生利達物業代理,https://i1.28hse.com/2026/06/202606271451524182103_thumb.jpg,https://www.28hse.com/buy/apartment/property-3905008,2026-08-06T17:33:59.496264+00:00
3904887,【GENZ都鍾意新鴻基半新樓】何文田站兩房高層梗廚明廁!,土瓜灣,雅景軒,6780000,415,2,1,捷昇置業有限公司,https://i1.28hse.com/2026/06/202606251206296664391_thumb.jpg,https://www.28hse.com/buy/apartment/property-3904887,2026-08-06T17:33:59.496264+00:00
3904687,✿真相真盤真靚•慳錢慳時間｜3房2廁全新裝•未住過✿『34校網✓近港鐵✓』,土瓜灣,安平大廈,4980000,473,3,2,生利達物業代理,https://i1.28hse.com/2026/06/202606241957094791979_thumb.jpg,https://www.28hse.com/buy/apartment/property-3904687,2026-08-06T17:33:59.496264+00:00
3904659,《新鴻基＋高層東南＋兩房＋半新樓》雅景軒 兩房兩廳 東南開陽 交吉約睇 戶戶露台,土瓜灣,雅景軒,6780000,415,2,1,天晋物業有限公司,https://i1.28hse.com/2026/06/202606241943001809217_thumb.jpg,https://www.28hse.com/buy/apartment/property-3904659,2026-08-06T17:33:59.496264+00:00
3904410,筍爆三房加平台 全新 裝修 靚嘢轉頭就冇,土瓜灣,安和園,4680000,473,3,2,中景地產,https://i1.28hse.com/2026/06/202606241749295609525_thumb.jpg,https://www.28hse.com/buy/apartment/property-3904410,2026-08-06T17:33:59.496264+00:00
3904306,【三番四次五拜六叩、終於放盤!】屋苑最大兩房，10分鐘行到體育園,土瓜灣,翔龍灣,6500000,427,2,1,捷昇置業有限公司,https://i1.28hse.com/2026/06/202606241847087031978_thumb.jpg,https://www.28hse.com/buy/apartment/property-3904306,2026-08-06T17:33:59.496264+00:00
3904281,【6字有大兩房 隨約隨睇】要買就買間最大 要平就一定要揀最平,土瓜灣,翔龍灣,6480000,427,2,1,天晋物業有限公司,https://i1.28hse.com/2026/06/202606241658203312440_thumb.jpg,https://www.28hse.com/buy/apartment/property-3904281,2026-08-06T17:33:59.496264+00:00
3904070,*優質校網 近宋皇臺地鐵站 平價洋樓 實用靚則 平地電梯 低總價 *,土瓜灣,東寶大樓,3150000,380,2,1,廣信地產顧問有限公司,https://i1.28hse.com/2026/06/202606262053548332179_thumb.jpg,https://www.28hse.com/buy/apartment/property-3904070,2026-08-06T17:33:59.496264+00:00
3903102,【靚裝送平台】已夾錢大維修換新電梯 土瓜灣老牌屋苑,土瓜灣,安和園,4980000,473,3,1,天晋物業有限公司,https://i1.28hse.com/2026/06/202606231738576671504_thumb.jpg,https://www.28hse.com/buy/apartment/property-3903102,2026-08-06T17:33:59.496264+00:00
3903043,【靚裝有樓睇 高層有電梯】可變3房 苦海中一盞明燈 稍瞬即逝,土瓜灣,偉恆昌新村,5280000,419,2,1,天晋物業有限公司,https://i1.28hse.com/2026/06/202606231712237224799_thumb.jpg,https://www.28hse.com/buy/apartment/property-3903043,2026-08-06T17:33:59.496264+00:00
3902788,業主誠意出貨 機會唔係成日有,土瓜灣,偉恆昌新村,5280000,419,2,1,中景地產,https://i1.28hse.com/2026/06/202606231537051043207_thumb.jpg,https://www.28hse.com/buy/apartment/property-3902788,2026-08-06T17:33:59.496264+00:00
3901574,"【好過買一手】357尺特大, 東南海景, 10秒到地鐵站！即約即睇！",土瓜灣,翰畋,6500000,358,1,1,新港地產代理有限公司,https://i1.28hse.com/2026/06/202606221627014362142_thumb.jpg,https://www.28hse.com/buy/apartment/property-3901574,2026-08-06T17:33:59.496264+00:00
3900558,《自住或收租等收購都同樣出色》友誠大廈 開陽兩房 黃金位置 土瓜灣站旁 可連租約,土瓜灣,友誠大廈,3380000,369,2,1,天晋物業有限公司,https://i1.28hse.com/2026/06/20260621173000999543_thumb.jpg,https://www.28hse.com/buy/apartment/property-3900558,2026-08-06T17:33:59.496264+00:00
3900228,《特色連平台＋豪裝三房》安和園 原裝三房 全新豪華裝修 入契平台75呎 交吉約睇,土瓜灣,安和園,4980000,473,3,1,天晋物業有限公司,https://i1.28hse.com/2026/06/202606211449458664912_thumb.jpg,https://www.28hse.com/buy/apartment/property-3900228,2026-08-06T17:33:59.496264+00:00
3818667,中心旺地交通方便，罕有放盤間隔方正，恒基樓換樓推介,土瓜灣,金都豪苑,6400000,385,2,1,聯通物業代理有限公司,https://i1.28hse.com/2026/07/202607141520153987385_thumb.jpg,https://www.28hse.com/buy/apartment/property-3818667,2026-08-06T17:33:59.496264+00:00
3899708,～新鴻基罕有兩房～方正實用～即買即住～歡迎查詢,土瓜灣,Downtown 38,7000000,377,2,1,美聯物業,https://i1.28hse.com/2026/06/202606251826441831083_thumb.jpg,https://www.28hse.com/buy/apartment/property-3899708,2026-08-06T17:33:59.496264+00:00
3738581,ღ25年恒基樓ღ東南兩房ღ開揚四正ღ歡迎約睇,土瓜灣,金都豪苑,6400000,385,2,1,裕豐物業代理,https://i1.28hse.com/2026/07/202607181807071605140_thumb.jpg,https://www.28hse.com/buy/apartment/property-3738581,2026-08-06T17:33:59.496264+00:00
3899332,《 最啱你上車嘅·2房2廳·實用·合家庭》偉恆昌,土瓜灣,偉恆昌新村,4500000,372,2,1,天晋物業有限公司,https://i1.28hse.com/2026/06/202606251440462671438_thumb.jpg,https://www.28hse.com/buy/apartment/property-3899332,2026-08-06T17:33:59.496264+00:00
3899181,坐等收購 機不可失 失不再來,土瓜灣,單幢樓房,4180000,530,3,1,中景地產,https://i1.28hse.com/2026/06/202606201632416438424_thumb.jpg,https://www.28hse.com/buy/apartment/property-3899181,2026-08-06T17:33:59.496264+00:00
3898704,「大型屋苑」有樓睇 唔洗估估下 *依間真係好吸引*,土瓜灣,翔龍灣,6800000,360,2,1,世紀21置業易,https://i1.28hse.com/2026/06/202606201309456547383_thumb.jpg,https://www.28hse.com/buy/apartment/property-3898704,2026-08-06T17:33:59.496264+00:00
3739298,企理1房 投資自用都合適,土瓜灣,翰畋,6500000,358,1,1,美意物業,https://i1.28hse.com/2026/03/202603241512185774353_thumb.jpg,https://www.28hse.com/buy/apartment/property-3739298,2026-08-06T17:33:59.496264+00:00
3897445,3 4校網，附近交通完善,土瓜灣,欣榮花園,8300000,566,2,,香港置業,https://i1.28hse.com/2026/06/20260619141033984590_thumb.jpg,https://www.28hse.com/buy/apartment/property-3897445,2026-08-06T17:33:59.496264+00:00
3897424,企理1房 投資自用都合適,土瓜灣,翰畋,6800000,357,1,1,美意物業,https://i1.28hse.com/2026/06/202606191354365250965_thumb.jpg,https://www.28hse.com/buy/apartment/property-3897424,2026-08-06T17:33:59.496264+00:00
1226669,"安居置業 (陳小姐) ,2房.連平台226呎,連租約售",土瓜灣,定安大廈,3480000,368,2,1,安居置業-土瓜灣,https://i1.28hse.com/2026/04/202604091250485604130_thumb.jpg,https://www.28hse.com/buy/apartment/property-1226669,2026-08-06T17:33:59.496264+00:00
3895976,✿最後召集•賣埋就無｜真•3房2廁｜✿『大方廳✓對流窗✓』【34校網】,土瓜灣,同興花園,7680000,587,3,2,生利達物業代理,https://i1.28hse.com/2026/06/202606181106583243153_thumb.jpg,https://www.28hse.com/buy/apartment/property-3895976,2026-08-06T17:33:59.496264+00:00
3895649,【嘉景專家 間間都齊】 一次睇齊幾間放盤 價錢幫你傾到最平,土瓜灣,嘉景花園,5680000,354,2,1,天晋物業有限公司,https://i1.28hse.com/2026/06/202606171953396807919_thumb.jpg,https://www.28hse.com/buy/apartment/property-3895649,2026-08-06T17:33:59.496264+00:00
3895645,【高過對面樓 有海有價講】匙在手 跟我走 啟德巨蛋旁邊,土瓜灣,翔龍灣,7080000,427,2,1,天晋物業有限公司,https://i1.28hse.com/2026/06/202606171952516489215_thumb.jpg,https://www.28hse.com/buy/apartment/property-3895645,2026-08-06T17:33:59.496264+00:00
3895541,土瓜灣安和大廈兩房特別平台歡迎約睇,土瓜灣,安和大廈,4950000,473,2,,搜房香港集團有限公司,https://i1.28hse.com/2026/06/202606171839264297025_thumb.jpg,https://www.28hse.com/buy/apartment/property-3895541,2026-08-06T17:33:59.496264+00:00
3895416,《近何文田地鐵站．要選擇2房不舊又平的當然選擇呢度 》雅景軒,土瓜灣,雅景軒,6680000,415,2,1,天晋物業有限公司,https://i1.28hse.com/2026/06/202606251505266662784_thumb.jpg,https://www.28hse.com/buy/apartment/property-3895416,2026-08-06T17:33:59.496264+00:00
3895072,～罕有放盤～1分鐘到地鐵～歡迎查詢,土瓜灣,翰畋,6780000,357,1,1,中景地產,https://i1.28hse.com/2026/06/202606171537544819590_thumb.jpg,https://www.28hse.com/buy/apartment/property-3895072,2026-08-06T17:33:59.496264+00:00
3894642,✿業主好有誠意讓步•大大力減價求賣｜最靚樓層•東南有光✿『2房✓近港鐵✓』,土瓜灣,22居,6000000,409,2,1,生利達物業代理,https://i1.28hse.com/2026/06/202606241734593763773_thumb.jpg,https://www.28hse.com/buy/apartment/property-3894642,2026-08-06T17:33:59.496264+00:00
3894438,6/17更新(通透、采光盈滿) 有鎖匙分行在樓下大型屋苑有商場配套，發展成熟,土瓜灣,翔龍灣,6950000,427,2,1,置高物業,https://i1.28hse.com/2026/06/202606170134228602502_thumb.jpg,https://www.28hse.com/buy/apartment/property-3894438,2026-08-06T17:33:59.496264+00:00
3893929,✿無限驚喜•望到海嘅嘉景少之有少✿『高層✓2房✓屋苑停車場✓平地𨋢大堂✓』,土瓜灣,嘉景花園,5500000,354,2,1,生利達物業代理,https://i1.28hse.com/2026/06/202606161715408426573_thumb.jpg,https://www.28hse.com/buy/apartment/property-3893929,2026-08-06T17:33:59.496264+00:00
3893579,「21年樓」over 400呎 *望得到地鐵站* 仲有兩間比你睇,土瓜灣,22居,6000000,409,2,1,世紀21置業易,https://i1.28hse.com/2026/06/202606191529183042658_thumb.jpg,https://www.28hse.com/buy/apartment/property-3893579,2026-08-06T17:33:59.496264+00:00
3893481,"獨家盤, 新委托 筍價出售",土瓜灣,翔龍灣,6300000,385,2,1,世紀21置業易,https://i1.28hse.com/2026/06/202606161408128707300_thumb.jpg,https://www.28hse.com/buy/apartment/property-3893481,2026-08-06T17:33:59.496264+00:00
3893205,偉恆昌新村2房*間隔四正好用*可約睇,土瓜灣,偉恆昌新村,4880000,372,2,1,樺毅地產代理公司,https://i1.28hse.com/2026/06/202606170956076050910_thumb.jpg,https://www.28hse.com/buy/apartment/property-3893205,2026-08-06T17:33:59.496264+00:00
3892995,新放盤.把握筍盤,土瓜灣,翔龍灣,6270000,385,2,1,世紀21啟豐物業代理,https://i1.28hse.com/2026/06/202606152233464957769_thumb.jpg,https://www.28hse.com/buy/apartment/property-3892995,2026-08-06T17:33:59.496264+00:00
3892349,【翰畋】最荀半新樓 東南開陽景大1房 有票盡傾,土瓜灣,翰畋,6800000,357,1,1,駿輝地產建榮有限公司,https://i1.28hse.com/2026/06/202606151612295963848_thumb.jpg,https://www.28hse.com/buy/apartment/property-3892349,2026-08-06T17:33:59.496264+00:00
3891591,《最荀半新樓＋罕有巨房＋地鐵站口》翰畋 中層巨房巨廳 東南開陽景 發展商交樓標準,土瓜灣,翰畋,6780000,357,1,1,天晋物業有限公司,https://i1.28hse.com/2026/06/202606142133255209788_thumb.jpg,https://www.28hse.com/buy/apartment/property-3891591,2026-08-06T17:33:59.496264+00:00
3737619,獨家筍盤【超熟業主 萬事好商量】雅緻裝修 實用3房2廁 價錢有得傾 歡迎約睇！,土瓜灣,美善同大廈,6080000,576,3,2,世紀21領先置業代理,https://i1.28hse.com/2026/02/202602091349171848299_thumb.jpg,https://www.28hse.com/buy/apartment/property-3737619,2026-08-06T17:33:59.496264+00:00
3890671,上車盤 地鐵3分鐘,土瓜灣,友誠大廈,3550000,376,2,1,中景地產,https://i1.28hse.com/2026/06/202606141219338104599_thumb.jpg,https://www.28hse.com/buy/apartment/property-3890671,2026-08-06T17:33:59.496264+00:00
3890474,《計計呎價，真的筍到爆炸》僑裕大樓 原裝三房 高層單邊開陽 交吉約睇 34校網,土瓜灣,僑裕大樓,4080000,534,3,1,天晋物業有限公司,https://i1.28hse.com/2026/06/202606140008414212833_thumb.jpg,https://www.28hse.com/buy/apartment/property-3890474,2026-08-06T17:33:59.496264+00:00
3890281,✿有人鍾意望山•有人鍾意睇海｜各有所愛•我都可以帶你睇哂✿『傲雲峰✓泳池會所✓』,土瓜灣,傲雲峰,8180000,479,2,1,生利達物業代理,https://i1.28hse.com/2026/06/202606131937318967025_thumb.jpg,https://www.28hse.com/buy/apartment/property-3890281,2026-08-06T17:33:59.496264+00:00
3890268,極高層永久景觀，34校網大屋苑！啟德區無敵配套！梗廚明廁！一盤難求！,土瓜灣,翔龍灣,6180000,385,1,1,匯誠物業有限公司,https://i1.28hse.com/2026/06/20260613193402641927_thumb.jpg,https://www.28hse.com/buy/apartment/property-3890268,2026-08-06T17:33:59.496264+00:00
3888901,"【最優質C單位, 屋苑大單邊, 廳同房都望到海】土瓜灣大型屋苑！",土瓜灣,翔龍灣,7800000,422,2,1,新港地產代理有限公司,https://i1.28hse.com/2026/07/202607311425397459297_thumb.jpg,https://www.28hse.com/buy/apartment/property-3888901,2026-08-06T17:33:59.496264+00:00
3801161,【裝修靚到嘩一聲 可改三房】高層屋苑 電梯直達 啟德廷伸區,土瓜灣,安和園,4560000,409,2,1,天晋物業有限公司,https://i1.28hse.com/2026/04/202604151804023457705_thumb.jpg,https://www.28hse.com/buy/apartment/property-3801161,2026-08-06T17:33:59.496264+00:00
3887884,景觀開揚｜豪華靚裝即買即住・旺中帶靜＋多元化生活圈,土瓜灣,Downtown 38,7000000,377,2,,利嘉閣地產,https://i1.28hse.com/2026/07/202607292108144841670_thumb.jpg,https://www.28hse.com/buy/apartment/property-3887884,2026-08-06T17:33:59.496264+00:00
3887729,「會德豐靚樓」三房單位 望到海 屋苑式管理 依期最抵 有匙即睇,土瓜灣,洋樓,7380000,467,3,1,世紀21置業易,https://i1.28hse.com/2026/06/20260612145222327837_thumb.jpg,https://www.28hse.com/buy/apartment/property-3887729,2026-08-06T17:33:59.496264+00:00
3807491,真心推介!!!地鐵上蓋~睇過先知有幾好 三面單邊，裝修企理,土瓜灣,七喜大廈,5300000,594,3,1,金達地產,https://i1.28hse.com/2026/04/202604121752247756391_thumb.jpg,https://www.28hse.com/buy/apartment/property-3807491,2026-08-06T17:33:59.496264+00:00
3887425,【時代講性價比】清優宋皇臺站出口半新高層兩房!,土瓜灣,22居,6000000,409,2,1,捷昇置業有限公司,https://i1.28hse.com/2026/06/202606121230163254709_thumb.jpg,https://www.28hse.com/buy/apartment/property-3887425,2026-08-06T17:33:59.496264+00:00
3887326,我雖然舊但係好實用！,土瓜灣,天富大廈,4800000,598,3,1,富恒地產,https://i1.28hse.com/2026/07/202607121212267911603_thumb.jpg,https://www.28hse.com/buy/apartment/property-3887326,2026-08-06T17:33:59.496264+00:00
3886349,保證未賣！樓下就地鐵站！高層開揚！歡迎約睇！睇岩再幫你傾！,土瓜灣,津匯,6280000,368,1,1,昇譽物業代理,https://i1.28hse.com/2026/07/202607031054252375602_thumb.jpg,https://www.28hse.com/buy/apartment/property-3886349,2026-08-06T17:33:59.496264+00:00
3886225,✿望到海嘅碧麗花園｜鎖匙盤✿『泳池會所✓屋苑管理✓』,土瓜灣,,7380000,467,3,1,生利達物業代理,https://i1.28hse.com/2026/06/202606111518064875945_thumb.jpg,https://www.28hse.com/buy/apartment/property-3886225,2026-08-06T17:33:59.496264+00:00
3886213,廳大房大地鐵站口,土瓜灣,友誠大廈,3550000,375,2,,太陽物業,https://i1.28hse.com/2026/06/202606111515031751622_thumb.jpg,https://www.28hse.com/buy/apartment/property-3886213,2026-08-06T17:33:59.496264+00:00
3885644,《衝擊土瓜灣最平呎價》譚公大廈 高層三房 即住靚裝 單邊開陽 清靜內街 交吉約睇,土瓜灣,譚公大廈,3950000,427,3,1,天晋物業有限公司,https://i1.28hse.com/2026/06/202606110056215117407_thumb.jpg,https://www.28hse.com/buy/apartment/property-3885644,2026-08-06T17:33:59.496264+00:00
3885359,*全屋苑最實用兩房，更重要業主夠實在*,土瓜灣,翔龍灣,6450000,372,2,1,世紀21置業易,https://i1.28hse.com/2026/06/202606102011005029193_thumb.jpg,https://www.28hse.com/buy/apartment/property-3885359,2026-08-06T17:33:59.496264+00:00
3884115,✿住得高•視野好•夠光猛•精神哂✿『2房✓34校網✓家長最愛✓』【有匙睇】,土瓜灣,欣榮花園,7800000,566,2,1,生利達物業代理,https://i1.28hse.com/2026/06/202606091958038627669_thumb.jpg,https://www.28hse.com/buy/apartment/property-3884115,2026-08-06T17:33:59.496264+00:00
3822772,最優質位置2房高層罕有放盤，連裝修性價比高,土瓜灣,欣榮花園,7700000,566,2,1,聯通物業代理有限公司,https://i1.28hse.com/2026/06/202606091835395176903_thumb.jpg,https://www.28hse.com/buy/apartment/property-3822772,2026-08-06T17:33:59.496264+00:00
3801397,超實用靚裝修傢俬設計，近地鐵站附近發展潛力無限,土瓜灣,安和園,4580000,409,2,1,聯通物業代理有限公司,https://i1.28hse.com/2026/04/202604111001284395423_thumb.jpg,https://www.28hse.com/buy/apartment/property-3801397,2026-08-06T17:33:59.496264+00:00
3883753,✿等到頸長終於等到•仲唔止一間｜夾個時間一次過帶你睇哂✿『2房✓近港鐵✓』,土瓜灣,22居,6000000,409,2,1,生利達物業代理,https://i1.28hse.com/2026/06/202606091704123636602_thumb.jpg,https://www.28hse.com/buy/apartment/property-3883753,2026-08-06T17:33:59.496264+00:00
3831525,獨家企理2房 歡迎約睇,土瓜灣,偉恆昌新村,4880000,372,2,1,美意物業,https://i1.28hse.com/2026/05/20260530222514691944_thumb.jpg,https://www.28hse.com/buy/apartment/property-3831525,2026-08-06T17:33:59.496264+00:00
3882479,【好過買一手！】新世界半新樓真正2房！2分鐘到地鐵站！,土瓜灣,瑧尚,6880000,386,2,1,新港地產代理有限公司,https://i1.28hse.com/2026/06/20260608175107774288_thumb.jpg,https://www.28hse.com/buy/apartment/property-3882479,2026-08-06T17:33:59.496264+00:00
3882331,「低過估價、唔洗講價」友誠大廈 兩房,土瓜灣,友誠大廈,3380000,376,2,1,捷昇置業有限公司,https://i1.28hse.com/2026/06/202606081701516701629_thumb.jpg,https://www.28hse.com/buy/apartment/property-3882331,2026-08-06T17:33:59.496264+00:00
3881840,《最大兩房＋東南海景＋露台》翔龍灣 原裝兩房有海景 罕有中層 豪華會所 戶戶露台,土瓜灣,翔龍灣,7080000,427,2,1,天晋物業有限公司,https://i1.28hse.com/2026/06/202606081343557916796_thumb.jpg,https://www.28hse.com/buy/apartment/property-3881840,2026-08-06T17:33:59.496264+00:00
3732236,"安居(陳小姐),2房1廳,裝修靚,重建熱門.實盤.",土瓜灣,,3680000,463,2,1,安居置業-土瓜灣,https://i1.28hse.com/2026/02/202602041942062289642_thumb.jpg,https://www.28hse.com/buy/apartment/property-3732236,2026-08-06T17:33:59.496264+00:00
3881598,【永久海景】可以約睇！東南海景尺價14xxx！步行到土瓜灣站！,土瓜灣,旭日豪庭,8000000,534,2,1,新港地產代理有限公司,https://i1.28hse.com/2026/06/202606080953222285676_thumb.jpg,https://www.28hse.com/buy/apartment/property-3881598,2026-08-06T17:33:59.496264+00:00
3952778,"平到你唔信,鄰近地鐵,優勢41校網,兩房有匙即睇,喜有此盤",樂富,金國大樓,2180000,374,2,1,金滙地產 樂富分行,https://i1.28hse.com/2026/07/202607301910431968224_thumb.jpg,https://www.28hse.com/buy/apartment/property-3952778,2026-08-06T17:33:59.496264+00:00
3844660,九龍城雅致單位放賣,樂富,金國大樓,2200000,367,2,1,,https://i1.28hse.com/2026/05/20260511215556319481_thumb.jpg,https://www.28hse.com/buy/apartment/property-3844660,2026-08-06T17:33:59.496264+00:00
3945825,"大型屋苑三房入場, 有樓睇",鑽石山,星河明居,8380000,517,2,1,美聯物業,https://i1.28hse.com/2026/07/202607251120563029120_thumb.jpg,https://www.28hse.com/buy/apartment/property-3945825,2026-08-06T17:33:59.496264+00:00
3929813,業主急賣 見票即收,鑽石山,星河明居,8380000,517,2,1,美聯物業代理有限公司,https://i1.28hse.com/2026/07/202607130004505049355_thumb.jpg,https://www.28hse.com/buy/apartment/property-3929813,2026-08-06T17:33:59.496264+00:00
3121540,搶手 一定幫到手【熟盤知筍】【多盤推介】可合作,鑽石山,星河明居,8380000,517,3,1,金滙地產 新蒲崗分行,https://i1.28hse.com/2026/08/202608021841492608416_thumb.jpg,https://www.28hse.com/buy/apartment/property-3121540,2026-08-06T17:33:59.496264+00:00
3800771,3房2廳1衛浴，歡迎約睇 ^^,鑽石山,星河明居,8100000,517,2,1,金滙地產  總行,https://i1.28hse.com/2026/05/20260524164612236386_thumb.jpg,https://www.28hse.com/buy/apartment/property-3800771,2026-08-06T17:33:59.496264+00:00
3963141,【中原Dixon ·Oscar推介】 非常便利/抵住實用/價錢可議,青衣,翠怡花園,5650000,436,2,1,中原地產,https://i1.28hse.com/2026/08/202608062348597147878_thumb.jpg,https://www.28hse.com/buy/apartment/property-3963141,2026-08-06T17:33:59.496264+00:00
3962485,*Sandra* 青衣翠怡花園2房中層出售,青衣,翠怡花園,4800000,383,2,1,美聯物業,https://i1.28hse.com/2026/08/202608061638226872954_thumb.jpg,https://www.28hse.com/buy/apartment/property-3962485,2026-08-06T17:33:59.496264+00:00
3962043,Sandra**青衣海欣花園底層 最平入場費 內園,青衣,海欣花園,6380000,511,2,1,美聯物業,https://i1.28hse.com/2026/08/202608061241566121402_thumb.jpg,https://www.28hse.com/buy/apartment/property-3962043,2026-08-06T17:33:59.496264+00:00
3961710,ALICE推介極高層西南開揚兩房，有票即傾,青衣,海欣花園,6800000,451,2,1,中原地產,https://i1.28hse.com/2026/08/202608060009476085135_thumb.jpg,https://www.28hse.com/buy/apartment/property-3961710,2026-08-06T17:33:59.496264+00:00
3961632,Ben仔推介！海欣花園性價比最高！！高層海景,青衣,海欣花園,6580000,463,2,,美聯物業,https://i1.28hse.com/2026/08/202608052218436194166_thumb.jpg,https://www.28hse.com/buy/apartment/property-3961632,2026-08-06T17:33:59.496264+00:00
3960865,美聯KC推介 高層開揚海景 鳳凰樓,青衣,海欣花園,6800000,451,2,1,美聯物業,https://i1.28hse.com/2026/08/202608051520205677245_thumb.jpg,https://www.28hse.com/buy/apartment/property-3960865,2026-08-06T17:33:59.496264+00:00
3960086,【獨家靚裝筍盤 】罕有3房靚裝估足價 相熟業主,青衣,青怡花園,7080000,547,3,1,美聯物業,https://i1.28hse.com/2026/08/20260804194123699275_thumb.jpg,https://www.28hse.com/buy/apartment/property-3960086,2026-08-06T17:33:59.496264+00:00
3959907,獨家有匙!即睇即住!,青衣,海欣花園,6380000,511,2,1,美聯物業,https://i1.28hse.com/2026/08/202608041803472494972_thumb.jpg,https://www.28hse.com/buy/apartment/property-3959907,2026-08-06T17:33:59.496264+00:00
3959004,海欣最平之選 收租一流,青衣,海欣花園,5980000,487,2,1,利嘉閣地產有限公司,https://i1.28hse.com/2026/08/202608041102036966607_thumb.jpg,https://www.28hse.com/buy/apartment/property-3959004,2026-08-06T17:33:59.496264+00:00
3958905,ALICE推介西南扺住3房，有票即傾,青衣,青怡花園,6380000,547,3,2,中原地產,https://i1.28hse.com/2026/08/202608040147032189397_thumb.jpg,https://www.28hse.com/buy/apartment/property-3958905,2026-08-06T17:33:59.496264+00:00
3957874,美聯 Vincent 實盤推介 極新裝修,青衣,美景花園,4600000,401,2,2,美聯物業,https://i1.28hse.com/2026/08/202608031506495825648_thumb.jpg,https://www.28hse.com/buy/apartment/property-3957874,2026-08-06T17:33:59.496264+00:00
3957748,上車首選！全新裝修大2房,青衣,美景花園,4400000,432,2,,啟勝地產(美景花園),https://i1.28hse.com/2026/08/202608031401057520801_thumb.jpg,https://www.28hse.com/buy/apartment/property-3957748,2026-08-06T17:33:59.496264+00:00
3957384,【中原Dixon ·Oscar推介】 青衣城旁/非常便利/抵住實用/價錢可議,青衣,青怡花園,6380000,547,3,1,中原地產,https://i1.28hse.com/2026/08/20260803064100305440_thumb.jpg,https://www.28hse.com/buy/apartment/property-3957384,2026-08-06T17:33:59.496264+00:00
3957383,【中原Dixon ♡ Carmen推介】 高層靚裝/近地鐵站 /可約睇樓,青衣,青怡花園,6900000,547,3,1,中原地產,https://i1.28hse.com/2026/08/202608030542006581020_thumb.jpg,https://www.28hse.com/buy/apartment/property-3957383,2026-08-06T17:33:59.496264+00:00
3957368,上車首選，即買即住，即收租,青衣,藍澄灣,5180000,485,2,1,美聯物業,https://i1.28hse.com/2026/08/202608030135497466022_thumb.jpg,https://www.28hse.com/buy/apartment/property-3957368,2026-08-06T17:33:59.496264+00:00
3956784,實盤•低層但景點開揚•全屋有裝•即買即住/收租,青衣,青怡花園,5700000,547,3,,利嘉閣地產有限公司,https://i1.28hse.com/2026/08/202608021645256976498_thumb.jpg,https://www.28hse.com/buy/apartment/property-3956784,2026-08-06T17:33:59.496264+00:00
3956751,銀行估凸價•交吉交易•企理裝修,青衣,海欣花園,5980000,487,2,1,利嘉閣地產有限公司,https://i1.28hse.com/2026/08/202608021634232513155_thumb.jpg,https://www.28hse.com/buy/apartment/property-3956751,2026-08-06T17:33:59.496264+00:00
3956750,巨房巨廳•罕有大單位放盤•可以約睇,青衣,美景花園,5500000,525,3,1,利嘉閣地產有限公司,https://i1.28hse.com/2026/08/202608021633162158701_thumb.jpg,https://www.28hse.com/buy/apartment/property-3956750,2026-08-06T17:33:59.496264+00:00
3956741,上車必睇•不是最低層•還價即成,青衣,翠怡花園,4580000,368,2,1,利嘉閣地產有限公司,https://i1.28hse.com/2026/08/202608021630025873698_thumb.jpg,https://www.28hse.com/buy/apartment/property-3956741,2026-08-06T17:33:59.496264+00:00
3956538,今期必走！灝景灣 新鴻基品牌 東南入場最平二房 有匙即睇,青衣,灝景灣,7800000,537,2,,利嘉閣地產有限公司,https://i1.28hse.com/2026/08/202608021512246147213_thumb.jpg,https://www.28hse.com/buy/apartment/property-3956538,2026-08-06T17:33:59.496264+00:00
3955717,罕有高層開揚海景~~~雅緻裝修,青衣,海欣花園,6650000,463,2,1,啟勝地產(翠怡花園),https://i1.28hse.com/2026/08/202608012023295135780_thumb.jpg,https://www.28hse.com/buy/apartment/property-3955717,2026-08-06T17:33:59.496264+00:00
3955618,可傾47x萬＊雅裝內園＊“2房”有匙即睇 價平企理 即睇即住,青衣,翠怡花園,4950000,365,2,1,美聯物業代理有限公司,https://i1.28hse.com/2026/08/202608011923124730924_thumb.jpg,https://www.28hse.com/buy/apartment/property-3955618,2026-08-06T17:33:59.496264+00:00
3955608,新放盤!!罕有靚貨3房!!超平呎價!!性格比之選!!,青衣,藍澄灣,7700000,690,3,2,美聯物業,https://i1.28hse.com/2026/08/202608011916033505791_thumb.jpg,https://www.28hse.com/buy/apartment/property-3955608,2026-08-06T17:33:59.496264+00:00
3955605,＊筍盤推介＊全海景2房＊有裝修＊ 可傾平 有匙引看 有意盡傾,青衣,海欣花園,6580000,463,2,1,美聯物業代理有限公司,https://i1.28hse.com/2026/08/202608011915541107634_thumb.jpg,https://www.28hse.com/buy/apartment/property-3955605,2026-08-06T17:33:59.496264+00:00
3955595,【美聯Connie推介】有票可試$605萬，靚裝，市場最筍,青衣,明翹匯,6200000,410,2,1,美聯物業代理有限公司,https://i1.28hse.com/2026/08/202608031403293576676_thumb.jpg,https://www.28hse.com/buy/apartment/property-3955595,2026-08-06T17:33:59.496264+00:00
3955590,Maggie推介＊急賣＊760萬有機會 買筍盤要快呀！有匙即睇,青衣,灝景灣,8000000,537,2,1,美聯物業代理有限公司,https://i1.28hse.com/2026/08/202608011911008135058_thumb.jpg,https://www.28hse.com/buy/apartment/property-3955590,2026-08-06T17:33:59.496264+00:00
3955580,青怡實盤＊劈價賣＊估價650萬＊ 3房最筍 約睇,青衣,青怡花園,5700000,547,3,2,美聯物業代理有限公司,https://i1.28hse.com/2026/08/202608011906308183005_thumb.jpg,https://www.28hse.com/buy/apartment/property-3955580,2026-08-06T17:33:59.496264+00:00
3955531,靚！靚！靚裝修！大兩房 有匙睇 價錢平 質素高,青衣,美景花園,4500000,432,2,1,美聯物業代理有限公司,https://i1.28hse.com/2026/08/202608011842226266574_thumb.jpg,https://www.28hse.com/buy/apartment/property-3955531,2026-08-06T17:33:59.496264+00:00
3955458,＊藍澄灣推介＊勝價比最高2房 價平有裝夠實用 歡迎約睇,青衣,藍澄灣,5180000,485,2,1,美聯物業代理有限公司,https://i1.28hse.com/2026/08/202608011811296513443_thumb.jpg,https://www.28hse.com/buy/apartment/property-3955458,2026-08-06T17:33:59.496264+00:00
3955352,翠怡11座中層大2房，罕有放售，565萬，相熟業主，還價即成,青衣,翠怡花園,5650000,436,2,1,利嘉閣地產有限公司,https://i1.28hse.com/2026/08/202608011731334965919_thumb.jpg,https://www.28hse.com/buy/apartment/property-3955352,2026-08-06T17:33:59.496264+00:00
3954718,屋苑則皇 實用三房,青衣,美景花園,5500000,525,3,1,啟勝地產(美景花園),https://i1.28hse.com/2026/08/202608011223548603143_thumb.jpg,https://www.28hse.com/buy/apartment/property-3954718,2026-08-06T17:33:59.496264+00:00
3954647,最平入場 心態要夠強,青衣,美景花園,3800000,432,2,1,利嘉閣地產有限公司,https://i1.28hse.com/2026/08/202608011146033347052_thumb.jpg,https://www.28hse.com/buy/apartment/property-3954647,2026-08-06T17:33:59.496264+00:00
3954281,全海靚景、置業首選！,青衣,海欣花園,6650000,463,2,1,啟勝地產(翠怡花園),https://i1.28hse.com/2026/07/20260731205929913907_thumb.jpg,https://www.28hse.com/buy/apartment/property-3954281,2026-08-06T17:33:59.496264+00:00
3954268,【CLARY荀盤推介】罕有超闊泳池景 還價即走～,青衣,翠怡花園,5100000,383,2,,利嘉閣地產有限公司,https://i1.28hse.com/2026/07/202607312053107585776_thumb.jpg,https://www.28hse.com/buy/apartment/property-3954268,2026-08-06T17:33:59.496264+00:00
3954267,高層開揚遠景 ！,青衣,海欣花園,6800000,451,2,1,啟勝地產(翠怡花園),https://i1.28hse.com/2026/07/202607312052512105048_thumb.jpg,https://www.28hse.com/buy/apartment/property-3954267,2026-08-06T17:33:59.496264+00:00
3953874,全場最平 收租一流 可租14000,青衣,翠怡花園,4580000,368,2,1,利嘉閣地產有限公司,https://i1.28hse.com/2026/07/202607311731464486606_thumb.jpg,https://www.28hse.com/buy/apartment/property-3953874,2026-08-06T17:33:59.496264+00:00
3953691,［Angel專營海欣］$65X最抵買全海景兩房,青衣,海欣花園,6680000,463,2,,利嘉閣地產有限公司,https://i1.28hse.com/2026/07/202607311620262172480_thumb.jpg,https://www.28hse.com/buy/apartment/property-3953691,2026-08-06T17:33:59.496264+00:00
3953614,美聯 Vincent 實盤推介 高層開揚,青衣,翠怡花園,5000000,386,2,1,美聯物業,https://i1.28hse.com/2026/07/20260731155239986545_thumb.jpg,https://www.28hse.com/buy/apartment/property-3953614,2026-08-06T17:33:59.496264+00:00
3953490,【可試76X】最後機會 有匙可睇,青衣,灝景灣,7800000,537,2,,利嘉閣地產有限公司,https://i1.28hse.com/2026/07/202607311412322860860_thumb.jpg,https://www.28hse.com/buy/apartment/property-3953490,2026-08-06T17:33:59.496264+00:00
3953220,【中原Dixon • May 必睇推介】到價筍盤/大兩房有裝/有匙可睇/把握機會,青衣,美景花園,4500000,432,2,1,中原地產,https://i1.28hse.com/2026/07/202607311228346078077_thumb.jpg,https://www.28hse.com/buy/apartment/property-3953220,2026-08-06T17:33:59.496264+00:00
3953147,ALICE推介全新裝修大兩房，有匙即睇,青衣,美景花園,4500000,432,2,1,中原地產,https://i1.28hse.com/2026/07/202607311128117496909_thumb.jpg,https://www.28hse.com/buy/apartment/property-3953147,2026-08-06T17:33:59.496264+00:00
3953004,【中原Dixon • 光頭陳推介】到價筍盤/有裝修/鄰近地鐵站/有海景/新地樓,青衣,海欣花園,6800000,451,2,1,中原地產,https://i1.28hse.com/2026/07/202607310127053009286_thumb.jpg,https://www.28hse.com/buy/apartment/property-3953004,2026-08-06T17:33:59.496264+00:00
3952323,灝景灣｜業主急走｜巨廳東南大兩房｜有匙引看,青衣,灝景灣,7980000,537,2,1,利嘉閣地產,https://i1.28hse.com/2026/07/202607301553192173477_thumb.jpg,https://www.28hse.com/buy/apartment/property-3952323,2026-08-06T17:33:59.496264+00:00
3951987,藍澄灣最平大2房實用488呎，還價即成,青衣,藍澄灣,5250000,488,2,1,利嘉閣地產有限公司,https://i1.28hse.com/2026/07/202607301307407297710_thumb.jpg,https://www.28hse.com/buy/apartment/property-3951987,2026-08-06T17:33:59.496264+00:00
3951980,藍澄灣最筍中高層3房套，還價即成,青衣,藍澄灣,7880000,690,3,2,利嘉閣地產有限公司,https://i1.28hse.com/2026/07/2026073013032826569_thumb.jpg,https://www.28hse.com/buy/apartment/property-3951980,2026-08-06T17:33:59.496264+00:00
3951961,高層海景單位。新委托 有匙即約即睇,青衣,海欣花園,6800000,463,2,1,中原地產代理有限公司,https://i1.28hse.com/2026/07/202607301252486558579_thumb.jpg,https://www.28hse.com/buy/apartment/property-3951961,2026-08-06T17:33:59.496264+00:00
3951632,美聯 Vincent 實盤推介 東南大兩房 銀行估凸價,青衣,藍澄灣,5880000,488,2,1,美聯物業,https://i1.28hse.com/2026/07/202607292241332548412_thumb.jpg,https://www.28hse.com/buy/apartment/property-3951632,2026-08-06T17:33:59.496264+00:00
3951629,美聯 Vincent 實盤推介 房大廳大 銀行估足,青衣,美景花園,4500000,432,2,1,美聯物業,https://i1.28hse.com/2026/07/202607292236016109171_thumb.jpg,https://www.28hse.com/buy/apartment/property-3951629,2026-08-06T17:33:59.496264+00:00
3950791,"""Sanda""青衣海欣花園兩房向海單位高層出售",青衣,海欣花園,6580000,463,2,1,美聯物業,https://i1.28hse.com/2026/07/2026072914063458833_thumb.jpg,https://www.28hse.com/buy/apartment/property-3950791,2026-08-06T17:33:59.496264+00:00
3950223,"［Angel專營翠怡］數十萬豪華裝修,日本歐洲用料,割愛出售兩房",青衣,翠怡花園,5300000,366,2,,利嘉閣地產有限公司,https://i1.28hse.com/2026/07/202607281942142477977_thumb.jpg,https://www.28hse.com/buy/apartment/property-3950223,2026-08-06T17:33:59.496264+00:00
3949659,高層雅緻靚裝 廚廁企理 新委托,青衣,青怡花園,6900000,547,3,1,中原地產代理有限公司,https://i1.28hse.com/2026/07/202607281542107801080_thumb.jpg,https://www.28hse.com/buy/apartment/property-3949659,2026-08-06T17:33:59.496264+00:00
3949528,罕有靚裝高層筍盤價錢可商議間隔四正交通方便鄰近地鐵站附近街市幼稚園小學,青衣,青怡花園,6900000,547,3,,中原地產代理有限公司,https://i1.28hse.com/2026/07/202607281443214655870_thumb.jpg,https://www.28hse.com/buy/apartment/property-3949528,2026-08-06T17:33:59.496264+00:00
3949438,美聯 Vincent 實盤推介 極新裝修 全場最筍,青衣,美景花園,4550000,424,2,1,美聯物業,https://i1.28hse.com/2026/07/202607281400374331752_thumb.jpg,https://www.28hse.com/buy/apartment/property-3949438,2026-08-06T17:33:59.496264+00:00
3949192,高層兩房 廚廁企理,青衣,翠怡花園,4980000,365,2,1,中原地產代理有限公司,https://i1.28hse.com/2026/07/202607281053122142363_thumb.jpg,https://www.28hse.com/buy/apartment/property-3949192,2026-08-06T17:33:59.496264+00:00
3948829,青怡花園3房至筍，可試52x萬，歡迎約睇,青衣,青怡花園,5800000,547,3,,美聯物業,https://i1.28hse.com/2026/07/202607271846292251778_thumb.jpg,https://www.28hse.com/buy/apartment/property-3948829,2026-08-06T17:33:59.496264+00:00
3948376,"""Sandra""青衣翠怡花園 2房出售 “有匙即睇”高層 泳池靚景",青衣,翠怡花園,5500000,365,2,1,美聯物業,https://i1.28hse.com/2026/07/202607271532567017048_thumb.jpg,https://www.28hse.com/buy/apartment/property-3948376,2026-08-06T17:33:59.496264+00:00
3948331,"""Sandra"" 青衣翠怡花園唯一最平入場費 “有匙即睇”",青衣,翠怡花園,4580000,368,1,1,美聯物業,https://i1.28hse.com/2026/07/202607271507481069959_thumb.jpg,https://www.28hse.com/buy/apartment/property-3948331,2026-08-06T17:33:59.496264+00:00
3948316,綠意盎然|寧靜舒適,青衣,灝景灣,8300000,499,2,1,中原地產代理有限公司,https://i1.28hse.com/2026/07/20260727145646337989_thumb.jpg,https://www.28hse.com/buy/apartment/property-3948316,2026-08-06T17:33:59.496264+00:00
3948312,綠意盎然|近地鐵站,青衣,灝景灣,8300000,499,2,1,中原地產代理有限公司,https://i1.28hse.com/2026/07/202607271454165170724_thumb.jpg,https://www.28hse.com/buy/apartment/property-3948312,2026-08-06T17:33:59.496264+00:00
3947877,Jeff 筍盤推介，最後超筍3房套，高層，開揚,青衣,藍澄灣,7880000,690,3,,美聯物業,https://i1.28hse.com/2026/07/202607270959192149131_thumb.jpg,https://www.28hse.com/buy/apartment/property-3947877,2026-08-06T17:33:59.496264+00:00
3947338,三房有裝修，環境寜靜，交通方便，超值之選，歡迎約睇。,青衣,青怡花園,5700000,547,3,,美聯物業,https://i1.28hse.com/2026/07/2026072617050948671_thumb.jpg,https://www.28hse.com/buy/apartment/property-3947338,2026-08-06T17:33:59.496264+00:00
3947211,中原Daniel推介 有得睇 靚裝修,青衣,海欣花園,6800000,451,2,1,中原地產,https://i1.28hse.com/2026/07/20260726160752418941_thumb.jpg,https://www.28hse.com/buy/apartment/property-3947211,2026-08-06T17:33:59.496264+00:00
3947192,新地-低密度> 翠綠山景兩房,青衣,曉峰園,6200000,546,2,,美聯物業代理有限公司,https://i1.28hse.com/2026/07/20260726160236528170_thumb.jpg,https://www.28hse.com/buy/apartment/property-3947192,2026-08-06T17:33:59.496264+00:00
3946757,罕有高層遠眺煙花海景~~~雅緻裝修,青衣,海欣花園,6800000,451,2,1,啟勝地產(翠怡花園),https://i1.28hse.com/2026/07/202607251937214759142_thumb.jpg,https://www.28hse.com/buy/apartment/property-3946757,2026-08-06T17:33:59.496264+00:00
3946729,[美聯物業 Angela 心水推介] 地標屋苑 兩房靚裝 景觀開揚 即買即住,青衣,灝景灣,8080000,537,2,,美聯物業,https://i1.28hse.com/2026/07/202607251858422530266_thumb.jpg,https://www.28hse.com/buy/apartment/property-3946729,2026-08-06T17:33:59.496264+00:00
3946723,@東尼推介 ［青衣超筍上車兩房 ］保證實盤 歡迎查詢,青衣,翠怡花園,4480000,368,2,1,美聯物業,https://i1.28hse.com/2026/07/202607282012208594260_thumb.jpg,https://www.28hse.com/buy/apartment/property-3946723,2026-08-06T17:33:59.496264+00:00
3946673,【CLARY荀盤推介】最抵買入場望山兩房 可約睇～,青衣,明翹匯,6380000,421,2,,利嘉閣地產有限公司,https://i1.28hse.com/2026/07/202607251835235329887_thumb.jpg,https://www.28hse.com/buy/apartment/property-3946673,2026-08-06T17:33:59.496264+00:00
3946527,【裝修可改！景觀改變不了！】如心海景 估到價,青衣,海欣花園,6680000,463,2,,利嘉閣地產有限公司,https://i1.28hse.com/2026/07/202607251734345384453_thumb.jpg,https://www.28hse.com/buy/apartment/property-3946527,2026-08-06T17:33:59.496264+00:00
3946510,【CLARY荀盤推介】企理裝修 中層大兩房 即買即住～,青衣,美景花園,4500000,432,2,,利嘉閣地產有限公司,https://i1.28hse.com/2026/07/202607251724571411567_thumb.jpg,https://www.28hse.com/buy/apartment/property-3946510,2026-08-06T17:33:59.496264+00:00
3946471,大膽還價!!!【高層全海】【必賣精選】,青衣,海欣花園,6680000,463,2,1,利嘉閣地產有限公司,https://i1.28hse.com/2026/08/202608021627581147497_thumb.jpg,https://www.28hse.com/buy/apartment/property-3946471,2026-08-06T17:33:59.496264+00:00
3946345,＊Matthew獨家盤＊靚裝修※大兩房※估突價 有匙即睇 真°靚盤,青衣,美景花園,4550000,424,2,1,美聯物業代理有限公司,https://i1.28hse.com/2026/07/202607251623485487710_thumb.jpg,https://www.28hse.com/buy/apartment/property-3946345,2026-08-06T17:33:59.496264+00:00
3946287,Lily推薦 美景花園 高層 兩房靚盤 僅售380萬！,青衣,美景花園,3800000,432,2,,利嘉閣地產有限公司,https://i1.28hse.com/2026/07/202607251559058371051_thumb.jpg,https://www.28hse.com/buy/apartment/property-3946287,2026-08-06T17:33:59.496264+00:00
3946067,三期11座樓皇～最近商場～翠怡大兩房～開揚內園景,青衣,翠怡花園,5800000,436,2,1,美聯物業,https://i1.28hse.com/2026/07/20260725141052335427_thumb.jpg,https://www.28hse.com/buy/apartment/property-3946067,2026-08-06T17:33:59.496264+00:00
3946027,美聯推介～開揚山景～巨廳大兩房～自住/收租一樣得,青衣,藍澄灣,5180000,485,2,1,美聯物業,https://i1.28hse.com/2026/07/202607251348226518158_thumb.jpg,https://www.28hse.com/buy/apartment/property-3946027,2026-08-06T17:33:59.496264+00:00
3945905,"【罕有方廳】【可間三房】【鎖匙盤, 歡迎比較】",青衣,灝景灣,7800000,537,2,1,利嘉閣地產有限公司,https://i1.28hse.com/2026/07/202607251223008099737_thumb.jpg,https://www.28hse.com/buy/apartment/property-3945905,2026-08-06T17:33:59.496264+00:00
3945868,新放/靚位,青衣,翠怡花園,5650000,436,2,1,中原地產代理有限公司,https://i1.28hse.com/2026/07/20260725115431185672_thumb.jpg,https://www.28hse.com/buy/apartment/property-3945868,2026-08-06T17:33:59.496264+00:00
3945815,中層兩房 新委托。間隔好用。可步行到地鐵站,青衣,翠怡花園,5800000,436,2,1,中原地產代理有限公司,https://i1.28hse.com/2026/07/202607251106347020517_thumb.jpg,https://www.28hse.com/buy/apartment/property-3945815,2026-08-06T17:33:59.496264+00:00
3945654,呎價 13xxx 最抵住新鴻基樓 估價697萬,青衣,海欣花園,6650000,507,2,1,利嘉閣地產有限公司,https://i1.28hse.com/2026/07/20260724224303706192_thumb.jpg,https://www.28hse.com/buy/apartment/property-3945654,2026-08-06T17:33:59.496264+00:00
3945227,【CLARY荀盤推介】東南中高層無敵海景兩房～,青衣,海欣花園,6800000,451,2,,利嘉閣地產有限公司,https://i1.28hse.com/2026/07/202607241744547686436_thumb.jpg,https://www.28hse.com/buy/apartment/property-3945227,2026-08-06T17:33:59.496264+00:00
3945118,［Angel專營灝景］最平兩房必走!大玻璃池園景,青衣,灝景灣,8000000,523,2,,利嘉閣地產有限公司,https://i1.28hse.com/2026/07/202607241649345468953_thumb.jpg,https://www.28hse.com/buy/apartment/property-3945118,2026-08-06T17:33:59.496264+00:00
3944774,獨家代理 泳池內園,青衣,翠怡花園,5100000,383,2,1,啟勝地產(翠怡花園),https://i1.28hse.com/2026/07/202607241443497568043_thumb.jpg,https://www.28hse.com/buy/apartment/property-3944774,2026-08-06T17:33:59.496264+00:00
3944768,靚裝有匙即睇 即住之選,青衣,海欣花園,6800000,467,2,1,啟勝地產(翠怡花園),https://i1.28hse.com/2026/07/202607241441062159131_thumb.jpg,https://www.28hse.com/buy/apartment/property-3944768,2026-08-06T17:33:59.496264+00:00
3944201,特色落地玻璃𥦬 ，兩房連天台，景觀開揚，清幽翠綠，專屬屋苑小巴，直達青衣港鐵站,青衣,曉峰園,8000000,561,2,1,美聯物業,https://i1.28hse.com/2026/07/202607232213375975233_thumb.jpg,https://www.28hse.com/buy/apartment/property-3944201,2026-08-06T17:33:59.496264+00:00
3943628,@青衣最新屋苑 新淨上車兩房 星級會所環境清幽 歡迎查詢,青衣,明翹匯,6200000,410,2,1,美聯物業,https://i1.28hse.com/2026/07/202607231655352100586_thumb.jpg,https://www.28hse.com/buy/apartment/property-3943628,2026-08-06T17:33:59.496264+00:00
3942625,「估到價！有海景！可睇」寵物友善屋苑,青衣,海欣花園,6800000,451,2,,利嘉閣地產有限公司,https://i1.28hse.com/2026/07/202607222016296972896_thumb.jpg,https://www.28hse.com/buy/apartment/property-3942625,2026-08-06T17:33:59.496264+00:00
3942482,極高層 開揚 估價足,青衣,海欣花園,6800000,451,2,1,啟勝地產(翠怡花園),https://i1.28hse.com/2026/07/202607221832296986138_thumb.jpg,https://www.28hse.com/buy/apartment/property-3942482,2026-08-06T17:33:59.496264+00:00
3942459,上車首選，两房间格，價可倾，民生配套齊,青衣,明翹匯,6200000,410,2,1,美聯物業,https://i1.28hse.com/2026/07/202607221822232759462_thumb.jpg,https://www.28hse.com/buy/apartment/property-3942459,2026-08-06T17:33:59.496264+00:00
3941567,高層內園景|可以睇樓,青衣,海欣花園,7400000,451,2,1,中原地產代理有限公司,https://i1.28hse.com/2026/07/202607221117362153238_thumb.jpg,https://www.28hse.com/buy/apartment/property-3941567,2026-08-06T17:33:59.496264+00:00
3941047,"灝景灣最平兩房,罕有方廳,真盤源, 有票可再減",青衣,灝景灣,7980000,537,2,,利嘉閣地產有限公司,https://i1.28hse.com/2026/07/202607211747305652091_thumb.jpg,https://www.28hse.com/buy/apartment/property-3941047,2026-08-06T17:33:59.496264+00:00
3939927,Jeff 筍盤推介，海天一色，2房高層,青衣,海欣花園,6800000,463,2,,美聯物業,https://i1.28hse.com/2026/07/202607201826178298188_thumb.jpg,https://www.28hse.com/buy/apartment/property-3939927,2026-08-06T17:33:59.496264+00:00
3939828,則王靚景-減價必睇>東南海景大兩房,青衣,美景花園,5100000,478,2,,美聯物業代理有限公司,https://i1.28hse.com/2026/07/202607201723371122931_thumb.jpg,https://www.28hse.com/buy/apartment/property-3939828,2026-08-06T17:33:59.496264+00:00
3939632,*平過估價*藍澄灣入埸兩房*四正實用*見票即收*,青衣,藍澄灣,5180000,485,2,1,美聯物業,https://i1.28hse.com/2026/07/202607201558472309662_thumb.jpg,https://www.28hse.com/buy/apartment/property-3939632,2026-08-06T17:33:59.496264+00:00
3939549,內園兩房，清幽寧靜，臨近地鐵站、商場，交通方便,青衣,灝景灣,8300000,499,2,1,美聯物業,https://i1.28hse.com/2026/07/202607201508157864847_thumb.jpg,https://www.28hse.com/buy/apartment/property-3939549,2026-08-06T17:33:59.496264+00:00
3939085,低於估值！10%首期！豪華裝修連天台！單邊開陽海景,青衣,美景花園,4400000,360,1,2,鴻發地產物業,https://i1.28hse.com/2026/07/202607192328165190760_thumb.jpg,https://www.28hse.com/buy/apartment/property-3939085,2026-08-06T17:33:59.496264+00:00
3938931,＊專業代理推介＊方廳2房最筍呢間 歡迎約睇,青衣,灝景灣,8000000,537,2,1,美聯物業代理有限公司,https://i1.28hse.com/2026/07/202607191927507062316_thumb.jpg,https://www.28hse.com/buy/apartment/property-3938931,2026-08-06T17:33:59.496264+00:00
3938359,青衣 實用三房 乾淨企理,青衣,美景花園,5300000,564,3,,利嘉閣地產有限公司,https://i1.28hse.com/2026/07/202607191414176081626_thumb.jpg,https://www.28hse.com/buy/apartment/property-3938359,2026-08-06T17:33:59.496264+00:00
3938353,新地用料，上車首選！,青衣,海欣花園,6650000,507,2,1,美聯物業,https://i1.28hse.com/2026/07/202607191406372234960_thumb.jpg,https://www.28hse.com/buy/apartment/property-3938353,2026-08-06T17:33:59.496264+00:00
3938333,青衣市區～屋苑最平入場～只此一間～有匙即睇～可試475萬,青衣,翠怡花園,4950000,365,2,1,美聯物業,https://i1.28hse.com/2026/07/202607191352148766404_thumb.jpg,https://www.28hse.com/buy/apartment/property-3938333,2026-08-06T17:33:59.496264+00:00
3938100,藍澄灣低層靚裝最平大2房,青衣,藍澄灣,5180000,485,2,1,利嘉閣地產有限公司,https://i1.28hse.com/2026/07/202607191138333088010_thumb.jpg,https://www.28hse.com/buy/apartment/property-3938100,2026-08-06T17:33:59.496264+00:00
3937893,美聯Geri推介＊超筍2房＊有匙即睇 歡迎查詢,青衣,翠怡花園,4480000,368,2,1,美聯物業代理有限公司,https://i1.28hse.com/2026/07/202607211104175160285_thumb.jpg,https://www.28hse.com/buy/apartment/property-3937893,2026-08-06T17:33:59.496264+00:00
3937827,獨家推介 ： 東南園景、 實用兩房 ！,青衣,翠怡花園,5080000,383,2,1,啟勝地產(翠怡花園),https://i1.28hse.com/2026/07/2026071820293496196_thumb.jpg,https://www.28hse.com/buy/apartment/property-3937827,2026-08-06T17:33:59.496264+00:00
3937825,高層開揚遠景 ！,青衣,海欣花園,6800000,451,2,1,啟勝地產(翠怡花園),https://i1.28hse.com/2026/07/202607182027483597506_thumb.jpg,https://www.28hse.com/buy/apartment/property-3937825,2026-08-06T17:33:59.496264+00:00
3937522,機會難得~最平432呎大兩房積，新裝修，呎價最抵只此一間，快者得!,青衣,美景花園,4500000,432,2,1,利嘉閣地產有限公司,https://i1.28hse.com/2026/07/202607181741277105776_thumb.jpg,https://www.28hse.com/buy/apartment/property-3937522,2026-08-06T17:33:59.496264+00:00
3937224,灝景灣1座7XX萬東南開揚景2房,青衣,灝景灣,7980000,537,2,1,利嘉閣地產有限公司,https://i1.28hse.com/2026/07/202607181540451100277_thumb.jpg,https://www.28hse.com/buy/apartment/property-3937224,2026-08-06T17:33:59.496264+00:00
3936840,獨家大宅|可以約睇|靚裝修,青衣,藍澄灣,7950000,690,3,2,中原地產代理有限公司,https://i1.28hse.com/2026/07/202607181210083530136_thumb.jpg,https://www.28hse.com/buy/apartment/property-3936840,2026-08-06T17:33:59.496264+00:00
3936819,屋苑推介|高層約睇,青衣,藍澄灣,5500000,485,2,1,中原地產代理有限公司,https://i1.28hse.com/2026/07/202607181158014121404_thumb.jpg,https://www.28hse.com/buy/apartment/property-3936819,2026-08-06T17:33:59.496264+00:00
3936607,＊黃春梅推介＊高層靚盤3房 睇啱幫你傾 歡迎約睇,青衣,藍澄灣,7880000,690,3,2,美聯物業代理有限公司,https://i1.28hse.com/2026/08/20260801182548878434_thumb.jpg,https://www.28hse.com/buy/apartment/property-3936607,2026-08-06T17:33:59.496264+00:00
3936482,＊美聯Eliane推介＊可傾650萬 筍價 3房加衣帽間,青衣,青怡花園,6800000,547,3,1,美聯物業代理有限公司,https://i1.28hse.com/2026/07/202607192004461808460_thumb.jpg,https://www.28hse.com/buy/apartment/property-3936482,2026-08-06T17:33:59.496264+00:00
3933765,獨家代理！實盤！$7XX,青衣,灝景灣,8000000,537,2,1,美聯物業,https://i1.28hse.com/2026/07/202607160129197802969_thumb.jpg,https://www.28hse.com/buy/apartment/property-3933765,2026-08-06T17:33:59.496264+00:00
3929573,獨家推介 ： 高層東南三房！用家至愛！,青衣,翠怡花園,6600000,513,3,,啟勝地產(翠怡花園),https://i1.28hse.com/2026/07/202607121837583750597_thumb.jpg,https://www.28hse.com/buy/apartment/property-3929573,2026-08-06T17:33:59.496264+00:00
3928441,ALICE推介三期中層大2房，565萬起步傾，即約即睇,青衣,翠怡花園,5800000,436,2,1,中原地產,https://i1.28hse.com/2026/07/202607261916044576123_thumb.jpg,https://www.28hse.com/buy/apartment/property-3928441,2026-08-06T17:33:59.496264+00:00
3928226,美聯KC推介 開揚景觀 企理裝修 可安排睇樓,青衣,翠怡花園,6500000,451,2,1,美聯物業,https://i1.28hse.com/2026/07/202607111656257616801_thumb.jpg,https://www.28hse.com/buy/apartment/property-3928226,2026-08-06T17:33:59.496264+00:00
3928120,＊筍盤推介＊全海景2房＊有裝修＊65x萬 可傾平 有匙引看 有意盡傾,青衣,海欣花園,6580000,463,2,1,美聯物業代理有限公司,https://i1.28hse.com/2026/07/202607111617335222986_thumb.jpg,https://www.28hse.com/buy/apartment/property-3928120,2026-08-06T17:33:59.496264+00:00
3927811,【有匙即睇】東北海景 罕有放盤,青衣,海欣花園,6800000,463,2,,利嘉閣地產有限公司,https://i1.28hse.com/2026/07/202607111400125330911_thumb.jpg,https://www.28hse.com/buy/apartment/property-3927811,2026-08-06T17:33:59.496264+00:00
3927474,【最平入場】有匙可睇 企理裝修,青衣,翠怡花園,4580000,368,2,,利嘉閣地產有限公司,https://i1.28hse.com/2026/07/202607111122108033875_thumb.jpg,https://www.28hse.com/buy/apartment/property-3927474,2026-08-06T17:33:59.496264+00:00
3927436,[獨家筍盤]青衣灝景灣 實用內園泳池開揚 上車換樓之選 近地鐵站商場 有匙即睇！,青衣,灝景灣,8000000,519,2,,利嘉閣地產有限公司,https://i1.28hse.com/2026/07/202607111037515150324_thumb.jpg,https://www.28hse.com/buy/apartment/property-3927436,2026-08-06T17:33:59.496264+00:00
3927205,青衣臨海屋苑，两房間隔，荀價放售，行路9分鐘到青衣城，周邊商場食肆林立，配套成熟,青衣,海欣花園,6700000,503,2,1,美聯物業,https://i1.28hse.com/2026/07/202607102141307521173_thumb.jpg,https://www.28hse.com/buy/apartment/property-3927205,2026-08-06T17:33:59.496264+00:00
3927044,【有匙可睇】開揚山景,青衣,藍澄灣,5300000,488,2,,利嘉閣地產有限公司,https://i1.28hse.com/2026/07/202607101937575656744_thumb.jpg,https://www.28hse.com/buy/apartment/property-3927044,2026-08-06T17:33:59.496264+00:00
3926939,【CLARY荀盤推介】中高層全海景兩房 有匙即睇,青衣,海欣花園,6800000,463,2,,利嘉閣地產有限公司,https://i1.28hse.com/2026/07/202607101850142140119_thumb.jpg,https://www.28hse.com/buy/apartment/property-3926939,2026-08-06T17:33:59.496264+00:00
3926818,ALICE推介三期高層內園，有匙即睇,青衣,翠怡花園,5500000,365,2,1,中原地產,https://i1.28hse.com/2026/07/202607101808353067207_thumb.jpg,https://www.28hse.com/buy/apartment/property-3926818,2026-08-06T17:33:59.496264+00:00
3926810,入場必選 全海開揚,青衣,海欣花園,6800000,463,2,1,啟勝地產(翠怡花園),https://i1.28hse.com/2026/07/202607101804255442924_thumb.jpg,https://www.28hse.com/buy/apartment/property-3926810,2026-08-06T17:33:59.496264+00:00
3926802,有匙可睇 二期方便,青衣,翠怡花園,5500000,471,2,1,啟勝地產(翠怡花園),https://i1.28hse.com/2026/07/202607101800183939253_thumb.jpg,https://www.28hse.com/buy/apartment/property-3926802,2026-08-06T17:33:59.496264+00:00
3926792,有匙即睇 內園泳池,青衣,翠怡花園,4600000,383,2,1,啟勝地產(翠怡花園),https://i1.28hse.com/2026/07/202607101758053300890_thumb.jpg,https://www.28hse.com/buy/apartment/property-3926792,2026-08-06T17:33:59.496264+00:00
3926654,青衣 實用2房 上車自用之選,青衣,翠怡花園,4450000,386,2,1,利嘉閣地產有限公司,https://i1.28hse.com/2026/07/202607101717122496179_thumb.jpg,https://www.28hse.com/buy/apartment/property-3926654,2026-08-06T17:33:59.496264+00:00
3926436,青衣 上車3房 實用抵住,青衣,青怡花園,5700000,547,3,2,利嘉閣地產有限公司,https://i1.28hse.com/2026/07/202607101604557865831_thumb.jpg,https://www.28hse.com/buy/apartment/property-3926436,2026-08-06T17:33:59.496264+00:00
3780254,"100蚊印花稅, 大兩房, 環境清幽, 上車投資之選",青衣,美景花園,3980000,432,2,,中聯物業代理有限公司,https://i1.28hse.com/2026/03/202603201924093945903_thumb.jpg,https://www.28hse.com/buy/apartment/property-3780254,2026-08-06T17:33:59.496264+00:00
3925921,匙盤|平售|向內園,青衣,翠怡花園,4700000,365,2,1,中原地產代理有限公司,https://i1.28hse.com/2026/07/202607101107424493931_thumb.jpg,https://www.28hse.com/buy/apartment/property-3925921,2026-08-06T17:33:59.496264+00:00
3925896,東南|大兩房|靚裝修,青衣,翠怡花園,6500000,451,2,1,中原地產代理有限公司,https://i1.28hse.com/2026/07/202607101037363093626_thumb.jpg,https://www.28hse.com/buy/apartment/property-3925896,2026-08-06T17:33:59.496264+00:00
3925617,明珠好介紹,青衣,明翹匯,6200000,410,2,1,中原地產代理有限公司,https://i1.28hse.com/2026/07/202607092048523995384_thumb.jpg,https://www.28hse.com/buy/apartment/property-3925617,2026-08-06T17:33:59.496264+00:00
3925473,灝景灣巨廳東南大兩房-可間三房｜還價即成,青衣,灝景灣,7800000,537,2,1,利嘉閣地產,https://i1.28hse.com/2026/07/202607091924583857044_thumb.jpg,https://www.28hse.com/buy/apartment/property-3925473,2026-08-06T17:33:59.496264+00:00
3925459,低水！［翠綠山景] 2房友好業主-價有商量,青衣,藍澄灣,5500000,485,2,,美聯物業代理有限公司,https://i1.28hse.com/2026/07/202607091918036136409_thumb.jpg,https://www.28hse.com/buy/apartment/property-3925459,2026-08-06T17:33:59.496264+00:00
3925407,[換樓必睇] 3房2厕公園景,青衣,青怡花園,5700000,547,3,,美聯物業代理有限公司,https://i1.28hse.com/2026/07/20260709185016955653_thumb.jpg,https://www.28hse.com/buy/apartment/property-3925407,2026-08-06T17:33:59.496264+00:00
3924455,【估到價】把握機會 成交已上5字頭,青衣,翠怡花園,4600000,368,2,,利嘉閣地產有限公司,https://i1.28hse.com/2026/07/202607091151002309857_thumb.jpg,https://www.28hse.com/buy/apartment/property-3924455,2026-08-06T17:33:59.496264+00:00
3924354,中原ALICE推介高層開揚三房園景樓皇，有票即傾,青衣,翠怡花園,6950000,513,3,1,中原地產,https://i1.28hse.com/2026/07/202607091031146685650_thumb.jpg,https://www.28hse.com/buy/apartment/property-3924354,2026-08-06T17:33:59.496264+00:00
3924288,【中原Dixon • May 必睇筍盤】 筍·上車盤/有匙可睇/把握機會,青衣,翠怡花園,4680000,368,1,1,中原地產,https://i1.28hse.com/2026/07/20260731023350315431_thumb.jpg,https://www.28hse.com/buy/apartment/property-3924288,2026-08-06T17:33:59.496264+00:00
3924285,【中原Jay ♡ Carmen 推介】 三房高層/罕有放盤/有票即傾,青衣,翠怡花園,6950000,513,3,,中原地產,https://i1.28hse.com/2026/07/202607090203544389926_thumb.jpg,https://www.28hse.com/buy/apartment/property-3924285,2026-08-06T17:33:59.496264+00:00
3924283,【中原Carmen♡光頭陳推介】筍·有裝修/鄰近地鐵站/有票可傾/,青衣,翠怡花園,4600000,368,2,1,中原地產,https://i1.28hse.com/2026/07/202607090201438442270_thumb.jpg,https://www.28hse.com/buy/apartment/property-3924283,2026-08-06T17:33:59.496264+00:00
3923697,高層三房，可眺海，近地鐵站，環境清幽，交通方便,青衣,青怡花園,6800000,547,3,1,美聯物業,https://i1.28hse.com/2026/07/202607081708332874919_thumb.jpg,https://www.28hse.com/buy/apartment/property-3923697,2026-08-06T17:33:59.496264+00:00
3923629,中層兩房，乾淨整潔，可眺海，交通方便,青衣,翠怡花園,5300000,368,2,1,美聯物業,https://i1.28hse.com/2026/07/202607081655244142755_thumb.jpg,https://www.28hse.com/buy/apartment/property-3923629,2026-08-06T17:33:59.496264+00:00
3922983,"可租可售,靚裝修",青衣,海欣花園,6900000,487,2,1,中原地產代理有限公司,https://i1.28hse.com/2026/07/202607081221113982907_thumb.jpg,https://www.28hse.com/buy/apartment/property-3922983,2026-08-06T17:33:59.496264+00:00
3922945,超筍兩房，屋苑最平，還價即成,青衣,灝景灣,8000000,537,2,1,美聯物業,https://i1.28hse.com/2026/07/202607081205326965919_thumb.jpg,https://www.28hse.com/buy/apartment/property-3922945,2026-08-06T17:33:59.496264+00:00
3922869,＊高質筍盤推介＊兩年裝修＊即買即住 歡迎查詢,青衣,翠怡花園,4980000,365,2,1,美聯物業代理有限公司,https://i1.28hse.com/2026/07/202607082319447826319_thumb.jpg,https://www.28hse.com/buy/apartment/property-3922869,2026-08-06T17:33:59.496264+00:00
3922699,ALICE推介最平靚裝兩房，有票即傾,青衣,翠怡花園,4600000,368,2,1,中原地產,https://i1.28hse.com/2026/07/202607072343176412936_thumb.jpg,https://www.28hse.com/buy/apartment/property-3922699,2026-08-06T17:33:59.496264+00:00
3922693,ALICE推介超筍上車大兩房，有票即傾,青衣,藍澄灣,5300000,485,2,1,中原地產,https://i1.28hse.com/2026/07/202607072326278504201_thumb.jpg,https://www.28hse.com/buy/apartment/property-3922693,2026-08-06T17:33:59.496264+00:00
3922691,ALICE推介4年樓開2房，可約睇,青衣,明翹匯,7300000,410,2,1,中原地產,https://i1.28hse.com/2026/07/202607072319338177741_thumb.jpg,https://www.28hse.com/buy/apartment/property-3922691,2026-08-06T17:33:59.496264+00:00
3922442,[青衣上車精選］2期高層雅裝2房-價可議,青衣,翠怡花園,5680000,368,2,,美聯物業代理有限公司,https://i1.28hse.com/2026/07/202607071846097215886_thumb.jpg,https://www.28hse.com/buy/apartment/property-3922442,2026-08-06T17:33:59.496264+00:00
3921996,青怡唯一一個3房盤,青衣,青怡花園,6800000,547,3,,中原地產,https://i1.28hse.com/2026/07/202607071550518030897_thumb.jpg,https://www.28hse.com/buy/apartment/property-3921996,2026-08-06T17:33:59.496264+00:00
3921808,獨家靚單位|心水推介,青衣,藍澄灣,7950000,690,3,2,中原地產代理有限公司,https://i1.28hse.com/2026/07/202607071420067289585_thumb.jpg,https://www.28hse.com/buy/apartment/property-3921808,2026-08-06T17:33:59.496264+00:00
3920423,池景開揚，有匙交吉,青衣,翠怡花園,5000000,366,2,2,美聯物業,https://i1.28hse.com/2026/07/202607061456414295976_thumb.jpg,https://www.28hse.com/buy/apartment/property-3920423,2026-08-06T17:33:59.496264+00:00
3920402,高層有裝，罕有放盤，有匙即看,青衣,海欣花園,6650000,507,2,1,美聯物業,https://i1.28hse.com/2026/07/202607231623425327783_thumb.jpg,https://www.28hse.com/buy/apartment/property-3920402,2026-08-06T17:33:59.496264+00:00
3920333,【中原Jay Lin• Dixon♡】 估價到價東南海景/獨家筍盤/早買早供完,青衣,海欣花園,6800000,463,2,1,中原地產,https://i1.28hse.com/2026/07/20260706142347246681_thumb.jpg,https://www.28hse.com/buy/apartment/property-3920333,2026-08-06T17:33:59.496264+00:00
3920279,中原「May & mARtin 推介」 半新樓 /交通配套方便/有穿巴到南昌,青衣,明翹匯,7300000,410,2,1,中原地產,https://i1.28hse.com/2026/07/202607061354013430695_thumb.jpg,https://www.28hse.com/buy/apartment/property-3920279,2026-08-06T17:33:59.496264+00:00
3920182,翠怡中層靚海景2房貼估價割愛,青衣,翠怡花園,5300000,368,2,1,利嘉閣地產有限公司,https://i1.28hse.com/2026/07/202607061256114408293_thumb.jpg,https://www.28hse.com/buy/apartment/property-3920182,2026-08-06T17:33:59.496264+00:00
3919898,ALICE推介全海有裝東南兩房，有匙即睇,青衣,海欣花園,7300000,471,2,1,中原地產,https://i1.28hse.com/2026/07/202607060058391377151_thumb.jpg,https://www.28hse.com/buy/apartment/property-3919898,2026-08-06T17:33:59.496264+00:00
3919882,ALICE推介獨家盤全海兩房，有票即傾,青衣,海欣花園,6800000,463,2,1,中原地產,https://i1.28hse.com/2026/07/202607060028242432799_thumb.jpg,https://www.28hse.com/buy/apartment/property-3919882,2026-08-06T17:33:59.496264+00:00
3919879,中原ALICE推介高層開揚公園景樓皇，有匙即睇,青衣,青怡花園,6800000,547,3,2,中原地產,https://i1.28hse.com/2026/07/202607060025394934601_thumb.jpg,https://www.28hse.com/buy/apartment/property-3919879,2026-08-06T17:33:59.496264+00:00
3919872,ALICE推介新裝3房1厠加衣帽間，有票即傾,青衣,青怡花園,6900000,547,3,1,中原地產,https://i1.28hse.com/2026/07/202607281836598551461_thumb.jpg,https://www.28hse.com/buy/apartment/property-3919872,2026-08-06T17:33:59.496264+00:00
3919684,翠怡高層豪華裝修3房罕有放盤,青衣,翠怡花園,7500000,501,3,1,利嘉閣地產有限公司,https://i1.28hse.com/2026/07/20260705195711533215_thumb.jpg,https://www.28hse.com/buy/apartment/property-3919684,2026-08-06T17:33:59.496264+00:00
3918787,浪漫滿屋 藍澄灣 買/租,青衣,藍澄灣,5500000,488,2,,利嘉閣地產有限公司,https://i1.28hse.com/2026/07/202607051234533300131_thumb.jpg,https://www.28hse.com/buy/apartment/property-3918787,2026-08-06T17:33:59.496264+00:00
3918108,二期方便、靚景少有,青衣,翠怡花園,5300000,368,2,,中原地產代理有限公司,https://i1.28hse.com/2026/07/20260704180519695867_thumb.jpg,https://www.28hse.com/buy/apartment/property-3918108,2026-08-06T17:33:59.496264+00:00
3918071,獨家代理青衣美景花園 超筍大兩房$450萬 全城最筍 立即約睇！,青衣,美景花園,4500000,420,2,1,中聯地產,https://i1.28hse.com/2026/07/202607041750566292094_thumb.jpg,https://www.28hse.com/buy/apartment/property-3918071,2026-08-06T17:33:59.496264+00:00
3917230,青衣藍澄灣 兩房單位 二線屋苑最後筍盤,青衣,藍澄灣,5500000,488,2,1,中聯地產,https://i1.28hse.com/2026/07/202607041217025532024_thumb.jpg,https://www.28hse.com/buy/apartment/property-3917230,2026-08-06T17:33:59.496264+00:00
3917046,海欣花園5座中層E單位 471呎 實用 730萬 超靚海景 銀行估足價 鑽海景,青衣,海欣花園,7180000,471,2,1,中聯地產,https://i1.28hse.com/2026/07/202607041058345263398_thumb.jpg,https://www.28hse.com/buy/apartment/property-3917046,2026-08-06T17:33:59.496264+00:00
3916866,【中原Lily ♡ Martin 推介】 51X上車精選/實盤可傾/交通方便,青衣,藍澄灣,5300000,485,2,1,中原地產,https://i1.28hse.com/2026/07/202607040000075263614_thumb.jpg,https://www.28hse.com/buy/apartment/property-3916866,2026-08-06T17:33:59.496264+00:00
3916859,【中原May•Dixon推介】 有票可傾/東南海景/實盤有匙可睇/交通便利,青衣,海欣花園,7480000,471,2,,中原地產,https://i1.28hse.com/2026/07/202607310134221093469_thumb.jpg,https://www.28hse.com/buy/apartment/property-3916859,2026-08-06T17:33:59.496264+00:00
3912323,有匙 賣680萬/租17000,青衣,海欣花園,6800000,467,2,1,中原地產代理有限公司,https://i1.28hse.com/2026/07/202607251234318272873_thumb.jpg,https://www.28hse.com/buy/apartment/property-3912323,2026-08-06T17:33:59.496264+00:00
3909199,高層兩房，開揚海景，環境舒適，景色怡人，居家休養好地方，你值得擁有,青衣,海欣花園,7480000,471,2,1,美聯物業,https://i1.28hse.com/2026/06/202606281614047316236_thumb.jpg,https://www.28hse.com/buy/apartment/property-3909199,2026-08-06T17:33:59.496264+00:00
3908695,中層企理。新委托 可租可賣。有匙即約即睇。業主firm 賣。可試低於750萬,青衣,盈翠半島,7920000,512,2,1,中原地產代理有限公司,https://i1.28hse.com/2026/06/202606281014153059861_thumb.jpg,https://www.28hse.com/buy/apartment/property-3908695,2026-08-06T17:33:59.496264+00:00
3908390,•••特別單位•••企理裝修•開揚山景,青衣,美景花園,3800000,432,2,,利嘉閣地產有限公司,https://i1.28hse.com/2026/06/202606271847167256000_thumb.jpg,https://www.28hse.com/buy/apartment/property-3908390,2026-08-06T17:33:59.496264+00:00
3903488,誠心誠意業主放盤 有誠意這價格商議 超靚山景,青衣,明翹匯,6380000,421,2,1,,https://i1.28hse.com/2026/06/202606232327262894959_thumb.jpg,https://www.28hse.com/buy/apartment/property-3903488,2026-08-06T17:33:59.496264+00:00
3902073,美景中層大2房實用432呎業主400頭賣,青衣,美景花園,4300000,432,2,1,利嘉閣地產有限公司,https://i1.28hse.com/2026/06/202606222004236952208_thumb.jpg,https://www.28hse.com/buy/apartment/property-3902073,2026-08-06T17:33:59.496264+00:00
3901786,藍澄灣中高層罕有開揚景大2房，實用485呎，5XX萬收票,青衣,藍澄灣,6000000,485,2,1,利嘉閣地產有限公司,https://i1.28hse.com/2026/06/202606221728276349281_thumb.jpg,https://www.28hse.com/buy/apartment/property-3901786,2026-08-06T17:33:59.496264+00:00
3901780,翠怡企理2房筍價試4XX萬,青衣,翠怡花園,5200000,366,2,1,利嘉閣地產有限公司,https://i1.28hse.com/2026/06/202606221726256470730_thumb.jpg,https://www.28hse.com/buy/apartment/property-3901780,2026-08-06T17:33:59.496264+00:00
3901351,生活方便，極致性價比之選,青衣,藍澄灣,5100000,485,2,1,啟勝地產(美景花園),https://i1.28hse.com/2026/07/202607061306275924300_thumb.jpg,https://www.28hse.com/buy/apartment/property-3901351,2026-08-06T17:33:59.496264+00:00
3900923,青衣明翹匯超高層2房超靚山景靚裝靚傢俬,青衣,明翹匯,6920000,421,2,1,利嘉閣地產有限公司,https://i1.28hse.com/2026/06/20260621233019858605_thumb.jpg,https://www.28hse.com/buy/apartment/property-3900923,2026-08-06T17:33:59.496264+00:00
3900572,美聯 Vincent 實盤推介 嚴重低水 銀行估凸 幫你盡傾,青衣,青怡花園,5800000,547,3,2,美聯物業,https://i1.28hse.com/2026/06/202606211736144516061_thumb.jpg,https://www.28hse.com/buy/apartment/property-3900572,2026-08-06T17:33:59.496264+00:00
3899144,投資精選、近機鐵站,青衣,翠怡花園,4580000,368,1,,中原地產代理有限公司,https://i1.28hse.com/2026/06/202606201615351930730_thumb.jpg,https://www.28hse.com/buy/apartment/property-3899144,2026-08-06T17:33:59.496264+00:00
3899069,獨家青怡花園靚仔三房,青衣,青怡花園,6780000,547,3,,中原地產代理有限公司,https://i1.28hse.com/2026/06/202606201553348241345_thumb.jpg,https://www.28hse.com/buy/apartment/property-3899069,2026-08-06T17:33:59.496264+00:00
3899054,獨家海景海欣花園兩房,青衣,海欣花園,6800000,463,2,,中原地產代理有限公司,https://i1.28hse.com/2026/06/202606201547147931459_thumb.jpg,https://www.28hse.com/buy/apartment/property-3899054,2026-08-06T17:33:59.496264+00:00
3899011,業主盤 免佣 青怡花園三座高層三房兩廁｜交通便利校網佳,青衣,青怡花園,6520000,547,3,2,,https://i1.28hse.com/2026/06/202606201520496222471_thumb.jpg,https://www.28hse.com/buy/apartment/property-3899011,2026-08-06T17:33:59.496264+00:00
3898162,青衣灝景灣最平2房,青衣,灝景灣,7000000,499,2,,利嘉閣地產有限公司,https://i1.28hse.com/2026/06/202606192007433467384_thumb.jpg,https://www.28hse.com/buy/apartment/property-3898162,2026-08-06T17:33:59.496264+00:00
3896707,美聯 Vincent 實盤推介 入場最平,青衣,藍澄灣,7380000,690,3,2,美聯物業,https://i1.28hse.com/2026/06/20260618174710314732_thumb.jpg,https://www.28hse.com/buy/apartment/property-3896707,2026-08-06T17:33:59.496264+00:00
3896127,"【VR/圖則】大2房,少海景,新鴻基臨海大型屋苑,沿海旁步行往青衣站",青衣,翠怡花園,5200000,451,2,1,小村置業有限公司,https://i1.28hse.com/2026/06/202606181255375918674_thumb.jpg,https://www.28hse.com/buy/apartment/property-3896127,2026-08-06T17:33:59.496264+00:00
3895565,乾淨整潔，即買可住，交通方便,青衣,翠怡花園,4950000,365,2,1,美聯物業,https://i1.28hse.com/2026/06/202606171852575941171_thumb.jpg,https://www.28hse.com/buy/apartment/property-3895565,2026-08-06T17:33:59.496264+00:00
3894857,高層有匙| 步行拾分鐘地鐵站,青衣,海欣花園,6800000,507,2,1,中原地產代理有限公司,https://i1.28hse.com/2026/06/202606171405394848607_thumb.jpg,https://www.28hse.com/buy/apartment/property-3894857,2026-08-06T17:33:59.496264+00:00
3892823,新放/靚位 價錢現調整為518萬,青衣,藍澄灣,5300000,485,2,1,中原地產代理有限公司,https://i1.28hse.com/2026/06/202606151921281090716_thumb.jpg,https://www.28hse.com/buy/apartment/property-3892823,2026-08-06T17:33:59.496264+00:00
3892435,藍澄灣低層3房套，廳大房大，間隔實用，樓齡新青衣低水,青衣,藍澄灣,7380000,690,3,2,利嘉閣地產有限公司,https://i1.28hse.com/2026/06/202606151646208590776_thumb.jpg,https://www.28hse.com/buy/apartment/property-3892435,2026-08-06T17:33:59.496264+00:00
3891708,ALICE推介高層開揚大兩房，即约即睇,青衣,海欣花園,6800000,507,2,1,中原地產,https://i1.28hse.com/2026/07/202607072250066800602_thumb.jpg,https://www.28hse.com/buy/apartment/property-3891708,2026-08-06T17:33:59.496264+00:00
3889392,高層單位。新委托 有匙即約即睇,青衣,青怡花園,6800000,547,3,2,中原地產代理有限公司,https://i1.28hse.com/2026/06/20260613141124544282_thumb.jpg,https://www.28hse.com/buy/apartment/property-3889392,2026-08-06T17:33:59.496264+00:00
3888748,高層 望到汀九海 估足價超筍盤,青衣,灝景灣,8200000,499,2,,利嘉閣地產有限公司,https://i1.28hse.com/2026/06/202606122054012336471_thumb.jpg,https://www.28hse.com/buy/apartment/property-3888748,2026-08-06T17:33:59.496264+00:00
3888675,罕有三房套。至筍換樓精選,青衣,青怡花園,5700000,547,3,,利嘉閣地產有限公司,https://i1.28hse.com/2026/06/202606122001053349209_thumb.jpg,https://www.28hse.com/buy/apartment/property-3888675,2026-08-06T17:33:59.496264+00:00
3888645,優質海景。罕有放售。有匙即睇,青衣,翠怡花園,5250000,368,2,,利嘉閣地產有限公司,https://i1.28hse.com/2026/06/2026061219452236696_thumb.jpg,https://www.28hse.com/buy/apartment/property-3888645,2026-08-06T17:33:59.496264+00:00
3888411,海景@荀價企理2房@推介,青衣,翠怡花園,5300000,368,2,,利嘉閣地產有限公司,https://i1.28hse.com/2026/06/202606121938188263963_thumb.jpg,https://www.28hse.com/buy/apartment/property-3888411,2026-08-06T17:33:59.496264+00:00
2986063,"內園,泳池景",青衣,藍澄灣,5100000,451,2,1,,https://i1.28hse.com/2024/03/202403231248524807997_thumb.jpg,https://www.28hse.com/buy/apartment/property-2986063,2026-08-06T17:33:59.496264+00:00
3886199,樓齡較新| 減價,青衣,明翹匯,6580000,421,2,1,中原地產代理有限公司,https://i1.28hse.com/2026/06/202606111509166730703_thumb.jpg,https://www.28hse.com/buy/apartment/property-3886199,2026-08-06T17:33:59.496264+00:00
3885566,企理兩房，上車之選,青衣,翠怡花園,4580000,368,1,2,美聯物業,https://i1.28hse.com/2026/06/202606102249484000224_thumb.jpg,https://www.28hse.com/buy/apartment/property-3885566,2026-08-06T17:33:59.496264+00:00
3883300,"價錢可議, 九成實用,近港鐵站, 交通便利",青衣,翠怡花園,5560000,365,2,1,葵景地產,https://i1.28hse.com/2026/06/202606161430065242613_thumb.jpg,https://www.28hse.com/buy/apartment/property-3883300,2026-08-06T17:33:59.496264+00:00
3882155,美聯 Vincent 實盤推介 開揚大則,青衣,藍澄灣,5180000,485,2,1,美聯物業,https://i1.28hse.com/2026/07/202607281321515793330_thumb.jpg,https://www.28hse.com/buy/apartment/property-3882155,2026-08-06T17:33:59.496264+00:00
3882141,美聯 Vincent 實盤推介 高層開揚,青衣,藍澄灣,6000000,485,2,,美聯物業,https://i1.28hse.com/2026/06/202606081556364292783_thumb.jpg,https://www.28hse.com/buy/apartment/property-3882141,2026-08-06T17:33:59.496264+00:00
3963164,ALICE推介高層開揚山景大兩房，有票即傾,葵芳,葵芳閣,4850000,415,2,1,中原地產,https://i1.28hse.com/2026/08/202608070016486855986_thumb.jpg,https://www.28hse.com/buy/apartment/property-3963164,2026-08-06T17:33:59.496264+00:00
3963160,"ALICE推介3分鐘到地鐵,開揚兩房，有匙即睇",葵芳,葵芳閣,4550000,397,2,1,中原地產,https://i1.28hse.com/2026/08/202608070012123854646_thumb.jpg,https://www.28hse.com/buy/apartment/property-3963160,2026-08-06T17:33:59.496264+00:00
3963159,ALICE推介獨家東南開揚兩房，有票即傾,葵芳,葵芳閣,4800000,415,2,1,中原地產,https://i1.28hse.com/2026/08/202608070011256149700_thumb.jpg,https://www.28hse.com/buy/apartment/property-3963159,2026-08-06T17:33:59.496264+00:00
3963137,【中原Jay ♡ Dixon筍盤推介】還價即成/供平過租/有匙即睇/極高層開揚,葵涌,雍雅軒,6380000,470,2,1,中原地產,https://i1.28hse.com/2026/08/20260806234439242750_thumb.jpg,https://www.28hse.com/buy/apartment/property-3963137,2026-08-06T17:33:59.496264+00:00
3962399,新鴻基發展地鐵站上蓋物業,葵芳,新葵芳花園,5960000,400,2,,美聯物業,https://i1.28hse.com/2026/08/202608061553371620158_thumb.jpg,https://www.28hse.com/buy/apartment/property-3962399,2026-08-06T17:33:59.496264+00:00
3962383,"正葵芳地鐵站上蓋物業,新鴻基發展",葵芳,新葵芳花園,5680000,400,2,,美聯物業,https://i1.28hse.com/2026/08/202608061548447971593_thumb.jpg,https://www.28hse.com/buy/apartment/property-3962383,2026-08-06T17:33:59.496264+00:00
3962368,新鴻基港鐵上蓋物業,葵芳,新葵芳花園,5580000,400,2,,美聯物業,https://i1.28hse.com/2026/08/202608061542338775571_thumb.jpg,https://www.28hse.com/buy/apartment/property-3962368,2026-08-06T17:33:59.496264+00:00
3779345,葵豐樓 筍價出售 3間套房 即買即收租,葵涌,葵豐樓,2700000,463,3,3,德發地產物業,https://i1.28hse.com/2026/05/202605111708476809892_thumb.jpg,https://www.28hse.com/buy/apartment/property-3779345,2026-08-06T17:33:59.496264+00:00
3962040,業主有心賣/東南巨廳巨房/開揚景大則兩房低水,葵涌,新葵興花園,5960000,480,2,1,中原地產,https://i1.28hse.com/2026/08/202608061240285979587_thumb.jpg,https://www.28hse.com/buy/apartment/property-3962040,2026-08-06T17:33:59.496264+00:00
3879799,兩房洋樓一口價$250萬必走～銀行估突,葵涌,福蔭大廈,2500000,355,2,1,盈富物業代理有限公司,https://i1.28hse.com/2026/08/202608062047205260683_thumb.jpg,https://www.28hse.com/buy/apartment/property-3879799,2026-08-06T17:33:59.496264+00:00
3961461,葵芳站上蓋 企理裝修2房 間隔實用 有匙可睇,葵芳,新葵芳花園,5680000,400,2,,利嘉閣地產有限公司,https://i1.28hse.com/2026/08/202608051928588602954_thumb.jpg,https://www.28hse.com/buy/apartment/property-3961461,2026-08-06T17:33:59.496264+00:00
3961198,ALICE推介開揚3房，2分鐘到MTR，有匙即睇,葵涌,葵涌廣場,7500000,493,3,1,中原地產,https://i1.28hse.com/2026/08/202608051739016303095_thumb.jpg,https://www.28hse.com/buy/apartment/property-3961198,2026-08-06T17:33:59.496264+00:00
3961175,"２人世界,上車首選, 投資自用兩皆宜,",葵涌,葵華大廈,4380000,410,2,1,裕新地產,https://i1.28hse.com/2026/08/202608051728068791547_thumb.jpg,https://www.28hse.com/buy/apartment/property-3961175,2026-08-06T17:33:59.496264+00:00
3960604,ALICE推介相熟業主，山景2房，有匙即睇,葵涌,嘉翠園,5250000,465,2,1,中原地產,https://i1.28hse.com/2026/08/20260805130459492459_thumb.jpg,https://www.28hse.com/buy/apartment/property-3960604,2026-08-06T17:33:59.496264+00:00
3960544,ALICE推介開揚西南2房，有票即傾,葵芳,葵芳匯,6200000,409,2,1,中原地產,https://i1.28hse.com/2026/08/202608051231565960772_thumb.jpg,https://www.28hse.com/buy/apartment/property-3960544,2026-08-06T17:33:59.496264+00:00
3960266,銀行估凸價/極高層鳳凰樓/超靚山市景樓種,葵芳,新葵芳花園,5980000,400,2,1,中原地產,https://i1.28hse.com/2026/08/202608050037127190380_thumb.jpg,https://www.28hse.com/buy/apartment/property-3960266,2026-08-06T17:33:59.496264+00:00
3959574,*Sandra*新葵芳花園底層2房出售 *有匙即睇*,葵芳,新葵芳花園,5450000,415,2,1,美聯物業,https://i1.28hse.com/2026/08/202608041601391459056_thumb.jpg,https://www.28hse.com/buy/apartment/property-3959574,2026-08-06T17:33:59.496264+00:00
3959534,有匙即睇樓/內園池景/相熟業主還價即成,葵涌,嘉翠園,5250000,465,2,1,中原地產,https://i1.28hse.com/2026/08/20260804154924776778_thumb.jpg,https://www.28hse.com/buy/apartment/property-3959534,2026-08-06T17:33:59.496264+00:00
3959361,［置富推介］月海灣 2房 上車精選 售$550萬,葵涌,月海灣,5500000,396,2,1,置富地產代理有限公司,https://i1.28hse.com/2026/08/202608041435505921809_thumb.jpg,https://www.28hse.com/buy/apartment/property-3959361,2026-08-06T17:33:59.496264+00:00
3958969,極少放盤，間格寬敞實用,葵涌,嘉翠園,5250000,465,2,,帕斯物業代理公司,https://i1.28hse.com/2026/08/202608041012168636542_thumb.jpg,https://www.28hse.com/buy/apartment/property-3958969,2026-08-06T17:33:59.496264+00:00
3958348,月海灣 2房 約400尺 池景 開揚 售$550萬,葵涌,月海灣,5500000,396,2,1,置富地產,https://i1.28hse.com/2026/08/202608031741042473259_thumb.jpg,https://www.28hse.com/buy/apartment/property-3958348,2026-08-06T17:33:59.496264+00:00
3958241,葵涌 嘉翠園 平民上車盤 10分鐘步行葵興站 村巴出入 巴士九龍觀塘旺角,葵涌,嘉翠園,5250000,465,2,1,置富地產,https://i1.28hse.com/2026/08/202608031706125354241_thumb.jpg,https://www.28hse.com/buy/apartment/property-3958241,2026-08-06T17:33:59.496264+00:00
3957579,"(獨家)高層靚裝 有票可傾, 業主好想賣【葵涌卓傑專區】歡迎約睇",葵涌,雍雅軒,6380000,470,2,1,卓傑 -住宅分行,https://i1.28hse.com/2026/08/202608031212114714410_thumb.jpg,https://www.28hse.com/buy/apartment/property-3957579,2026-08-06T17:33:59.496264+00:00
3915414,景觀極靚 大兩房【葵涌卓傑專區】民生區 交通便利,葵涌,葵涌花園,3880000,377,2,1,卓傑 -住宅分行,https://i1.28hse.com/2026/07/202607202204253897060_thumb.jpg,https://www.28hse.com/buy/apartment/property-3915414,2026-08-06T17:33:59.496264+00:00
3957045,［置富獨家］葵盛 月海灣 會所 屋苑專車 有匙,葵涌,月海灣,5500000,396,2,1,置富地產代理有限公司,https://i1.28hse.com/2026/08/202608021822333786009_thumb.jpg,https://www.28hse.com/buy/apartment/property-3957045,2026-08-06T17:33:59.496264+00:00
3956665,美聯獨家～最平呂字廳～東南大兩房～有匙即睇,葵芳,新葵芳花園,5450000,415,2,1,美聯物業,https://i1.28hse.com/2026/08/20260802155843362526_thumb.jpg,https://www.28hse.com/buy/apartment/property-3956665,2026-08-06T17:33:59.496264+00:00
3956465,【中原Lily·Martin推介】 業主想賣可傾/交通便利/位置便利,葵芳,葵芳匯,6200000,409,2,1,中原地產,https://i1.28hse.com/2026/08/202608021441426362941_thumb.jpg,https://www.28hse.com/buy/apartment/property-3956465,2026-08-06T17:33:59.496264+00:00
3956379,葵涌 兩房屋苑 會所泳池 專車到葵芳 10分鐘到地鐵站,葵涌,月海灣,5500000,396,2,1,置富地產,https://i1.28hse.com/2026/08/202608031355107206294_thumb.jpg,https://www.28hse.com/buy/apartment/property-3956379,2026-08-06T17:33:59.496264+00:00
3956317,【中原Lily Li ♡ 筍盤推介】 筍盤/熟業主可傾/有裝抵住/把握時機,葵芳,新葵芳花園,5550000,415,2,1,中原地產,https://i1.28hse.com/2026/08/202608021338555918103_thumb.jpg,https://www.28hse.com/buy/apartment/property-3956317,2026-08-06T17:33:59.496264+00:00
3956314,【中原Martin♡Jay筍盤推介 】靚新裝修/地鐵站頂/美食集中地/實用四正,葵芳,新葵芳花園,5900000,400,2,2,中原地產,https://i1.28hse.com/2026/08/202608021336212449274_thumb.jpg,https://www.28hse.com/buy/apartment/property-3956314,2026-08-06T17:33:59.496264+00:00
3956312,【中原Jay Lin•May wong ♡】還價即成/供平過租/有匙即睇,葵芳,新葵芳花園,5800000,418,2,1,中原地產,https://i1.28hse.com/2026/08/202608021335284780021_thumb.jpg,https://www.28hse.com/buy/apartment/property-3956312,2026-08-06T17:33:59.496264+00:00
3956311,【中原Carmen ♡ Lily Li推介】可傾向南高層樓皇/新裝半年即住慳時間,葵芳,新葵芳花園,6500000,415,2,,中原地產,https://i1.28hse.com/2026/08/202608021335016368642_thumb.jpg,https://www.28hse.com/buy/apartment/property-3956311,2026-08-06T17:33:59.496264+00:00
3956309,【中原Lily·Oscar光頭陳推介】 有匙可睇/業主想賣可傾/交通便利,葵芳,新葵芳花園,5690000,400,2,,中原地產,https://i1.28hse.com/2026/08/202608021334301575006_thumb.jpg,https://www.28hse.com/buy/apartment/property-3956309,2026-08-06T17:33:59.496264+00:00
3956307,【中原Lily ♡ Dixon推介】有匙靚裝/磚地靚景/抵住實用,葵芳,新葵芳花園,6080000,408,2,,中原地產,https://i1.28hse.com/2026/08/202608021333395052616_thumb.jpg,https://www.28hse.com/buy/apartment/property-3956307,2026-08-06T17:33:59.496264+00:00
3956283,【中原Lily li ♡ Dixon有筍盤】 560萬靚裝/出入方便/相熟業主,葵芳,新葵芳花園,5800000,418,2,1,中原地產,https://i1.28hse.com/2026/08/202608021326163034505_thumb.jpg,https://www.28hse.com/buy/apartment/property-3956283,2026-08-06T17:33:59.496264+00:00
3955424,♡最平三房套 即買即收租 呎價低水 還價幫你傾,葵涌,雍雅軒,7400000,634,3,2,中原地產,https://i1.28hse.com/2026/08/202608011756503115829_thumb.jpg,https://www.28hse.com/buy/apartment/property-3955424,2026-08-06T17:33:59.496264+00:00
3955385,業主見票即成,葵涌,月海灣,5500000,396,2,1,置富地產,https://i1.28hse.com/2026/08/202608011740361792213_thumb.jpg,https://www.28hse.com/buy/apartment/property-3955385,2026-08-06T17:33:59.496264+00:00
3955111,葵芳勝華大廈 兩房 高層圓景 平地電梯,葵芳,勝華大廈,4180000,383,2,1,置富地產代理有限公司,https://i1.28hse.com/2026/08/20260801154455480420_thumb.jpg,https://www.28hse.com/buy/apartment/property-3955111,2026-08-06T17:33:59.496264+00:00
3904058,** 華景山莊 區內地產** 可約睇 對流大窗,葵涌,華景山莊,7500000,701,3,2,景峰物業,https://i1.28hse.com/2026/06/202606241536501689791_thumb.jpg,https://www.28hse.com/buy/apartment/property-3904058,2026-08-06T17:33:59.496264+00:00
3954729,華景專組)罕有靚積3房套 有匙在手值得一看,葵涌,華景山莊,7500000,701,3,2,美聯物業代理有限公司,https://i1.28hse.com/2026/08/202608011228424273193_thumb.jpg,https://www.28hse.com/buy/apartment/property-3954729,2026-08-06T17:33:59.496264+00:00
3953978,［置富推介］1座樓王 高層兩房 開闊靚景 有匙,葵芳,葵芳閣,5480000,415,2,1,置富地產代理有限公司,https://i1.28hse.com/2026/07/202607311805506268660_thumb.jpg,https://www.28hse.com/buy/apartment/property-3953978,2026-08-06T17:33:59.496264+00:00
3953421,罕有三房 鳳凰樓層 企理裝修 鄰近葵芳站 有匙可睇,葵芳,葵芳閣,6000000,473,3,,利嘉閣地產有限公司,https://i1.28hse.com/2026/07/202607311420208941890_thumb.jpg,https://www.28hse.com/buy/apartment/property-3953421,2026-08-06T17:33:59.496264+00:00
3953014,【中原Martin♡ Lily筍盤推介 】罕有三房/配套齊全/近地鐵站,葵涌,葵涌廣場,7900000,516,3,1,中原地產,https://i1.28hse.com/2026/07/202607310149285713949_thumb.jpg,https://www.28hse.com/buy/apartment/property-3953014,2026-08-06T17:33:59.496264+00:00
3953013,【♡ 中原Dixon• Jay推介♡ 】 試75X有匙即睇/實用 3房/配套齊備,葵涌,葵涌廣場,7800000,493,3,2,中原地產,https://i1.28hse.com/2026/07/202607310148377074771_thumb.jpg,https://www.28hse.com/buy/apartment/property-3953013,2026-08-06T17:33:59.496264+00:00
3952557,有匙即看，即Call即覆,葵涌,華景山莊,7500000,701,3,2,中原地產-美孚3期A組,https://i1.28hse.com/2026/07/20260730172334515714_thumb.jpg,https://www.28hse.com/buy/apartment/property-3952557,2026-08-06T17:33:59.496264+00:00
3952337,獨家筍盤～地標三房有匙～業主相熟高層市景,葵涌,葵涌廣場,7800000,493,3,1,中原地產,https://i1.28hse.com/2026/07/202607301559318065720_thumb.jpg,https://www.28hse.com/buy/apartment/property-3952337,2026-08-06T17:33:59.496264+00:00
3952012,獨家筍盤 鐵路上蓋兩房 銀行估凸 價錢可傾 有匙可睇,葵芳,新葵芳花園,5780000,415,2,,利嘉閣地產有限公司,https://i1.28hse.com/2026/07/20260730131835829769_thumb.jpg,https://www.28hse.com/buy/apartment/property-3952012,2026-08-06T17:33:59.496264+00:00
3952011,三房 則皇 地鐵三分鐘 大型商場 有匙引看,葵芳,葵芳閣,5350000,473,3,1,置富地產,https://i1.28hse.com/2026/07/202607301319146720192_thumb.jpg,https://www.28hse.com/buy/apartment/property-3952011,2026-08-06T17:33:59.496264+00:00
3895238,兩房 簡單裝修 【葵涌卓傑專區】$100厘印 交通便利 民生總匯,葵涌,葵星中心,3450000,383,2,1,卓傑 -住宅分行,https://i1.28hse.com/2026/08/202608031046591932963_thumb.jpg,https://www.28hse.com/buy/apartment/property-3895238,2026-08-06T17:33:59.496264+00:00
3951024,♡葵芳最平兩房 有匙即睇 企裝修還價即成,葵芳,葵芳閣,4550000,397,2,1,中原地產代理有限公司,https://i1.28hse.com/2026/07/202607291608093020983_thumb.jpg,https://www.28hse.com/buy/apartment/property-3951024,2026-08-06T17:33:59.496264+00:00
3812415,獨家筍盤，銀行估到價、新鴻基鐵站上蓋優質物業，大廈已做大維修！極罕呂字廳高層靚裝,葵芳,新葵芳花園,6080000,415,2,1,鴻亮地產代理公司,https://i1.28hse.com/2026/04/202604161726295893651_thumb.jpg,https://www.28hse.com/buy/apartment/property-3812415,2026-08-06T17:33:59.496264+00:00
3950520,"高實用率, 近港鐵站, 西南, 交通便利",葵涌,德昌大廈,4680000,580,3,1,葵景地產,https://i1.28hse.com/2026/07/202607291037347410447_thumb.jpg,https://www.28hse.com/buy/apartment/property-3950520,2026-08-06T17:33:59.496264+00:00
3950181,獨家銀行估凸價向南兩房 有鎖匙即睇 價可再傾,葵芳,新葵芳花園,5780000,415,2,,利嘉閣地產有限公司,https://i1.28hse.com/2026/07/20260728191840142303_thumb.jpg,https://www.28hse.com/buy/apartment/property-3950181,2026-08-06T17:33:59.496264+00:00
3949085,♡中原獨家 高層正南開揚景 有匙業主相熟,葵涌,葵涌廣場,8250000,536,3,1,中原地產代理有限公司,https://i1.28hse.com/2026/07/202607280032443143881_thumb.jpg,https://www.28hse.com/buy/apartment/property-3949085,2026-08-06T17:33:59.496264+00:00
3948545,已做大廈大維修 宜投資自用,葵涌,怡勝花園,3680000,372,2,1,卓龍地產代理有限公司,https://i1.28hse.com/2026/07/202607271641593021967_thumb.jpg,https://www.28hse.com/buy/apartment/property-3948545,2026-08-06T17:33:59.496264+00:00
3946922,靚裝2房割愛【美聯推介新裝2房】專營雍雅軒，EV屋苑，電動車首選,葵涌,雍雅軒,5400000,449,2,1,美聯物業,https://i1.28hse.com/2026/07/202607260736421154166_thumb.jpg,https://www.28hse.com/buy/apartment/property-3946922,2026-08-06T17:33:59.496264+00:00
3946543,估凸晒價!!有票可試$36X萬!!隨時可睇即走快者得!!,葵涌,昌宏大廈,3810000,440,3,1,美聯物業,https://i1.28hse.com/2026/07/202607251742325199434_thumb.jpg,https://www.28hse.com/buy/apartment/property-3946543,2026-08-06T17:33:59.496264+00:00
3945998,可試42x萬～葵芳站旁～實用大兩房～有匙即睇,葵芳,葵芳閣,4550000,397,2,1,美聯物業,https://i1.28hse.com/2026/07/202607251326106999350_thumb.jpg,https://www.28hse.com/buy/apartment/property-3945998,2026-08-06T17:33:59.496264+00:00
3945997,美聯推介～葵芳站旁～實用大兩房～有匙即睇,葵芳,葵芳閣,4550000,397,2,1,美聯物業,https://i1.28hse.com/2026/07/202607251325095070641_thumb.jpg,https://www.28hse.com/buy/apartment/property-3945997,2026-08-06T17:33:59.496264+00:00
3945705,葵芳站旁～鳳凰樓層～實用大三房～有匙即睇,葵芳,葵芳閣,6000000,473,3,1,美聯物業,https://i1.28hse.com/2026/07/202607242352315742243_thumb.jpg,https://www.28hse.com/buy/apartment/property-3945705,2026-08-06T17:33:59.496264+00:00
3945703,3分鐘葵芳站～高層開揚山景～靚裝大兩房～銀行估凸價,葵芳,葵芳閣,4850000,415,2,1,美聯物業,https://i1.28hse.com/2026/07/202607242346487551911_thumb.jpg,https://www.28hse.com/buy/apartment/property-3945703,2026-08-06T17:33:59.496264+00:00
3945681,美聯推介～業主全新裝修～實用大三房～自住/收租一樣得,葵涌,新葵興花園,6500000,570,3,1,美聯物業,https://i1.28hse.com/2026/07/202607242310263665324_thumb.jpg,https://www.28hse.com/buy/apartment/property-3945681,2026-08-06T17:33:59.496264+00:00
3945678,美聯推介～多窗光線好～靚裝球場景～自住/收租一樣得,葵涌,守運樓,4800000,405,2,1,美聯物業,https://i1.28hse.com/2026/07/202607242309111996248_thumb.jpg,https://www.28hse.com/buy/apartment/property-3945678,2026-08-06T17:33:59.496264+00:00
3945673,美聯獨家～上蓋港鐵管理～靚裝大兩房～還價即成,葵芳,新葵芳花園,5800000,400,2,1,美聯物業,https://i1.28hse.com/2026/07/202607242302046511111_thumb.jpg,https://www.28hse.com/buy/apartment/property-3945673,2026-08-06T17:33:59.496264+00:00
3945665,新放盤～靚裝呂字廳～新鴻基大屋苑～銀行估凸價,葵芳,新葵芳花園,6000000,415,2,1,美聯物業,https://i1.28hse.com/2026/07/202607242253036995298_thumb.jpg,https://www.28hse.com/buy/apartment/property-3945665,2026-08-06T17:33:59.496264+00:00
3945555,葵興站 新葵興花園 全新裝修 留給您,葵涌,新葵興花園,6500000,570,3,1,置富地產代理有限公司,https://i1.28hse.com/2026/07/202607242037065353796_thumb.jpg,https://www.28hse.com/buy/apartment/property-3945555,2026-08-06T17:33:59.496264+00:00
3945426,葵芳 兩房屋苑 開揚山海景 極高層 向南兩房,葵芳,葵芳閣,5480000,415,2,1,置富地產,https://i1.28hse.com/2026/07/202607241904547994976_thumb.jpg,https://www.28hse.com/buy/apartment/property-3945426,2026-08-06T17:33:59.496264+00:00
3945280,"市底罕有平台特色單位,入契平台523呎,不入契可用平台約160呎,",葵涌,葵星中心,5880000,518,3,1,裕新地產,https://i1.28hse.com/2026/07/2026072418054392254_thumb.jpg,https://www.28hse.com/buy/apartment/property-3945280,2026-08-06T17:33:59.496264+00:00
3944652,葵芳閣 打通一大房 靚裝修 即買即住,葵芳,葵芳閣,5100000,397,1,1,置富地產代理有限公司,https://i1.28hse.com/2026/07/202607241334172688833_thumb.jpg,https://www.28hse.com/buy/apartment/property-3944652,2026-08-06T17:33:59.496264+00:00
3944267,美聯推介盤源最多鎖匙在手，叫即睇可揀三房！價錢四XX$100印花稅盡力試,葵芳,勝華大廈,4180000,383,1,,美聯物業,https://i1.28hse.com/2026/07/2026072323580374631_thumb.jpg,https://www.28hse.com/buy/apartment/property-3944267,2026-08-06T17:33:59.496264+00:00
3813539,守運樓 全新裝修 兩房 近地鐵站,葵涌,守運樓,4800000,405,2,1,,https://i1.28hse.com/2026/04/202604171539273267092_thumb.jpg,https://www.28hse.com/buy/apartment/property-3813539,2026-08-06T17:33:59.496264+00:00
3943254,Lily推薦！ 【雍雅軒】高層連租約放賣 · 投資首選,葵涌,雍雅軒,6380000,474,2,1,利嘉閣地產有限公司,https://i1.28hse.com/2026/07/202607231429094163092_thumb.jpg,https://www.28hse.com/buy/apartment/property-3943254,2026-08-06T17:33:59.496264+00:00
3943253,【♡九成按揭 上南推介 民生便利 高層兩房,葵涌,葵涌花園,3880000,377,2,,中原地產,https://i1.28hse.com/2026/07/202607231433285589070_thumb.jpg,https://www.28hse.com/buy/apartment/property-3943253,2026-08-06T17:33:59.496264+00:00
3942586,葵芳站上蓋｜高層｜精裝兩房即睇｜有票可傾,葵芳,新葵芳花園,6280000,400,2,,美聯物業,https://i1.28hse.com/2026/07/202607221930325522709_thumb.jpg,https://www.28hse.com/buy/apartment/property-3942586,2026-08-06T17:33:59.496264+00:00
3941812,美聯推介～靚裝大兩房～相熟業主～還價即成,葵涌,新葵興花園,5680000,480,2,1,美聯物業,https://i1.28hse.com/2026/07/20260722141145619934_thumb.jpg,https://www.28hse.com/buy/apartment/property-3941812,2026-08-06T17:33:59.496264+00:00
3941673,"半新全屋裝修,即買即收租,已間三套房,$27X萬見票即售",葵涌,金石樓,3080000,385,3,,美聯物業,https://i1.28hse.com/2026/07/202607221228518189620_thumb.jpg,https://www.28hse.com/buy/apartment/property-3941673,2026-08-06T17:33:59.496264+00:00
3941658,"全新裝兩房,有匙即看,光猛實用.盡全力幫你傾個筍價",葵涌,金珮樓,3350000,371,2,1,美聯物業,https://i1.28hse.com/2026/07/20260722121622935002_thumb.jpg,https://www.28hse.com/buy/apartment/property-3941658,2026-08-06T17:33:59.496264+00:00
3939835,美聯獨家～C座高層樓皇～靚裝兩房～可試5xx萬,葵芳,新葵芳花園,5900000,408,2,1,美聯物業,https://i1.28hse.com/2026/07/20260720173553564507_thumb.jpg,https://www.28hse.com/buy/apartment/property-3939835,2026-08-06T17:33:59.496264+00:00
3939827,零距離葵芳站～最平實用三房～只此一間～可試600頭,葵涌,葵涌廣場,6500000,493,3,1,美聯物業,https://i1.28hse.com/2026/07/202607201730201794916_thumb.jpg,https://www.28hse.com/buy/apartment/property-3939827,2026-08-06T17:33:59.496264+00:00
3939720,獨家筍盤/東南直廳市景開揚/有匙即睇,葵芳,新葵芳花園,5800000,418,2,1,中原地產,https://i1.28hse.com/2026/07/20260720163705292112_thumb.jpg,https://www.28hse.com/buy/apartment/property-3939720,2026-08-06T17:33:59.496264+00:00
3939299,高層東南開揚最大2房【美聯推介實用靚則2房】專營雍雅軒，EV屋苑,葵涌,雍雅軒,6380000,489,2,1,美聯物業,https://i1.28hse.com/2026/07/202607260755581710437_thumb.jpg,https://www.28hse.com/buy/apartment/property-3939299,2026-08-06T17:33:59.496264+00:00
3939140,美聯推介～靚裝兩房～最平呂字廳～自住/收租一樣得,葵芳,新葵芳花園,5550000,415,2,1,美聯物業,https://i1.28hse.com/2026/07/202607200408272989642_thumb.jpg,https://www.28hse.com/buy/apartment/property-3939140,2026-08-06T17:33:59.496264+00:00
3939139,美聯推介～東南直廳～海景兩房～自住/收租一流,葵芳,新葵芳花園,5800000,418,2,1,美聯物業,https://i1.28hse.com/2026/07/202607200406564795823_thumb.jpg,https://www.28hse.com/buy/apartment/property-3939139,2026-08-06T17:33:59.496264+00:00
3938439,"2房精裝修, 即買即住, 有匙即看",葵涌,金珮樓,3380000,371,2,1,萬基地產代理有限公司,https://i1.28hse.com/2026/07/202607191508237211446_thumb.jpg,https://www.28hse.com/buy/apartment/property-3938439,2026-08-06T17:33:59.496264+00:00
3938414,葵芳站上蓋 高層靚裝兩房,葵芳,新葵芳花園,5960000,400,2,,利嘉閣地產有限公司,https://i1.28hse.com/2026/07/202607191448575254782_thumb.jpg,https://www.28hse.com/buy/apartment/property-3938414,2026-08-06T17:33:59.496264+00:00
3938221,東南兩房 裝修企理 鄰近港鐵站 位置方便,葵芳,葵芳閣,4680000,397,2,,利嘉閣地產有限公司,https://i1.28hse.com/2026/07/202607191253012093021_thumb.jpg,https://www.28hse.com/buy/apartment/property-3938221,2026-08-06T17:33:59.496264+00:00
2965257,高層大單邊遠景新装修連約出售合收租或收楼自住,葵涌,葵龍大廈,2900000,404,2,1,東南置業代理公司,https://i1.28hse.com/2024/03/202403051034297709409_thumb.jpg,https://www.28hse.com/buy/apartment/property-2965257,2026-08-06T17:33:59.496264+00:00
3937978,ALICE推介中層開揚3房，有票即傾,葵涌,葵涌廣場,7600000,493,3,1,中原地產,https://i1.28hse.com/2026/07/202607190101286250715_thumb.jpg,https://www.28hse.com/buy/apartment/property-3937978,2026-08-06T17:33:59.496264+00:00
3937976,ALICE推介開揚西南3房，有票即傾,葵涌,葵涌廣場,7900000,516,3,1,中原地產,https://i1.28hse.com/2026/07/202607190059471324468_thumb.jpg,https://www.28hse.com/buy/apartment/property-3937976,2026-08-06T17:33:59.496264+00:00
3937967,ALICE推介站頂靚裝直廳兩房，有票即傾,葵芳,新葵芳花園,5550000,415,2,1,中原地產,https://i1.28hse.com/2026/07/202607190042394587791_thumb.jpg,https://www.28hse.com/buy/apartment/property-3937967,2026-08-06T17:33:59.496264+00:00
3937953,【中原Lily ♡ Dixon推介】有匙靚裝/磚地靚景/抵住實用,葵芳,新葵芳花園,6080000,408,2,,中原地產,https://i1.28hse.com/2026/07/202607190023174344630_thumb.jpg,https://www.28hse.com/buy/apartment/property-3937953,2026-08-06T17:33:59.496264+00:00
3937945,【中原Lily Li ♡ May筍盤推介】 筍盤/熟業主可傾/有裝抵住/把握時機,葵芳,新葵芳花園,5550000,415,2,1,中原地產,https://i1.28hse.com/2026/07/202607190016058601350_thumb.jpg,https://www.28hse.com/buy/apartment/property-3937945,2026-08-06T17:33:59.496264+00:00
3937815,美聯推介～業主全新裝修～實用大三房～自住/收租一樣得,葵涌,新葵興花園,6500000,570,3,1,美聯物業,https://i1.28hse.com/2026/07/202607182016063900056_thumb.jpg,https://www.28hse.com/buy/apartment/property-3937815,2026-08-06T17:33:59.496264+00:00
3937812,美聯推介～業主全新裝修～實用大三房～自住/收租一樣得,葵涌,新葵興花園,6500000,570,3,1,美聯物業,https://i1.28hse.com/2026/07/202607182014425970753_thumb.jpg,https://www.28hse.com/buy/apartment/property-3937812,2026-08-06T17:33:59.496264+00:00
3937804,美聯推介～零距離葵芳站～實用有裝三房～用家至愛,葵涌,葵涌廣場,7600000,493,3,1,美聯物業,https://i1.28hse.com/2026/07/202607182008058876983_thumb.jpg,https://www.28hse.com/buy/apartment/property-3937804,2026-08-06T17:33:59.496264+00:00
3937790,低息環境～供平過租～實用有裝三房～用家至愛,葵涌,葵涌廣場,7600000,493,3,1,美聯物業,https://i1.28hse.com/2026/07/202607181945406037895_thumb.jpg,https://www.28hse.com/buy/apartment/property-3937790,2026-08-06T17:33:59.496264+00:00
3937730,美聯推介 ～ 唯一可睇樓實盤，開揚兩房,葵涌,月海灣,5880000,403,2,,美聯物業,https://i1.28hse.com/2026/07/20260718190517217949_thumb.jpg,https://www.28hse.com/buy/apartment/property-3937730,2026-08-06T17:33:59.496264+00:00
3937629,美聯獨家／林生誠意推介： 2房2廳411呎，有望288買到...,葵涌,葵華大廈,3080000,411,2,1,美聯物業,https://i1.28hse.com/2026/07/202607181822451393276_thumb.jpg,https://www.28hse.com/buy/apartment/property-3937629,2026-08-06T17:33:59.496264+00:00
3937343,【中原Carmen • Lily筍盤推介】 罕有三房/衣食住行便利/鄰近地鐵站,葵涌,葵涌廣場,7600000,493,3,1,中原地產,https://i1.28hse.com/2026/07/202607181634128249216_thumb.jpg,https://www.28hse.com/buy/apartment/property-3937343,2026-08-06T17:33:59.496264+00:00
3937259,美聯獨家～最平呂字廳～東南大兩房～有匙即睇,葵芳,新葵芳花園,5450000,415,2,1,美聯物業,https://i1.28hse.com/2026/07/202607181556125584961_thumb.jpg,https://www.28hse.com/buy/apartment/property-3937259,2026-08-06T17:33:59.496264+00:00
3937243,減價～葵芳站上蓋～A座單邊高層～相熟業主～還價即成,葵芳,新葵芳花園,6380000,415,2,1,美聯物業,https://i1.28hse.com/2026/07/20260718154901830880_thumb.jpg,https://www.28hse.com/buy/apartment/property-3937243,2026-08-06T17:33:59.496264+00:00
3937237,葵芳龍頭屋苑～長廳靚裝兩房～可租可買～有匙即睇,葵芳,新葵芳花園,5800000,400,2,1,美聯物業,https://i1.28hse.com/2026/07/202607181545326709287_thumb.jpg,https://www.28hse.com/buy/apartment/property-3937237,2026-08-06T17:33:59.496264+00:00
3936976,"三房有裝,間格實用,業主換樓,大量筍盤一次同你睇夠",葵涌,葵涌大廈,3150000,388,3,1,美聯物業,https://i1.28hse.com/2026/07/202607181323251643606_thumb.jpg,https://www.28hse.com/buy/apartment/property-3936976,2026-08-06T17:33:59.496264+00:00
3936913,方正實用 已做大廈維修【葵涌卓傑專區】歡迎約睇,葵涌,葵華大廈,3200000,396,2,1,卓傑 -住宅分行,https://i1.28hse.com/2026/08/20260802110538991518_thumb.jpg,https://www.28hse.com/buy/apartment/property-3936913,2026-08-06T17:33:59.496264+00:00
3819053,"三房兩廁,東南方正【葵涌卓傑專區】歡迎查詢",葵涌,雍雅軒,7800000,634,3,2,卓傑 -住宅分行,https://i1.28hse.com/2026/08/202608031214496115134_thumb.jpg,https://www.28hse.com/buy/apartment/property-3819053,2026-08-06T17:33:59.496264+00:00
3936676,筍價2房【美聯推介實用2房匙盤】專營雍雅軒，全EV屋苑,葵涌,雍雅軒,5600000,449,2,1,美聯物業,https://i1.28hse.com/2026/07/202607260806168129360_thumb.jpg,https://www.28hse.com/buy/apartment/property-3936676,2026-08-06T17:33:59.496264+00:00
3936650,無裝修但超平/獨家超筍/把握機會/還價即成有匙睇,葵涌,葵涌中心,3800000,351,2,1,中原地產代理有限公司,https://i1.28hse.com/2026/07/202607180038536948460_thumb.jpg,https://www.28hse.com/buy/apartment/property-3936650,2026-08-06T17:33:59.496264+00:00
3755156,超筍盤 可租買 放租13500 2房2廳 開揚全新雅裝 十分鐘到葵興站,葵涌,葵涌大廈,2980000,415,2,1,,https://i1.28hse.com/2026/03/202603092153342691656_thumb.jpg,https://www.28hse.com/buy/apartment/property-3755156,2026-08-06T17:33:59.496264+00:00
3936551,相熟業主有心賣/有匙即睇/還價即成/直廳實用,葵芳,新葵芳花園,5900000,400,2,1,中原地產,https://i1.28hse.com/2026/07/202607172219037325119_thumb.jpg,https://www.28hse.com/buy/apartment/property-3936551,2026-08-06T17:33:59.496264+00:00
3869842,兩房 清靜內園 【葵涌卓傑專區】換樓之選 交通便利,葵涌,嘉翠園,5250000,465,2,1,卓傑 -住宅分行,https://i1.28hse.com/2026/08/202608041237553934221_thumb.jpg,https://www.28hse.com/buy/apartment/property-3869842,2026-08-06T17:33:59.496264+00:00
3935527,美聯林生推介： 租金回報高達6厘7以上洋樓單位,葵涌,金石樓,3080000,385,3,3,美聯物業,https://i1.28hse.com/2026/07/202607291830357368172_thumb.jpg,https://www.28hse.com/buy/apartment/property-3935527,2026-08-06T17:33:59.496264+00:00
3935482,華景靚裝上車開揚實用3房,葵涌,華景山莊,5400000,637,3,1,美聯物業代理有限公司,https://i1.28hse.com/2026/07/202607171421487841298_thumb.jpg,https://www.28hse.com/buy/apartment/property-3935482,2026-08-06T17:33:59.496264+00:00
3935321,"平地LIFT三房,有匙即看,步行葵興站方便,有票$36X有機會",葵涌,昌宏大廈,3810000,440,3,1,美聯物業,https://i1.28hse.com/2026/07/202607171249514593657_thumb.jpg,https://www.28hse.com/buy/apartment/property-3935321,2026-08-06T17:33:59.496264+00:00
3935303,【中原MAY ♡ Carmen筍盤推介 】實用三房/近地鐵站/配套齊全,葵涌,葵涌廣場,7900000,516,3,1,中原地產,https://i1.28hse.com/2026/07/202607171238284753542_thumb.jpg,https://www.28hse.com/buy/apartment/property-3935303,2026-08-06T17:33:59.496264+00:00
3935022,中原好多筍盤/有匙即睇正南大兩房/公園景相熟業主,葵芳,葵芳閣,4800000,415,2,,中原地產代理有限公司,https://i1.28hse.com/2026/07/202607170018151438960_thumb.jpg,https://www.28hse.com/buy/apartment/property-3935022,2026-08-06T17:33:59.496264+00:00
3935007,【中原Lily·Oscar光頭陳推介】 有匙可睇/業主想賣可傾/交通便利,葵芳,新葵芳花園,5690000,400,2,,中原地產,https://i1.28hse.com/2026/07/202607162327288794135_thumb.jpg,https://www.28hse.com/buy/apartment/property-3935007,2026-08-06T17:33:59.496264+00:00
3935006,(中原Martin ♡ Lily筍盤推介 )實用長正廳/四正實用/上車良機,葵芳,新葵芳花園,5580000,400,2,2,中原地產,https://i1.28hse.com/2026/07/202607162322495543251_thumb.jpg,https://www.28hse.com/buy/apartment/property-3935006,2026-08-06T17:33:59.496264+00:00
3935002,【中原Martin ♡ Lily地膽推介】有票可傾/靚裝即住慳時間/抵住實用,葵芳,新葵芳花園,5960000,400,2,1,中原地產,https://i1.28hse.com/2026/07/20260716231701574338_thumb.jpg,https://www.28hse.com/buy/apartment/property-3935002,2026-08-06T17:33:59.496264+00:00
3934996,【中原Lily· Carmen 推介 】 鳳凰樓開揚靚景/有匙即睇/有裝企理實用,葵芳,新葵芳花園,6280000,408,1,,中原地產,https://i1.28hse.com/2026/07/202607162312412167819_thumb.jpg,https://www.28hse.com/buy/apartment/property-3934996,2026-08-06T17:33:59.496264+00:00
3934651,ALICE推介站頂高層開揚山靚装，即约即睇,葵芳,新葵芳花園,5960000,400,2,1,中原地產,https://i1.28hse.com/2026/07/202607161819164390302_thumb.jpg,https://www.28hse.com/buy/apartment/property-3934651,2026-08-06T17:33:59.496264+00:00
3934301,"2房高層無敵海景,企理裝修,業主割愛出售",葵涌,華員邨,6080000,545,2,1,利嘉閣地產有限公司,https://i1.28hse.com/2026/07/202607161610084089202_thumb.jpg,https://www.28hse.com/buy/apartment/property-3934301,2026-08-06T17:33:59.496264+00:00
3933473,大屋苑 大尺數 有裝修 $100稅 收租自住,葵涌,華景山莊,4000000,364,1,1,利嘉閣地產有限公司,https://i1.28hse.com/2026/07/202607151850584655163_thumb.jpg,https://www.28hse.com/buy/apartment/property-3933473,2026-08-06T17:33:59.496264+00:00
3932426,♡高層靚景有匙 葵芳性價比大兩房 銀行到價,葵芳,葵芳閣,4850000,415,2,1,中原地產代理有限公司,https://i1.28hse.com/2026/07/202607142329171395965_thumb.jpg,https://www.28hse.com/buy/apartment/property-3932426,2026-08-06T17:33:59.496264+00:00
3932312,小卡獨家荀盤推薦!!超平2房一閃即逝!!,葵涌,雍雅軒,5500000,452,2,1,美聯物業,https://i1.28hse.com/2026/07/20260714202420987974_thumb.jpg,https://www.28hse.com/buy/apartment/property-3932312,2026-08-06T17:33:59.496264+00:00
3931689,※葉氏行地產推介※靚裝一房東南,葵涌,華景山莊,3900000,364,1,1,葉氏行地產,https://i1.28hse.com/2026/07/202607141532538799990_thumb.jpg,https://www.28hse.com/buy/apartment/property-3931689,2026-08-06T17:33:59.496264+00:00
2220042,2房開揚、裝修企理,葵涌,華景山莊,5980000,546,2,1,葉氏行地產,https://i1.28hse.com/2022/06/202206101632345600818_thumb.jpg,https://www.28hse.com/buy/apartment/property-2220042,2026-08-06T17:33:59.496264+00:00
3930715,"超大兩房有匙即看,有票30X萬即售,收租回報高達5.4%,超級筍盤.",葵涌,和記新村,3690000,492,2,1,美聯物業,https://i1.28hse.com/2026/07/202607131745158009057_thumb.jpg,https://www.28hse.com/buy/apartment/property-3930715,2026-08-06T17:33:59.496264+00:00
3930170,葵芳 電梯洋樓 有煤氣 明火煮食 $100印花稅,葵芳,寬德大廈,3800000,351,2,1,置富地產,https://i1.28hse.com/2026/07/20260713132700272791_thumb.jpg,https://www.28hse.com/buy/apartment/property-3930170,2026-08-06T17:33:59.496264+00:00
3929977,新裝修 即住 有匙即睇,葵涌,金珮樓,3350000,371,2,1,卓龍地產代理有限公司,https://i1.28hse.com/2026/07/202607131114048536793_thumb.jpg,https://www.28hse.com/buy/apartment/property-3929977,2026-08-06T17:33:59.496264+00:00
3929751,《葵芳閣》罕有3房連梗厨，鄰近葵芳港鐵站新都會廣場衣食住行極方便,葵芳,葵芳閣,6000000,473,3,1,利嘉閣地產有限公司,https://i1.28hse.com/2026/07/202607141243288850161_thumb.jpg,https://www.28hse.com/buy/apartment/property-3929751,2026-08-06T17:33:59.496264+00:00
3929648,"投資自用兩皆宜, 環境青幽雅靜, 罕有放盤,高層東南,",葵涌,葵星中心,5500000,518,3,1,裕新地產,https://i1.28hse.com/estate_data/114/4695/FLOOR/4695_20231121023949856964_thumb.jpg,https://www.28hse.com/buy/apartment/property-3929648,2026-08-06T17:33:59.496264+00:00
3929175,開揚景觀 雅致裝修 【葵涌卓傑專區】相熟業主 廳房實用,葵涌,雍雅軒,6800000,470,2,1,卓傑 -住宅分行,https://i1.28hse.com/2026/08/202608041247341942580_thumb.jpg,https://www.28hse.com/buy/apartment/property-3929175,2026-08-06T17:33:59.496264+00:00
3929056,"企理有裝,蝴蝶則兩房,光猛舒適,熟業主幫你傾個靚價",葵涌,雍雅軒,5400000,449,2,1,美聯物業,https://i1.28hse.com/2026/07/202607121405178357566_thumb.jpg,https://www.28hse.com/buy/apartment/property-3929056,2026-08-06T17:33:59.496264+00:00
3929037,3房套房開放式厨房靚裝修、東南山景、海景、清靜開揚、價平(有得傾),葵涌,華景山莊,7500000,701,3,2,美聯物業代理有限公司,https://i1.28hse.com/2026/07/202607121352125684472_thumb.jpg,https://www.28hse.com/buy/apartment/property-3929037,2026-08-06T17:33:59.496264+00:00
3929026,3房即住,葵涌,華景山莊,5450000,546,2,1,景峰物業,https://i1.28hse.com/2026/07/20260712134011715682_thumb.jpg,https://www.28hse.com/buy/apartment/property-3929026,2026-08-06T17:33:59.496264+00:00
3927788,超筍兩房 裝修企理 近葵芳站 [上車推介 ]有匙可睇,葵芳,葵芳閣,4550000,397,2,,利嘉閣地產有限公司,https://i1.28hse.com/2026/07/20260711134611545441_thumb.jpg,https://www.28hse.com/buy/apartment/property-3927788,2026-08-06T17:33:59.496264+00:00
3927737,♡都市靚景 單邊長廳兩房 業主有心賣 還價即成,葵芳,新葵芳花園,5580000,400,2,1,中原地產,https://i1.28hse.com/2026/07/202607111327251574651_thumb.jpg,https://www.28hse.com/buy/apartment/property-3927737,2026-08-06T17:33:59.496264+00:00
3927703,已補地價|高成數按揭,葵芳,新葵芳花園,5900000,400,2,1,中原地產代理有限公司,https://i1.28hse.com/2026/07/202607111306243350907_thumb.jpg,https://www.28hse.com/buy/apartment/property-3927703,2026-08-06T17:33:59.496264+00:00
3926514,葵芳 近地鐵 實用3房 可約睇,葵芳,葵芳閣,5200000,473,3,1,利嘉閣地產有限公司,https://i1.28hse.com/2026/07/202607101627253326547_thumb.jpg,https://www.28hse.com/buy/apartment/property-3926514,2026-08-06T17:33:59.496264+00:00
3925906,超筍兩房 企理裝修 鄰近葵芳站 兩大商場 可約睇,葵芳,葵芳閣,4680000,397,2,,利嘉閣地產有限公司,https://i1.28hse.com/2026/07/202607101049122680355_thumb.jpg,https://www.28hse.com/buy/apartment/property-3925906,2026-08-06T17:33:59.496264+00:00
3925897,罕有三房放盤 企理裝修 采光一流 有key可睇樓,葵芳,葵芳閣,6000000,473,3,,利嘉閣地產有限公司,https://i1.28hse.com/2026/07/202607101036332399103_thumb.jpg,https://www.28hse.com/buy/apartment/property-3925897,2026-08-06T17:33:59.496264+00:00
3924610,「新葵芳花園」葵芳站上蓋新鴻基屋苑兩房，管理完善 有誠意可議價,葵芳,新葵芳花園,5800000,400,2,1,利嘉閣地產有限公司,https://i1.28hse.com/2026/07/202607120422545039094_thumb.jpg,https://www.28hse.com/buy/apartment/property-3924610,2026-08-06T17:33:59.496264+00:00
3924341,ALICE推介3分鐘到地鈇，3房改2房,葵芳,葵芳閣,6200000,473,2,1,中原地產,https://i1.28hse.com/2026/07/202607091014147291525_thumb.jpg,https://www.28hse.com/buy/apartment/property-3924341,2026-08-06T17:33:59.496264+00:00
3924281,【中原Lily Li ♡光頭陳筍盤推介】 靚裝即住/獨家靚盤/有票可傾,葵芳,葵芳閣,6200000,473,2,1,中原地產,https://i1.28hse.com/2026/07/202607090156241800073_thumb.jpg,https://www.28hse.com/buy/apartment/property-3924281,2026-08-06T17:33:59.496264+00:00
3923558,葵芳閣 高層 鳳凰樓 3房️ 東南 地鐵旁 平售$600萬,葵芳,葵芳閣,6000000,473,3,1,置富地產,https://i1.28hse.com/2026/07/202607081630157998574_thumb.jpg,https://www.28hse.com/buy/apartment/property-3923558,2026-08-06T17:33:59.496264+00:00
3922779,價錢吸引，業主友善，可試5xx萬，內有YouTube 介紹，有匙即睇,葵芳,新葵芳花園,5450000,415,2,,美聯物業,https://i1.28hse.com/2026/07/202607080857066057548_thumb.jpg,https://www.28hse.com/buy/apartment/property-3922779,2026-08-06T17:33:59.496264+00:00
3922723,ALICE推介東南高層3房，有匙即睇,葵芳,葵芳閣,6000000,473,3,1,中原地產,https://i1.28hse.com/2026/07/202607080032407734568_thumb.jpg,https://www.28hse.com/buy/apartment/property-3922723,2026-08-06T17:33:59.496264+00:00
3922718,ALICE推介近地鈇開揚3房，有票即傾,葵芳,葵芳閣,5800000,473,3,1,中原地產,https://i1.28hse.com/2026/07/202607080027121987993_thumb.jpg,https://www.28hse.com/buy/apartment/property-3922718,2026-08-06T17:33:59.496264+00:00
3922715,ALICE推介站頂有裝開揚兩房，有票即傾,葵涌,新葵興花園,5680000,480,2,1,中原地產,https://i1.28hse.com/2026/07/202607080018233631513_thumb.jpg,https://www.28hse.com/buy/apartment/property-3922715,2026-08-06T17:33:59.496264+00:00
3922662,♡葵芳抵住三房 山景開揚 還價即成企理裝,葵芳,葵芳閣,5800000,473,3,1,中原地產代理有限公司,https://i1.28hse.com/2026/07/20260707222810794633_thumb.jpg,https://www.28hse.com/buy/apartment/property-3922662,2026-08-06T17:33:59.496264+00:00
3921658,ALICE推介站頂東南靚装即買即住，有票即傾,葵芳,新葵芳花園,5800000,418,2,1,中原地產,https://i1.28hse.com/2026/07/202607071258412172124_thumb.jpg,https://www.28hse.com/buy/apartment/property-3921658,2026-08-06T17:33:59.496264+00:00
3921521,【中原JAY ♡ May筍盤推介 】 全新未住新裝/有匙筍·抵住/上車收租精選,葵芳,新葵芳花園,5400000,415,2,,中原地產,https://i1.28hse.com/2026/07/202607071122567430285_thumb.jpg,https://www.28hse.com/buy/apartment/property-3921521,2026-08-06T17:33:59.496264+00:00
3921515,【中原Jay Lin•May wong ♡】還價即成/供平過租/有匙即睇,葵芳,新葵芳花園,5800000,418,2,1,中原地產,https://i1.28hse.com/2026/07/202607071115168376547_thumb.jpg,https://www.28hse.com/buy/apartment/property-3921515,2026-08-06T17:33:59.496264+00:00
3921499,【中原Carmen ♡ Lily Li推介】可傾向南高層樓皇/新裝半年即住慳時間,葵芳,新葵芳花園,6500000,415,2,,中原地產,https://i1.28hse.com/2026/07/202607071104414118316_thumb.jpg,https://www.28hse.com/buy/apartment/property-3921499,2026-08-06T17:33:59.496264+00:00
3921447,[尊貴優質3房推介]近地鐡罕有真正東南高層3房，間隔四正，三面單邊多窗，平地電梯,葵涌,昌宏大廈,4280000,440,3,1,尊貴置業有限公司,https://i1.28hse.com/2026/07/202607070855132418017_thumb.jpg,https://www.28hse.com/buy/apartment/property-3921447,2026-08-06T17:33:59.496264+00:00
3921382,【中原Carmen ♡ Lily 推介】 有匙企裝即住/上車抵住/有票即傾,葵芳,葵芳閣,4680000,397,2,,中原地產,https://i1.28hse.com/2026/07/202607062357283934237_thumb.jpg,https://www.28hse.com/buy/apartment/property-3921382,2026-08-06T17:33:59.496264+00:00
3921381,【中原 Jay •Lily筍盤推介】獨家3房/旺中帶靜/3分鐘地鐵站,葵芳,葵芳閣,5800000,473,3,1,中原地產,https://i1.28hse.com/2026/07/202607070006173284658_thumb.jpg,https://www.28hse.com/buy/apartment/property-3921381,2026-08-06T17:33:59.496264+00:00
3921338,【中原Martin♡ Jay筍盤推介】 有匙可傾/上車筍盤/位置配套方便,葵芳,葵芳閣,4800000,415,2,1,中原地產,https://i1.28hse.com/2026/07/202607062235204157009_thumb.jpg,https://www.28hse.com/buy/apartment/property-3921338,2026-08-06T17:33:59.496264+00:00
3921335,【中原光頭陳Oscar ♡ Lily推介】 有匙企裝即住/高層3房抵住,葵芳,葵芳閣,6000000,473,3,,中原地產,https://i1.28hse.com/2026/07/202607062228351699286_thumb.jpg,https://www.28hse.com/buy/apartment/property-3921335,2026-08-06T17:33:59.496264+00:00
3921323,【中原Lily Li ♡Carmen筍盤推介】 可傾可約/開揚山景/有票即傾,葵芳,葵芳閣,4850000,415,2,1,中原地產,https://i1.28hse.com/2026/07/202607062219435136990_thumb.jpg,https://www.28hse.com/buy/apartment/property-3921323,2026-08-06T17:33:59.496264+00:00
3920945,投資自用兩皆宜,葵涌,金珮樓,3050000,371,2,1,裕新地產,https://i1.28hse.com/2026/07/202607061805363820185_thumb.jpg,https://www.28hse.com/buy/apartment/property-3920945,2026-08-06T17:33:59.496264+00:00
3919897,ALICE推介靚裝向東南兩房，有匙即睇,葵芳,新葵芳花園,5800000,418,2,1,中原地產,https://i1.28hse.com/2026/07/202607060057278229274_thumb.jpg,https://www.28hse.com/buy/apartment/property-3919897,2026-08-06T17:33:59.496264+00:00
3919644,兩房 球場景 地鐵5分鐘,葵芳,寬德大廈,3750000,351,2,1,置富地產,https://i1.28hse.com/2026/07/202607051918128237801_thumb.jpg,https://www.28hse.com/buy/apartment/property-3919644,2026-08-06T17:33:59.496264+00:00
3919270,「有匙即睇」高層靚景靚裝 葵芳抵住三房,葵芳,葵芳閣,6000000,473,3,1,中原地產,https://i1.28hse.com/2026/07/202607051627096321083_thumb.jpg,https://www.28hse.com/buy/apartment/property-3919270,2026-08-06T17:33:59.496264+00:00
3689179,靚裝,葵涌,金石樓,3580000,407,2,1,卓龍地產代理有限公司,https://i1.28hse.com/2026/07/20260722115911697376_thumb.jpg,https://www.28hse.com/buy/apartment/property-3689179,2026-08-06T17:33:59.496264+00:00
3918825,【中原Lily 地膽推介】獨家筍·靚裝修/地鐵上蓋/有票可傾/,葵涌,新葵興花園,7650000,570,3,1,中原地產,https://i1.28hse.com/2026/07/202607090217146385127_thumb.jpg,https://www.28hse.com/buy/apartment/property-3918825,2026-08-06T17:33:59.496264+00:00
3834870,"特色單位,連513呎入契天台資自用兩皆宜, 民生所需齊備",葵涌,葵星中心,5780000,518,3,1,裕新地產,https://i1.28hse.com/2026/07/202607251929246585408_thumb.jpg,https://www.28hse.com/buy/apartment/property-3834870,2026-08-06T17:33:59.496264+00:00
3916910,ALICE推介站頂高層開揚山靚装，即约即睇,葵芳,新葵芳花園,5960000,400,2,1,中原地產,https://i1.28hse.com/2026/07/202607040142518432561_thumb.jpg,https://www.28hse.com/buy/apartment/property-3916910,2026-08-06T17:33:59.496264+00:00
3916283,"西南約11尺高樓底兩房,全窗無敵景致,萬家燈火,誠意賣樓可約睇樓",葵涌,雍雅軒,6200000,449,2,1,美聯物業,https://i1.28hse.com/2026/07/2026070317423641941_thumb.jpg,https://www.28hse.com/buy/apartment/property-3916283,2026-08-06T17:33:59.496264+00:00
3916240,"東南單邊樓王兩房,東暖夏涼,實盤約睇,美聯物業盤源多一次過帶睇多間",葵涌,雍雅軒,6380000,489,2,1,美聯物業,https://i1.28hse.com/2026/07/202607221437402781853_thumb.jpg,https://www.28hse.com/buy/apartment/property-3916240,2026-08-06T17:33:59.496264+00:00
3916168,"VR全景優先睇,有匙引看,西南兩房,光猛多窗,一次過安排多間兩房",葵涌,雍雅軒,5600000,449,2,1,美聯物業,https://i1.28hse.com/2026/07/20260703171722673607_thumb.jpg,https://www.28hse.com/buy/apartment/property-3916168,2026-08-06T17:33:59.496264+00:00
3915465,♡中原葵涌 全面翻新 半新樓 球場景兩房半,葵芳,葵芳匯,6500000,409,2,,中原地產,https://i1.28hse.com/2026/07/202607031256065038044_thumb.jpg,https://www.28hse.com/buy/apartment/property-3915465,2026-08-06T17:33:59.496264+00:00
3914831,葵芳站上蓋 業主換樓急售,葵芳,新葵芳花園,5700000,400,2,1,置富地產,https://i1.28hse.com/2026/07/202607171320404519941_thumb.jpg,https://www.28hse.com/buy/apartment/property-3914831,2026-08-06T17:33:59.496264+00:00
3914625,新葵芳花園 東南 地鐵上蓋物業 金裝 2房 平售$538萬,葵芳,新葵芳花園,5380000,415,2,1,置富地產,https://i1.28hse.com/2026/07/20260702194353214496_thumb.jpg,https://www.28hse.com/buy/apartment/property-3914625,2026-08-06T17:33:59.496264+00:00
3914114,［置富實盤］裝修企理 即買即用 上車/收租王,葵芳,單幢樓房,4180000,383,2,1,置富地產代理有限公司,https://i1.28hse.com/2026/07/202607231434325399653_thumb.jpg,https://www.28hse.com/buy/apartment/property-3914114,2026-08-06T17:33:59.496264+00:00
2924906,"近港鐵站罕有放盤, 環境清幽",葵涌,昌宏大廈,3780000,440,3,1,葵景地產,https://i1.28hse.com/2026/05/202605191528441712760_thumb.jpg,https://www.28hse.com/buy/apartment/property-2924906,2026-08-06T17:33:59.496264+00:00
3913089,"東南三房套房,高層開揚,買少見少,旺中帶靜,盡全力幫你傾個筍價",葵涌,月海灣,8300000,552,3,2,美聯物業,https://i1.28hse.com/2026/07/20260701165448171987_thumb.jpg,https://www.28hse.com/buy/apartment/property-3913089,2026-08-06T17:33:59.496264+00:00
3912970,"靚則兩房,開揚光猛,新鴻基屋苑,管理完善,幫你試100蚊印花稅",葵涌,寶星中心,3950000,362,2,1,美聯物業,https://i1.28hse.com/2026/07/202607171843466696125_thumb.jpg,https://www.28hse.com/buy/apartment/property-3912970,2026-08-06T17:33:59.496264+00:00
3912511,"新鴻基屋苑,開揚兩房,自設穿梭巴士,有票O岩價即售,",葵涌,嘉翠園,4680000,456,2,1,美聯物業,https://i1.28hse.com/2026/07/202607011300273559383_thumb.jpg,https://www.28hse.com/buy/apartment/property-3912511,2026-08-06T17:33:59.496264+00:00
3912510,"大兩房連502平台,已做大維修,民生區飲食購物超級方便",葵涌,葵星中心,4230000,460,2,1,美聯物業,https://i1.28hse.com/2026/07/202607011259397615015_thumb.jpg,https://www.28hse.com/buy/apartment/property-3912510,2026-08-06T17:33:59.496264+00:00
3912505,"兩房一套連大露台,全新裝修,連租約,租金回報4.47%幫你傾個筍價.",葵涌,金石樓,3900000,615,2,2,美聯物業,https://i1.28hse.com/2026/07/202607011258583654802_thumb.jpg,https://www.28hse.com/buy/apartment/property-3912505,2026-08-06T17:33:59.496264+00:00
3910550,"180度靚景,實用三房,光猛舒適,業主換樓價錢易商量",葵涌,雍雅軒,8000000,559,3,1,美聯物業,https://i1.28hse.com/2026/06/202606291743457989796_thumb.jpg,https://www.28hse.com/buy/apartment/property-3910550,2026-08-06T17:33:59.496264+00:00
3907153,超平 3房 志在出貨 間隔實用 有議價空間,葵涌,葵龍大廈,3580000,446,3,1,百利物業代理公司,https://i1.28hse.com/2026/06/202606261918268167152_thumb.jpg,https://www.28hse.com/buy/apartment/property-3907153,2026-08-06T17:33:59.496264+00:00
3906806,"有匙引看,兩房廳大房大,開揚光猛,業主換樓誠意出售",葵涌,葵英大廈,3360000,428,2,1,美聯物業,https://i1.28hse.com/2026/06/202606261638182157533_thumb.jpg,https://www.28hse.com/buy/apartment/property-3906806,2026-08-06T17:33:59.496264+00:00
3906439,零距離葵芳站～最平實用三房～只此一間～可試600頭,葵涌,葵涌廣場,6500000,493,3,1,美聯物業,https://i1.28hse.com/2026/06/202606261349528193235_thumb.jpg,https://www.28hse.com/buy/apartment/property-3906439,2026-08-06T17:33:59.496264+00:00
3905153,美聯推介～業主相熟～全新靚裝修～唯一最平放盤～有匙即睇,葵芳,新葵芳花園,5380000,415,2,1,美聯物業,https://i1.28hse.com/2026/06/202606251333571808032_thumb.jpg,https://www.28hse.com/buy/apartment/property-3905153,2026-08-06T17:33:59.496264+00:00
3904837,♡中原葵涌 獨家葵芳抵住三房 配靚裝修推介,葵芳,葵芳閣,6200000,473,2,1,中原地產代理有限公司,https://i1.28hse.com/2026/06/202606250109411707573_thumb.jpg,https://www.28hse.com/buy/apartment/property-3904837,2026-08-06T17:33:59.496264+00:00
3904789,"(致滙地產-致真實盤)特色連平台, 即買即住",葵涌,葵星中心,4230000,460,2,,致滙地產,https://i1.28hse.com/2026/06/202606242306537535694_thumb.jpg,https://www.28hse.com/buy/apartment/property-3904789,2026-08-06T17:33:59.496264+00:00
3904727,♡中原獨家 上葵涌洋樓仔上車 高層開揚景,葵涌,葵龍大廈,3000000,376,2,1,中原地產代理有限公司,https://i1.28hse.com/2026/06/202606242116114342503_thumb.jpg,https://www.28hse.com/buy/apartment/property-3904727,2026-08-06T17:33:59.496264+00:00
3818554,［置富實盤］葵芳站上蓋 高層兩房 靚裝修 有匙,葵芳,新葵芳花園,5960000,400,2,1,置富地產代理有限公司,https://i1.28hse.com/2026/06/202606131844133024150_thumb.jpg,https://www.28hse.com/buy/apartment/property-3818554,2026-08-06T17:33:59.496264+00:00
3822148,(致滙地產-致真實盤)地鐵上蓋，優質物業！,葵涌,新葵興花園,5680000,480,2,,致滙地產,https://i1.28hse.com/2026/06/202606232340472487724_thumb.jpg,https://www.28hse.com/buy/apartment/property-3822148,2026-08-06T17:33:59.496264+00:00
3902769,美聯推介～高層開揚山景～靚裝大兩房～銀行估凸價,葵芳,葵芳閣,4850000,415,2,1,美聯物業,https://i1.28hse.com/2026/06/20260623153126474164_thumb.jpg,https://www.28hse.com/buy/apartment/property-3902769,2026-08-06T17:33:59.496264+00:00
3901956,上車機會～自住收租～全苑最平,葵涌,月海灣,5500000,396,2,1,美聯物業,https://i1.28hse.com/2026/06/20260622184133488463_thumb.jpg,https://www.28hse.com/buy/apartment/property-3901956,2026-08-06T17:33:59.496264+00:00
3901409,新葵芳花園 東南 地鐵上蓋物業 有裝修 中層 2房 平售$560萬,葵芳,新葵芳花園,5600000,418,2,1,置富地產,https://i1.28hse.com/2026/06/202606221720183436082_thumb.jpg,https://www.28hse.com/buy/apartment/property-3901409,2026-08-06T17:33:59.496264+00:00
3815244,四正實用 豪裝,葵涌,金珮樓,3380000,371,2,2,卓龍地產代理有限公司,https://i1.28hse.com/2026/04/202604181933296397509_thumb.jpg,https://www.28hse.com/buy/apartment/property-3815244,2026-08-06T17:33:59.496264+00:00
3898404,葵涌2房 1廳 單邊位,葵涌,誼發大廈,2880000,361,2,1,永盛地產公司,https://i1.28hse.com/2026/07/202607291143582825602_thumb.jpg,https://www.28hse.com/buy/apartment/property-3898404,2026-08-06T17:33:59.496264+00:00
3537171,稀有市中心平台花園出售，步行6分鐘葵芳站,葵涌,守運樓,4380000,405,2,1,名城地產代理有限公司,https://i1.28hse.com/2025/08/202508111633475514096_thumb.jpg,https://www.28hse.com/buy/apartment/property-3537171,2026-08-06T17:33:59.496264+00:00
3897239,【♡中原葵涌 獨家超靚裝 激罕三房 還價即成,葵涌,新葵興花園,7650000,570,3,1,中原地產代理有限公司,https://i1.28hse.com/2026/06/202606191203534071106_thumb.jpg,https://www.28hse.com/buy/apartment/property-3897239,2026-08-06T17:33:59.496264+00:00
3896963,美聯推介～東南直廳～海景兩房～自住/收租一流,葵芳,新葵芳花園,5700000,418,2,1,美聯物業,https://i1.28hse.com/2026/06/20260618201753399208_thumb.jpg,https://www.28hse.com/buy/apartment/property-3896963,2026-08-06T17:33:59.496264+00:00
3896785,原積三房改二房 有裝 山景清靜 嚴重底水 可睇,葵涌,華景山莊,5400000,637,3,1,利嘉閣地產有限公司,https://i1.28hse.com/2026/07/202607052039225422745_thumb.jpg,https://www.28hse.com/buy/apartment/property-3896785,2026-08-06T17:33:59.496264+00:00
3896279,♡東南最筍 有匙即睇 靚裝企理 市區低水上蓋,葵芳,新葵芳花園,5800000,418,2,1,中原地產代理有限公司,https://i1.28hse.com/2026/06/202606181440033155042_thumb.jpg,https://www.28hse.com/buy/apartment/property-3896279,2026-08-06T17:33:59.496264+00:00
3896244,葵芳站上蓋 高層靚裝兩房,葵芳,新葵芳花園,5960000,400,2,,利嘉閣地產有限公司,https://i1.28hse.com/2026/06/202606181416566961248_thumb.jpg,https://www.28hse.com/buy/apartment/property-3896244,2026-08-06T17:33:59.496264+00:00
3895294,兩房 地鐵站三分鐘 大型商場 急售,葵芳,葵芳閣,4500000,415,2,1,置富地產,https://i1.28hse.com/2026/06/202606171712256232910_thumb.jpg,https://www.28hse.com/buy/apartment/property-3895294,2026-08-06T17:33:59.496264+00:00
3894999,地鐵屋苑 葵芳閣 中層2房 有心賣 盡試盡傾,葵芳,葵芳閣,4680000,397,2,1,置富地產代理有限公司,https://i1.28hse.com/2026/06/202606171513538883396_thumb.jpg,https://www.28hse.com/buy/apartment/property-3894999,2026-08-06T17:33:59.496264+00:00
3894747,"兩房連約297尺天台,幾分鐘步行至葵興站,業主套現換樓價錢易商量",葵涌,昌發大廈,3650000,386,2,1,美聯物業,https://i1.28hse.com/2026/06/202606171255058327925_thumb.jpg,https://www.28hse.com/buy/apartment/property-3894747,2026-08-06T17:33:59.496264+00:00
3894664,葵涌 兩房屋苑 會所泳池 專車到葵芳 10分鐘到地鐵站,葵涌,月海灣,5500000,396,2,1,置富地產,https://i1.28hse.com/2026/06/202606171214498471296_thumb.jpg,https://www.28hse.com/buy/apartment/property-3894664,2026-08-06T17:33:59.496264+00:00
3894440,樓上是GYM ROOM~儼如複式單位買家免佣 精明識得慳,葵涌,雍雅軒,6380000,479,2,1,,https://i1.28hse.com/2026/06/202606170139455627367_thumb.jpg,https://www.28hse.com/buy/apartment/property-3894440,2026-08-06T17:33:59.496264+00:00
3893971,昌發大廈極高層B室連天台單位，下葵涌地鐵旁！鄰近港鐵葵興站，交通便利,葵涌,昌發大廈,3650000,356,2,1,利嘉閣地產有限公司,https://i1.28hse.com/2026/06/202606161734247747057_thumb.jpg,https://www.28hse.com/buy/apartment/property-3893971,2026-08-06T17:33:59.496264+00:00
3893326,SOLE-AGENT 獨家代理優雅居亭明亮寬敞的居住空間和精緻的裝潢️,葵芳,新葵芳花園,5690000,400,2,1,達峰物業有限公司,https://i1.28hse.com/2026/06/202606161224083126994_thumb.jpg,https://www.28hse.com/buy/apartment/property-3893326,2026-08-06T17:33:59.496264+00:00
3893095,中層 2房1廳 企理裝修 連租約,葵涌,金石樓,3580000,407,2,1,永盛地產公司,https://i1.28hse.com/2026/07/202607171644223075831_thumb.jpg,https://www.28hse.com/buy/apartment/property-3893095,2026-08-06T17:33:59.496264+00:00
3892928,"投資自用兩皆宜, 民生所需齊備,",葵涌,葵英大廈,4500000,428,1,1,裕新地產,https://i1.28hse.com/2026/06/202606152043077751266_thumb.jpg,https://www.28hse.com/buy/apartment/property-3892928,2026-08-06T17:33:59.496264+00:00
3892885,美聯林生誠意推介- 新淨裝修東南2房,葵涌,偉賢樓,3080000,354,2,1,美聯物業,https://i1.28hse.com/2026/06/202606152003302732946_thumb.jpg,https://www.28hse.com/buy/apartment/property-3892885,2026-08-06T17:33:59.496264+00:00
3892780,美聯林生誠意推介：葵涌大廈3房筍價,葵涌,葵涌大廈,3200000,388,3,1,美聯物業,https://i1.28hse.com/2026/06/202606151857444878544_thumb.jpg,https://www.28hse.com/buy/apartment/property-3892780,2026-08-06T17:33:59.496264+00:00
3892666,Lily真心推荐！新葵芳花园 罕有靓装修 即买即住,葵芳,新葵芳花園,5960000,400,2,1,利嘉閣地產有限公司,https://i1.28hse.com/2026/06/202606151804434870361_thumb.jpg,https://www.28hse.com/buy/apartment/property-3892666,2026-08-06T17:33:59.496264+00:00
3892026,(致滙地產-致真實盤)高層靚景，人見人愛！,葵涌,嘉翠園,5000000,456,2,,致滙地產,https://i1.28hse.com/2026/07/202607301952285474473_thumb.jpg,https://www.28hse.com/buy/apartment/property-3892026,2026-08-06T17:33:59.496264+00:00
3890856,新葵芳花園 地鐵上蓋物業 高層 2房 平售$560萬,葵芳,新葵芳花園,5600000,400,2,1,置富地產,https://i1.28hse.com/2026/06/202606141432053643646_thumb.jpg,https://www.28hse.com/buy/apartment/property-3890856,2026-08-06T17:33:59.496264+00:00
3890826,地鐵上蓋 新葵芳花園 東南2房 極靚裝修 盡試盡傾,葵芳,新葵芳花園,5600000,418,2,1,置富地產代理有限公司,https://i1.28hse.com/2026/06/202606141411447669133_thumb.jpg,https://www.28hse.com/buy/apartment/property-3890826,2026-08-06T17:33:59.496264+00:00
3890284,開揚山景，企理装修，房大廳大,葵涌,華員邨,6380000,642,2,1,利嘉閣地產有限公司,https://i1.28hse.com/2026/06/202606131945594637613_thumb.jpg,https://www.28hse.com/buy/apartment/property-3890284,2026-08-06T17:33:59.496264+00:00
3890262,地鐵屋苑 葵芳閣 高層 3房間隔 有裝修,葵芳,葵芳閣,6000000,473,3,1,置富地產代理有限公司,https://i1.28hse.com/2026/06/202606131932122528294_thumb.jpg,https://www.28hse.com/buy/apartment/property-3890262,2026-08-06T17:33:59.496264+00:00
3890217,地鐵屋苑 新葵芳花園 中層2房 雅緻裝修,葵芳,新葵芳花園,5800000,418,2,1,置富地產代理有限公司,https://i1.28hse.com/2026/06/20260613190953561682_thumb.jpg,https://www.28hse.com/buy/apartment/property-3890217,2026-08-06T17:33:59.496264+00:00
3887792,※葉氏行地產推介※向東三房,葵涌,華景山莊,6000000,629,3,1,葉氏行地產,https://i1.28hse.com/2026/06/202606121513595797436_thumb.jpg,https://www.28hse.com/buy/apartment/property-3887792,2026-08-06T17:33:59.496264+00:00
3887501,巨無霸洋樓～大大件岩用家～業主有心賣還價即成,葵涌,德昌大廈,4800000,586,3,1,中原地產,https://i1.28hse.com/2026/06/202606121313515596523_thumb.jpg,https://www.28hse.com/buy/apartment/property-3887501,2026-08-06T17:33:59.496264+00:00
3885995,全新裝修～盲盒開箱～有匙睇樓～業主相熟,葵芳,新葵芳花園,5380000,415,2,1,中原地產,https://i1.28hse.com/estate_data/132/4674/FLOOR/4674_20231122000413192753_thumb.jpg,https://www.28hse.com/buy/apartment/property-3885995,2026-08-06T17:33:59.496264+00:00
3884006,"2房高層無敵海景,靚裝修",葵涌,華員邨,5700000,545,2,1,利嘉閣地產有限公司,https://i1.28hse.com/2026/06/202606091848427529919_thumb.jpg,https://www.28hse.com/buy/apartment/property-3884006,2026-08-06T17:33:59.496264+00:00
3883991,三房 則皇 地鐵三分鐘 大型商場 有匙引看,葵芳,葵芳閣,5350000,473,3,1,置富地產,https://i1.28hse.com/2026/06/202606091843367399848_thumb.jpg,https://www.28hse.com/buy/apartment/property-3883991,2026-08-06T17:33:59.496264+00:00
3883977,兩房有匙 靚裝 業主急售 還價即成 大型商場 上蓋物業,葵芳,新葵芳花園,5700000,418,2,1,置富地產,https://i1.28hse.com/2026/06/202606091836114890669_thumb.jpg,https://www.28hse.com/buy/apartment/property-3883977,2026-08-06T17:33:59.496264+00:00
3883883,"有裝修,荀盤",葵涌,華景山莊,4000000,364,1,1,利嘉閣地產有限公司,https://i1.28hse.com/2026/06/202606091801244552541_thumb.jpg,https://www.28hse.com/buy/apartment/property-3883883,2026-08-06T17:33:59.496264+00:00
3883865,"三房有裝,快約睇",葵涌,華景山莊,5400000,637,3,1,利嘉閣地產有限公司,https://i1.28hse.com/2026/06/202606091753587857201_thumb.jpg,https://www.28hse.com/buy/apartment/property-3883865,2026-08-06T17:33:59.496264+00:00
3883026,(致滙地產-致真實盤) $100蚊厘印超值之選！鄰近地鐵，交通方便！,葵涌,葵景大廈,3000000,372,2,,致滙地產,https://i1.28hse.com/2026/07/202607241552415844933_thumb.jpg,https://www.28hse.com/buy/apartment/property-3883026,2026-08-06T17:33:59.496264+00:00
3882193,"美聯獨家,有裝兩房,即買即住,已做大維修,新鴻基屋苑管理.",葵涌,葵星中心,3780000,369,2,1,美聯物業,https://i1.28hse.com/2026/06/202606081619413411411_thumb.jpg,https://www.28hse.com/buy/apartment/property-3882193,2026-08-06T17:33:59.496264+00:00
3881580,кєℓℓу推介不耽誤您時間-實時求事-熟業主易傾-用心幫您-大量筍盤未能盡錄,葵芳,葵芳閣,4800000,415,2,,中原地產代理有限公司,https://i1.28hse.com/2026/06/202606132252253955049_thumb.jpg,https://www.28hse.com/buy/apartment/property-3881580,2026-08-06T17:33:59.496264+00:00
3881440,ALICE推介直廳靚装兩房，有匙即睇,葵芳,新葵芳花園,5690000,400,2,1,中原地產,https://i1.28hse.com/2026/06/202606142348437910689_thumb.jpg,https://www.28hse.com/buy/apartment/property-3881440,2026-08-06T17:33:59.496264+00:00
3881185,"光猛兩房,有鎖匙",葵涌,華員邨,6380000,642,2,1,利嘉閣地產有限公司,https://i1.28hse.com/2026/06/202606071840448850021_thumb.jpg,https://www.28hse.com/buy/apartment/property-3881185,2026-08-06T17:33:59.496264+00:00
3963058,《中原多實盤》●●最荀靚裝兩房【不是凶宅上下層】業主急走｜盡快約睇,荃灣,環宇海灣,7500000,502,2,1,中原地產,https://i1.28hse.com/2026/08/20260806214315751209_thumb.jpg,https://www.28hse.com/buy/apartment/property-3963058,2026-08-06T17:33:59.496264+00:00
3963054,《中原最齊盤》●●靚裝兩房｜對流大廳【實盤睇到樓】還價即成,荃灣,名逸居,7480000,526,2,1,中原地產,https://i1.28hse.com/2026/08/202608062141216756697_thumb.jpg,https://www.28hse.com/buy/apartment/property-3963054,2026-08-06T17:33:59.496264+00:00
3963047,實用見稱 全屋裝修 歡迎約睇,荃灣,名逸居,7700000,526,2,,美聯物業,https://i1.28hse.com/2026/08/202608062120455034079_thumb.jpg,https://www.28hse.com/buy/apartment/property-3963047,2026-08-06T17:33:59.496264+00:00
3962946,唔係1樓♛獨家盤實價♛單邊海景,荃灣,海之戀,7500000,369,1,1,美聯物業,https://i1.28hse.com/2026/08/202608062001346151706_thumb.jpg,https://www.28hse.com/buy/apartment/property-3962946,2026-08-06T17:33:59.496264+00:00
3962777,𖥔𖥔𖥔實用最高𖥔𖥔𖥔,荃灣,海濱花園,8100000,700,3,2,居而安物業,https://i1.28hse.com/2026/08/202608061833517765372_thumb.jpg,https://www.28hse.com/buy/apartment/property-3962777,2026-08-06T17:33:59.496264+00:00
3962721,【張小姐 [REDACTED]】【實盤】【歡迎查詢】,荃灣,愉景新城,6550000,493,2,,美聯物業代理有限公司,https://i1.28hse.com/2026/08/202608061814086928765_thumb.jpg,https://www.28hse.com/buy/apartment/property-3962721,2026-08-06T17:33:59.496264+00:00
3962049,♡廳大房大♡開揚兩房♡有裝即住♡名逸居罕有放盤♡還價即成♡,荃灣,名逸居,7700000,526,2,1,中原地產代理限公司,https://i1.28hse.com/2026/08/202608061242334659163_thumb.jpg,https://www.28hse.com/buy/apartment/property-3962049,2026-08-06T17:33:59.496264+00:00
3962014,♡環宇海灣♡實用兩房♡上車首選♡,荃灣,環宇海灣,7700000,488,2,1,中原地產代理限公司,https://i1.28hse.com/2026/08/202608061226482548879_thumb.jpg,https://www.28hse.com/buy/apartment/property-3962014,2026-08-06T17:33:59.496264+00:00
3961750,【張小姐 [REDACTED]】【實盤】【歡迎查詢】,荃灣,錦豐園,4360000,375,2,,美聯物業代理有限公司,https://i1.28hse.com/2026/08/202608060210583594153_thumb.jpg,https://www.28hse.com/buy/apartment/property-3961750,2026-08-06T17:33:59.496264+00:00
3961688,特高樓底→給你更高的生活尺度！容許養寵物→毛孩也有安樂窩！,荃灣,名逸居,7500000,526,2,1,中原地產代理有限公司,https://i1.28hse.com/2026/08/20260805233918157379_thumb.jpg,https://www.28hse.com/buy/apartment/property-3961688,2026-08-06T17:33:59.496264+00:00
3961638,《中原最齊盤》●●全海景大一房｜新世界品牌 歡迎約睇 還價即成,荃灣,柏傲灣,8300000,421,1,1,中原地產,https://i1.28hse.com/2026/08/202608052232414958241_thumb.jpg,https://www.28hse.com/buy/apartment/property-3961638,2026-08-06T17:33:59.496264+00:00
3961463,獨家【𝟐房】可試$𝟕𝟓𝟎萬♡新裝即住♡月內必走♡歡迎約睇,荃灣,名逸居,7700000,526,2,1,中原地產代理限公司,https://i1.28hse.com/2026/08/202608051931003334805_thumb.jpg,https://www.28hse.com/buy/apartment/property-3961463,2026-08-06T17:33:59.496264+00:00
3798026,(永誠置業 全部實盤) 昇柏山 高層山景 優質之選 兩房露台,荃灣,昇柏山,6770000,522,2,1,永誠置業代理有限公司,https://i1.28hse.com/2026/04/202604181830273305005_thumb.jpg,https://www.28hse.com/buy/apartment/property-3798026,2026-08-06T17:33:59.496264+00:00
3869057,(永誠置業 特色單位) 昇柏山 連天台翠綠山景 連露台 會所泳池 交吉約睇,荃灣,昇柏山,7280000,522,2,1,永誠置業代理有限公司,https://i1.28hse.com/2026/05/202605301822557774270_thumb.jpg,https://www.28hse.com/buy/apartment/property-3869057,2026-08-06T17:33:59.496264+00:00
3961270,【𝟐房】可試$𝟔𝐗𝐗萬∎全屋新裝∎銀行估足∎幫你盡傾,荃灣,翠豐臺,6800000,449,2,1,中原地產代理限公司,https://i1.28hse.com/2026/08/202608051808512893015_thumb.jpg,https://www.28hse.com/buy/apartment/property-3961270,2026-08-06T17:33:59.496264+00:00
3961223,｛全權獨家｝ 罕有高層海景 實用兩房,荃灣,翠濤閣,4900000,477,2,,美聯物業(麗城分行),https://i1.28hse.com/2026/08/202608051752381213743_thumb.jpg,https://www.28hse.com/buy/apartment/property-3961223,2026-08-06T17:33:59.496264+00:00
3961197,業主割肉蝕讓 入場收租必選 全屋苑最筍,荃灣,環宇海灣,6880000,482,2,1,美聯物業,https://i1.28hse.com/2026/08/202608051739023078529_thumb.jpg,https://www.28hse.com/buy/apartment/property-3961197,2026-08-06T17:33:59.496264+00:00
3961180,最靚對流戶型 寧靜有南位,荃灣,環宇海灣,7500000,502,2,1,美聯物業,https://i1.28hse.com/2026/08/202608051731411817551_thumb.jpg,https://www.28hse.com/buy/apartment/property-3961180,2026-08-06T17:33:59.496264+00:00
3961170,中原麗城【新委託】【即吉可看】,荃灣,韻濤居,6100000,445,2,1,中原地產代理有限公司,https://i1.28hse.com/2026/08/202608051726258469450_thumb.jpg,https://www.28hse.com/buy/apartment/property-3961170,2026-08-06T17:33:59.496264+00:00
3961154,中原麗城【翠綠山景三房套】,荃灣,麗城花園,7000000,644,3,2,中原地產代理有限公司,https://i1.28hse.com/2026/08/202608051722274173376_thumb.jpg,https://www.28hse.com/buy/apartment/property-3961154,2026-08-06T17:33:59.496264+00:00
3961139,中原麗城【獨家代理】【高層企裝兩房】,荃灣,麗城花園,5500000,470,2,1,中原地產代理有限公司,https://i1.28hse.com/2026/08/202608051716556793432_thumb.jpg,https://www.28hse.com/buy/apartment/property-3961139,2026-08-06T17:33:59.496264+00:00
3961011,了解市場走勢專業推介 誠信可靠 耐心解答 田小姐98l53359,荃灣,柏傲灣,8500000,421,1,,中原地產,https://i1.28hse.com/2026/08/202608051629227800277_thumb.jpg,https://www.28hse.com/buy/apartment/property-3961011,2026-08-06T17:33:59.496264+00:00
3960978,"高層2房全海,隨時可約睇!!!",荃灣,樂悠居,7000000,424,2,1,環宇物業,https://i1.28hse.com/2026/08/202608051614196746809_thumb.jpg,https://www.28hse.com/buy/apartment/property-3960978,2026-08-06T17:33:59.496264+00:00
3960810,《中原最齊盤》●●單邊靚海景｜一房｜極開揚 歡迎約睇,荃灣,海之戀,7500000,369,1,1,中原地產,https://i1.28hse.com/2026/08/202608051459184639527_thumb.jpg,https://www.28hse.com/buy/apartment/property-3960810,2026-08-06T17:33:59.496264+00:00
3960799,入場三房放售,荃灣,海灣花園,6300000,562,3,1,美聯物業,https://i1.28hse.com/2026/08/202608051453591103178_thumb.jpg,https://www.28hse.com/buy/apartment/property-3960799,2026-08-06T17:33:59.496264+00:00
3960259,可$6XX萬？盡量傾荃灣西爵悅庭｜高質1房放售｜實用450呎,荃灣,爵悅庭,7500000,450,1,,美聯物業,https://i1.28hse.com/2026/08/202608050017256369261_thumb.jpg,https://www.28hse.com/buy/apartment/property-3960259,2026-08-06T17:33:59.496264+00:00
3840382,東南池景 雅裝舒適,荃灣,荃威花園,4280000,533,2,,高盛物業,https://i1.28hse.com/2026/05/202605081739201567544_thumb.jpg,https://www.28hse.com/buy/apartment/property-3840382,2026-08-06T17:33:59.496264+00:00
3960023,荃景花園［田邦置業 ］實用441呎 2房 景觀開揚,荃灣,荃景花園,5280000,441,2,1,田邦置業有限公司,https://i1.28hse.com/2026/08/202608041902053945631_thumb.jpg,https://www.28hse.com/buy/apartment/property-3960023,2026-08-06T17:33:59.496264+00:00
3959977,田邦置業［荃威花園］特色單位 533尺兩房 連天台,荃灣,荃威花園,4790000,533,2,1,田邦置業有限公司,https://i1.28hse.com/2026/08/202608041843395862969_thumb.jpg,https://www.28hse.com/buy/apartment/property-3959977,2026-08-06T17:33:59.496264+00:00
3959872,罕有单邊， 荀盘高層，三房二廁，十年難遇， 換楼首選，熱搶莫疑,荃灣,家興大廈,5480000,588,3,2,卓誠物業代理,https://i1.28hse.com/2026/08/202608041750481474112_thumb.jpg,https://www.28hse.com/buy/apartment/property-3959872,2026-08-06T17:33:59.496264+00:00
3959824,"♚♛靚開揚,西站高層海景一房▛ 價錢好商量> ▟ 大量實盤，歡迎約睇",荃灣,海之戀,7700000,393,1,1,中原地產代理有限公司,https://i1.28hse.com/2026/08/202608041730151014226_thumb.jpg,https://www.28hse.com/buy/apartment/property-3959824,2026-08-06T17:33:59.496264+00:00
3959716,柏傲灣+1房中層露台+有匙看+企理即住+近荃灣西站+上車/收租首選,荃灣,柏傲灣,7500000,392,1,1,中原地產代理有限公司,https://i1.28hse.com/2026/08/202608041656206266639_thumb.jpg,https://www.28hse.com/buy/apartment/property-3959716,2026-08-06T17:33:59.496264+00:00
3959690,翠豐臺+2房山景+有匙看+梗廚+浴室有窗+大型會所+VR+有票盡傾,荃灣,翠豐臺,6500000,424,2,1,中原地產代理有限公司,https://i1.28hse.com/2026/08/202608041648506506929_thumb.jpg,https://www.28hse.com/buy/apartment/property-3959690,2026-08-06T17:33:59.496264+00:00
3959687,開揚山景 實用3房套 鄰近愉景新城商場,荃灣,荃景花園,6980000,577,3,,美聯物業,https://i1.28hse.com/2026/08/20260804164602155219_thumb.jpg,https://www.28hse.com/buy/apartment/property-3959687,2026-08-06T17:33:59.496264+00:00
3959635,"蝕讓荃錦中心，新裝修,向東南,近地鐵巴士的士站,樓下商場, 即走荀盤",荃灣,荃錦中心,5000000,354,2,1,中原地產代理限公司,https://i1.28hse.com/2026/08/202608041627142660848_thumb.jpg,https://www.28hse.com/buy/apartment/property-3959635,2026-08-06T17:33:59.496264+00:00
3959632,"新裝修,向西北,近地鐵站,近巴士站,樓下商場, 靚裝",荃灣,荃錦中心,5380000,375,2,1,中原地產代理限公司,https://i1.28hse.com/2026/08/20260804162614364429_thumb.jpg,https://www.28hse.com/buy/apartment/property-3959632,2026-08-06T17:33:59.496264+00:00
3959513,新鴻基優質投資1房,荃灣,爵悅庭,7600000,450,1,1,中原地產代理有限公司,https://i1.28hse.com/2026/08/202608041541221819878_thumb.jpg,https://www.28hse.com/buy/apartment/property-3959513,2026-08-06T17:33:59.496264+00:00
3959494,超筍兩房供平過租,荃灣,荃灣中心,4250000,380,2,1,中原地產代理有限公司,https://i1.28hse.com/2026/08/202608041531251241654_thumb.jpg,https://www.28hse.com/buy/apartment/property-3959494,2026-08-06T17:33:59.496264+00:00
3959400,𝐕𝐑【𝟑房】可試$𝟕𝐗𝐗萬∎大則有裝∎幫你盡傾∎歡迎查詢,荃灣,綠楊新邨,7500000,582,3,1,中原地產代理限公司,https://i1.28hse.com/2026/08/20260804145820665876_thumb.jpg,https://www.28hse.com/buy/apartment/property-3959400,2026-08-06T17:33:59.496264+00:00
3959358,保證最平 700三房 靚裝修 有鎖匙 睇啱幫你傾到最盡,荃灣,怡景園,7080000,489,3,1,美聯物業代理有限公司,https://i1.28hse.com/2026/08/20260804143436982077_thumb.jpg,https://www.28hse.com/buy/apartment/property-3959358,2026-08-06T17:33:59.496264+00:00
3959307,保證最平 可試55X 有裝修 最筍大兩房 歡迎隨時查詢 一定幫你傾到最平,荃灣,綠楊新邨,5750000,475,2,1,美聯物業,https://i1.28hse.com/2026/08/202608041405344050998_thumb.jpg,https://www.28hse.com/buy/apartment/property-3959307,2026-08-06T17:33:59.496264+00:00
3959297,保證最平 減價高層罕有三房 有匙隨時睇 內園靚景,荃灣,綠楊新邨,7400000,582,3,1,美聯物業代理有限公司,https://i1.28hse.com/2026/08/202608041401495688182_thumb.jpg,https://www.28hse.com/buy/apartment/property-3959297,2026-08-06T17:33:59.496264+00:00
3959288,[日訊物業推介] 靚裝二房 商場上蓋 交通便利,荃灣,愉景新城,7180000,485,2,1,日訊物業代理有限公司,https://i1.28hse.com/2026/08/202608041427112686753_thumb.jpg,https://www.28hse.com/buy/apartment/property-3959288,2026-08-06T17:33:59.496264+00:00
3959262,[日訊物業好多盤] 大膽還價 我同你傾 業主明確FIRM 賣,荃灣,海濱花園,7600000,647,3,2,日訊物業代理有限公司,https://i1.28hse.com/2026/08/202608041343277114757_thumb.jpg,https://www.28hse.com/buy/apartment/property-3959262,2026-08-06T17:33:59.496264+00:00
3958996,連天台特色單位！罕有放賣! 企理兩房! 隨時引睇!還價可成!,荃灣,昇柏山,7280000,515,2,,美聯物業,https://i1.28hse.com/2026/08/202608041051463304435_thumb.jpg,https://www.28hse.com/buy/apartment/property-3958996,2026-08-06T17:33:59.496264+00:00
3958947,"近地鐵3房, 位置超方便! 洋樓有電梯",荃灣,運通洋樓,5580000,513,3,1,殷盛地產代理,https://i1.28hse.com/2026/08/202608040944386547144_thumb.jpg,https://www.28hse.com/buy/apartment/property-3958947,2026-08-06T17:33:59.496264+00:00
3958822,錦豐園1座高層E室｜荃灣市中心3房放售｜實用449呎$49X萬,荃灣,錦豐園,5000000,449,3,,美聯物業,https://i1.28hse.com/2026/08/202608032257306420684_thumb.jpg,https://www.28hse.com/buy/apartment/property-3958822,2026-08-06T17:33:59.496264+00:00
3958727,靚裝山景 開揚無比,荃灣,怡景園,7000000,489,3,1,中原地產代理有限公司,https://i1.28hse.com/2026/08/202608032104314475678_thumb.jpg,https://www.28hse.com/buy/apartment/property-3958727,2026-08-06T17:33:59.496264+00:00
3958725,靚裝大兩房 試傾55X萬 《專做綠楊》,荃灣,綠楊新邨,5780000,475,2,,中原地產代理有限公司,https://i1.28hse.com/2026/08/202608032102153438693_thumb.jpg,https://www.28hse.com/buy/apartment/property-3958725,2026-08-06T17:33:59.496264+00:00
3958702,7XX>>有裝 估價高出百萬 睇岩再幫你傾 即買即住,荃灣,海之戀,8200000,393,1,1,美聯物業,https://i1.28hse.com/2026/08/202608032026538887895_thumb.jpg,https://www.28hse.com/buy/apartment/property-3958702,2026-08-06T17:33:59.496264+00:00
3958688,（實盤推介）最筍2房！Firm賣有樓睇最平呢間！,荃灣,環宇海灣,7500000,502,2,1,美聯物業,https://i1.28hse.com/2026/08/202608032022595421735_thumb.jpg,https://www.28hse.com/buy/apartment/property-3958688,2026-08-06T17:33:59.496264+00:00
3958667,（實盤推介）可試700頭！超筍價！日內必走！,荃灣,爵悅庭,7500000,450,2,1,美聯物業,https://i1.28hse.com/2026/08/202608032013328744442_thumb.jpg,https://www.28hse.com/buy/apartment/property-3958667,2026-08-06T17:33:59.496264+00:00
3958494,實盤!!!最荀兩房【不是凶宅上下層!】業主急走,荃灣,環宇海灣,6800000,482,2,1,利嘉閣地產有限公司,https://i1.28hse.com/2026/08/202608031842183461226_thumb.jpg,https://www.28hse.com/buy/apartment/property-3958494,2026-08-06T17:33:59.496264+00:00
3957939,【𝟐房】可試$𝟓𝟐𝟎萬✰上車推介✰價錢可傾✰歡迎查詢,荃灣,東亞花園,5300000,452,2,1,中原地產代理限公司,https://i1.28hse.com/2026/08/202608031529452654429_thumb.jpg,https://www.28hse.com/buy/apartment/property-3957939,2026-08-06T17:33:59.496264+00:00
3957936,【𝟐房】$𝟖𝟎𝟎萬♡極高層𝟔𝟎+♡估價$𝟖𝟕𝟗萬♡歡迎約睇,荃灣,爵悅庭,8000000,454,2,1,中原地產代理限公司,https://i1.28hse.com/2026/08/202608031529064548157_thumb.jpg,https://www.28hse.com/buy/apartment/property-3957936,2026-08-06T17:33:59.496264+00:00
3957868,城人核心 投資自用 鄰近西鐵 開楊景觀,荃灣,柏傲灣,7250000,389,1,1,中原地產代理限公司,https://i1.28hse.com/2026/08/202608031505175374603_thumb.jpg,https://www.28hse.com/buy/apartment/property-3957868,2026-08-06T17:33:59.496264+00:00
3957316,可試$530萬海灣花園 3座 低層F室｜荃灣西優質兩房放售,荃灣,海灣花園,5600000,470,2,,美聯物業,https://i1.28hse.com/2026/08/202608022339284782968_thumb.jpg,https://www.28hse.com/buy/apartment/property-3957316,2026-08-06T17:33:59.496264+00:00
3957066,保證最平 超抵三房套 內園少海企理裝修 有鎖匙隨時睇,荃灣,海濱花園,7600000,647,3,2,美聯物業代理有限公司,https://i1.28hse.com/2026/08/20260802183207614751_thumb.jpg,https://www.28hse.com/buy/apartment/property-3957066,2026-08-06T17:33:59.496264+00:00
3956862,三房荃灣換樓上車必選，高層開揚，換樓之選,荃灣,錦豐園,5000000,449,3,1,美聯物業,https://i1.28hse.com/2026/08/202608021712238799547_thumb.jpg,https://www.28hse.com/buy/apartment/property-3956862,2026-08-06T17:33:59.496264+00:00
3956696,罕有近地鐵 大屋苑,荃灣,愉景新城,6900000,495,2,,中原地產代理有限公司,https://i1.28hse.com/2026/08/202608021613283238089_thumb.jpg,https://www.28hse.com/buy/apartment/property-3956696,2026-08-06T17:33:59.496264+00:00
3956608,細細粒容易上車,荃灣,荃灣中心,4000000,425,3,,中原地產,https://i1.28hse.com/2026/08/202608021536375842585_thumb.jpg,https://www.28hse.com/buy/apartment/property-3956608,2026-08-06T17:33:59.496264+00:00
3956571,最平大大間♛2房♛ 100蚊稅,荃灣,荃威花園,3600000,477,2,1,美聯物業,https://i1.28hse.com/2026/08/202608021524558027665_thumb.jpg,https://www.28hse.com/buy/apartment/property-3956571,2026-08-06T17:33:59.496264+00:00
3956552,♡400萬以下♡荃灣中心兩房♡超值抵買♡,荃灣,荃灣中心,3980000,380,2,1,中原地產代理限公司,https://www.28hse.com/assets/img/vr_default_pic.jpg,https://www.28hse.com/buy/apartment/property-3956552,2026-08-06T17:33:59.496264+00:00
3956541,♡昇柏山靚裝大兩房♡鄰近巴士站♡11年樓齡半新樓♡超值抵住♡,荃灣,昇柏山,6480000,527,2,1,中原地產代理限公司,https://i1.28hse.com/2026/08/202608021513488343758_thumb.jpg,https://www.28hse.com/buy/apartment/property-3956541,2026-08-06T17:33:59.496264+00:00
3863973,荃灣中心 原裝2房 靚裝,荃灣,荃灣中心,3780000,354,2,1,桂達地產,https://i1.28hse.com/2026/05/202605261852585715965_thumb.jpg,https://www.28hse.com/buy/apartment/property-3863973,2026-08-06T17:33:59.496264+00:00
3956456,大則533呎♛可試43x萬♛底價,荃灣,荃威花園,4380000,533,2,1,美聯物業,https://i1.28hse.com/2026/08/202608021440135064311_thumb.jpg,https://www.28hse.com/buy/apartment/property-3956456,2026-08-06T17:33:59.496264+00:00
3956304,荃灣地鐵站！罕有兩房！位置優越！有匙引睇！還價可成！,荃灣,合眾大廈,4500000,378,2,,美聯物業,https://i1.28hse.com/2026/08/202608021333273593562_thumb.jpg,https://www.28hse.com/buy/apartment/property-3956304,2026-08-06T17:33:59.496264+00:00
3956220,荃灣地鐵站！三期靚裝兩房! 高層東南向!隨時引睇! 還價可成!,荃灣,愉景新城,7280000,493,2,,美聯物業,https://i1.28hse.com/2026/08/202608021259038341626_thumb.jpg,https://www.28hse.com/buy/apartment/property-3956220,2026-08-06T17:33:59.496264+00:00
3955931,8月筍盤推介 靚裝修 基座商場地鐵站 交通購物一應俱全 匙盤 歡迎約睇,荃灣,綠楊新邨,5980000,445,2,1,美聯物業,https://i1.28hse.com/2026/08/202608020106323123031_thumb.jpg,https://www.28hse.com/buy/apartment/property-3955931,2026-08-06T17:33:59.496264+00:00
3955800,【利嘉閣•真盤源】有片有VR！兩房 最靚間隔則王！向東內園，光猛清靜！有匙即睇！,荃灣,韻濤居,6100000,445,2,1,利嘉閣地產有限公司,https://i1.28hse.com/2026/08/202608012213074272003_thumb.jpg,https://www.28hse.com/buy/apartment/property-3955800,2026-08-06T17:33:59.496264+00:00
3955774,全屋裝修 位置方便 東南靚景,荃灣,荃錦中心,5000000,354,2,,美聯物業,https://i1.28hse.com/2026/08/202608012128037252693_thumb.jpg,https://www.28hse.com/buy/apartment/property-3955774,2026-08-06T17:33:59.496264+00:00
3955685,海濱花園3房筍盤，可以約睇,荃灣,海濱花園,5600000,496,3,1,美聯物業,https://i1.28hse.com/2026/08/202608011954396234913_thumb.jpg,https://www.28hse.com/buy/apartment/property-3955685,2026-08-06T17:33:59.496264+00:00
3955577,(致滙地產-致真實盤)步行荃灣地鐵站2分鐘,荃灣,華都中心,5580000,438,2,,致滙地產,https://i1.28hse.com/2026/08/202608011904021648079_thumb.jpg,https://www.28hse.com/buy/apartment/property-3955577,2026-08-06T17:33:59.496264+00:00
3955326,【𝟐房】$𝟔𝟓𝟎萬♡估價𝟔𝟔𝟕萬♡價錢可試♡歡迎約睇,荃灣,愉景新城,6500000,477,2,1,中原地產代理限公司,https://i1.28hse.com/2026/08/202608011720243332686_thumb.jpg,https://www.28hse.com/buy/apartment/property-3955326,2026-08-06T17:33:59.496264+00:00
3955323,可試480萬，港鐵荃灣站旁，核心位置，三分鐘生活圈，自住或收租都係首選,荃灣,荃錦中心,5000000,354,2,1,美聯物業,https://i1.28hse.com/2026/08/202608011717414878692_thumb.jpg,https://www.28hse.com/buy/apartment/property-3955323,2026-08-06T17:33:59.496264+00:00
3955290,【𝟑房】試$𝟖𝟎𝟎萬∎東南內園∎還價可傾∎鎖匙即睇,荃灣,綠楊新邨,8200000,582,3,1,中原地產代理限公司,https://i1.28hse.com/2026/08/202608011657167795738_thumb.jpg,https://www.28hse.com/buy/apartment/property-3955290,2026-08-06T17:33:59.496264+00:00
3955256,【𝟐房】試$𝟔𝟓𝟓萬∎極高層𝟒𝟎+∎估價𝟔𝟓𝟒萬∎翠綠山景,荃灣,翠豐臺,6550000,437,2,1,中原地產代理限公司,https://i1.28hse.com/2026/08/202608011649172588636_thumb.jpg,https://www.28hse.com/buy/apartment/property-3955256,2026-08-06T17:33:59.496264+00:00
3955232,【大1房】靚則海景♡極之罕有♡睇啱可傾♡歡迎約睇,荃灣,柏傲灣,8380000,421,1,1,中原地產,https://i1.28hse.com/2026/08/20260801163649836801_thumb.jpg,https://www.28hse.com/buy/apartment/property-3955232,2026-08-06T17:33:59.496264+00:00
3955194,【𝟑房】可試$𝟔𝙓𝙓萬∎靚則有裝∎估價𝟔𝟓𝟔萬∎歡迎約睇,荃灣,綠楊新邨,6900000,475,3,1,中原地產代理限公司,https://i1.28hse.com/2026/08/202608011618043695459_thumb.jpg,https://www.28hse.com/buy/apartment/property-3955194,2026-08-06T17:33:59.496264+00:00
3955154,【𝟑房】$𝟔𝟐𝟗萬∎低水換樓∎價錢可傾∎歡迎約睇,荃灣,麗城花園,6680000,572,3,1,中原地產代理限公司,https://i1.28hse.com/2026/08/20260801160512343541_thumb.jpg,https://www.28hse.com/buy/apartment/property-3955154,2026-08-06T17:33:59.496264+00:00
3955124,企里兩房♛不是1-2樓♛♛夠實用,荃灣,名逸居,7800000,526,2,1,美聯物業,https://i1.28hse.com/2026/08/202608011552185906913_thumb.jpg,https://www.28hse.com/buy/apartment/property-3955124,2026-08-06T17:33:59.496264+00:00
3955116,【𝟐房】$770萬♡有裝即住♡開揚景觀♡歡迎約睇,荃灣,名逸居,7700000,530,2,1,中原地產代理限公司,https://i1.28hse.com/2026/08/202608011547132566060_thumb.jpg,https://www.28hse.com/buy/apartment/property-3955116,2026-08-06T17:33:59.496264+00:00
3955058,"♚♛靚開揚,–罕有園海雙景–▛ 數量有限 ▟ 大量實盤，歡迎約睇",荃灣,柏傲灣,8380000,421,1,1,中原地產代理有限公司,https://i1.28hse.com/2026/08/202608011521113143607_thumb.jpg,https://www.28hse.com/buy/apartment/property-3955058,2026-08-06T17:33:59.496264+00:00
3955024,旺中帶靜#還價即成,荃灣,翠豐臺,6500000,437,2,,中原地產代理限公司,https://i1.28hse.com/2026/08/202608011504581537071_thumb.jpg,https://www.28hse.com/buy/apartment/property-3955024,2026-08-06T17:33:59.496264+00:00
3955016,有裝3房 有匙可看,荃灣,麗城花園,6450000,572,3,1,美聯物業,https://i1.28hse.com/2026/08/202608011500308390807_thumb.jpg,https://www.28hse.com/buy/apartment/property-3955016,2026-08-06T17:33:59.496264+00:00
3954940,【𝟐房】試$𝟔𝐗𝐗萬∎估價𝟔𝟔𝟔萬∎高層開揚∎歡迎約睇,荃灣,昇柏山,6800000,527,2,1,中原地產代理限公司,https://i1.28hse.com/2026/08/202608011421236459106_thumb.jpg,https://www.28hse.com/buy/apartment/property-3954940,2026-08-06T17:33:59.496264+00:00
3954842,"獨家代理,歡迎查詢.",荃灣,麗城花園,6350000,572,3,2,利嘉閣地產有限公司,https://i1.28hse.com/2026/08/202608011334377189001_thumb.jpg,https://www.28hse.com/buy/apartment/property-3954842,2026-08-06T17:33:59.496264+00:00
3954765,清靜山景,荃灣,翠濤閣,4600000,477,2,1,恆信地產,https://i1.28hse.com/2026/08/202608011251153421575_thumb.jpg,https://www.28hse.com/buy/apartment/property-3954765,2026-08-06T17:33:59.496264+00:00
3954443,試479萬荃灣市中心．山景開揚2房可3房筍盤 即買即住首選,荃灣,荃景花園,4990000,408,2,,美聯物業,https://i1.28hse.com/2026/08/202608011137144338804_thumb.jpg,https://www.28hse.com/buy/apartment/property-3954443,2026-08-06T17:33:59.496264+00:00
3954354,648萬柏傲灣大一房 可約睇 呎價平 性價比高 最平係呢間,荃灣,柏傲灣,7000000,392,1,1,美聯物業,https://i1.28hse.com/2026/07/202607312155165748083_thumb.jpg,https://www.28hse.com/buy/apartment/property-3954354,2026-08-06T17:33:59.496264+00:00
3954353,680萬 筍盤推介 實用企理兩房#南北對流#明廚明廁#半新樓 呎價相宜低水,荃灣,環宇海灣,6880000,482,2,1,美聯物業,https://i1.28hse.com/2026/07/202607312152582524752_thumb.jpg,https://www.28hse.com/buy/apartment/property-3954353,2026-08-06T17:33:59.496264+00:00
3954339,筍盤推介#海之戀海景一房 性價比高 自用投資兩相宜,荃灣,海之戀,7500000,391,1,1,美聯物業,https://i1.28hse.com/2026/07/202607312142202054903_thumb.jpg,https://www.28hse.com/buy/apartment/property-3954339,2026-08-06T17:33:59.496264+00:00
3954272,【前排兩房】【靚則推介】盡傾$7xx萬,荃灣,環宇海灣,7780000,502,2,1,美聯物業,https://i1.28hse.com/2026/07/202607312056484601354_thumb.jpg,https://www.28hse.com/buy/apartment/property-3954272,2026-08-06T17:33:59.496264+00:00
3954250,《中原多實盤》●●有匙【高層低市價】6XX萬可試｜業主急走｜還價即成,荃灣,昇柏山,6480000,527,2,1,中原地產,https://i1.28hse.com/2026/08/20260806221905896134_thumb.jpg,https://www.28hse.com/buy/apartment/property-3954250,2026-08-06T17:33:59.496264+00:00
3911684,(永誠置業 全部實盤) 昇柏山 翠綠山景 四房露台 會所泳池 交吉約睇,荃灣,昇柏山,6480000,527,2,1,永誠置業代理有限公司,https://i1.28hse.com/2026/08/202608052031163882831_thumb.jpg,https://www.28hse.com/buy/apartment/property-3911684,2026-08-06T17:33:59.496264+00:00
3953855,保證最平 7xx靚裝修海景三房 全無墳景 超級優質 隨時有睇 睇啱再傾,荃灣,海濱花園,7380000,583,3,,美聯物業代理有限公司,https://i1.28hse.com/2026/07/202607311725098597254_thumb.jpg,https://www.28hse.com/buy/apartment/property-3953855,2026-08-06T17:33:59.496264+00:00
3953779,保證最平 有鎖匙 海景三房 高層非頂樓 睇啱幫你傾多到盡,荃灣,海濱花園,5990000,497,3,,美聯物業代理有限公司,https://i1.28hse.com/2026/07/202607311656556888860_thumb.jpg,https://www.28hse.com/buy/apartment/property-3953779,2026-08-06T17:33:59.496264+00:00
3953713,[日訊物業好多盤] 海景二房必走 對流窗空氣好 已吉有匙,荃灣,海灣花園,5800000,533,2,1,日訊物業代理有限公司,https://i1.28hse.com/2026/07/202607311628592971842_thumb.jpg,https://www.28hse.com/buy/apartment/property-3953713,2026-08-06T17:33:59.496264+00:00
3953693,"高層開陽東南,實用兩房",荃灣,昇柏山,6280000,518,2,1,利嘉閣地產有限公司,https://i1.28hse.com/2026/07/202607311621093023400_thumb.jpg,https://www.28hse.com/buy/apartment/property-3953693,2026-08-06T17:33:59.496264+00:00
3953670,業主割愛，罕有市中心，大平台可種花,荃灣,昌耀大廈,5800000,381,2,1,利嘉閣地產有限公司,https://i1.28hse.com/2026/07/202607311611576294010_thumb.jpg,https://www.28hse.com/buy/apartment/property-3953670,2026-08-06T17:33:59.496264+00:00
3953638,靚裝修，樓底高，感覺舒服,荃灣,朗逸峰,7900000,634,2,1,利嘉閣地產有限公司,https://i1.28hse.com/2026/07/202607311559274149441_thumb.jpg,https://www.28hse.com/buy/apartment/property-3953638,2026-08-06T17:33:59.496264+00:00
3953629,全新裝修,荃灣,海濱花園,6380000,497,3,1,君悅物業,https://i1.28hse.com/2026/07/202607311554426860737_thumb.jpg,https://www.28hse.com/buy/apartment/property-3953629,2026-08-06T17:33:59.496264+00:00
3953605,"歡迎約睇,全海景向西南",荃灣,海濱花園,7380000,583,3,1,君悅物業,https://i1.28hse.com/2026/07/20260731154922615862_thumb.jpg,https://www.28hse.com/buy/apartment/property-3953605,2026-08-06T17:33:59.496264+00:00
3953602,[日訊物業好多盤] 極靚裝修 業主實在賣 隋時約睇,荃灣,海濱花園,5650000,559,3,1,日訊物業代理有限公司,https://i1.28hse.com/2026/07/202607311549537992594_thumb.jpg,https://www.28hse.com/buy/apartment/property-3953602,2026-08-06T17:33:59.496264+00:00
3953563,"地鐵上蓋,實用率高,優美園景",荃灣,綠楊新邨,8200000,582,3,2,利嘉閣地產有限公司,https://i1.28hse.com/2026/07/202607311532497847002_thumb.jpg,https://www.28hse.com/buy/apartment/property-3953563,2026-08-06T17:33:59.496264+00:00
3953487,保證最平 74x靚裝兩房 歡迎約睇,荃灣,環宇海灣,7500000,502,2,1,美聯物業代理有限公司,https://i1.28hse.com/2026/07/202607311459538313360_thumb.jpg,https://www.28hse.com/buy/apartment/property-3953487,2026-08-06T17:33:59.496264+00:00
3953396,專業安排！3房套單位還價即成！間隔實用！,荃灣,愉景新城,7580000,610,3,2,利嘉閣地產有限公司,https://i1.28hse.com/2026/07/202607311406233960116_thumb.jpg,https://www.28hse.com/buy/apartment/property-3953396,2026-08-06T17:33:59.496264+00:00
3953342,保证最平 608 企理装修 少海景 平咗几十万 包你满意,荃灣,海濱花園,6350000,559,3,,美聯物業,https://i1.28hse.com/2026/07/202607311340485109094_thumb.jpg,https://www.28hse.com/buy/apartment/property-3953342,2026-08-06T17:33:59.496264+00:00
3953336,保證最平 筍價490無墳兩房 企理裝修 歡迎隨時查詢,荃灣,海濱花園,4900000,422,2,,美聯物業代理有限公司,https://i1.28hse.com/2026/07/202607311338053345019_thumb.jpg,https://www.28hse.com/buy/apartment/property-3953336,2026-08-06T17:33:59.496264+00:00
3953326,專業安排！單位還價即成！間隔實用！,荃灣,愉景新城,6550000,493,2,1,利嘉閣地產有限公司,https://i1.28hse.com/2026/07/202607311330404985047_thumb.jpg,https://www.28hse.com/buy/apartment/property-3953326,2026-08-06T17:33:59.496264+00:00
3953317,●豪裝即住 ●高層海景 ♡歡迎約睇,荃灣,麗城花園,6800000,572,3,,中原地產代理有限公司,https://i1.28hse.com/2026/07/202607311326457521257_thumb.jpg,https://www.28hse.com/buy/apartment/property-3953317,2026-08-06T17:33:59.496264+00:00
3953278,保證最平 高層罕有三房 有匙隨時睇 內園靚景,荃灣,綠楊新邨,7500000,582,3,1,美聯物業代理有限公司,https://i1.28hse.com/2026/07/202607311310451096556_thumb.jpg,https://www.28hse.com/buy/apartment/property-3953278,2026-08-06T17:33:59.496264+00:00
3953262,高層山景 ！筍盤推介！急售！,荃灣,荃灣中心,4100000,378,2,1,利嘉閣地產有限公司,https://i1.28hse.com/2026/07/202607311258301304784_thumb.jpg,https://www.28hse.com/buy/apartment/property-3953262,2026-08-06T17:33:59.496264+00:00
3952920,《中原最update》●●靚裝高層【山景極開揚】歡迎約睇｜價錢一定幫到你,荃灣,爵悅庭,7900000,452,2,1,中原地產,https://i1.28hse.com/2026/08/20260804214714471545_thumb.jpg,https://www.28hse.com/buy/apartment/property-3952920,2026-08-06T17:33:59.496264+00:00
3897486,自住重本靚裝,荃灣,海濱花園,6500000,559,3,1,君悅物業,https://i1.28hse.com/2026/06/202606191428462840479_thumb.jpg,https://www.28hse.com/buy/apartment/property-3897486,2026-08-06T17:33:59.496264+00:00
3952806,綠楊五百幾呎大兩房@廳大房大@超值抵住立即查詢,荃灣,綠楊新邨,7000000,582,2,1,中原地產,https://i1.28hse.com/2026/07/202607301934528555909_thumb.jpg,https://www.28hse.com/buy/apartment/property-3952806,2026-08-06T17:33:59.496264+00:00
3952790,【可試＄７xx萬！】罕有高層、開揚靚海景３房！間隔企理靚裝修！鄰近西鐵、配套齊全,荃灣,海灣花園,7180000,572,3,1,美聯物業,https://i1.28hse.com/2026/07/202607301918137782152_thumb.jpg,https://www.28hse.com/buy/apartment/property-3952790,2026-08-06T17:33:59.496264+00:00
3952628,荃灣西地鐵站！兩房 還價可成!,荃灣,爵悅庭,7700000,471,2,1,萬豐房產,https://i1.28hse.com/2026/07/202607301756205797778_thumb.jpg,https://www.28hse.com/buy/apartment/property-3952628,2026-08-06T17:33:59.496264+00:00
3952620,大膽還價6百幾萬急放可以約睇,荃灣,愉景新城,7050000,470,2,1,美聯物業,https://i1.28hse.com/2026/07/202607301742387098312_thumb.jpg,https://www.28hse.com/buy/apartment/property-3952620,2026-08-06T17:33:59.496264+00:00
3952610,筍盤推介！高層海景 樂悠居三房套 呢口價進駐荃灣西！,荃灣,樂悠居,8300000,538,3,,美聯物業,https://i1.28hse.com/2026/07/20260730174351681333_thumb.jpg,https://www.28hse.com/buy/apartment/property-3952610,2026-08-06T17:33:59.496264+00:00
3952561,【張小姐 [REDACTED]】【實盤】【歡迎查詢】,荃灣,爵悅庭,5900000,372,1,,美聯物業代理有限公司,https://i1.28hse.com/2026/07/202607301725086095127_thumb.jpg,https://www.28hse.com/buy/apartment/property-3952561,2026-08-06T17:33:59.496264+00:00
3952548,品味裝修！即買即住！只求出售,荃灣,灣景花園,7700000,702,3,,美聯物業(麗城分行),https://i1.28hse.com/2026/07/202607301720066734252_thumb.jpg,https://www.28hse.com/buy/apartment/property-3952548,2026-08-06T17:33:59.496264+00:00
3952542,《中原多實盤》●●7XX萬可傾｜靚裝兩房【罕有】歡迎約睇,荃灣,名逸居,8000000,527,2,1,中原地產,https://i1.28hse.com/2026/07/202607301717407760667_thumb.jpg,https://www.28hse.com/buy/apartment/property-3952542,2026-08-06T17:33:59.496264+00:00
3952422,三房四正 已做大廈維修 光線充足 罕有放盤,荃灣,豪輝花園,5920000,437,3,,美聯物業,https://i1.28hse.com/2026/07/202607301627278316530_thumb.jpg,https://www.28hse.com/buy/apartment/property-3952422,2026-08-06T17:33:59.496264+00:00
3952375,●單邊樓皇 ●開揚3房 ♡歡迎約睇,荃灣,麗城花園,6650000,572,3,,中原地產代理有限公司,https://i1.28hse.com/2026/07/202607301610162263441_thumb.jpg,https://www.28hse.com/buy/apartment/property-3952375,2026-08-06T17:33:59.496264+00:00
3952248,【特色裝修】爵悅庭兩房｜望內園景｜新鴻基樓｜748萬｜可約睇,荃灣,爵悅庭,7480000,450,2,1,中原地產代理有限公司,https://i1.28hse.com/2026/07/202607301518585324380_thumb.jpg,https://www.28hse.com/buy/apartment/property-3952248,2026-08-06T17:33:59.496264+00:00
3952172,價錢可議,荃灣,爵悅庭,5350000,360,1,1,環宇物業,https://i1.28hse.com/2026/07/202607301447146034583_thumb.jpg,https://www.28hse.com/buy/apartment/property-3952172,2026-08-06T17:33:59.496264+00:00
3862377,荃灣富裕樓兩三房一廳售520萬,荃灣,富裕樓,5200000,471,3,1,偉量物業,https://i1.28hse.com/2026/05/202605251449005509214_thumb.jpg,https://www.28hse.com/buy/apartment/property-3862377,2026-08-06T17:33:59.496264+00:00
3951963,投資首選，兩房單位,荃灣,東亞花園,5300000,452,2,1,美聯物業,https://i1.28hse.com/2026/07/202607301254488469993_thumb.jpg,https://www.28hse.com/buy/apartment/property-3951963,2026-08-06T17:33:59.496264+00:00
3951897,向南少海,荃灣,麗城花園,7100000,728,3,2,恆信地產,https://i1.28hse.com/2026/07/202607301212078836078_thumb.jpg,https://www.28hse.com/buy/apartment/property-3951897,2026-08-06T17:33:59.496264+00:00
3951661,【張小姐 [REDACTED]】【實盤】【歡迎查詢】,荃灣,海灣花園,6300000,562,3,,美聯物業代理有限公司,https://i1.28hse.com/2026/07/202607292330484962305_thumb.jpg,https://www.28hse.com/buy/apartment/property-3951661,2026-08-06T17:33:59.496264+00:00
3951459,昇柏山2房，廳大房大，少有放盤,荃灣,昇柏山,6300000,518,2,1,美聯物業,https://i1.28hse.com/2026/07/2026072919075236959_thumb.jpg,https://www.28hse.com/buy/apartment/property-3951459,2026-08-06T17:33:59.496264+00:00
3951399,628萬，極荀市區半新樓，拎包入住，半新樓最高性價比之選,荃灣,昇柏山,6300000,518,2,1,美聯物業,https://i1.28hse.com/2026/07/202607291839597043173_thumb.jpg,https://www.28hse.com/buy/apartment/property-3951399,2026-08-06T17:33:59.496264+00:00
3951368,隨時賣出@荃灣西站最平新樓2房@可以傾價,荃灣,環宇海灣,7300000,491,2,,美聯物業,https://i1.28hse.com/2026/07/202607291826126983592_thumb.jpg,https://www.28hse.com/buy/apartment/property-3951368,2026-08-06T17:33:59.496264+00:00
3951199,投資自用 大廳實用2房 旁邊熊貓酒店商場 交通便利,荃灣,名逸居,7700000,530,2,,美聯物業,https://i1.28hse.com/2026/07/202607291718161068669_thumb.jpg,https://www.28hse.com/buy/apartment/property-3951199,2026-08-06T17:33:59.496264+00:00
3951006,【黃金屋物業 @ 荃威花園 @ 保証實盤】中層東北泳池景、已改三房、有匙即睇！,荃灣,荃威花園,4550000,533,3,1,黃金屋物業代理,https://i1.28hse.com/2026/07/202607291601314978030_thumb.jpg,https://www.28hse.com/buy/apartment/property-3951006,2026-08-06T17:33:59.496264+00:00
3950972,"房大廳大,間隔實用",荃灣,名逸居,7680000,530,2,1,環宇物業,https://i1.28hse.com/2026/07/202607291541033586259_thumb.jpg,https://www.28hse.com/buy/apartment/property-3950972,2026-08-06T17:33:59.496264+00:00
3866273,獨家!!靚裝3房套~東南開揚!!!,荃灣,樂悠居,8180000,538,3,2,環宇物業,https://i1.28hse.com/2026/05/202605281714267164737_thumb.jpg,https://www.28hse.com/buy/apartment/property-3866273,2026-08-06T17:33:59.496264+00:00
3950794,【大1房】靚則海景♡極之罕有♡睇啱可傾♡歡迎約睇,荃灣,柏傲灣,8380000,421,1,1,中原地產,https://i1.28hse.com/2026/07/202607291408068719143_thumb.jpg,https://www.28hse.com/buy/apartment/property-3950794,2026-08-06T17:33:59.496264+00:00
3950400,【張小姐 [REDACTED]】【實盤】【歡迎查詢】,荃灣,海濱花園,4780000,496,2,,美聯物業代理有限公司,https://i1.28hse.com/2026/07/202607282328454579078_thumb.jpg,https://www.28hse.com/buy/apartment/property-3950400,2026-08-06T17:33:59.496264+00:00
3950382,$3XX萬荃威花園P座高層6室｜山景2房精選放售,荃灣,荃威花園,3790000,418,2,1,美聯物業,https://i1.28hse.com/2026/07/202607282250313400503_thumb.jpg,https://www.28hse.com/buy/apartment/property-3950382,2026-08-06T17:33:59.496264+00:00
3950272,(致滙地產-致真實盤)廳大房大. 明廁梗廚,荃灣,名逸居,7700000,530,2,,致滙地產,https://i1.28hse.com/2026/07/202607282017293909109_thumb.jpg,https://www.28hse.com/buy/apartment/property-3950272,2026-08-06T17:33:59.496264+00:00
3950184,【罕有放盤！可試$７xx萬！】可約睇再傾價、靚裝修靚間隔、四正實用、生活配套齊全,荃灣,環宇海灣,7500000,502,2,1,美聯物業,https://i1.28hse.com/2026/07/202607281921436790153_thumb.jpg,https://www.28hse.com/buy/apartment/property-3950184,2026-08-06T17:33:59.496264+00:00
3949964,《中原最齊盤》●●東南靚裝修【即買即住】兩房梗廚明廁｜還價即成,荃灣,翠豐臺,6800000,449,2,1,中原地產,https://i1.28hse.com/2026/07/202607281741355378498_thumb.jpg,https://www.28hse.com/buy/apartment/property-3949964,2026-08-06T17:33:59.496264+00:00
3949924,半新樓！上車首選！高層開揚景! 企理兩房!業主換樓急放! 還價可成!,荃灣,昇柏山,6480000,527,2,,美聯物業,https://i1.28hse.com/2026/07/202607281724454417403_thumb.jpg,https://www.28hse.com/buy/apartment/property-3949924,2026-08-06T17:33:59.496264+00:00
3013116,三房首選，鄰近地鐵,荃灣,,5080000,471,3,1,荃盛置業有限公司,https://i1.28hse.com/2026/07/202607141650006447724_thumb.jpg,https://www.28hse.com/buy/apartment/property-3013116,2026-08-06T17:33:59.496264+00:00
3949700,荃灣山景三房筍盤｜實用495呎｜$450萬入場,荃灣,荃景花園,4730000,495,3,1,美聯物業,https://i1.28hse.com/2026/07/20260728160244198663_thumb.jpg,https://www.28hse.com/buy/apartment/property-3949700,2026-08-06T17:33:59.496264+00:00
3949640,$390萬荃灣中心南寧樓(16座)低層H室係罕有374呎兩房優質放盤！,荃灣,荃灣中心,4100000,374,2,1,美聯物業,https://i1.28hse.com/2026/07/202607281530077525938_thumb.jpg,https://www.28hse.com/buy/apartment/property-3949640,2026-08-06T17:33:59.496264+00:00
3949507,中原麗城【新委託】【已吉有匙】,荃灣,麗城花園,6650000,572,3,1,中原地產代理有限公司,https://i1.28hse.com/2026/07/202607281435143448520_thumb.jpg,https://www.28hse.com/buy/apartment/property-3949507,2026-08-06T17:33:59.496264+00:00
3949492,中原麗城【新委託】【特大廳房】,荃灣,灣景花園,7700000,702,3,2,中原地產代理有限公司,https://i1.28hse.com/2026/07/202607281429277420204_thumb.jpg,https://www.28hse.com/buy/apartment/property-3949492,2026-08-06T17:33:59.496264+00:00
3949328,【黃金屋物業 @ 荃威花園 @ 保証實盤】中層東北泳池景、已改三房、有匙即睇！,荃灣,荃威花園,4550000,533,3,1,黃金屋物業代理,https://i1.28hse.com/2026/07/202607281807511253747_thumb.jpg,https://www.28hse.com/buy/apartment/property-3949328,2026-08-06T17:33:59.496264+00:00
3949326,【黃金屋物業 @ 荃威花園 @ 保証實盤】中層東北泳池景、已改三房、有匙即睇！,荃灣,荃威花園,4550000,533,3,1,黃金屋物業代理,https://i1.28hse.com/2026/08/202608031837115796294_thumb.jpg,https://www.28hse.com/buy/apartment/property-3949326,2026-08-06T17:33:59.496264+00:00
3949258,【黃金屋物業 @ 荃威花園 @ 保證實盤】罕有連天台、生話配套齊、巴士總站！,荃灣,荃威花園,4790000,533,2,1,黃金屋物業代理,https://i1.28hse.com/2026/07/202607281155524994838_thumb.jpg,https://www.28hse.com/buy/apartment/property-3949258,2026-08-06T17:33:59.496264+00:00
3949172,兩年豪裝，清靜翠綠,荃灣,灣景花園,7700000,702,3,2,恆信地產,https://i1.28hse.com/2026/07/20260728104038880280_thumb.jpg,https://www.28hse.com/buy/apartment/property-3949172,2026-08-06T17:33:59.496264+00:00
3788647,開揚內園,荃灣,麗城花園,7380000,742,3,2,恆信地產,https://i1.28hse.com/2026/04/202604121642412043985_thumb.jpg,https://www.28hse.com/buy/apartment/property-3788647,2026-08-06T17:33:59.496264+00:00
3949036,名牌屋苑 用料上乘,荃灣,柏傲灣,7700000,388,1,,中原地產,https://i1.28hse.com/2026/07/202607272228166593673_thumb.jpg,https://www.28hse.com/buy/apartment/property-3949036,2026-08-06T17:33:59.496264+00:00
3948928,全新靚裝心思設計 兩房即買即住,荃灣,荃灣中心,4000000,374,2,1,盛業地產代理有限公司,https://i1.28hse.com/2026/07/20260727195119300217_thumb.jpg,https://www.28hse.com/buy/apartment/property-3948928,2026-08-06T17:33:59.496264+00:00
3889971,有裝修 開陽向南 單位出售 歡迎睇樓,荃灣,翠豐臺,6680000,481,2,1,荃滙地產,https://i1.28hse.com/2026/06/202606131735296101306_thumb.jpg,https://www.28hse.com/buy/apartment/property-3889971,2026-08-06T17:33:59.496264+00:00
3948701,^^ 獨家代理～ 全屋水喉電線窗 已更換！拎包入住！慳水慳力！ 歡迎查詢,荃灣,麗城花園,6350000,572,3,,利嘉閣地產有限公司,https://i1.28hse.com/2026/07/202607271742361445777_thumb.jpg,https://www.28hse.com/buy/apartment/property-3948701,2026-08-06T17:33:59.496264+00:00
3948695,!!!!可試6XX 2房上車筍盤 投資自住一流 有票盡傾 日內必走!!!,荃灣,爵悅庭,7000000,450,2,1,利嘉閣地產有限公司,https://i1.28hse.com/2026/07/202607271737114335887_thumb.jpg,https://www.28hse.com/buy/apartment/property-3948695,2026-08-06T17:33:59.496264+00:00
3948647,𖥔兩房則皇𖥔間格四正𖥔,荃灣,海濱花園,4600000,450,2,1,居而安物業,https://i1.28hse.com/2026/07/20260727172229153686_thumb.jpg,https://www.28hse.com/buy/apartment/property-3948647,2026-08-06T17:33:59.496264+00:00
3948612,[日訊物業好多盤] 有匙三房套 業主實在賣 等你查詢,荃灣,海濱花園,7600000,647,3,2,日訊物業代理有限公司,https://i1.28hse.com/2026/07/202607271703381873076_thumb.jpg,https://www.28hse.com/buy/apartment/property-3948612,2026-08-06T17:33:59.496264+00:00
3948537,實盤!有匙!,荃灣,爵悅庭,7650000,469,1,,美聯物業,https://i1.28hse.com/2026/07/202607271638527544676_thumb.jpg,https://www.28hse.com/buy/apartment/property-3948537,2026-08-06T17:33:59.496264+00:00
3948298,6xx萬♛最筍2房入埸中層♛交吉,荃灣,環宇海灣,6880000,482,2,1,美聯物業,https://i1.28hse.com/2026/07/202607271449403310710_thumb.jpg,https://www.28hse.com/buy/apartment/property-3948298,2026-08-06T17:33:59.496264+00:00
3892806,{富裕地產必睇推介} 頂級設計 獨特一級用料靚 {100印花稅必睇},荃灣,荃灣中心,4000000,374,2,1,富裕地產荃中第一分行,https://i1.28hse.com/2026/06/202606151911276176503_thumb.jpg,https://www.28hse.com/buy/apartment/property-3892806,2026-08-06T17:33:59.496264+00:00
3947904,荃灣地鐵站！企理兩房！開揚景觀！隨時引睇！還價可成！,荃灣,荃昌中心,5600000,368,2,,美聯物業,https://i1.28hse.com/2026/07/202607271049143897334_thumb.jpg,https://www.28hse.com/buy/apartment/property-3947904,2026-08-06T17:33:59.496264+00:00
3947713,《實盤可睇》高層開揚市景｜實用兩房｜歡迎查詢,荃灣,昇柏山,6480000,527,2,1,美聯物業,https://i1.28hse.com/2026/07/202607262033057490046_thumb.jpg,https://www.28hse.com/buy/apartment/property-3947713,2026-08-06T17:33:59.496264+00:00
3947650,遺產貨急走✚▛海景𝟑房套▟✚有匙睇樓✚逆按揭走貨✚保證實盤✚歡迎致電,荃灣,翠濤閣,6600000,703,3,2,中原地產代理限公司,https://i1.28hse.com/2026/07/202607261925485176910_thumb.jpg,https://www.28hse.com/buy/apartment/property-3947650,2026-08-06T17:33:59.496264+00:00
3947594,性價比極高！聰明的你一定識揀！,荃灣,翠濤閣,6600000,703,3,2,中原地產代理有限公司,https://i1.28hse.com/2026/07/202607261854261501543_thumb.jpg,https://www.28hse.com/buy/apartment/property-3947594,2026-08-06T17:33:59.496264+00:00
3947569,首選推介 鄰近地鐵 位置方便,荃灣,荃豐中心,5490000,376,2,,美聯物業,https://i1.28hse.com/2026/07/202607261842321434109_thumb.jpg,https://www.28hse.com/buy/apartment/property-3947569,2026-08-06T17:33:59.496264+00:00
3947510,紅日照綠楊！白雲襯藍天！極美！,荃灣,綠楊新邨,7000000,582,3,1,中原地產代理有限公司,https://i1.28hse.com/2026/07/202607261819503885709_thumb.jpg,https://www.28hse.com/buy/apartment/property-3947510,2026-08-06T17:33:59.496264+00:00
3947492,筍盤推薦！兩房則皇 冇墳 有海景 單邊 梗廚廁所有窗 可睇樓！,荃灣,環宇海灣,7300000,491,2,,美聯物業,https://i1.28hse.com/2026/07/202607261813065548558_thumb.jpg,https://www.28hse.com/buy/apartment/property-3947492,2026-08-06T17:33:59.496264+00:00
3947469,✚▛靚裝必走𝟑房▟✚高層山景✚有匙睇樓✚有VR有影片✚保證實盤✚歡迎致電,荃灣,荃景花園,6200000,511,3,1,中原地產代理限公司,https://i1.28hse.com/2026/07/202607261757207746322_thumb.jpg,https://www.28hse.com/buy/apartment/property-3947469,2026-08-06T17:33:59.496264+00:00
3947362,大單邊 靚裝 平售,荃灣,荃威花園,4250000,536,2,1,卓龍地產代理有限公司,https://i1.28hse.com/2026/07/202607281819311267993_thumb.jpg,https://www.28hse.com/buy/apartment/property-3947362,2026-08-06T17:33:59.496264+00:00
3947328,"***房大廳大,仲要望到海!*唔反價,快D PM我拎資料啦",荃灣,海灣花園,6300000,562,3,1,中原地產代理有限公司,https://i1.28hse.com/2026/07/202607261701284177527_thumb.jpg,https://www.28hse.com/buy/apartment/property-3947328,2026-08-06T17:33:59.496264+00:00
3860129,(永誠置業 全部實盤) 昇柏山 兩房 開揚光猛 筍盤即住,荃灣,昇柏山,5480000,527,2,1,永誠置業代理有限公司,https://i1.28hse.com/2026/05/202605231434133231341_thumb.jpg,https://www.28hse.com/buy/apartment/property-3860129,2026-08-06T17:33:59.496264+00:00
3946947,(晉誠地產獨家代理) 《極高層西南海》有匙即看！銀行估足價！,荃灣,翠豐臺,6650000,450,2,1,晉誠地產代理有限公司,https://i1.28hse.com/2026/07/202607261117283156695_thumb.jpg,https://www.28hse.com/buy/apartment/property-3946947,2026-08-06T17:33:59.496264+00:00
3946705,天然養吧！高層開陽景！企理大兩房！有匙引睇! 還價可成!,荃灣,荃威花園,4550000,533,2,,美聯物業,https://i1.28hse.com/2026/07/202607251848407499484_thumb.jpg,https://www.28hse.com/buy/apartment/property-3946705,2026-08-06T17:33:59.496264+00:00
3946686,海之恋一房至尊户型｜汀九桥海景・静享私密｜港铁上盖,荃灣,海之戀,7900000,393,1,,中原地產代理有限公司,https://i1.28hse.com/2026/07/202607251841207633538_thumb.jpg,https://www.28hse.com/buy/apartment/property-3946686,2026-08-06T17:33:59.496264+00:00
3946651,罕有 靚裝 拎包入住,荃灣,愉景新城,7280000,493,2,1,中原地產代理有限公司,https://i1.28hse.com/2026/08/202608011711115704582_thumb.jpg,https://www.28hse.com/buy/apartment/property-3946651,2026-08-06T17:33:59.496264+00:00
3488902,連天台空中大平台 即買即住,荃灣,荃威花園,5200000,395,2,1,盛業地產代理有限公司,https://i1.28hse.com/2025/07/202507231859175024471_thumb.jpg,https://www.28hse.com/buy/apartment/property-3488902,2026-08-06T17:33:59.496264+00:00
3515149,三房兩巨廳 靚裝對流大窗,荃灣,家興大廈,5280000,588,3,2,盛業地產代理有限公司,https://i1.28hse.com/2026/07/202607311609326607188_thumb.jpg,https://www.28hse.com/buy/apartment/property-3515149,2026-08-06T17:33:59.496264+00:00
3946599,靚裝 上車 2 房,荃灣,荃景花園,5880000,434,2,1,中原地產代理有限公司,https://i1.28hse.com/2026/07/202607251801143452490_thumb.jpg,https://www.28hse.com/buy/apartment/property-3946599,2026-08-06T17:33:59.496264+00:00
3946506,荃灣昌樂大廈［田邦置業］實用479尺3房 鄰近地鐵站,荃灣,昌樂大廈,4750000,479,3,1,田邦置業有限公司,https://i1.28hse.com/2026/07/20260725172424391915_thumb.jpg,https://www.28hse.com/buy/apartment/property-3946506,2026-08-06T17:33:59.496264+00:00
3946464,荃景花園［田邦置業 ］實用428呎 2房 高層 景觀開揚,荃灣,荃景花園,5500000,428,2,1,田邦置業有限公司,https://i1.28hse.com/2026/07/202607251710403621454_thumb.jpg,https://www.28hse.com/buy/apartment/property-3946464,2026-08-06T17:33:59.496264+00:00
3946282,荃灣地鐵站！筍價3房！企理裝修！隨時引睇！還價可成！,荃灣,豪輝花園,5920000,437,3,,美聯物業,https://i1.28hse.com/2026/07/202607251551085849176_thumb.jpg,https://www.28hse.com/buy/apartment/property-3946282,2026-08-06T17:33:59.496264+00:00
3946277,連約筍盤♛低市價走♛只此一間 ♛,荃灣,荃灣廣場,6700000,433,2,1,美聯物業,https://i1.28hse.com/2026/07/202607251554487177472_thumb.jpg,https://www.28hse.com/buy/apartment/property-3946277,2026-08-06T17:33:59.496264+00:00
3945718,【張小姐 [REDACTED]】【實盤】【歡迎查詢】,荃灣,海之戀,7500000,391,1,,美聯物業代理有限公司,https://i1.28hse.com/2026/07/202607250020425268883_thumb.jpg,https://www.28hse.com/buy/apartment/property-3945718,2026-08-06T17:33:59.496264+00:00
3945647,【利嘉閣•真盤源】有片！有VR！超高實用，三房一套，開揚海景！睇啱落力幫你傾！,荃灣,翠濤閣,6600000,703,3,2,利嘉閣地產有限公司,https://i1.28hse.com/2026/07/202607242233487199118_thumb.jpg,https://www.28hse.com/buy/apartment/property-3945647,2026-08-06T17:33:59.496264+00:00
3945613,可間𝟑房✚▛全城最平必走▟✚超抵水內園景✚有🆅🆁可約睇樓✚保證實盤✚歡迎,荃灣,海濱花園,4880000,496,2,1,中原地產代理限公司,https://i1.28hse.com/2026/07/202607242113568037438_thumb.jpg,https://www.28hse.com/buy/apartment/property-3945613,2026-08-06T17:33:59.496264+00:00
3945517,【可試650萬】【高層有裝】【筍盤一閃即逝】,荃灣,麗城花園,6700000,668,3,2,美聯物業,https://i1.28hse.com/2026/07/20260724200509274992_thumb.jpg,https://www.28hse.com/buy/apartment/property-3945517,2026-08-06T17:33:59.496264+00:00
3945509,●有裝即住 ●3房改1房 ●劈價 ♡歡迎約睇,荃灣,荃景花園,4730000,495,3,,中原地產代理有限公司,https://i1.28hse.com/2026/07/202607241955295236145_thumb.jpg,https://www.28hse.com/buy/apartment/property-3945509,2026-08-06T17:33:59.496264+00:00
3945480,"間格四正，翠綠山景, 環境清幽，歡迎約睇",荃灣,翠豐臺,6500000,424,2,1,美聯物業,https://i1.28hse.com/2026/07/202607241937592158867_thumb.jpg,https://www.28hse.com/buy/apartment/property-3945480,2026-08-06T17:33:59.496264+00:00
3945423,"正東南方向,園池景",荃灣,綠楊新邨,7880000,582,3,1,中原地產代理有限公司,https://i1.28hse.com/2026/07/20260724190442150147_thumb.jpg,https://www.28hse.com/buy/apartment/property-3945423,2026-08-06T17:33:59.496264+00:00
3527009,荃灣罕有村屋 有裝修三樓連天台,荃灣,傳耀台,5180000,700,2,2,驣星物業有限公司,https://i1.28hse.com/2025/08/202508021424355250113_thumb.jpg,https://www.28hse.com/buy/apartment/property-3527009,2026-08-06T17:33:59.496264+00:00
3945218,業主急走 2房四正 極筍上車盤 有票盡傾 再唔買又升,荃灣,映日灣,8050000,423,2,1,利嘉閣地產有限公司,https://i1.28hse.com/2026/07/202607241742362000292_thumb.jpg,https://www.28hse.com/buy/apartment/property-3945218,2026-08-06T17:33:59.496264+00:00
3945125,保證最平 478買可間3房 仲平過兩房 可以約睇樓,荃灣,海濱花園,4880000,496,2,,美聯物業,https://i1.28hse.com/2026/07/202607241653357928399_thumb.jpg,https://www.28hse.com/buy/apartment/property-3945125,2026-08-06T17:33:59.496264+00:00
3945076,荃景花園 2期 3房套,荃灣,荃景花園,5880000,551,3,2,桂達地產,https://i1.28hse.com/2026/07/202607241636055777418_thumb.jpg,https://www.28hse.com/buy/apartment/property-3945076,2026-08-06T17:33:59.496264+00:00
3944820,荃景花園 可間3房 超筍售!!!,荃灣,荃景花園,4680000,495,1,1,桂達地產,https://i1.28hse.com/2026/07/202607241459156982126_thumb.jpg,https://www.28hse.com/buy/apartment/property-3944820,2026-08-06T17:33:59.496264+00:00
3944732,投資首選精緻裝修,荃灣,荃灣中心,3980000,380,2,,中原地產,https://i1.28hse.com/2026/07/202607241416507619746_thumb.jpg,https://www.28hse.com/buy/apartment/property-3944732,2026-08-06T17:33:59.496264+00:00
3944434,[富裕地產高層有裝修推介] 即住● 開揚有裝修 ● 相熟業主,荃灣,荃景花園,6100000,511,3,1,富裕地產荃中第一分行,https://i1.28hse.com/2026/07/202607241115493913757_thumb.jpg,https://www.28hse.com/buy/apartment/property-3944434,2026-08-06T17:33:59.496264+00:00
3944432,●獨家 ●高層東南 ● 2房 ♡歡迎約睇,荃灣,麗城花園,5800000,470,2,,中原地產代理有限公司,https://i1.28hse.com/2026/07/202607241115518776599_thumb.jpg,https://www.28hse.com/buy/apartment/property-3944432,2026-08-06T17:33:59.496264+00:00
3874612,[富裕地產匙盤推介] 相熟業主可傾平● 高層開揚 ● 3房2廁即睇,荃灣,荃景花園,6980000,577,3,2,富裕地產荃中第一分行,https://i1.28hse.com/2026/06/202606031834317358479_thumb.jpg,https://www.28hse.com/buy/apartment/property-3874612,2026-08-06T17:33:59.496264+00:00
3944263,荃威一線靚盤開價@7692 超級筍 價照傾無限可能(富裕地產獨家代理)),荃灣,荃威花園,4350000,546,2,,富裕地產荃中第一分行,https://i1.28hse.com/2026/07/202607232334552238955_thumb.jpg,https://www.28hse.com/buy/apartment/property-3944263,2026-08-06T17:33:59.496264+00:00
3944184,買家免佣 【銀主盤】 大膽還價有驚喜 真盤真價｜銀主盤專家｜有匙引看,荃灣,荃景花園,5280000,441,2,1,銀置地產有限公司,https://i1.28hse.com/2026/07/202607232156412710726_thumb.jpg,https://www.28hse.com/buy/apartment/property-3944184,2026-08-06T17:33:59.496264+00:00
3944100,中原麗城【新委託平過估價】【東南海景】【有匙即看】,荃灣,麗城花園,8000000,728,3,2,中原地產代理有限公司,https://i1.28hse.com/2026/07/202607232030542963940_thumb.jpg,https://www.28hse.com/buy/apartment/property-3944100,2026-08-06T17:33:59.496264+00:00
3943948,[有匙即睇］［超值三房］［靚裝山景］兩房+書房 新鴻基樓,荃灣,荃景花園,6180000,511,3,1,美聯物業,https://i1.28hse.com/2026/07/202607231852092917400_thumb.jpg,https://www.28hse.com/buy/apartment/property-3943948,2026-08-06T17:33:59.496264+00:00
3943764,可試790萬，三房換樓之選，嘉里名廈,荃灣,縉庭山,8150000,622,3,1,美聯物業,https://i1.28hse.com/2026/07/202607231745564283299_thumb.jpg,https://www.28hse.com/buy/apartment/property-3943764,2026-08-06T17:33:59.496264+00:00
3943581,連310呎天台,荃灣,荃灣中心,3800000,362,2,1,豪豐物業代理(佐敦),https://i1.28hse.com/2026/07/202607231643277183613_thumb.jpg,https://www.28hse.com/buy/apartment/property-3943581,2026-08-06T17:33:59.496264+00:00
3943521,荃灣市中心．翠豐臺3座中層B室｜實用兩房　優質放售可試價63X萬,荃灣,翠豐臺,6500000,424,2,1,美聯物業,https://i1.28hse.com/2026/07/2026072316262635855_thumb.jpg,https://www.28hse.com/buy/apartment/property-3943521,2026-08-06T17:33:59.496264+00:00
3943409,●開揚山景 ●2房即睇 ♡歡迎預約,荃灣,翠豐臺,6500000,424,2,,中原地產代理有限公司,https://i1.28hse.com/2026/07/202607231553163324472_thumb.jpg,https://www.28hse.com/buy/apartment/property-3943409,2026-08-06T17:33:59.496264+00:00
3943167,●豪華靚裝 ●2房即住 ♡歡迎約睇,荃灣,荃灣中心,4380000,374,2,,中原地產代理有限公司,https://i1.28hse.com/2026/07/202607231354022303573_thumb.jpg,https://www.28hse.com/buy/apartment/property-3943167,2026-08-06T17:33:59.496264+00:00
3943144,🆅🆁♞㊤睇▛❻⓿萬新裝▟✰即簽價４２５萬✰,荃灣,荃灣中心,4380000,374,2,1,中原地產代理有限公司,https://i1.28hse.com/2026/07/202607231343531414837_thumb.jpg,https://www.28hse.com/buy/apartment/property-3943144,2026-08-06T17:33:59.496264+00:00
3943107,●60萬靚裝●2房內園●即買即住即收租♡歡迎約睇,荃灣,荃景花園,5880000,434,2,,中原地產代理有限公司,https://i1.28hse.com/2026/07/202607231319046686754_thumb.jpg,https://www.28hse.com/buy/apartment/property-3943107,2026-08-06T17:33:59.496264+00:00
3943058,海濱花園 6座 低層F室｜臨海3房則優選，實用抵買之選，價錢可傾4XX,荃灣,海濱花園,4780000,496,2,1,美聯物業,https://i1.28hse.com/2026/07/202607231246313230454_thumb.jpg,https://www.28hse.com/buy/apartment/property-3943058,2026-08-06T17:33:59.496264+00:00
3943042,夫婦/單身貴族近大閘出入口極方便 打通一大房 光猛開揚山景,荃灣,荃景花園,4280000,408,1,1,益亞地產有限公司,https://i1.28hse.com/2026/07/202607231235453530754_thumb.jpg,https://www.28hse.com/buy/apartment/property-3943042,2026-08-06T17:33:59.496264+00:00
3942968,獨家無墳前座♛可試730♛2房,荃灣,環宇海灣,7300000,491,2,1,美聯物業,https://i1.28hse.com/2026/07/202607231151396067923_thumb.jpg,https://www.28hse.com/buy/apartment/property-3942968,2026-08-06T17:33:59.496264+00:00
3942849,荃灣中心10座中層 低水三房 100蚊印花稅 歡迎參觀,荃灣,荃灣中心,4000000,425,3,1,,https://i1.28hse.com/2026/07/2026072309535775024_thumb.jpg,https://www.28hse.com/buy/apartment/property-3942849,2026-08-06T17:33:59.496264+00:00
3942673,《中原最齊盤》●●海景兩房｜有層數有質素歡迎查詢,荃灣,爵悅庭,7300000,450,2,1,中原地產,https://i1.28hse.com/2026/07/202607222116191447080_thumb.jpg,https://www.28hse.com/buy/apartment/property-3942673,2026-08-06T17:33:59.496264+00:00
3942190,【必走筍盤】罕有靚裝，即買即住，歡迎約睇,荃灣,富麗花園,5380000,431,2,1,美聯物業代理有限公司,https://i1.28hse.com/2026/07/202607221658461324330_thumb.jpg,https://www.28hse.com/buy/apartment/property-3942190,2026-08-06T17:33:59.496264+00:00
3942062,[日訊物業好多盤] 超值二房 等你查詢 唔好錯過,荃灣,海濱花園,4800000,453,2,1,日訊物業代理有限公司,https://i1.28hse.com/2026/07/202607221612173417791_thumb.jpg,https://www.28hse.com/buy/apartment/property-3942062,2026-08-06T17:33:59.496264+00:00
3942040,【張小姐 [REDACTED]】【實盤】【歡迎查詢】,荃灣,名逸居,7700000,530,2,,美聯物業代理有限公司,https://i1.28hse.com/2026/07/20260722160756438872_thumb.jpg,https://www.28hse.com/buy/apartment/property-3942040,2026-08-06T17:33:59.496264+00:00
3941935,極高層開揚海景,荃灣,海之戀,7900000,393,1,1,中原地產,https://i1.28hse.com/2026/07/202607221523561174249_thumb.jpg,https://www.28hse.com/buy/apartment/property-3941935,2026-08-06T17:33:59.496264+00:00
3941861,**全新裝修*兩房*快D pm 我啦,荃灣,海濱花園,5180000,419,2,,中原地產代理有限公司,https://i1.28hse.com/2026/07/202607221441062910554_thumb.jpg,https://www.28hse.com/buy/apartment/property-3941861,2026-08-06T17:33:59.496264+00:00
3941856,(致滙地產-致真實盤)自用投資 實客可議,荃灣,名逸居,7600000,526,2,,致滙地產,https://i1.28hse.com/2026/07/202607221438285512968_thumb.jpg,https://www.28hse.com/buy/apartment/property-3941856,2026-08-06T17:33:59.496264+00:00
3941790,(致滙地產-致真實盤)優質東南. 用家致愛,荃灣,東亞花園,5250000,452,2,,致滙地產,https://i1.28hse.com/2026/07/202607221358472903209_thumb.jpg,https://www.28hse.com/buy/apartment/property-3941790,2026-08-06T17:33:59.496264+00:00
3941690,***靚裝兩房***實用率高***,荃灣,海濱花園,4980000,422,2,,中原地產代理有限公司,https://i1.28hse.com/2026/07/202607221242316462635_thumb.jpg,https://www.28hse.com/buy/apartment/property-3941690,2026-08-06T17:33:59.496264+00:00
3941416,【張小姐 [REDACTED]】【實盤】【歡迎查詢】,荃灣,荃灣廣場,6700000,433,2,,美聯物業代理有限公司,https://i1.28hse.com/2026/07/20260721231505835320_thumb.jpg,https://www.28hse.com/buy/apartment/property-3941416,2026-08-06T17:33:59.496264+00:00
3941230,《中原保證最平》●●樓王一房【汀九靚裝】有匙即睇 還價即成,荃灣,海之戀,7900000,393,1,1,中原地產,https://i1.28hse.com/2026/07/202607252010103351103_thumb.jpg,https://www.28hse.com/buy/apartment/property-3941230,2026-08-06T17:33:59.496264+00:00
3941183,550萬，三房性價比最強之選，有裝，即買即住,荃灣,錦豐園,5580000,518,3,1,美聯物業,https://i1.28hse.com/2026/07/202607211846178563153_thumb.jpg,https://www.28hse.com/buy/apartment/property-3941183,2026-08-06T17:33:59.496264+00:00
3941100,罕有靚裝 ［三房套］拖篋入住,荃灣,綠楊新邨,8200000,582,3,,美聯物業代理有限公司,https://i1.28hse.com/2026/07/202607211808264661270_thumb.jpg,https://www.28hse.com/buy/apartment/property-3941100,2026-08-06T17:33:59.496264+00:00
3940925,45X萬，至荀港鐵站三房，大型商場，街市，生活所需應有盡有,荃灣,東亞花園,4950000,452,2,1,美聯物業,https://i1.28hse.com/2026/07/202607211654508645516_thumb.jpg,https://www.28hse.com/buy/apartment/property-3940925,2026-08-06T17:33:59.496264+00:00
3940812,●極高層 ●單邊開揚山景 ●大2房 ♡歡迎約睇,荃灣,綠楊新邨,6600000,475,2,,中原地產代理有限公司,https://i1.28hse.com/2026/07/202607211603396128941_thumb.jpg,https://www.28hse.com/buy/apartment/property-3940812,2026-08-06T17:33:59.496264+00:00
3940799,保證最平 東南樓皇三房 有匙即睇 歡迎隨時查詢,荃灣,綠楊新邨,8200000,582,3,,美聯物業,https://i1.28hse.com/2026/07/202607211557471156169_thumb.jpg,https://www.28hse.com/buy/apartment/property-3940799,2026-08-06T17:33:59.496264+00:00
3940777,保證最平 478買可間3房 仲平過兩房 可以約睇樓,荃灣,海濱花園,4880000,496,2,,美聯物業,https://i1.28hse.com/2026/07/202607211550535700818_thumb.jpg,https://www.28hse.com/buy/apartment/property-3940777,2026-08-06T17:33:59.496264+00:00
3940505,[2房精選] 單位近年全翻新靚裝，可試價$63X萬,荃灣,愉景新城,6500000,477,2,1,中港置業,https://i1.28hse.com/2026/07/202607211339005615435_thumb.jpg,https://www.28hse.com/buy/apartment/property-3940505,2026-08-06T17:33:59.496264+00:00
3940430,▛3期，靚景▟ ，罕有放盤，有匙，歡迎約睇,荃灣,荃灣中心,4100000,378,2,1,中原地產代理有限公司,https://i1.28hse.com/2026/07/202607211249545858323_thumb.jpg,https://www.28hse.com/buy/apartment/property-3940430,2026-08-06T17:33:59.496264+00:00
3845623,雅裝少海向南,荃灣,麗城花園,6780000,668,3,2,恆信地產,https://i1.28hse.com/2026/05/202605121721565930140_thumb.jpg,https://www.28hse.com/buy/apartment/property-3845623,2026-08-06T17:33:59.496264+00:00
3940170,【筍】獨家※400萬樓下※靚裝兩房 翠綠山景 百元厘印 上車恩物 自用收租兩相宜,荃灣,荃威花園,3980000,480,2,1,金國置業,https://i1.28hse.com/2026/07/202607210027442961314_thumb.jpg,https://www.28hse.com/buy/apartment/property-3940170,2026-08-06T17:33:59.496264+00:00
3940162,【荃灣市中心 530呎2房筍盤 695萬】,荃灣,名逸居,7700000,530,2,1,美聯物業,https://i1.28hse.com/2026/07/202607202347058869398_thumb.jpg,https://www.28hse.com/buy/apartment/property-3940162,2026-08-06T17:33:59.496264+00:00
3940128,快閃價！企理 2房 環境舒適 還價即成 睇樓Call我,荃灣,樂悠居,6880000,435,2,1,中原地產,https://i1.28hse.com/2026/07/202607202219386277953_thumb.jpg,https://www.28hse.com/buy/apartment/property-3940128,2026-08-06T17:33:59.496264+00:00
3940121,綠楊獨家盤@本月出線三房@換樓上車機會又來了！ 可一不可再 立即Call我,荃灣,綠楊新邨,7000000,582,3,1,中原地產,https://i1.28hse.com/2026/07/202607202211061559655_thumb.jpg,https://www.28hse.com/buy/apartment/property-3940121,2026-08-06T17:33:59.496264+00:00
3780419,業主放盤，康睦庭園2座18E，歡迎代理,荃灣,康睦庭園,6500000,464,2,1,,https://i1.28hse.com/2026/03/202603202203165441697_thumb.jpg,https://www.28hse.com/buy/apartment/property-3780419,2026-08-06T17:33:59.496264+00:00
3939937,爵悅庭超筍 正南兩房 內園景觀 環境幽靜,荃灣,爵悅庭,7650000,469,2,1,中原地產,https://i1.28hse.com/2026/07/202607201830228439267_thumb.jpg,https://www.28hse.com/buy/apartment/property-3939937,2026-08-06T17:33:59.496264+00:00
3939825,【荃灣西極罕海景筍盤】2房全海景 可傾719萬入手樂悠居高層！,荃灣,樂悠居,7300000,420,2,,美聯物業,https://i1.28hse.com/2026/07/202607201729203881503_thumb.jpg,https://www.28hse.com/buy/apartment/property-3939825,2026-08-06T17:33:59.496264+00:00
3939807,【荃灣核心 470呎2房山景戶 可6XX萬】立即搶購！,荃灣,愉景新城,7050000,470,2,1,美聯物業,https://i1.28hse.com/2026/07/202607201719173449017_thumb.jpg,https://www.28hse.com/buy/apartment/property-3939807,2026-08-06T17:33:59.496264+00:00
3939665,開揚海景，兩房一廁，有匙可約睇,荃灣,海濱花園,5380000,450,2,1,地產平台,https://i1.28hse.com/2026/07/202607201614591819767_thumb.jpg,https://www.28hse.com/buy/apartment/property-3939665,2026-08-06T17:33:59.496264+00:00
3939463,靚裝3房 荃灣廣場上蓋 實用間隔 市區核心 生活便利 可約睇樓 價格可議,荃灣,荃灣廣場,8280000,552,3,1,中原地產,https://i1.28hse.com/2026/07/202607201406188940332_thumb.jpg,https://www.28hse.com/buy/apartment/property-3939463,2026-08-06T17:33:59.496264+00:00
3813053,𖥔𖥔𖥔靚裝即住 一閃即逝𖥔𖥔𖥔,荃灣,海濱花園,5250000,422,2,1,居而安物業,https://i1.28hse.com/2026/07/202607281550381594853_thumb.jpg,https://www.28hse.com/buy/apartment/property-3813053,2026-08-06T17:33:59.496264+00:00
3939327,【綠楊新邨分行Alison推介】F座近站，開陽景觀，歡迎約睇,荃灣,綠楊新邨,6280000,445,2,1,美聯物業代理有限公司,https://i1.28hse.com/2026/07/20260720122857273182_thumb.jpg,https://www.28hse.com/buy/apartment/property-3939327,2026-08-06T17:33:59.496264+00:00
3939295,【柏傲湾稀有放盤】一房至尊户型｜公园全景・静享私密｜港铁5分钟直达,荃灣,柏傲灣,7180000,388,1,,中原地產代理有限公司,https://i1.28hse.com/2026/07/202607201202014035646_thumb.jpg,https://www.28hse.com/buy/apartment/property-3939295,2026-08-06T17:33:59.496264+00:00
3939267,荃灣地鐵站！近商場座數! 高層內園景!有匙引睇! 還價可成!,荃灣,綠楊新邨,8200000,582,3,,美聯物業,https://i1.28hse.com/2026/07/202607201138305966135_thumb.jpg,https://www.28hse.com/buy/apartment/property-3939267,2026-08-06T17:33:59.496264+00:00
3852425,(永誠置業 全部實盤) 縉庭山 開揚山景市景 近地鐵 樓齡新,荃灣,縉庭山,8030000,622,3,1,永誠置業代理有限公司,https://i1.28hse.com/2026/05/20260517165508614865_thumb.jpg,https://www.28hse.com/buy/apartment/property-3852425,2026-08-06T17:33:59.496264+00:00
3939114,【綠楊新邨荃灣市中心極罕41年老黨2房筍盤】可傾620萬入手475呎實用！,荃灣,綠楊新邨,6600000,475,2,,美聯物業,https://i1.28hse.com/2026/07/202607200039252753390_thumb.jpg,https://www.28hse.com/buy/apartment/property-3939114,2026-08-06T17:33:59.496264+00:00
3939077,【張小姐 [REDACTED]】【實盤】【歡迎查詢】,荃灣,灣景廣場,8180000,415,2,,美聯物業代理有限公司,https://i1.28hse.com/2026/07/202607192322376429574_thumb.jpg,https://www.28hse.com/buy/apartment/property-3939077,2026-08-06T17:33:59.496264+00:00
3788480,荃灣中心 高層 大兩房,荃灣,荃灣中心,3800000,377,2,1,桂達地產,https://i1.28hse.com/2026/03/20260327212338466677_thumb.jpg,https://www.28hse.com/buy/apartment/property-3788480,2026-08-06T17:33:59.496264+00:00
3939000,巨廳好用,荃灣,海濱花園,7300000,647,3,2,中原地產,https://i1.28hse.com/2026/07/202607192032457525068_thumb.jpg,https://www.28hse.com/buy/apartment/property-3939000,2026-08-06T17:33:59.496264+00:00
3938982,柏傲灣+1房中層+有匙看+近荃灣西站+VR+上車/收租首選,荃灣,柏傲灣,7300000,392,1,1,中原地產代理有限公司,https://i1.28hse.com/2026/07/20260719201005882065_thumb.jpg,https://www.28hse.com/buy/apartment/property-3938982,2026-08-06T17:33:59.496264+00:00
3938965,✚▛東南樓皇H座05室▟✚𝟑房池園景✚匙盤即睇✚樓下有租客成交800萬✚保證實,荃灣,綠楊新邨,8200000,582,3,1,中原地產代理限公司,https://i1.28hse.com/2026/07/202607191952463932540_thumb.jpg,https://www.28hse.com/buy/apartment/property-3938965,2026-08-06T17:33:59.496264+00:00
3938908,吉屋，易租易賣,荃灣,綠楊新邨,6700000,445,2,,中原地產代理有限公司,https://i1.28hse.com/2026/07/20260719191739152067_thumb.jpg,https://www.28hse.com/buy/apartment/property-3938908,2026-08-06T17:33:59.496264+00:00
3938838,實盤海景一房 站上蓋完美配套,荃灣,海之戀,7500000,391,1,1,美聯物業,https://i1.28hse.com/2026/07/202607191829384330617_thumb.jpg,https://www.28hse.com/buy/apartment/property-3938838,2026-08-06T17:33:59.496264+00:00
3938813,$758萬海景！VR先睇樓！連全屋傢俬！投資收租高回報,荃灣,海之戀,7900000,393,1,1,美聯物業,https://i1.28hse.com/2026/07/20260725165729815051_thumb.jpg,https://www.28hse.com/buy/apartment/property-3938813,2026-08-06T17:33:59.496264+00:00
3938735,柏傲灣+1房中層+海景露台+向南有匙+罕有放盤+VR+近荃灣西站,荃灣,柏傲灣,8500000,421,1,1,中原地產代理有限公司,https://i1.28hse.com/2026/07/202607191736244589957_thumb.jpg,https://www.28hse.com/buy/apartment/property-3938735,2026-08-06T17:33:59.496264+00:00
3938640,麗城花園2期 3房套房有裝,荃灣,麗城花園,6700000,668,3,2,美聯物業(麗城分行),https://i1.28hse.com/2026/07/202607271325356858216_thumb.jpg,https://www.28hse.com/buy/apartment/property-3938640,2026-08-06T17:33:59.496264+00:00
3938636,韻濤居 3房開揚,荃灣,韻濤居,7300000,545,3,1,美聯物業(麗城分行),https://i1.28hse.com/2026/07/202607191645201545397_thumb.jpg,https://www.28hse.com/buy/apartment/property-3938636,2026-08-06T17:33:59.496264+00:00
3938334,"市場至筍,月內必走,有匙即看",荃灣,麗城花園,7100000,728,3,2,利嘉閣地產有限公司,https://i1.28hse.com/2026/07/202607191354044867488_thumb.jpg,https://www.28hse.com/buy/apartment/property-3938334,2026-08-06T17:33:59.496264+00:00
3938322,特色有露台♛2房♛ 100蚊稅,荃灣,荃威花園,3790000,418,2,1,美聯物業,https://i1.28hse.com/2026/07/202607191349261764925_thumb.jpg,https://www.28hse.com/buy/apartment/property-3938322,2026-08-06T17:33:59.496264+00:00
3938319,"獨家代理，全屋新裝，前排內園,歡迎查詢",荃灣,麗城花園,6350000,572,3,1,利嘉閣地產有限公司,https://i1.28hse.com/2026/07/202607191349022557956_thumb.jpg,https://www.28hse.com/buy/apartment/property-3938319,2026-08-06T17:33:59.496264+00:00
3938316,罕有連天台兩房出售，西南有海景，歡迎查詢,荃灣,翠濤閣,5500000,477,2,1,利嘉閣地產有限公司,https://i1.28hse.com/2026/07/202607191346054569512_thumb.jpg,https://www.28hse.com/buy/apartment/property-3938316,2026-08-06T17:33:59.496264+00:00
3938248,與大海結伴同行，輕鬆海濱漫步！,荃灣,海之戀,7900000,393,1,,中原地產,https://i1.28hse.com/2026/07/202607191304037707706_thumb.jpg,https://www.28hse.com/buy/apartment/property-3938248,2026-08-06T17:33:59.496264+00:00
3938205,【黃金屋物業 @ 荃威花園 @ 保證實盤】罕有連天台、生話配套齊、巴士總站！,荃灣,荃威花園,4790000,533,2,1,黃金屋物業代理,https://i1.28hse.com/2026/07/202607191244322466847_thumb.jpg,https://www.28hse.com/buy/apartment/property-3938205,2026-08-06T17:33:59.496264+00:00
3938139,"開楊翠綠山景,房大廳大,置業佳選",荃灣,麗城花園,5480000,481,2,1,利嘉閣地產有限公司,https://i1.28hse.com/2026/07/202607191208201335776_thumb.jpg,https://www.28hse.com/buy/apartment/property-3938139,2026-08-06T17:33:59.496264+00:00
3938115,靚裝兩房！高層開揚景觀! 即買即住! 有匙引睇! 還價可成!,荃灣,荃景花園,5868000,434,2,,美聯物業,https://i1.28hse.com/2026/07/202607191144162985775_thumb.jpg,https://www.28hse.com/buy/apartment/property-3938115,2026-08-06T17:33:59.496264+00:00
3938090,近西鐵站 高層靚景觀,荃灣,韻濤居,7500000,545,3,,中原地產代理有限公司,https://i1.28hse.com/2026/07/202607191130591977424_thumb.jpg,https://www.28hse.com/buy/apartment/property-3938090,2026-08-06T17:33:59.496264+00:00
3938082,荃灣地鐵站！開陽景觀！企理兩房！有匙引睇!業主換樓急賣！還價可成!,荃灣,綠楊新邨,6500000,445,2,,美聯物業,https://i1.28hse.com/2026/07/202607191115035295749_thumb.jpg,https://www.28hse.com/buy/apartment/property-3938082,2026-08-06T17:33:59.496264+00:00
3937952,【張小姐 [REDACTED]】【實盤】【歡迎查詢】,荃灣,海灣花園,5990000,470,2,,美聯物業代理有限公司,https://i1.28hse.com/2026/07/202607190021596832467_thumb.jpg,https://www.28hse.com/buy/apartment/property-3937952,2026-08-06T17:33:59.496264+00:00
3937712,$768萬 海之戀｜銀行估凸價｜極高層｜靚裝｜海景一房｜有匙即睇,荃灣,海之戀,7900000,393,1,1,美聯物業,https://i1.28hse.com/2026/07/20260724192945210194_thumb.jpg,https://www.28hse.com/buy/apartment/property-3937712,2026-08-06T17:33:59.496264+00:00
3937664,低密度住宅，環境休靜，空間清新，特高樓底空間,荃灣,朗逸峰,7400000,638,2,1,美聯物業,https://i1.28hse.com/2026/07/202607181838594656103_thumb.jpg,https://www.28hse.com/buy/apartment/property-3937664,2026-08-06T17:33:59.496264+00:00
3937621,可試5XX萬，三分鐘直達港鐵，五分鐘生活圈，核心位置，衣食住行一應俱全,荃灣,荃錦中心,5400000,375,2,1,美聯物業,https://i1.28hse.com/2026/07/202607181818351239419_thumb.jpg,https://www.28hse.com/buy/apartment/property-3937621,2026-08-06T17:33:59.496264+00:00
3894764,(永誠置業 全部實盤) 昇柏山 兩房露台 翠綠山景 有匙即睇,荃灣,昇柏山,5980000,522,2,1,永誠置業代理有限公司,https://i1.28hse.com/2026/07/202607071717504881677_thumb.jpg,https://www.28hse.com/buy/apartment/property-3894764,2026-08-06T17:33:59.496264+00:00
3937230,【張小姐 [REDACTED]】【實盤】【歡迎查詢】,荃灣,海濱花園,4680000,422,2,,美聯物業代理有限公司,https://i1.28hse.com/2026/07/202607181544051236666_thumb.jpg,https://www.28hse.com/buy/apartment/property-3937230,2026-08-06T17:33:59.496264+00:00
3937182,實盤海景一房 站上蓋完美配套,荃灣,海之戀,7500000,391,1,1,美聯物業,https://i1.28hse.com/2026/07/202607181519295929818_thumb.jpg,https://www.28hse.com/buy/apartment/property-3937182,2026-08-06T17:33:59.496264+00:00
3937163,東南二房即約睇* 富裕地產，還價即成!,荃灣,荃威花園,4000000,480,2,1,富裕地產荃威分行,https://i1.28hse.com/2026/07/202607181508231367277_thumb.jpg,https://www.28hse.com/buy/apartment/property-3937163,2026-08-06T17:33:59.496264+00:00
3937079,荃灣地鐵站！企理兩房！隨時引睇!業主急放!還價可成!,荃灣,愉景新城,6500000,493,2,,美聯物業,https://i1.28hse.com/2026/07/202607181413581315183_thumb.jpg,https://www.28hse.com/buy/apartment/property-3937079,2026-08-06T17:33:59.496264+00:00
3937001,$4xx 開揚市景2房 實用好住!!,荃灣,荃灣花園,4600000,376,2,,美聯物業,https://i1.28hse.com/2026/07/202607181334411903852_thumb.jpg,https://www.28hse.com/buy/apartment/property-3937001,2026-08-06T17:33:59.496264+00:00
3936923,環宇海灣+2房向南+装修企理+近荃灣西站+VR+可即住,荃灣,環宇海灣,7780000,502,2,1,中原地產代理有限公司,https://i1.28hse.com/2026/07/202607181257567954452_thumb.jpg,https://www.28hse.com/buy/apartment/property-3936923,2026-08-06T17:33:59.496264+00:00
3936887,三房两房价 地铁站沿线 罕有当然 有匙即睇,荃灣,華都中心,5680000,438,3,,美聯物業,https://i1.28hse.com/2026/07/202607181247012683958_thumb.jpg,https://www.28hse.com/buy/apartment/property-3936887,2026-08-06T17:33:59.496264+00:00
3936695,置物上車天堂｜‘ 荃灣 荃灣中心’ ｜超靚裝修2房｜業主急走走貨｜獨立擁有小平台,荃灣,荃灣中心,4250000,377,2,1,美聯物業,https://i1.28hse.com/2026/07/202607180450498188485_thumb.jpg,https://www.28hse.com/buy/apartment/property-3936695,2026-08-06T17:33:59.496264+00:00
3936649,【張小姐 [REDACTED]】【實盤】【歡迎查詢】,荃灣,怡景園,6200000,505,3,,美聯物業代理有限公司,https://i1.28hse.com/2026/07/202607180032422323910_thumb.jpg,https://www.28hse.com/buy/apartment/property-3936649,2026-08-06T17:33:59.496264+00:00
3936527,荃灣地鐵站！筍價3房! 有匙可睇! 還價可成!,荃灣,華都中心,5680000,438,3,,美聯物業,https://i1.28hse.com/2026/07/20260717215113964742_thumb.jpg,https://www.28hse.com/buy/apartment/property-3936527,2026-08-06T17:33:59.496264+00:00
3936524,荃灣地鐵站! 企理兩房! 筍價盤倒數! 歡迎約睇! 還價可成!,荃灣,綠楊新邨,5700000,445,2,,美聯物業,https://i1.28hse.com/2026/07/202607172147075461378_thumb.jpg,https://www.28hse.com/buy/apartment/property-3936524,2026-08-06T17:33:59.496264+00:00
3936522,荃灣地鐵站！靚裝兩房！有匙引睇!業主換樓急放! 還價可成!,荃灣,綠楊新邨,5980000,445,2,,美聯物業,https://i1.28hse.com/2026/07/202607172143238844430_thumb.jpg,https://www.28hse.com/buy/apartment/property-3936522,2026-08-06T17:33:59.496264+00:00
3936509,荃灣地鐵站！企理兩房！開揚景觀！隨時引睇！業主急賣！還價可成！,荃灣,綠楊新邨,6700000,451,2,,美聯物業,https://i1.28hse.com/2026/07/202607172131451277763_thumb.jpg,https://www.28hse.com/buy/apartment/property-3936509,2026-08-06T17:33:59.496264+00:00
3936383,可試6XX萬，荃灣站，10分鐘生活圈，最荀三房,荃灣,怡景園,6200000,505,3,1,美聯物業,https://i1.28hse.com/2026/07/202607171947403623009_thumb.jpg,https://www.28hse.com/buy/apartment/property-3936383,2026-08-06T17:33:59.496264+00:00
3936381,保證最平 有鎖匙有裝修 隨時約睇都得,荃灣,綠楊新邨,5980000,445,2,1,美聯物業,https://i1.28hse.com/2026/07/202607171945408949986_thumb.jpg,https://www.28hse.com/buy/apartment/property-3936381,2026-08-06T17:33:59.496264+00:00
3936313,荃灣中心 靚裝！ 上車盤 即買即用～ 間隔實用,荃灣,荃灣中心,4180000,380,2,,美聯物業代理有限公司,https://i1.28hse.com/2026/07/202607171857144386886_thumb.jpg,https://www.28hse.com/buy/apartment/property-3936313,2026-08-06T17:33:59.496264+00:00
3936303,全新豪華裝修 等你入住 《專做綠楊》,荃灣,綠楊新邨,5980000,445,2,1,中原地產代理有限公司,https://i1.28hse.com/2026/07/202607171900342306905_thumb.jpg,https://www.28hse.com/buy/apartment/property-3936303,2026-08-06T17:33:59.496264+00:00
3936290,￼獨家 海景三房一套 有匙即睇,荃灣,韻濤居,7680000,608,3,2,利嘉閣地產有限公司,https://i1.28hse.com/2026/07/202607171855204401005_thumb.jpg,https://www.28hse.com/buy/apartment/property-3936290,2026-08-06T17:33:59.496264+00:00
3936228,5分鐘步行地鐵站 四正實用企理兩房,荃灣,荃豐中心,5490000,376,2,1,美聯物業,https://i1.28hse.com/2026/07/202607171833541439978_thumb.jpg,https://www.28hse.com/buy/apartment/property-3936228,2026-08-06T17:33:59.496264+00:00
3936211,【一萬蚊呎】企理單位 真的筍盤,荃灣,麗城花園,7280000,728,3,2,美聯物業,https://i1.28hse.com/2026/07/202607171830263216630_thumb.jpg,https://www.28hse.com/buy/apartment/property-3936211,2026-08-06T17:33:59.496264+00:00
3936149,實盤！/企理 內園+西南/通爽清靜！/全屋苑最抵買！,荃灣,綠楊新邨,5700000,445,2,,美聯物業代理有限公司,https://i1.28hse.com/2026/07/202607171807478345993_thumb.jpg,https://www.28hse.com/buy/apartment/property-3936149,2026-08-06T17:33:59.496264+00:00
3935987,【可試＄５00萬！有匙即睇！】開揚靚景大３房！間隔企理！鄰近西鐵站、生活配套齊全,荃灣,海灣花園,5210000,537,3,1,美聯物業,https://i1.28hse.com/2026/07/202607171726097187962_thumb.jpg,https://www.28hse.com/buy/apartment/property-3935987,2026-08-06T17:33:59.496264+00:00
3935961,【可試＄５00萬！有匙即睇！】開揚靚景大３房！間隔企理！鄰近西鐵站、生活配套齊全,荃灣,海灣花園,5210000,537,3,1,美聯物業,https://i1.28hse.com/2026/07/202607171715595126871_thumb.jpg,https://www.28hse.com/buy/apartment/property-3935961,2026-08-06T17:33:59.496264+00:00
3935707,可試$838萬 開揚市景兩房 有匙即睇 歡迎查詢,荃灣,映日灣,8500000,423,2,1,利嘉閣地產有限公司,https://i1.28hse.com/2026/07/202607191701151888285_thumb.jpg,https://www.28hse.com/buy/apartment/property-3935707,2026-08-06T17:33:59.496264+00:00
3935673,保證最平 全屋靚裝+靚傢俬 有鎖匙隨時睇,荃灣,海濱花園,7000000,700,3,,美聯物業,https://i1.28hse.com/2026/07/202607171543034153284_thumb.jpg,https://www.28hse.com/buy/apartment/property-3935673,2026-08-06T17:33:59.496264+00:00
3935668,保證最平 東南海景三房套 企理有裝 歡迎隨時約睇,荃灣,海濱花園,7270000,665,3,2,美聯物業,https://i1.28hse.com/2026/07/202607171541373665615_thumb.jpg,https://www.28hse.com/buy/apartment/property-3935668,2026-08-06T17:33:59.496264+00:00
3935526,大型屋苑內場兩房,荃灣,荃灣中心,4250000,377,2,1,美聯物業,https://i1.28hse.com/2026/07/202607171443167068708_thumb.jpg,https://www.28hse.com/buy/apartment/property-3935526,2026-08-06T17:33:59.496264+00:00
3935519,"[2房] 三寶之一, 新鴻基發展, 必走貨, 有匙約睇",荃灣,爵悅庭,7300000,464,1,1,美聯物業,https://i1.28hse.com/2026/07/202607171440124580515_thumb.jpg,https://www.28hse.com/buy/apartment/property-3935519,2026-08-06T17:33:59.496264+00:00
3935514,"[筍盤] 70萬裝修, 超大實用700呎, 3房2浴",荃灣,海濱花園,7000000,700,3,2,美聯物業,https://i1.28hse.com/2026/07/202607171437274293124_thumb.jpg,https://www.28hse.com/buy/apartment/property-3935514,2026-08-06T17:33:59.496264+00:00
3818526,獨家真荀盤> 立坊 海景view王 罕有放賣 實用好住 配套完善 極高層,荃灣,立坊,7280000,423,2,1,買樓易,https://i1.28hse.com/2026/07/202607171424054472219_thumb.jpg,https://www.28hse.com/buy/apartment/property-3818526,2026-08-06T17:33:59.496264+00:00
3935333,"獨家代理,有匙隨看.",荃灣,韻濤居,7680000,608,3,2,利嘉閣地產有限公司,https://i1.28hse.com/2026/08/202608061057176339198_thumb.jpg,https://www.28hse.com/buy/apartment/property-3935333,2026-08-06T17:33:59.496264+00:00
3935320,市中心核心地段，大型商場，鄰近荃灣西站,荃灣,荃灣廣場,8280000,552,3,1,中原地產代理有限公司,https://i1.28hse.com/2026/07/202607171249162020633_thumb.jpg,https://www.28hse.com/buy/apartment/property-3935320,2026-08-06T17:33:59.496264+00:00
3935317,東南靚則，有匙隨看.,荃灣,韻濤居,6100000,445,2,2,利嘉閣地產有限公司,https://i1.28hse.com/2026/08/202608061105504474507_thumb.jpg,https://www.28hse.com/buy/apartment/property-3935317,2026-08-06T17:33:59.496264+00:00
3935023,【張小姐 [REDACTED]】【實盤】【歡迎查詢】,荃灣,錦豐園,5580000,518,3,,美聯物業代理有限公司,https://i1.28hse.com/2026/07/202607170019113160929_thumb.jpg,https://www.28hse.com/buy/apartment/property-3935023,2026-08-06T17:33:59.496264+00:00
3857047,盛業地產熟業主**獨家推介** 靚裝 山景開揚 即買即住,荃灣,荃威花園,5100000,533,2,1,盛業地產代理有限公司,https://i1.28hse.com/2026/05/202605211352545131189_thumb.jpg,https://www.28hse.com/buy/apartment/property-3857047,2026-08-06T17:33:59.496264+00:00
3934692,●東南海景 ●罕有3房 ● 有匙即睇 ♡歡迎約睇,荃灣,韻濤居,8000000,606,3,,中原地產代理有限公司,https://i1.28hse.com/2026/07/202607161832458796786_thumb.jpg,https://www.28hse.com/buy/apartment/property-3934692,2026-08-06T17:33:59.496264+00:00
3934687,**靚裝修內園***快D PM我拎資料啦,荃灣,海濱花園,7000000,700,3,1,中原地產代理有限公司,https://i1.28hse.com/2026/07/202607161831052038246_thumb.jpg,https://www.28hse.com/buy/apartment/property-3934687,2026-08-06T17:33:59.496264+00:00
3934562,●靚裝3房 ●開揚有匙 ♡歡迎約睇,荃灣,麗城花園,6300000,572,3,,中原地產代理有限公司,https://i1.28hse.com/2026/07/20260716182423931421_thumb.jpg,https://www.28hse.com/buy/apartment/property-3934562,2026-08-06T17:33:59.496264+00:00
3934352,【荃灣市中心 451呎 2房筍盤 6XX萬,荃灣,綠楊新邨,6500000,445,2,,美聯物業,https://i1.28hse.com/2026/07/20260716163128681083_thumb.jpg,https://www.28hse.com/buy/apartment/property-3934352,2026-08-06T17:33:59.496264+00:00
3934274,周氏大廈[田邦置業］439尺 2房改1房 市中心 交通方便,荃灣,周氏大廈,4500000,439,1,1,田邦置業有限公司,https://i1.28hse.com/2026/07/202607161600214381668_thumb.jpg,https://www.28hse.com/buy/apartment/property-3934274,2026-08-06T17:33:59.496264+00:00
3934156,[開揚市景］［大型屋苑］［新鴻基］一房精選,荃灣,爵悅庭,5950000,384,1,1,美聯物業,https://i1.28hse.com/2026/07/202607161451463561341_thumb.jpg,https://www.28hse.com/buy/apartment/property-3934156,2026-08-06T17:33:59.496264+00:00
3933754,【張小姐 [REDACTED]】【實盤】【歡迎查詢】,荃灣,綠楊新邨,5980000,445,2,,美聯物業代理有限公司,https://i1.28hse.com/2026/07/202607160105067625782_thumb.jpg,https://www.28hse.com/buy/apartment/property-3933754,2026-08-06T17:33:59.496264+00:00
3933553,(致滙地產-致真實盤)兩房價錢買三房,荃灣,東亞花園,4550000,452,1,,致滙地產,https://i1.28hse.com/2026/07/202607151943326790933_thumb.jpg,https://www.28hse.com/buy/apartment/property-3933553,2026-08-06T17:33:59.496264+00:00
3933540,【𝟐房】$𝟕𝟖𝟎萬∎靚裝即走∎銀行估足∎價錢可傾∎歡迎約睇,荃灣,環宇海灣,7780000,502,2,1,中原地產代理限公司,https://i1.28hse.com/2026/07/202607221647575628866_thumb.jpg,https://www.28hse.com/buy/apartment/property-3933540,2026-08-06T17:33:59.496264+00:00
3933536,"筍價出售, 全城最平, 東南樓皇, 高實用率, 首置精選, 間隔四正",荃灣,荃灣中心,4500000,422,2,1,家滙地產香港有限公司,https://i1.28hse.com/2026/07/20260731192848783951_thumb.jpg,https://www.28hse.com/buy/apartment/property-3933536,2026-08-06T17:33:59.496264+00:00
3933528,單邊多海♛最筍入埸可試730萬♛最平冇其他,荃灣,海之戀,7500000,369,1,1,美聯物業,https://i1.28hse.com/2026/07/202607151919194573577_thumb.jpg,https://www.28hse.com/buy/apartment/property-3933528,2026-08-06T17:33:59.496264+00:00
3933454,●東南靚裝 ●開揚2房 ♡歡迎約睇,荃灣,愉景新城,6800000,493,2,,中原地產代理有限公司,https://i1.28hse.com/2026/07/202607151842457425822_thumb.jpg,https://www.28hse.com/buy/apartment/property-3933454,2026-08-06T17:33:59.496264+00:00
3933391,極高層海景優質盤 即買即收租 西鐵站頂,荃灣,海之戀,7900000,393,1,,美聯物業,https://i1.28hse.com/2026/07/202607151809541048312_thumb.jpg,https://www.28hse.com/buy/apartment/property-3933391,2026-08-06T17:33:59.496264+00:00
3933354,$5xx萬 實用方正3房 有裝修唔洗大執,荃灣,華都中心,5680000,438,3,,美聯物業,https://i1.28hse.com/2026/08/20260802190359536451_thumb.jpg,https://www.28hse.com/buy/apartment/property-3933354,2026-08-06T17:33:59.496264+00:00
3933323,全场最平两房！668万!,荃灣,爵悅庭,6700000,457,2,,利嘉閣地產有限公司,https://i1.28hse.com/2026/07/202607151759274824496_thumb.jpg,https://www.28hse.com/buy/apartment/property-3933323,2026-08-06T17:33:59.496264+00:00
3933287,*有匙即睇* 鄰近大型購物商場 開揚山景 實用四正3房套,荃灣,荃景花園,6980000,577,3,,美聯物業,https://i1.28hse.com/2026/07/202607151736148574991_thumb.jpg,https://www.28hse.com/buy/apartment/property-3933287,2026-08-06T17:33:59.496264+00:00
3933188,（實盤推介）激筍海景3房！超開揚！勁罕有！,荃灣,海濱花園,7180000,577,3,2,美聯物業,https://i1.28hse.com/2026/07/202607151704578583549_thumb.jpg,https://www.28hse.com/buy/apartment/property-3933188,2026-08-06T17:33:59.496264+00:00
3933161,**少少海景 ，內園三房***快D PM我拎資料啦,荃灣,海濱花園,5700000,495,3,1,中原地產代理有限公司,https://i1.28hse.com/2026/07/202607151654461221723_thumb.jpg,https://www.28hse.com/buy/apartment/property-3933161,2026-08-06T17:33:59.496264+00:00
3933095,靚裝企理兩房 可約睇,荃灣,環宇海灣,7300000,482,2,,美聯物業,https://i1.28hse.com/2026/07/202607151624323601327_thumb.jpg,https://www.28hse.com/buy/apartment/property-3933095,2026-08-06T17:33:59.496264+00:00
3933040,【張小姐 [REDACTED]】【實盤】【歡迎查詢】,荃灣,愉景新城,7468000,610,3,,美聯物業代理有限公司,https://i1.28hse.com/2026/07/202607151600498359624_thumb.jpg,https://www.28hse.com/buy/apartment/property-3933040,2026-08-06T17:33:59.496264+00:00
3932869,荃灣西＜獨家代理＞新鴻基［實盤實價］最靚西爵軒 2房,荃灣,爵悅庭,7380000,452,2,1,環宇物業,https://i1.28hse.com/2026/07/202607151448502124487_thumb.jpg,https://www.28hse.com/buy/apartment/property-3932869,2026-08-06T17:33:59.496264+00:00
3932812,荃灣沿綫※東南3房,荃灣,華都中心,5680000,438,3,1,美聯物業,https://i1.28hse.com/2026/07/202607151412057745442_thumb.jpg,https://www.28hse.com/buy/apartment/property-3932812,2026-08-06T17:33:59.496264+00:00
3932666,# 荃灣西極致海景一房｜790萬入手海之戀高層C室,荃灣,海之戀,7900000,393,1,,美聯物業,https://i1.28hse.com/2026/07/202607151234163747910_thumb.jpg,https://www.28hse.com/buy/apartment/property-3932666,2026-08-06T17:33:59.496264+00:00
3932611,愉景新城 最筍兩房,荃灣,愉景新城,6500000,477,2,,中原地產代理限公司,https://i1.28hse.com/2026/07/202607151202416891821_thumb.jpg,https://www.28hse.com/buy/apartment/property-3932611,2026-08-06T17:33:59.496264+00:00
3932286,𖥔𖥔𖥔	 換樓必看◕ ◡ ◕𖥔𖥔𖥔,荃灣,海濱花園,8200000,665,3,2,居而安物業,https://i1.28hse.com/2026/07/202607141951441359368_thumb.jpg,https://www.28hse.com/buy/apartment/property-3932286,2026-08-06T17:33:59.496264+00:00
3932139,$648萬 高層日落市景2房 低於股價 超荀!!,荃灣,昇柏山,6800000,527,2,,美聯物業,https://i1.28hse.com/2026/07/202607141821135098325_thumb.jpg,https://www.28hse.com/buy/apartment/property-3932139,2026-08-06T17:33:59.496264+00:00
3932138,獨家firm賣內園清靜3房套 歡迎約睇,荃灣,麗城花園,6600000,668,3,2,名城地產代理有限公司,https://i1.28hse.com/2026/07/202607141820023947294_thumb.jpg,https://www.28hse.com/buy/apartment/property-3932138,2026-08-06T17:33:59.496264+00:00
3932034,【張小姐 [REDACTED]】【實盤】【歡迎查詢】,荃灣,翡翠廣場,5200000,422,2,,美聯物業代理有限公司,https://i1.28hse.com/2026/07/202607141738437365595_thumb.jpg,https://www.28hse.com/buy/apartment/property-3932034,2026-08-06T17:33:59.496264+00:00
3931651,『荃中最平兩房』『上車一流平絕成交』『隨時有機會100蚊印花稅』,荃灣,荃灣中心,4180000,380,2,,美聯物業代理有限公司,https://i1.28hse.com/2026/07/202607141515063115897_thumb.jpg,https://www.28hse.com/buy/apartment/property-3931651,2026-08-06T17:33:59.496264+00:00
3931571,中原麗城【獨家代理】【快手者得】,荃灣,麗城花園,7300000,728,3,2,中原地產代理有限公司,https://i1.28hse.com/2026/07/202607142158257567399_thumb.jpg,https://www.28hse.com/buy/apartment/property-3931571,2026-08-06T17:33:59.496264+00:00
3931556,[日訊物業推介] 靚裝二房 酒店式管理 交通便利,荃灣,爵悅庭,7000000,450,2,1,日訊物業代理有限公司,https://i1.28hse.com/2026/07/20260714143448941481_thumb.jpg,https://www.28hse.com/buy/apartment/property-3931556,2026-08-06T17:33:59.496264+00:00
3931542,[日訊物業好多盤] 至荀二房 企理裝修 等你比票,荃灣,海濱花園,4600000,450,2,1,日訊物業代理有限公司,https://i1.28hse.com/2026/07/202607141424235744391_thumb.jpg,https://www.28hse.com/buy/apartment/property-3931542,2026-08-06T17:33:59.496264+00:00
3931504,[日訊物業推介] 必走二房 超值之選 唔好錯過,荃灣,環宇海灣,6880000,482,2,1,日訊物業代理有限公司,https://i1.28hse.com/2026/07/202607141414404379308_thumb.jpg,https://www.28hse.com/buy/apartment/property-3931504,2026-08-06T17:33:59.496264+00:00
3931498,[日訊物業好多盤] 最荀三房 業主實在賣 交通方便,荃灣,海濱花園,5300000,496,3,1,日訊物業代理有限公司,https://i1.28hse.com/2026/07/202607141410428908753_thumb.jpg,https://www.28hse.com/buy/apartment/property-3931498,2026-08-06T17:33:59.496264+00:00
3931104,《銀行估突價，開揚景觀，換樓割愛，高層兩房約睇》,荃灣,愉景新城,6800000,470,2,1,香港置業,https://i1.28hse.com/estate_data/113/4573/FLOOR/4573_20231121014251943735_thumb.jpg,https://www.28hse.com/buy/apartment/property-3931104,2026-08-06T17:33:59.496264+00:00
3930807,業主急走罕有筍盤 457尺2房 + 280尺天台 有票即簽,荃灣,唐樓,2700000,457,2,1,駿輝地產建榮有限公司,https://i1.28hse.com/2026/07/202607131822321304916_thumb.jpg,https://www.28hse.com/buy/apartment/property-3930807,2026-08-06T17:33:59.496264+00:00
3263143,東南雅裝連天台(天台實用面積502尺）,荃灣,荃威花園,5500000,546,2,,高盛物業,https://i1.28hse.com/2024/12/202412041841237153800_thumb.jpg,https://www.28hse.com/buy/apartment/property-3263143,2026-08-06T17:33:59.496264+00:00
3815891,兩房實用 清爽恬靜,荃灣,荃威花園,3600000,477,2,,高盛物業,https://i1.28hse.com/2026/04/202604191541031839196_thumb.jpg,https://www.28hse.com/buy/apartment/property-3815891,2026-08-06T17:33:59.496264+00:00
3930576,映日灣 半新樓最平兩房 少有全屋靚裝修,荃灣,映日灣,8500000,423,2,1,利嘉閣,https://i1.28hse.com/2026/07/202607131655077342235_thumb.jpg,https://www.28hse.com/buy/apartment/property-3930576,2026-08-06T17:33:59.496264+00:00
3930552,荀盤必睇：地鐵商埸上蓋 | 全屋新精裝2房 | 買入即住 | 有匙即睇 | 歡迎,荃灣,綠楊新邨,5980000,445,2,1,美聯物業,https://i1.28hse.com/2026/07/202607131646566166209_thumb.jpg,https://www.28hse.com/buy/apartment/property-3930552,2026-08-06T17:33:59.496264+00:00
3930505,有裝 房東南 可試傾價495萬,荃灣,荃錦中心,5000000,354,2,1,美聯物業,https://i1.28hse.com/2026/08/202608021808455706204_thumb.jpg,https://www.28hse.com/buy/apartment/property-3930505,2026-08-06T17:33:59.496264+00:00
3930480,【荃景花園】雅緻裝修*換樓必選,荃灣,荃景花園,6000000,529,3,1,美聯物業,https://i1.28hse.com/2026/07/202607131607002655554_thumb.jpg,https://www.28hse.com/buy/apartment/property-3930480,2026-08-06T17:33:59.496264+00:00
3930416,[快閃筍盤]實用抵住*可間3房,荃灣,東亞花園,5300000,452,2,1,美聯物業,https://i1.28hse.com/2026/07/202607131538386838829_thumb.jpg,https://www.28hse.com/buy/apartment/property-3930416,2026-08-06T17:33:59.496264+00:00
3101914,罕有連入契平臺，兩房,荃灣,,4300000,371,2,1,荃盛置業有限公司,https://i1.28hse.com/2026/05/20260502192654349271_thumb.jpg,https://www.28hse.com/buy/apartment/property-3101914,2026-08-06T17:33:59.496264+00:00
3930341,***高層三房***有匙引看***快D PM我拎資料啦,荃灣,海濱花園,6000000,497,3,,中原地產代理有限公司,https://i1.28hse.com/2026/07/202607131504047997625_thumb.jpg,https://www.28hse.com/buy/apartment/property-3930341,2026-08-06T17:33:59.496264+00:00
3930121,《上車必選》 高層精裝2房 | 歡迎約睇,荃灣,荃灣中心,4150000,380,2,1,美聯物業,https://i1.28hse.com/2026/07/202607131302097502662_thumb.jpg,https://www.28hse.com/buy/apartment/property-3930121,2026-08-06T17:33:59.496264+00:00
3929510,♛高層樓皇兩房♛大帽山景♛,荃灣,荃灣廣場,7010000,433,2,1,美聯物業,https://i1.28hse.com/2026/07/202607121811481869456_thumb.jpg,https://www.28hse.com/buy/apartment/property-3929510,2026-08-06T17:33:59.496264+00:00
3835904,"3房1廳,近地鐵站(真實盤)",荃灣,東亞花園,5200000,452,3,1,荃富物業代理有限公司,https://i1.28hse.com/2026/06/202606071855254413130_thumb.jpg,https://www.28hse.com/buy/apartment/property-3835904,2026-08-06T17:33:59.496264+00:00
3929351,【有裝3房】【可試640萬】【換樓之選】,荃灣,麗城花園,6850000,644,3,2,美聯物業,https://i1.28hse.com/2026/07/202607191540395418668_thumb.jpg,https://www.28hse.com/buy/apartment/property-3929351,2026-08-06T17:33:59.496264+00:00
3929298,【𝟏房】$𝟕𝟖𝟎萬✚極高層✚靚裝即住✚歡迎約睇,荃灣,海之戀,7800000,393,1,1,中原地產代理限公司,https://i1.28hse.com/2026/07/202607121615094525512_thumb.jpg,https://www.28hse.com/buy/apartment/property-3929298,2026-08-06T17:33:59.496264+00:00
3929157,中層企理景觀開陽實盤介紹,荃灣,樂悠居,6880000,435,2,,美聯物業,https://i1.28hse.com/2026/07/202607121457114446248_thumb.jpg,https://www.28hse.com/buy/apartment/property-3929157,2026-08-06T17:33:59.496264+00:00
3929105,開揚有海! 業主急售!,荃灣,翠濤閣,6300000,703,3,,美聯物業(麗城分行),https://i1.28hse.com/2026/07/202607121431077515596_thumb.jpg,https://www.28hse.com/buy/apartment/property-3929105,2026-08-06T17:33:59.496264+00:00
3929103,實盤可睇｜靚裝兩房｜高層開揚,荃灣,環宇海灣,8000000,488,2,1,美聯物業,https://i1.28hse.com/2026/07/202607121433404143255_thumb.jpg,https://www.28hse.com/buy/apartment/property-3929103,2026-08-06T17:33:59.496264+00:00
3928864,[業主自讓免佣] 背山面海 3房2廁 連車位,荃灣,翠景台,7930000,704,3,2,,https://i1.28hse.com/2026/07/202607121200243931679_thumb.jpg,https://www.28hse.com/buy/apartment/property-3928864,2026-08-06T17:33:59.496264+00:00
3928745,【荃威花園G座超值兩房】475呎實用僅350萬！上車首選,荃灣,荃威花園,3500000,475,2,1,美聯物業,https://i1.28hse.com/2026/07/2026071200292670318_thumb.jpg,https://www.28hse.com/buy/apartment/property-3928745,2026-08-06T17:33:59.496264+00:00
3928717,【張小姐 [REDACTED]】【實盤】【歡迎查詢】,荃灣,環宇海灣,6880000,482,2,,美聯物業代理有限公司,https://i1.28hse.com/2026/07/202607112316285753770_thumb.jpg,https://www.28hse.com/buy/apartment/property-3928717,2026-08-06T17:33:59.496264+00:00
3928571,平 海景 $8000/尺起,荃灣,翠濤閣,6690000,703,3,2,美聯物業,https://i1.28hse.com/2026/07/202607111938064366639_thumb.jpg,https://www.28hse.com/buy/apartment/property-3928571,2026-08-06T17:33:59.496264+00:00
3928535,3房♛企里裝修♛ 中高層,荃灣,荃威花園,4568000,533,2,1,美聯物業,https://i1.28hse.com/2026/07/202607111922456034506_thumb.jpg,https://www.28hse.com/buy/apartment/property-3928535,2026-08-06T17:33:59.496264+00:00
3928439,綠楊新村+2房中層+山景內園+罕有放盤+地鐵上蓋物業+有票再傾,荃灣,綠楊新邨,6600000,475,2,1,中原地產代理有限公司,https://i1.28hse.com/2026/07/202607111834301577442_thumb.jpg,https://www.28hse.com/buy/apartment/property-3928439,2026-08-06T17:33:59.496264+00:00
3928397,保證最平 東南海景三房套 企理有裝 歡迎隨時約睇,荃灣,海濱花園,7270000,665,3,2,美聯物業,https://i1.28hse.com/2026/07/202607111815485175248_thumb.jpg,https://www.28hse.com/buy/apartment/property-3928397,2026-08-06T17:33:59.496264+00:00
3928373,獨家發售! 罕有4房設計！必睇,荃灣,麗城花園,6500000,668,3,2,美聯物業(麗城分行),https://i1.28hse.com/2026/07/202607111806142241305_thumb.jpg,https://www.28hse.com/buy/apartment/property-3928373,2026-08-06T17:33:59.496264+00:00
3928337,***東南海景**** 快D PM我拎資料啦~,荃灣,海濱花園,7270000,665,3,1,中原地產代理有限公司,https://i1.28hse.com/2026/07/20260711174729274314_thumb.jpg,https://www.28hse.com/buy/apartment/property-3928337,2026-08-06T17:33:59.496264+00:00
3928312,新鴻基大型屋苑 三房,荃灣,荃景花園,6200000,511,3,,中原地產代理限公司,https://i1.28hse.com/2026/07/20260711172805847238_thumb.jpg,https://www.28hse.com/buy/apartment/property-3928312,2026-08-06T17:33:59.496264+00:00
3928115,最新放盤✚▛必走大𝟐房▟✚試𝟑𝟗𝐗萬✚有匙睇樓✚保證實盤✚歡迎致電,荃灣,荃灣中心,4100000,374,1,1,中原地產代理限公司,https://i1.28hse.com/2026/07/202607111602328774142_thumb.jpg,https://www.28hse.com/buy/apartment/property-3928115,2026-08-06T17:33:59.496264+00:00
3928077,【𝟐房】可試$𝟔𝐱𝐱萬♡東南內園♡企理裝修♡歡迎約睇,荃灣,爵悅庭,6900000,457,2,1,中原地產代理限公司,https://i1.28hse.com/2026/07/202607111602194181171_thumb.jpg,https://www.28hse.com/buy/apartment/property-3928077,2026-08-06T17:33:59.496264+00:00
3928065,睇左先^萬事有商量!,荃灣,柏傲灣,6800000,392,1,,美聯物業代理有限公司,https://i1.28hse.com/2026/07/202607111554216670977_thumb.jpg,https://www.28hse.com/buy/apartment/property-3928065,2026-08-06T17:33:59.496264+00:00
3928063,最平兩房映日灣 買少見少,荃灣,映日灣,8500000,423,2,1,美聯物業,https://i1.28hse.com/2026/07/202607111552581686373_thumb.jpg,https://www.28hse.com/buy/apartment/property-3928063,2026-08-06T17:33:59.496264+00:00
3928019,"業主有心賣,還價即成",荃灣,環宇海灣,8380000,490,2,1,環宇物業,https://i1.28hse.com/2026/07/202607111534096910029_thumb.jpg,https://www.28hse.com/buy/apartment/property-3928019,2026-08-06T17:33:59.496264+00:00
3928005,"開揚景色,鄰近西鐵",荃灣,爵悅庭,5750000,384,1,1,環宇物業,https://i1.28hse.com/2026/07/202607111529147362392_thumb.jpg,https://www.28hse.com/buy/apartment/property-3928005,2026-08-06T17:33:59.496264+00:00
3927957,"地鐵上蓋,開陽山景,實用三房,用家首選",荃灣,綠楊新邨,7800000,582,3,1,利嘉閣地產有限公司,https://i1.28hse.com/2026/07/202607111505567682497_thumb.jpg,https://www.28hse.com/buy/apartment/property-3927957,2026-08-06T17:33:59.496264+00:00
3927936,附近生活配套企理2房,荃灣,翡翠廣場,5200000,422,2,1,美聯物業,https://i1.28hse.com/2026/07/202607111457506515505_thumb.jpg,https://www.28hse.com/buy/apartment/property-3927936,2026-08-06T17:33:59.496264+00:00
3927532,【荃灣筍盤｜485呎2房開揚景】,荃灣,愉景新城,7180000,485,2,,美聯物業,https://i1.28hse.com/2026/07/202607111153151537976_thumb.jpg,https://www.28hse.com/buy/apartment/property-3927532,2026-08-06T17:33:59.496264+00:00
3927157,荃灣爵悅庭，兩房賣盤,荃灣,爵悅庭,7980000,464,1,1,美聯物業,https://i1.28hse.com/2026/07/202607102056261010297_thumb.jpg,https://www.28hse.com/buy/apartment/property-3927157,2026-08-06T17:33:59.496264+00:00
3927032,Try 79X荃灣西0遮擋向南汀九海景靚裝大1房 V,荃灣,柏傲灣,8380000,421,1,1,利嘉閣地產有限公司,https://i1.28hse.com/2026/07/202607271331031635856_thumb.jpg,https://www.28hse.com/buy/apartment/property-3927032,2026-08-06T17:33:59.496264+00:00
3926830,●靚裝山景●高層2房●可試$6xx♡歡迎約睇,荃灣,愉景新城,6900000,470,2,1,中原地產代理有限公司,https://i1.28hse.com/2026/07/202607101813547811558_thumb.jpg,https://www.28hse.com/buy/apartment/property-3926830,2026-08-06T17:33:59.496264+00:00
3926689,●靚裝即住2房 ●高層內園 ●把握機會 ● ♡歡迎約睇,荃灣,愉景新城,7200000,474,2,,中原地產代理有限公司,https://i1.28hse.com/2026/07/202607101731058963514_thumb.jpg,https://www.28hse.com/buy/apartment/property-3926689,2026-08-06T17:33:59.496264+00:00
3926495,(致滙地產-致真實盤)全新裝修. 即買即住,荃灣,荃灣花園,4480000,375,2,,致滙地產,https://i1.28hse.com/2026/08/202608011804551921397_thumb.jpg,https://www.28hse.com/buy/apartment/property-3926495,2026-08-06T17:33:59.496264+00:00
3566344,獨家 三房精選推介 歡迎約看,荃灣,錦豐園,5780000,507,3,1,荃威地產有限公司,https://i1.28hse.com/2025/09/202509061619044877472_thumb.jpg,https://www.28hse.com/buy/apartment/property-3566344,2026-08-06T17:33:59.496264+00:00
3926321,【張小姐 [REDACTED]】【實盤】【歡迎查詢】,荃灣,映日灣,8500000,423,2,,美聯物業代理有限公司,https://i1.28hse.com/2026/07/202607101511277891361_thumb.jpg,https://www.28hse.com/buy/apartment/property-3926321,2026-08-06T17:33:59.496264+00:00
3926274,品味設計豪華靚裝 高層一房連車位,荃灣,恆麗園,6200000,485,1,1,柏寧地產,https://i1.28hse.com/2026/07/202607101450287346130_thumb.jpg,https://www.28hse.com/buy/apartment/property-3926274,2026-08-06T17:33:59.496264+00:00
3925988,[快閃]有匙引看※優質2房推介,荃灣,名逸居,8000000,530,2,1,美聯物業,https://i1.28hse.com/2026/07/202607101159366950321_thumb.jpg,https://www.28hse.com/buy/apartment/property-3925988,2026-08-06T17:33:59.496264+00:00
3925846,【荃灣西罕有3房筍盤！價錢可試傾500萬錦豐園】,荃灣,錦豐園,5580000,518,3,,美聯物業,https://i1.28hse.com/2026/07/202607140509098928858_thumb.jpg,https://www.28hse.com/buy/apartment/property-3925846,2026-08-06T17:33:59.496264+00:00
3925401,開陽實用兩房靚裝上車盤,荃灣,荃灣中心,3980000,380,2,1,盈富物業代理有限公司,https://i1.28hse.com/2026/07/202607091847384669139_thumb.jpg,https://www.28hse.com/buy/apartment/property-3925401,2026-08-06T17:33:59.496264+00:00
3925396,［真盤源推介］新鴻基大型屋苑，原裝有樓層，方便約睇大膽還價！,荃灣,爵悅庭,7400000,457,2,2,利嘉閣地產有限公司,https://i1.28hse.com/2026/08/202608021840167745678_thumb.jpg,https://www.28hse.com/buy/apartment/property-3925396,2026-08-06T17:33:59.496264+00:00
3925333,《中原最齊盤》●●高層向南【靚裝兩房】冇墳景首選 歡迎睇樓,荃灣,環宇海灣,8350000,490,2,1,中原地產,https://i1.28hse.com/2026/07/202607091748404656033_thumb.jpg,https://www.28hse.com/buy/apartment/property-3925333,2026-08-06T17:33:59.496264+00:00
3925261,清雅裝修大2房，近荃灣地鐵站核心地點,荃灣,昌樂大廈,4600000,479,3,1,中原地產代理限公司,https://i1.28hse.com/2026/07/20260718160213233420_thumb.jpg,https://www.28hse.com/buy/apartment/property-3925261,2026-08-06T17:33:59.496264+00:00
3822113,𖥔𖥔𖥔罕有大廳 見票即收𖥔𖥔𖥔,荃灣,海濱花園,5600000,578,3,1,居而安物業,https://i1.28hse.com/2026/07/202607281801133379833_thumb.jpg,https://www.28hse.com/buy/apartment/property-3822113,2026-08-06T17:33:59.496264+00:00
3925025,保證最平 無墳靚景 歡迎查詢,荃灣,海濱花園,5300000,417,2,1,美聯物業,https://i1.28hse.com/2026/07/202607091628411409540_thumb.jpg,https://www.28hse.com/buy/apartment/property-3925025,2026-08-06T17:33:59.496264+00:00
3924968,保證最平 靚裝東南三房套 罕有筍盤 歡迎查詢約睇,荃灣,海濱花園,7270000,665,3,2,美聯物業代理有限公司,https://i1.28hse.com/2026/07/202607091609448156253_thumb.jpg,https://www.28hse.com/buy/apartment/property-3924968,2026-08-06T17:33:59.496264+00:00
3755653,［實盤firm 簽］極高層[勁荀出線盤] 呎價平,荃灣,樂悠居,8280000,538,3,2,環宇物業,https://i1.28hse.com/2026/07/202607111735184755177_thumb.jpg,https://www.28hse.com/buy/apartment/property-3755653,2026-08-06T17:33:59.496264+00:00
3696132,＜2房靚裝＞低於市價 有買趁手,荃灣,爵悅庭,6600000,464,2,1,環宇物業,https://i1.28hse.com/2026/02/20260206165553169107_thumb.jpg,https://www.28hse.com/buy/apartment/property-3696132,2026-08-06T17:33:59.496264+00:00
3924784,【𝟑房套】試$𝟖𝟎𝟎萬✰銀行估足✰市場最筍✰幫你盡傾,荃灣,愉景新城,8200000,581,3,2,中原地產代理限公司,https://i1.28hse.com/2026/07/202607091457373809189_thumb.jpg,https://www.28hse.com/buy/apartment/property-3924784,2026-08-06T17:33:59.496264+00:00
3924708,✰荃景花園✿高層山景✿優質罕有✿即買即住✰{富裕地產精選推介},荃灣,荃景花園,5800000,431,2,,富裕地產荃中第二分行,https://i1.28hse.com/2026/07/202607091415472277998_thumb.jpg,https://www.28hse.com/buy/apartment/property-3924708,2026-08-06T17:33:59.496264+00:00
3924643,(致滙地產-致真實盤)高層靚景，人見人愛！自用投資首選！,荃灣,昇柏山,6300000,516,2,,致滙地產,https://i1.28hse.com/2026/07/202607281914008510665_thumb.jpg,https://www.28hse.com/buy/apartment/property-3924643,2026-08-06T17:33:59.496264+00:00
3924483,靚積2房,荃灣,名逸居,7500000,526,2,,中原地產代理有限公司,https://i1.28hse.com/2026/07/20260709120721456470_thumb.jpg,https://www.28hse.com/buy/apartment/property-3924483,2026-08-06T17:33:59.496264+00:00
3924053,《中原多實盤》●●明廚明廁【海景兩房】罕有放盤 有匙即睇,荃灣,爵悅庭,7980000,464,2,1,中原地產,https://i1.28hse.com/2026/07/202607081940485695469_thumb.jpg,https://www.28hse.com/buy/apartment/property-3924053,2026-08-06T17:33:59.496264+00:00
3924016,靚裝2房 50萬裝修 高層海景 可約睇,荃灣,環宇海灣,8000000,498,2,1,美聯物業,https://i1.28hse.com/2026/07/202607081922313916011_thumb.jpg,https://www.28hse.com/buy/apartment/property-3924016,2026-08-06T17:33:59.496264+00:00
3923833,[日訊物業推介盤] 至荀三房 企理裝修 有匙即睇,荃灣,海濱花園,7280000,596,3,1,日訊物業代理有限公司,https://i1.28hse.com/2026/07/20260708173637728070_thumb.jpg,https://www.28hse.com/buy/apartment/property-3923833,2026-08-06T17:33:59.496264+00:00
3923763,[富裕地產特色大單位] 兩房巨廳向山* 有匙即睇* 還價即成*,荃灣,荃威花園,4250000,536,2,1,富裕地產荃威分行,https://i1.28hse.com/2026/07/202607081731257580489_thumb.jpg,https://www.28hse.com/buy/apartment/property-3923763,2026-08-06T17:33:59.496264+00:00
3923702,翠景台 東南海景有裝 3房套房 連有蓋車位,荃灣,翠景台,7300000,660,3,2,美聯物業(麗城分行),https://i1.28hse.com/2026/07/202607081715484957541_thumb.jpg,https://www.28hse.com/buy/apartment/property-3923702,2026-08-06T17:33:59.496264+00:00
3923698,[日訊物業好多盤] 新裝三房筍盤 理想家居 換樓推介,荃灣,海灣花園,6300000,533,3,1,日訊物業代理有限公司,https://i1.28hse.com/2026/07/20260708171457954092_thumb.jpg,https://www.28hse.com/buy/apartment/property-3923698,2026-08-06T17:33:59.496264+00:00
3923581,[日訊物業好多盤] 裝修中 荀盤二房 有匙即睇,荃灣,海濱花園,5180000,419,2,1,日訊物業代理有限公司,https://i1.28hse.com/2026/07/202607171226077198088_thumb.jpg,https://www.28hse.com/buy/apartment/property-3923581,2026-08-06T17:33:59.496264+00:00
3923003,高層東南，大單邊，三房單位,荃灣,荃景花園,6450000,495,3,1,,https://i1.28hse.com/2026/07/202607081231525139064_thumb.jpg,https://www.28hse.com/buy/apartment/property-3923003,2026-08-06T17:33:59.496264+00:00
3922979,可睇樓+柏傲灣+全海景樓王+一房+保證實盤+歡迎致電或Whatsapp查詢,荃灣,柏傲灣,8380000,421,1,1,利嘉閣,https://i1.28hse.com/2026/07/20260708121622706703_thumb.jpg,https://www.28hse.com/buy/apartment/property-3922979,2026-08-06T17:33:59.496264+00:00
3922671,【爵悅庭南爵軒高層1房·6 XX即買】,荃灣,爵悅庭,6800000,372,1,,美聯物業,https://i1.28hse.com/2026/07/202607072233003542795_thumb.jpg,https://www.28hse.com/buy/apartment/property-3922671,2026-08-06T17:33:59.496264+00:00
3834028,麗城二期 三房抵住之選,荃灣,麗城花園,6500000,572,3,1,金國置業,https://i1.28hse.com/2026/05/202605041548377052694_thumb.jpg,https://www.28hse.com/buy/apartment/property-3834028,2026-08-06T17:33:59.496264+00:00
3922421,【獨家筍盤】Alison 推介～老業主套現～價錢可議！歡迎約睇,荃灣,綠楊新邨,6380000,445,2,1,美聯物業代理有限公司,https://i1.28hse.com/2026/07/202607071835345449065_thumb.jpg,https://www.28hse.com/buy/apartment/property-3922421,2026-08-06T17:33:59.496264+00:00
3922414,新委托 筍價優質高層海景2房,荃灣,爵悅庭,7980000,464,1,,美聯物業,https://i1.28hse.com/2026/07/202607071831543909562_thumb.jpg,https://www.28hse.com/buy/apartment/property-3922414,2026-08-06T17:33:59.496264+00:00
3922351,保證最平 高層少海景三房 靚裝修有鎖匙 歡迎隨時約睇,荃灣,海濱花園,5990000,497,3,1,美聯物業代理有限公司,https://i1.28hse.com/2026/07/202607071806442596971_thumb.jpg,https://www.28hse.com/buy/apartment/property-3922351,2026-08-06T17:33:59.496264+00:00
3922196,**獨家 三房**無墳 “快D pm 我啦,荃灣,海濱花園,5800000,497,3,1,中原地產代理有限公司,https://i1.28hse.com/2026/07/202607071658598048680_thumb.jpg,https://www.28hse.com/buy/apartment/property-3922196,2026-08-06T17:33:59.496264+00:00
3922136,罕有三房東南內園樓王景 有匙即約,荃灣,綠楊新邨,8200000,582,3,,美聯物業,https://i1.28hse.com/2026/07/202607071634384038540_thumb.jpg,https://www.28hse.com/buy/apartment/property-3922136,2026-08-06T17:33:59.496264+00:00
3921970,樂悠居兩房安樂窩，新婚首置不二之選！,荃灣,樂悠居,6600000,420,2,1,利嘉閣地產有限公司,https://i1.28hse.com/2026/07/202607071539374908707_thumb.jpg,https://www.28hse.com/buy/apartment/property-3921970,2026-08-06T17:33:59.496264+00:00
3921959,【𝟏房】可試$𝟕𝐗𝐗萬♡無敵海景♡廳大房大♡價錢可傾♡歡迎約睇,荃灣,柏傲灣,8380000,421,1,1,中原地產代理限公司,https://i1.28hse.com/2026/07/20260707153714918352_thumb.jpg,https://www.28hse.com/buy/apartment/property-3921959,2026-08-06T17:33:59.496264+00:00
3921946,【𝟐房】試$𝟕𝟑𝟗萬✚極高層𝟓𝟎+✚汀九橋海✚歡迎約睇,荃灣,樂悠居,7500000,424,2,1,中原地產代理限公司,https://i1.28hse.com/2026/07/202607071531257224226_thumb.jpg,https://www.28hse.com/buy/apartment/property-3921946,2026-08-06T17:33:59.496264+00:00
3838919,超荀 一買賺＜有匙＞高層［低於估價放賣］急換樓,荃灣,爵悅庭,5710000,384,1,1,環宇物業,https://i1.28hse.com/2026/05/202605071803038283631_thumb.jpg,https://www.28hse.com/buy/apartment/property-3838919,2026-08-06T17:33:59.496264+00:00
3921791,♡上車首選♡實用靚則♡開揚兩房♡荃灣中心♡,荃灣,荃灣中心,4420000,422,2,1,中原地產代理限公司,https://i1.28hse.com/2026/07/202607071412342216664_thumb.jpg,https://www.28hse.com/buy/apartment/property-3921791,2026-08-06T17:33:59.496264+00:00
3921754,♡錦豐園♡靚裝三房♡超值抵住♡,荃灣,錦豐園,6480000,527,3,1,中原地產代理限公司,https://i1.28hse.com/2026/07/202607071358565770785_thumb.jpg,https://www.28hse.com/buy/apartment/property-3921754,2026-08-06T17:33:59.496264+00:00
3921369,海濱花園+3房套廁+高層海景+實用高+荃灣西站+有票再傾+VR,荃灣,海濱花園,7800000,647,3,2,中原地產代理有限公司,https://i1.28hse.com/2026/07/202607062326225226599_thumb.jpg,https://www.28hse.com/buy/apartment/property-3921369,2026-08-06T17:33:59.496264+00:00
3921046,720萬 快閃筍盤 罕有優質實盤,荃灣,環宇海灣,7500000,498,2,1,美聯物業,https://i1.28hse.com/2026/07/202607061841093778559_thumb.jpg,https://www.28hse.com/buy/apartment/property-3921046,2026-08-06T17:33:59.496264+00:00
3920752,【2房】$680萬✚銀行估足✚大型商場✚幫你盡傾,荃灣,荃灣廣場,6800000,433,2,1,中原地產代理限公司,https://i1.28hse.com/2026/07/20260706170022535697_thumb.jpg,https://www.28hse.com/buy/apartment/property-3920752,2026-08-06T17:33:59.496264+00:00
3920704,【𝟐房】可試$𝟖𝐗𝐗萬✰極高層✰東南海景✰幫你盡傾,荃灣,爵悅庭,8280000,479,2,1,中原地產代理限公司,https://i1.28hse.com/2026/07/20260722165509660952_thumb.jpg,https://www.28hse.com/buy/apartment/property-3920704,2026-08-06T17:33:59.496264+00:00
3920598,"(致滙地產-致真實盤)高層靚裝, 即買即住",荃灣,富麗花園,5380000,431,2,,致滙地產,https://i1.28hse.com/2026/07/202607061611527374092_thumb.jpg,https://www.28hse.com/buy/apartment/property-3920598,2026-08-06T17:33:59.496264+00:00
3920382,♡荃景花園♡超值三房♡市場難求♡,荃灣,荃景花園,6200000,511,3,1,中原地產代理限公司,https://i1.28hse.com/2026/07/202607061442301798937_thumb.jpg,https://www.28hse.com/buy/apartment/property-3920382,2026-08-06T17:33:59.496264+00:00
3919396,地鐵沿線*滄海遺珠*筍價出讓 立即call我,荃灣,綠楊新邨,5980000,445,2,1,中原地產,https://i1.28hse.com/2026/07/20260720220011713199_thumb.jpg,https://www.28hse.com/buy/apartment/property-3919396,2026-08-06T17:33:59.496264+00:00
3919138,對流三房 全城最平,荃灣,海灣花園,5100000,537,3,1,居而安物業,https://i1.28hse.com/2026/07/202607051535285395403_thumb.jpg,https://www.28hse.com/buy/apartment/property-3919138,2026-08-06T17:33:59.496264+00:00
3919093,【張小姐 [REDACTED]】【實盤】【歡迎查詢】,荃灣,樂悠居,6400000,424,1,,美聯物業代理有限公司,https://i1.28hse.com/2026/07/202607051515228563370_thumb.jpg,https://www.28hse.com/buy/apartment/property-3919093,2026-08-06T17:33:59.496264+00:00
3918783,♡綠楊新村♡地鐵站上蓋♡實用兩房♡座向西南♡,荃灣,綠楊新邨,6800000,445,2,1,中原地產代理限公司,https://i1.28hse.com/2026/07/202607051233225000303_thumb.jpg,https://www.28hse.com/buy/apartment/property-3918783,2026-08-06T17:33:59.496264+00:00
3918732,華宸地產@鄰近大窩口地鐵站 罕有放售 開揚景觀 交通便利@,荃灣,荃灣花園,4080000,374,2,1,華宸地產代理有限公司,https://i1.28hse.com/2026/07/202607051155071519135_thumb.jpg,https://www.28hse.com/buy/apartment/property-3918732,2026-08-06T17:33:59.496264+00:00
3918540,【張小姐 [REDACTED]】【實盤】【歡迎查詢】,荃灣,爵悅庭,7300000,471,1,,美聯物業代理有限公司,https://i1.28hse.com/2026/07/202607042344478522612_thumb.jpg,https://www.28hse.com/buy/apartment/property-3918540,2026-08-06T17:33:59.496264+00:00
3918202,可試4XX萬，高層有裝，鄰近大型商場，港鐵站，10分鐘生活圈,荃灣,荃景花園,4800000,362,2,1,美聯物業,https://i1.28hse.com/2026/07/202607041843215825896_thumb.jpg,https://www.28hse.com/buy/apartment/property-3918202,2026-08-06T17:33:59.496264+00:00
3918178,可試4XX萬，新地大型屋苑，鄰近大型商場，港鐵站，10分鐘生活圈,荃灣,荃景花園,4370000,362,2,1,美聯物業,https://i1.28hse.com/2026/07/20260704183448743718_thumb.jpg,https://www.28hse.com/buy/apartment/property-3918178,2026-08-06T17:33:59.496264+00:00
3918033,"鄰近地鐵,東南新裝修",荃灣,荃錦中心,4880000,354,2,1,利嘉閣地產有限公司,https://i1.28hse.com/2026/07/202607041742232247384_thumb.jpg,https://www.28hse.com/buy/apartment/property-3918033,2026-08-06T17:33:59.496264+00:00
3828766,"獨家實盤~廿幾樓512呎~全城至平可間3房,開揚山景~~~",荃灣,爵悅庭,6300000,471,2,1,環宇物業,https://i1.28hse.com/2026/04/202604301357233061513_thumb.jpg,https://www.28hse.com/buy/apartment/property-3828766,2026-08-06T17:33:59.496264+00:00
3832591,"極高層~靚裝2房~海景,有匙隨時睇!!!",荃灣,樂悠居,7380000,424,2,1,環宇物業,https://i1.28hse.com/2026/05/202605031331064662502_thumb.jpg,https://www.28hse.com/buy/apartment/property-3832591,2026-08-06T17:33:59.496264+00:00
3917721,"靚裝2房池景,隨時可約睇!!!",荃灣,立坊,6330000,429,2,1,環宇物業,https://i1.28hse.com/2026/07/202607041545123531287_thumb.jpg,https://www.28hse.com/buy/apartment/property-3917721,2026-08-06T17:33:59.496264+00:00
3917709,"高層海景靚裝2房,隨時可約睇!!!",荃灣,立坊,6770000,419,2,1,環宇物業,https://i1.28hse.com/2026/07/202607041540394187303_thumb.jpg,https://www.28hse.com/buy/apartment/property-3917709,2026-08-06T17:33:59.496264+00:00
3917637,【張小姐 [REDACTED]】【實盤】【歡迎查詢】,荃灣,寶雲匯,7780000,713,3,,美聯物業代理有限公司,https://i1.28hse.com/2026/07/202607041511278114765_thumb.jpg,https://www.28hse.com/buy/apartment/property-3917637,2026-08-06T17:33:59.496264+00:00
3917476,【𝟐房】可試$𝟔𝐗𝐗萬♡開揚市景♡企理裝修♡歡迎查詢,荃灣,荃灣廣場,6700000,433,2,1,中原地產代理限公司,https://i1.28hse.com/2026/07/202607041359264770438_thumb.jpg,https://www.28hse.com/buy/apartment/property-3917476,2026-08-06T17:33:59.496264+00:00
3917469,【𝟐房】$𝟕𝟐𝟎萬∎高層開揚∎價錢可試∎估價𝟕𝟓𝟏萬∎幫係盡傾,荃灣,愉景新城,7200000,474,2,1,中原地產代理限公司,https://i1.28hse.com/2026/07/202607041356302687910_thumb.jpg,https://www.28hse.com/buy/apartment/property-3917469,2026-08-06T17:33:59.496264+00:00
3917399,【𝟑房】$𝟔𝟔𝟖萬∎單邊海景∎換樓推介∎月內必走∎歡迎約睇,荃灣,麗城花園,6800000,572,3,1,中原地產代理限公司,https://i1.28hse.com/2026/07/202607041329188252725_thumb.jpg,https://www.28hse.com/buy/apartment/property-3917399,2026-08-06T17:33:59.496264+00:00
3917398,【𝟑房】可試$𝟕𝟎𝟎萬∎靚裝海景∎𝟎𝟏座單邊∎歡迎約睇,荃灣,海灣花園,7380000,572,3,1,中原地產代理限公司,https://i1.28hse.com/2026/07/202607041327484043945_thumb.jpg,https://www.28hse.com/buy/apartment/property-3917398,2026-08-06T17:33:59.496264+00:00
3917394,【𝟑房】$𝟓𝟔𝟖萬♡地鐵沿線♡內園景觀♡還價可傾♡歡迎約睇,荃灣,華都中心,5680000,438,3,1,中原地產代理限公司,https://i1.28hse.com/2026/07/20260716193716949349_thumb.jpg,https://www.28hse.com/buy/apartment/property-3917394,2026-08-06T17:33:59.496264+00:00
3917391,獨家【𝟑房𝟐廁】可試$𝟕𝐗𝐗萬∎有裝即住∎換樓推介∎歡迎查詢,荃灣,灣景花園,8000000,702,3,2,中原地產代理限公司,https://i1.28hse.com/2026/07/202607041325567519080_thumb.jpg,https://www.28hse.com/buy/apartment/property-3917391,2026-08-06T17:33:59.496264+00:00
3916826,【張小姐 [REDACTED]】【實盤】【歡迎查詢】,荃灣,朗逸峰,7870000,634,2,,美聯物業代理有限公司,https://i1.28hse.com/2026/07/202607032317333341445_thumb.jpg,https://www.28hse.com/buy/apartment/property-3916826,2026-08-06T17:33:59.496264+00:00
3916575,518.8萬（極荀），荀過買舊樓，機會一閃即逝,荃灣,翡翠廣場,5200000,422,2,1,美聯物業,https://i1.28hse.com/2026/07/202607031918195751923_thumb.jpg,https://www.28hse.com/buy/apartment/property-3916575,2026-08-06T17:33:59.496264+00:00
3916538,可試57X萬，遠眺翠綠山景，空曠神宜，呎價荀絕,荃灣,昇柏山,5800000,523,2,1,美聯物業,https://i1.28hse.com/2026/07/202607031901483765517_thumb.jpg,https://www.28hse.com/buy/apartment/property-3916538,2026-08-06T17:33:59.496264+00:00
3915723,"民生小區 ,配套方便",荃灣,海濱花園,7300000,647,3,1,環宇物業,https://i1.28hse.com/2026/07/202607211609135444291_thumb.jpg,https://www.28hse.com/buy/apartment/property-3915723,2026-08-06T17:33:59.496264+00:00
3915548,麗城花園3期 實用靚裝有匙,荃灣,麗城花園,7100000,728,3,2,美聯物業(麗城分行),https://i1.28hse.com/2026/07/20260703134029310917_thumb.jpg,https://www.28hse.com/buy/apartment/property-3915548,2026-08-06T17:33:59.496264+00:00
3915544,麗城花園2期 東南極高園景,荃灣,麗城花園,5900000,572,3,1,美聯物業(麗城分行),https://i1.28hse.com/2026/07/202607031339043259222_thumb.jpg,https://www.28hse.com/buy/apartment/property-3915544,2026-08-06T17:33:59.496264+00:00
3915310,"[2房] 屋苑附設大型商場, 生活配套, 一應俱全, 小康之家首選",荃灣,愉景新城,6500000,493,2,1,美聯物業,https://i1.28hse.com/2026/07/202607031142191604817_thumb.jpg,https://www.28hse.com/buy/apartment/property-3915310,2026-08-06T17:33:59.496264+00:00
3915096,綠楊新村 高層 地鐵站上蓋物業 ((( 放售 ))),荃灣,綠楊新邨,6800000,451,2,1,萬里物業有限公司,https://i1.28hse.com/2026/07/202607030225506525334_thumb.jpg,https://www.28hse.com/buy/apartment/property-3915096,2026-08-06T17:33:59.496264+00:00
3915018,【張小姐 [REDACTED]】【實盤】【歡迎查詢】,荃灣,昇柏山,5800000,523,2,,美聯物業代理有限公司,https://i1.28hse.com/2026/07/202607022331442740623_thumb.jpg,https://www.28hse.com/buy/apartment/property-3915018,2026-08-06T17:33:59.496264+00:00
3914976,清雅靚裝+實用間隔@開陽景觀@旺中帶靜#名牌屋苑#氣派大堂#華麗會所,荃灣,爵悅庭,7500000,450,2,1,中原地產,https://i1.28hse.com/2026/07/20260702223153997031_thumb.jpg,https://www.28hse.com/buy/apartment/property-3914976,2026-08-06T17:33:59.496264+00:00
3914823,全城最筍,荃灣,立坊,6380000,429,2,,中原地產代理有限公司,https://i1.28hse.com/2026/07/202607021937364901679_thumb.jpg,https://www.28hse.com/buy/apartment/property-3914823,2026-08-06T17:33:59.496264+00:00
3914514,# 【首置理想之選】康睦庭園1座2房實用單位，性價比爆棚！可傾658萬,荃灣,康睦庭園,6800000,468,2,,美聯物業,https://i1.28hse.com/2026/07/202607021717254061891_thumb.jpg,https://www.28hse.com/buy/apartment/property-3914514,2026-08-06T17:33:59.496264+00:00
3914312,【𝟏房】$𝟖𝟐𝟎萬♡銀行估突♡成租$𝟐𝟐𝐊♡歡迎約睇,荃灣,柏傲灣,8380000,421,1,1,中原地產代理限公司,https://i1.28hse.com/2026/07/202607021603324992869_thumb.jpg,https://www.28hse.com/buy/apartment/property-3914312,2026-08-06T17:33:59.496264+00:00
3913824,●獨家 ●高層開揚山景 ●3房改2房 ♡歡迎約睇,荃灣,韻濤居,7300000,545,2,,中原地產代理有限公司,https://i1.28hse.com/2026/07/202607021153263831109_thumb.jpg,https://www.28hse.com/buy/apartment/property-3913824,2026-08-06T17:33:59.496264+00:00
3913168,＜獨家有匙＞ 超高層 睇岩盡傾,荃灣,樂悠居,7200000,420,1,1,環宇物業,https://i1.28hse.com/2026/07/20260712173215952601_thumb.jpg,https://www.28hse.com/buy/apartment/property-3913168,2026-08-06T17:33:59.496264+00:00
3912819,非常開揚景,荃灣,麗城花園,6500000,572,3,2,恆信地產,https://i1.28hse.com/2026/07/202607011509077071098_thumb.jpg,https://www.28hse.com/buy/apartment/property-3912819,2026-08-06T17:33:59.496264+00:00
3912637,灣景花園 3房套房有裝,荃灣,灣景花園,7800000,702,3,2,美聯物業(麗城分行),https://i1.28hse.com/2026/07/202607121512422948455_thumb.jpg,https://www.28hse.com/buy/apartment/property-3912637,2026-08-06T17:33:59.496264+00:00
3912633,灣景花園 3房套房大廳,荃灣,灣景花園,6500000,610,3,2,美聯物業(麗城分行),https://i1.28hse.com/2026/07/202607271302505784855_thumb.jpg,https://www.28hse.com/buy/apartment/property-3912633,2026-08-06T17:33:59.496264+00:00
3912517,向南高層靚裝♛♛兩房罕有靚則,荃灣,昇柏山,6480000,527,2,1,美聯物業,https://i1.28hse.com/2026/07/202607111740308926273_thumb.jpg,https://www.28hse.com/buy/apartment/property-3912517,2026-08-06T17:33:59.496264+00:00
3912355,罕有放盤 高層開揚 靚景,荃灣,立坊,6800000,419,2,,中原地產代理有限公司,https://i1.28hse.com/2026/07/202607011105366598298_thumb.jpg,https://www.28hse.com/buy/apartment/property-3912355,2026-08-06T17:33:59.496264+00:00
3912346,{富裕地產匙盤推介} 向南高層開揚景 9成按揭上車自住一流,荃灣,荃灣中心,3980000,380,2,,富裕地產荃中第一分行,https://i1.28hse.com/2026/07/202607011100257564095_thumb.jpg,https://www.28hse.com/buy/apartment/property-3912346,2026-08-06T17:33:59.496264+00:00
3912150,【可試＄７xx萬！】罕有高層、開揚靚海景３房！間隔企理靚裝修！鄰近西鐵、配套齊全,荃灣,海灣花園,7180000,572,3,1,美聯物業,https://i1.28hse.com/2026/06/20260630215530611186_thumb.jpg,https://www.28hse.com/buy/apartment/property-3912150,2026-08-06T17:33:59.496264+00:00
3912135,銀行估凸，有票有驚喜，可免印花稅，上車投資一流！有票即成，即買即收租,荃灣,荃灣中心,4300000,377,2,1,美聯物業,https://i1.28hse.com/2026/07/202607051735326136087_thumb.jpg,https://www.28hse.com/buy/apartment/property-3912135,2026-08-06T17:33:59.496264+00:00
3912122,【可試$7xx萬！】開揚靚景*靚間隔２房！荃灣市中心！廳大房大！鄰近地鐵站及商場,荃灣,名逸居,7510000,530,2,1,美聯物業,https://i1.28hse.com/2026/06/202606302127478454265_thumb.jpg,https://www.28hse.com/buy/apartment/property-3912122,2026-08-06T17:33:59.496264+00:00
3912024,【𝟑房套】$𝟔𝟔𝟎萬∎大則海景∎價錢可傾∎歡迎約睇,荃灣,麗城花園,6600000,644,3,2,中原地產代理限公司,https://i1.28hse.com/2026/06/202606301955543569133_thumb.jpg,https://www.28hse.com/buy/apartment/property-3912024,2026-08-06T17:33:59.496264+00:00
3910578,●開揚山景 ●超值3房套 ●可試$7xx萬 ♡歡迎約睇,荃灣,愉景新城,8100000,610,3,,中原地產代理有限公司,https://i1.28hse.com/2026/06/202606291756553358477_thumb.jpg,https://www.28hse.com/buy/apartment/property-3910578,2026-08-06T17:33:59.496264+00:00
3910315,♡荃威花園♡400萬以下♡實用兩房♡上車首選♡,荃灣,荃威花園,3800000,480,2,1,中原地產代理限公司,https://i1.28hse.com/2026/06/202606291552262401366_thumb.jpg,https://www.28hse.com/buy/apartment/property-3910315,2026-08-06T17:33:59.496264+00:00
3910290,昇柏山高層2房筍盤｜645萬價錢可傾入主荃灣熱門屋苑,荃灣,昇柏山,6480000,527,2,1,美聯物業,https://i1.28hse.com/2026/06/202606292301255410996_thumb.jpg,https://www.28hse.com/buy/apartment/property-3910290,2026-08-06T17:33:59.496264+00:00
3910206,筍盤推介 裝修企理 有蓋天橋到地鐵,荃灣,愉景新城,6500000,493,2,1,美聯物業,https://i1.28hse.com/2026/06/202606291453367433473_thumb.jpg,https://www.28hse.com/buy/apartment/property-3910206,2026-08-06T17:33:59.496264+00:00
3867367,開揚山景 裝修企理,荃灣,麗城花園,5480000,481,2,1,恆信地產,https://i1.28hse.com/2026/05/202605291616437758256_thumb.jpg,https://www.28hse.com/buy/apartment/property-3867367,2026-08-06T17:33:59.496264+00:00
3909910,麗城花園2期 前排3房 有裝有匙,荃灣,麗城花園,6450000,572,3,1,美聯物業(麗城分行),https://i1.28hse.com/2026/06/202606291151372176130_thumb.jpg,https://www.28hse.com/buy/apartment/property-3909910,2026-08-06T17:33:59.496264+00:00
3909892,●靚裝內園 ●西南2房 ●獨家 ♡歡迎約睇,荃灣,綠楊新邨,6600000,445,2,,中原地產代理有限公司,https://i1.28hse.com/2026/06/202606291140525209445_thumb.jpg,https://www.28hse.com/buy/apartment/property-3909892,2026-08-06T17:33:59.496264+00:00
3909677,## 荃景花園三房升級之選 — 換樓客理想居所,荃灣,荃景花園,6800000,577,3,,美聯物業,https://i1.28hse.com/2026/06/202606282246193100898_thumb.jpg,https://www.28hse.com/buy/apartment/property-3909677,2026-08-06T17:33:59.496264+00:00
3909627,企理內園兩房 大型屋苑 有匙即看,荃灣,愉景新城,7200000,493,2,1,美聯物業,https://i1.28hse.com/2026/06/202606282053017256423_thumb.jpg,https://www.28hse.com/buy/apartment/property-3909627,2026-08-06T17:33:59.496264+00:00
3909607,3房靚裝 高層開揚 大型屋苑,荃灣,荃景花園,6200000,511,3,1,美聯物業,https://i1.28hse.com/2026/06/202606282027278244079_thumb.jpg,https://www.28hse.com/buy/apartment/property-3909607,2026-08-06T17:33:59.496264+00:00
3720319,{富裕地產誠意推介} 向南高層開揚景 9成按揭上車自住一流,荃灣,荃灣中心,4150000,380,2,,富裕地產荃中第一分行,https://i1.28hse.com/2026/01/202601241850514227086_thumb.jpg,https://www.28hse.com/buy/apartment/property-3720319,2026-08-06T17:33:59.496264+00:00
3909527,三房雅緻裝修 間格四正 開揚高層,荃灣,怡景園,7000000,489,3,1,美聯物業,https://i1.28hse.com/2026/06/202606281920057367614_thumb.jpg,https://www.28hse.com/buy/apartment/property-3909527,2026-08-06T17:33:59.496264+00:00
3909506,地鐵上蓋 單邊開揚 有匙即看,荃灣,綠楊新邨,6500000,445,2,1,美聯物業,https://i1.28hse.com/2026/06/202606281857497817709_thumb.jpg,https://www.28hse.com/buy/apartment/property-3909506,2026-08-06T17:33:59.496264+00:00
3909420,罕有盤 投資首選 近地鐵站 大屋苑,荃灣,愉景新城,6500000,493,2,,中原地產代理有限公司,https://i1.28hse.com/2026/06/202606281815514851930_thumb.jpg,https://www.28hse.com/buy/apartment/property-3909420,2026-08-06T17:33:59.496264+00:00
3909308,●超靚內園 ●2房即看 ●把握機會價錢有得傾 ♡歡迎約睇,荃灣,愉景新城,7200000,493,2,,中原地產代理有限公司,https://i1.28hse.com/2026/06/202606281713582675441_thumb.jpg,https://www.28hse.com/buy/apartment/property-3909308,2026-08-06T17:33:59.496264+00:00
3909286,《中原多實盤》●●東南兩房｜可交吉【罕有放盤】還價即成,荃灣,荃灣廣場,6700000,433,2,1,中原地產,https://i1.28hse.com/2026/06/202606281701207987766_thumb.jpg,https://www.28hse.com/buy/apartment/property-3909286,2026-08-06T17:33:59.496264+00:00
3909255,超靚裝修！全場最筍！100%實盤,荃灣,愉景新城,6500000,477,2,,中原地產代理有限公司,https://i1.28hse.com/2026/06/202606281649562195931_thumb.jpg,https://www.28hse.com/buy/apartment/property-3909255,2026-08-06T17:33:59.496264+00:00
3909225,●靚裝2房●必走筍盤♡歡迎約睇,荃灣,荃錦中心,4800000,354,2,1,中原地產代理有限公司,https://i1.28hse.com/2026/06/202606281625538150527_thumb.jpg,https://www.28hse.com/buy/apartment/property-3909225,2026-08-06T17:33:59.496264+00:00
3909213,𝐕𝐑【𝟑房】$𝟔𝟐𝟎萬∎價錢可傾∎必走筍盤∎歡迎查詢,荃灣,荃景花園,6200000,511,3,1,中原地產代理限公司,https://i1.28hse.com/2026/06/202606281619405154136_thumb.jpg,https://www.28hse.com/buy/apartment/property-3909213,2026-08-06T17:33:59.496264+00:00
3909179,●靚裝開揚●3房●相熟業主♡歡迎約睇,荃灣,怡景園,7000000,489,3,1,中原地產代理有限公司,https://i1.28hse.com/2026/06/202606281605042696659_thumb.jpg,https://www.28hse.com/buy/apartment/property-3909179,2026-08-06T17:33:59.496264+00:00
3909165,▛靚裝開揚3房▟●$79x萬♡歡迎約睇,荃灣,縉庭山,8150000,622,3,1,中原地產代理有限公司,https://i1.28hse.com/2026/06/202606281559471119631_thumb.jpg,https://www.28hse.com/buy/apartment/property-3909165,2026-08-06T17:33:59.496264+00:00
3909162,●開揚2房●有匙即看♡歡迎約睇,荃灣,合眾大廈,4500000,378,2,1,中原地產代理有限公司,https://i1.28hse.com/2026/06/202606281557422316813_thumb.jpg,https://www.28hse.com/buy/apartment/property-3909162,2026-08-06T17:33:59.496264+00:00
3909138,●汀九海景●靚裝3房●可試$𝟕𝟎𝟎萬♡歡迎約睇,荃灣,海灣花園,7380000,572,3,1,中原地產代理有限公司,https://i1.28hse.com/2026/06/202606281547336982892_thumb.jpg,https://www.28hse.com/buy/apartment/property-3909138,2026-08-06T17:33:59.496264+00:00
3909057,# 荃灣市中心優質2房·實用493呎·售價$718萬有的傾價｜立即睇樓！,荃灣,愉景新城,7200000,493,2,1,美聯物業,https://i1.28hse.com/2026/06/202606281506404968501_thumb.jpg,https://www.28hse.com/buy/apartment/property-3909057,2026-08-06T17:33:59.496264+00:00
3908001,開揚景觀筍價， 打過嚟幫你傾,荃灣,縉庭山,7000000,521,2,,中原地產代理有限公司,https://i1.28hse.com/2026/06/202606271523018745070_thumb.jpg,https://www.28hse.com/buy/apartment/property-3908001,2026-08-06T17:33:59.496264+00:00
3907933,大型屋苑 間格四正 步行到西鐵,荃灣,環宇海灣,7008000,482,2,1,美聯物業,https://i1.28hse.com/2026/06/202606271449134959691_thumb.jpg,https://www.28hse.com/buy/apartment/property-3907933,2026-08-06T17:33:59.496264+00:00
3907726,爵悅庭+2房特高層+山景開揚+全屋新裝即住+新鴻基物業+近荃灣西站+VR,荃灣,爵悅庭,8280000,452,2,1,中原地產代理有限公司,https://i1.28hse.com/2026/06/20260627125235442514_thumb.jpg,https://www.28hse.com/buy/apartment/property-3907726,2026-08-06T17:33:59.496264+00:00
3907521,上車首選 可試37X,荃灣,荃灣花園,4000000,375,1,1,中原地產代理有限公司,https://i1.28hse.com/2026/06/202606271023047236792_thumb.jpg,https://www.28hse.com/buy/apartment/property-3907521,2026-08-06T17:33:59.496264+00:00
3907436,荃威花園K座低層3房 • 460萬入手 • 山景開揚,荃灣,荃威花園,4600000,533,3,1,美聯物業,https://i1.28hse.com/2026/06/202606270010282712238_thumb.jpg,https://www.28hse.com/buy/apartment/property-3907436,2026-08-06T17:33:59.496264+00:00
3907144,【𝟐房】$𝟓𝟐𝟎萬∎劈價即走∎市中心位 ∎歡迎查詢,荃灣,翡翠廣場,6100000,419,2,1,中原地產代理限公司,https://i1.28hse.com/2026/06/202606261911078989508_thumb.jpg,https://www.28hse.com/buy/apartment/property-3907144,2026-08-06T17:33:59.496264+00:00
3907090,｛有VR｝實用兩房 有匙即睇,荃灣,韻濤居,6100000,445,2,,美聯物業(麗城分行),https://i1.28hse.com/2026/08/202608051747288660896_thumb.jpg,https://www.28hse.com/buy/apartment/property-3907090,2026-08-06T17:33:59.496264+00:00
3907068,【𝟑房】$𝟓𝟐𝟎萬✰高層開揚✰估價$𝟓𝟓𝟎萬✰換樓推介✰幫你盡傾,荃灣,錦豐園,5200000,449,3,1,中原地產代理限公司,https://i1.28hse.com/2026/06/20260626183302978084_thumb.jpg,https://www.28hse.com/buy/apartment/property-3907068,2026-08-06T17:33:59.496264+00:00
3906768,●靚裝內園●換樓首選♡歡迎約睇,荃灣,麗城花園,7280000,728,3,2,中原地產代理有限公司,https://i1.28hse.com/2026/07/202607281918458478638_thumb.jpg,https://www.28hse.com/buy/apartment/property-3906768,2026-08-06T17:33:59.496264+00:00
3906422,荃灣西站附近入房3房,荃灣,海濱花園,6700000,559,3,1,美聯物業,https://i1.28hse.com/2026/06/202606261342246960016_thumb.jpg,https://www.28hse.com/buy/apartment/property-3906422,2026-08-06T17:33:59.496264+00:00
3906022,荃灣中心桂林樓高層E室，實用377呎，售價僅396萬，100元印花稅適合来約,荃灣,荃灣中心,3960000,377,2,1,美聯物業,https://i1.28hse.com/2026/06/202606252139573003155_thumb.jpg,https://www.28hse.com/buy/apartment/property-3906022,2026-08-06T17:33:59.496264+00:00
3905766,●開揚1房 ●超值抵住●上車首選♡歡迎約睇,荃灣,柏傲灣,7300000,392,1,,中原地產代理有限公司,https://i1.28hse.com/2026/06/202606251826225046880_thumb.jpg,https://www.28hse.com/buy/apartment/property-3905766,2026-08-06T17:33:59.496264+00:00
3905754,爵悅庭+1房高層+向南新裝+即住近荃灣西站+新鴻基物業+有票再傾+VR,荃灣,爵悅庭,6800000,372,1,1,中原地產代理有限公司,https://i1.28hse.com/2026/06/202606251821335696461_thumb.jpg,https://www.28hse.com/buy/apartment/property-3905754,2026-08-06T17:33:59.496264+00:00
3905494,♡全新靚裝♡實用兩房♡荃景花園♡超值之選♡,荃灣,荃景花園,5880000,434,2,1,中原地產代理限公司,https://i1.28hse.com/2026/06/202606251626573076508_thumb.jpg,https://www.28hse.com/buy/apartment/property-3905494,2026-08-06T17:33:59.496264+00:00
3905419,♡爵悦庭實用一房♡實用率高♡上車首選♡,荃灣,爵悅庭,6800000,372,1,1,中原地產代理限公司,https://i1.28hse.com/2026/06/202606251558275518783_thumb.jpg,https://www.28hse.com/buy/apartment/property-3905419,2026-08-06T17:33:59.496264+00:00
3905397,全城最平大兩房！ 極小放盤！！,荃灣,朗逸峰,7500000,638,2,,中原地產代理有限公司,https://i1.28hse.com/2026/06/202606251547133760294_thumb.jpg,https://www.28hse.com/buy/apartment/property-3905397,2026-08-06T17:33:59.496264+00:00
3905369,【張小姐 [REDACTED]】【實盤】【歡迎查詢】,荃灣,縉庭山,7380000,522,2,,美聯物業代理有限公司,https://i1.28hse.com/2026/06/202606251531455576272_thumb.jpg,https://www.28hse.com/buy/apartment/property-3905369,2026-08-06T17:33:59.496264+00:00
3905096,●高層海景●靚裝1房♡歡迎約睇,荃灣,海之戀,8200000,393,1,,中原地產代理有限公司,https://i1.28hse.com/2026/06/202606251248315067591_thumb.jpg,https://www.28hse.com/buy/apartment/property-3905096,2026-08-06T17:33:59.496264+00:00
3905082,♡錦豐園實用兩房♡上車首選♡,荃灣,錦豐園,4500000,375,2,1,中原地產代理限公司,https://i1.28hse.com/2026/06/202606251238223469599_thumb.jpg,https://www.28hse.com/buy/apartment/property-3905082,2026-08-06T17:33:59.496264+00:00
3905063,特色天台！！ 罕有靚裝！！ 優美景觀！！,荃灣,荃威花園,5980000,499,2,,中原地產代理有限公司,https://i1.28hse.com/2026/06/202606251227122738957_thumb.jpg,https://www.28hse.com/buy/apartment/property-3905063,2026-08-06T17:33:59.496264+00:00
3905055,估突價,荃灣,愉景新城,7280000,493,2,,中原地產代理有限公司,https://i1.28hse.com/2026/06/202606251218277944149_thumb.jpg,https://www.28hse.com/buy/apartment/property-3905055,2026-08-06T17:33:59.496264+00:00
3905047,●巨廳2房●真市中心♡歡迎約睇,荃灣,名逸居,7500000,526,2,,中原地產代理有限公司,https://i1.28hse.com/2026/07/202607271718068981309_thumb.jpg,https://www.28hse.com/buy/apartment/property-3905047,2026-08-06T17:33:59.496264+00:00
3904759,荃威花園K座低層4室｜2房山景筍盤 62校網唔錯選！,荃灣,荃威花園,4600000,533,2,1,美聯物業,https://i1.28hse.com/2026/06/202606242203578113482_thumb.jpg,https://www.28hse.com/buy/apartment/property-3904759,2026-08-06T17:33:59.496264+00:00
3904630,●開揚內園●3房●可試$7xx萬♡歡迎約睇,荃灣,綠楊新邨,7500000,582,3,,中原地產代理有限公司,https://i1.28hse.com/2026/06/202606241923138005039_thumb.jpg,https://www.28hse.com/buy/apartment/property-3904630,2026-08-06T17:33:59.496264+00:00
3904432,市區低價樓!企理裝修！業主換樓急賣!隨時引睇! 還價可成！,荃灣,康睦庭園,5900000,404,2,,美聯物業,https://i1.28hse.com/2026/06/202606241753501903411_thumb.jpg,https://www.28hse.com/buy/apartment/property-3904432,2026-08-06T17:33:59.496264+00:00
3904405,兩房可改3房! 實用抵住! 配套成熟! 有匙引睇! 還價可成!,荃灣,東亞花園,5300000,452,2,,美聯物業,https://i1.28hse.com/2026/06/202606241748293971447_thumb.jpg,https://www.28hse.com/buy/apartment/property-3904405,2026-08-06T17:33:59.496264+00:00
3904376,5分鐘地鐵站！企理兩房! 有匙引睇!少有放盤! 還價可成！,荃灣,德大閣,4438000,362,2,,美聯物業,https://i1.28hse.com/2026/06/202606241737081588264_thumb.jpg,https://www.28hse.com/buy/apartment/property-3904376,2026-08-06T17:33:59.496264+00:00
3904349,荃灣地鐵站！近地鐵座數！有匙引睇!業主換樓急賣！還價可成!,荃灣,綠楊新邨,6500000,445,2,,美聯物業,https://i1.28hse.com/2026/06/202606241723276628593_thumb.jpg,https://www.28hse.com/buy/apartment/property-3904349,2026-08-06T17:33:59.496264+00:00
3904248,♛3房最筍♛必走唯一 ♛,荃灣,荃灣廣場,8280000,552,3,1,美聯物業,https://i1.28hse.com/2026/06/202606241648333965708_thumb.jpg,https://www.28hse.com/buy/apartment/property-3904248,2026-08-06T17:33:59.496264+00:00
3903974,荃灣心低層2房 實用422呎 $520萬 即買即住！,荃灣,翡翠廣場,5200000,422,2,1,美聯物業,https://i1.28hse.com/2026/06/202606241501516643701_thumb.jpg,https://www.28hse.com/buy/apartment/property-3903974,2026-08-06T17:33:59.496264+00:00
3903570,【𝟐房】$𝟔𝟔𝟎萬∎估價𝟔𝟕𝟏萬∎幫你盡傾∎歡迎約睇,荃灣,樂悠居,6600000,420,2,1,中原地產代理限公司,https://i1.28hse.com/2026/08/202608011443067044313_thumb.jpg,https://www.28hse.com/buy/apartment/property-3903570,2026-08-06T17:33:59.496264+00:00
3903498,荃灣海濱精品3房｜實用497呎僅560萬！低層寬敞自住首選**,荃灣,海濱花園,5600000,497,3,1,美聯物業,https://i1.28hse.com/2026/06/202606232348535773002_thumb.jpg,https://www.28hse.com/buy/apartment/property-3903498,2026-08-06T17:33:59.496264+00:00
3903331,●1分鐘到荃灣站●開揚2房♡歡迎約睇,荃灣,富華中心,4800000,374,2,,中原地產代理有限公司,https://i1.28hse.com/2026/06/202606231927011933530_thumb.jpg,https://www.28hse.com/buy/apartment/property-3903331,2026-08-06T17:33:59.496264+00:00
3903329,●豪華靚裝 ●連1682呎平台 ♡歡迎約睇,荃灣,昌耀大廈,6180000,381,2,,中原地產代理有限公司,https://i1.28hse.com/2026/06/202606231923557350685_thumb.jpg,https://www.28hse.com/buy/apartment/property-3903329,2026-08-06T17:33:59.496264+00:00
3903327,●靚裝東南●高層開揚2房♡歡迎約睇,荃灣,愉景新城,6800000,493,2,1,中原地產代理有限公司,https://i1.28hse.com/2026/06/202606231921177507855_thumb.jpg,https://www.28hse.com/buy/apartment/property-3903327,2026-08-06T17:33:59.496264+00:00
3903294,【西南3房】●海景有裝♡歡迎約睇,荃灣,翠豐臺,7800000,532,3,1,中原地產代理有限公司,https://i1.28hse.com/2026/06/202606231855074099099_thumb.jpg,https://www.28hse.com/buy/apartment/property-3903294,2026-08-06T17:33:59.496264+00:00
3903266,罕有放盤 靚裝修 拎包入住,荃灣,荃威花園,4920000,533,2,,中原地產代理有限公司,https://i1.28hse.com/2026/06/202606231841344097831_thumb.jpg,https://www.28hse.com/buy/apartment/property-3903266,2026-08-06T17:33:59.496264+00:00
3903252,●高層開揚●2房♡歡迎約睇,荃灣,翠豐臺,6800000,450,2,1,中原地產代理有限公司,https://i1.28hse.com/2026/06/202606231841316559861_thumb.jpg,https://www.28hse.com/buy/apartment/property-3903252,2026-08-06T17:33:59.496264+00:00
3903234,STEPHEN推介●靚裝山景♡歡迎約睇,荃灣,灣景花園,7800000,702,3,2,中原地產代理有限公司,https://i1.28hse.com/2026/06/202606231831074850796_thumb.jpg,https://www.28hse.com/buy/apartment/property-3903234,2026-08-06T17:33:59.496264+00:00
3903137,●東南海景●大2房● 價錢可以盡傾♡歡迎約睇,荃灣,翠豐臺,6900000,481,2,,中原地產代理有限公司,https://i1.28hse.com/2026/06/20260623175200912091_thumb.jpg,https://www.28hse.com/buy/apartment/property-3903137,2026-08-06T17:33:59.496264+00:00
3902725,獨家【𝟐房】$𝟔𝟓𝟎萬∎翠綠山景∎銀行估足∎鎖匙即睇,荃灣,翠豐臺,6500000,424,2,1,中原地產代理限公司,https://i1.28hse.com/2026/06/202606231510318610519_thumb.jpg,https://www.28hse.com/buy/apartment/property-3902725,2026-08-06T17:33:59.496264+00:00
3902699,開揚山景兩房，優美寧靜，星級會所,荃灣,翠豐臺,6500000,424,2,1,中原地產代理有限公司,https://i1.28hse.com/2026/07/202607051919084925865_thumb.jpg,https://www.28hse.com/buy/apartment/property-3902699,2026-08-06T17:33:59.496264+00:00
3902158,8分鐘地鐵站! 企理3房! 隨時引睇! 業主急售! 還價可成!,荃灣,縉庭山,8180000,622,3,,美聯物業,https://i1.28hse.com/2026/06/202606222212155925937_thumb.jpg,https://www.28hse.com/buy/apartment/property-3902158,2026-08-06T17:33:59.496264+00:00
3902151,山景兩房!企理裝修！業主急放!歡迎約睇！還價可成!,荃灣,翠豐臺,6500000,424,2,,美聯物業,https://i1.28hse.com/2026/06/202606222155002730666_thumb.jpg,https://www.28hse.com/buy/apartment/property-3902151,2026-08-06T17:33:59.496264+00:00
3902149,荃灣地鐵站！企理裝修！歡迎約睇！業主急放!還價可成!,荃灣,富裕樓,5500000,471,2,,美聯物業,https://i1.28hse.com/2026/06/202606222144531973636_thumb.jpg,https://www.28hse.com/buy/apartment/property-3902149,2026-08-06T17:33:59.496264+00:00
3901849,[日訊物業好多盤] 海灣極少盤 海景三房改二房 靚裝企理,荃灣,海灣花園,7380000,572,2,1,日訊物業代理有限公司,https://i1.28hse.com/2026/06/202606221757204942965_thumb.jpg,https://www.28hse.com/buy/apartment/property-3901849,2026-08-06T17:33:59.496264+00:00
3901770,麗城二期 前排高層 三房一廁 可以約睇,荃灣,麗城花園,6500000,572,3,1,家樂置業(麗城花園),https://i1.28hse.com/2026/06/202606221721267229460_thumb.jpg,https://www.28hse.com/buy/apartment/property-3901770,2026-08-06T17:33:59.496264+00:00
3723364,極度推介 兩房多窗光猛 自住投資皆可,荃灣,荃灣中心,3850000,374,2,1,盛業地產代理有限公司,https://i1.28hse.com/2026/03/202603241252218426851_thumb.jpg,https://www.28hse.com/buy/apartment/property-3723364,2026-08-06T17:33:59.496264+00:00
3901356,【𝟑房套】$810萬∎大則海景∎價錢可傾∎歡迎約睇,荃灣,麗城花園,8100000,728,3,2,中原地產代理限公司,https://i1.28hse.com/2026/06/202606221457282423110_thumb.jpg,https://www.28hse.com/buy/apartment/property-3901356,2026-08-06T17:33:59.496264+00:00
3901124,♡荃威花園♡實用三房♡超值首選♡,荃灣,荃威花園,4600000,533,3,1,中原地產代理限公司,https://i1.28hse.com/2026/06/202606221211045558660_thumb.jpg,https://www.28hse.com/buy/apartment/property-3901124,2026-08-06T17:33:59.496264+00:00
3900582,荃灣低層3房 園景開揚 適合家庭及首置客,荃灣,錦豐園,5580000,518,3,1,美聯物業,https://i1.28hse.com/2026/06/202606211741167636077_thumb.jpg,https://www.28hse.com/buy/apartment/property-3900582,2026-08-06T17:33:59.496264+00:00
3900559,實盤！ 環宇海灣 2房筍盤｜$680萬！僅此一間 間隔四正｜低于估價卖，快者得,荃灣,環宇海灣,6850000,482,2,,利嘉閣地產有限公司,https://i1.28hse.com/2026/06/202606211730194298595_thumb.jpg,https://www.28hse.com/buy/apartment/property-3900559,2026-08-06T17:33:59.496264+00:00
3796265,山景高層 兩房 歡迎約睇,荃灣,荃灣中心,4030000,377,2,1,金滿地產,https://i1.28hse.com/2026/04/202604031558433841486_thumb.jpg,https://www.28hse.com/buy/apartment/property-3796265,2026-08-06T17:33:59.496264+00:00
3900236,實盤 保證屋苑最平放盤 中層兩房,荃灣,環宇海灣,6880000,482,2,1,美聯物業,https://i1.28hse.com/2026/06/202606211457088847907_thumb.jpg,https://www.28hse.com/buy/apartment/property-3900236,2026-08-06T17:33:59.496264+00:00
3900175,"3房少海，方向好， 間隔四正好用， 自成一閣, 大型會所",荃灣,翠豐臺,8280000,532,3,1,卓誠物業代理,https://i1.28hse.com/2026/06/202606211422445103691_thumb.jpg,https://www.28hse.com/buy/apartment/property-3900175,2026-08-06T17:33:59.496264+00:00
3899729,【張小姐 [REDACTED]】【實盤】【歡迎查詢】,荃灣,荃灣廣場,8280000,552,3,,美聯物業代理有限公司,https://i1.28hse.com/2026/06/202606202222084304344_thumb.jpg,https://www.28hse.com/buy/apartment/property-3899729,2026-08-06T17:33:59.496264+00:00
3899676,縉庭山+2座樓皇+高層露台+罕有放盤+VR+中原獨家+有票試$750萬,荃灣,縉庭山,8000000,526,2,1,中原地產代理有限公司,https://i1.28hse.com/2026/06/20260620205100922310_thumb.jpg,https://www.28hse.com/buy/apartment/property-3899676,2026-08-06T17:33:59.496264+00:00
3899583,位置方便 鄰近港鐵 有裝修 間格四正,荃灣,富裕樓,5500000,471,2,1,美聯物業,https://i1.28hse.com/2026/06/202606201927593088694_thumb.jpg,https://www.28hse.com/buy/apartment/property-3899583,2026-08-06T17:33:59.496264+00:00
3899480,決心換樓 可按排約睇,荃灣,麗城花園,6100000,572,3,1,恆信地產,https://i1.28hse.com/2026/06/202606201830042854923_thumb.jpg,https://www.28hse.com/buy/apartment/property-3899480,2026-08-06T17:33:59.496264+00:00
3899443,急賣 750萬 極高層汀九橋海景,荃灣,海之戀,8200000,393,1,1,美聯物業,https://i1.28hse.com/2026/06/202606201820132993865_thumb.jpg,https://www.28hse.com/buy/apartment/property-3899443,2026-08-06T17:33:59.496264+00:00
3899316,高層東南開陽,荃灣,荃威花園,4600000,533,3,1,金滿地產,https://i1.28hse.com/2026/06/20260620172558862088_thumb.jpg,https://www.28hse.com/buy/apartment/property-3899316,2026-08-06T17:33:59.496264+00:00
3899234,"[2房精選}[筍] 全新時尚靚裝, 約睇, 還價即成",荃灣,愉景新城,7270000,493,2,1,美聯物業,https://i1.28hse.com/2026/06/202606201654394647552_thumb.jpg,https://www.28hse.com/buy/apartment/property-3899234,2026-08-06T17:33:59.496264+00:00
3818405,三房兩大廳 南向 實用樓底高,荃灣,荃威花園,4000000,533,3,1,盛業地產代理有限公司,https://i1.28hse.com/2026/04/202604211710186850839_thumb.jpg,https://www.28hse.com/buy/apartment/property-3818405,2026-08-06T17:33:59.496264+00:00
3899173,有電梯近地鐵｜企理新裝修｜生活配套齊｜高厘回報合投資,荃灣,卓明大廈,5080000,485,3,3,康富地產,https://i1.28hse.com/2026/07/202607071147056268068_thumb.jpg,https://www.28hse.com/buy/apartment/property-3899173,2026-08-06T17:33:59.496264+00:00
3899166,移民快走海景盤 還價即賣,荃灣,麗城花園,8100000,728,3,,美聯物業,https://i1.28hse.com/2026/06/202606201625077623888_thumb.jpg,https://www.28hse.com/buy/apartment/property-3899166,2026-08-06T17:33:59.496264+00:00
3899028,麗城花園3期 向南有裝有海,荃灣,麗城花園,7500000,728,3,2,美聯物業(麗城分行),https://i1.28hse.com/2026/06/202606201535112028977_thumb.jpg,https://www.28hse.com/buy/apartment/property-3899028,2026-08-06T17:33:59.496264+00:00
3899023,麗城花園3期 南海有景有裝,荃灣,麗城花園,8100000,728,3,2,美聯物業(麗城分行),https://i1.28hse.com/2026/06/202606201257401073442_thumb.jpg,https://www.28hse.com/buy/apartment/property-3899023,2026-08-06T17:33:59.496264+00:00
3898950,山景開揚兩房梗廚 新淨企理,荃灣,昇柏山,5800000,523,2,1,美聯物業,https://i1.28hse.com/2026/06/202606201503453730623_thumb.jpg,https://www.28hse.com/buy/apartment/property-3898950,2026-08-06T17:33:59.496264+00:00
3898755,即睇兩房,荃灣,愉景新城,6500000,477,2,,中原地產代理有限公司,https://i1.28hse.com/2026/06/202606201333562658604_thumb.jpg,https://www.28hse.com/buy/apartment/property-3898755,2026-08-06T17:33:59.496264+00:00
3898700,罕有單位連天台2房放售,荃灣,荃灣中心,4068000,354,2,,美聯物業,https://i1.28hse.com/2026/06/202606201308037431062_thumb.jpg,https://www.28hse.com/buy/apartment/property-3898700,2026-08-06T17:33:59.496264+00:00
3898690,♡鄰近地鐵站♡荃錦中心♡實用兩房♡,荃灣,荃錦中心,5380000,375,2,1,中原地產代理限公司,https://i1.28hse.com/2026/06/20260620130055226806_thumb.jpg,https://www.28hse.com/buy/apartment/property-3898690,2026-08-06T17:33:59.496264+00:00
3898670,市區高層三房 有裝修,荃灣,富裕樓,5500000,471,2,,美聯物業,https://i1.28hse.com/2026/06/202606201252261983787_thumb.jpg,https://www.28hse.com/buy/apartment/property-3898670,2026-08-06T17:33:59.496264+00:00
3898521,＜獨家實盤＞［可約睇］睇岩盡傾,荃灣,爵悅庭,6900000,450,2,1,環宇物業,https://i1.28hse.com/2026/06/202606201140336372619_thumb.jpg,https://www.28hse.com/buy/apartment/property-3898521,2026-08-06T17:33:59.496264+00:00
3898426,風水盤 雅緻裝修,荃灣,荃灣中心,4300000,374,2,1,,https://i1.28hse.com/2026/06/202606201011434620422_thumb.jpg,https://www.28hse.com/buy/apartment/property-3898426,2026-08-06T17:33:59.496264+00:00
3898329,【張小姐 [REDACTED]】【實盤】【歡迎查詢】,荃灣,海灣花園,5500000,470,2,,美聯物業代理有限公司,https://i1.28hse.com/2026/06/202606200006203798376_thumb.jpg,https://www.28hse.com/buy/apartment/property-3898329,2026-08-06T17:33:59.496264+00:00
3898217,《中原保證最平》●●高層兩房6XX萬【靚山景開揚】 還價即成,荃灣,荃灣廣場,6800000,433,2,1,中原地產,https://i1.28hse.com/2026/06/202606281619432443657_thumb.jpg,https://www.28hse.com/buy/apartment/property-3898217,2026-08-06T17:33:59.496264+00:00
3897961,$458 開揚市景2房 實用好住!!,荃灣,荃灣花園,4600000,376,2,,美聯物業,https://i1.28hse.com/2026/06/202606191755502380391_thumb.jpg,https://www.28hse.com/buy/apartment/property-3897961,2026-08-06T17:33:59.496264+00:00
3897925,♡市場罕見♡荃灣廣場兩房♡巿中心首選♡,荃灣,荃灣廣場,6700000,433,2,1,中原地產代理限公司,https://i1.28hse.com/2026/06/2026061917412632902_thumb.jpg,https://www.28hse.com/buy/apartment/property-3897925,2026-08-06T17:33:59.496264+00:00
3897904,洋樓兩房大廳｜企理裝修｜四正實用｜交通方便,荃灣,卓明大廈,4500000,457,2,1,康富地產,https://i1.28hse.com/2026/06/202606191731094126933_thumb.jpg,https://www.28hse.com/buy/apartment/property-3897904,2026-08-06T17:33:59.496264+00:00
3897743,市中心性價比之選 兩房梗廚明廁,荃灣,康睦庭園,5900000,404,2,1,美聯物業,https://i1.28hse.com/2026/06/202606191631006831846_thumb.jpg,https://www.28hse.com/buy/apartment/property-3897743,2026-08-06T17:33:59.496264+00:00
3897427,爵悅庭兩房．新鸿基品牌 叫價極具競爭力，還價即成！！！,荃灣,爵悅庭,6700000,457,2,1,利嘉閣地產有限公司,https://i1.28hse.com/2026/06/202606191356387691517_thumb.jpg,https://www.28hse.com/buy/apartment/property-3897427,2026-08-06T17:33:59.496264+00:00
3897215,蔚景花園三房 開揚山景大房,荃灣,蔚景花園,6900000,558,3,,美聯物業(麗城分行),https://i1.28hse.com/2026/06/202606191149247619731_thumb.jpg,https://www.28hse.com/buy/apartment/property-3897215,2026-08-06T17:33:59.496264+00:00
3897210,立坊兩房，低水之選 輕鬆上車！！！,荃灣,立坊,6380000,429,2,1,利嘉閣地產有限公司,https://i1.28hse.com/2026/06/202606191142356529759_thumb.jpg,https://www.28hse.com/buy/apartment/property-3897210,2026-08-06T17:33:59.496264+00:00
3815999,𖥔𖥔𖥔內園清靜𖥔𖥔𖥔 大型屋苑,荃灣,海濱花園,5000000,421,2,1,居而安物業,https://i1.28hse.com/2026/06/202606101705206074397_thumb.jpg,https://www.28hse.com/buy/apartment/property-3815999,2026-08-06T17:33:59.496264+00:00
3897056,【張小姐 [REDACTED]】【實盤】【歡迎查詢】,荃灣,海濱花園,6080000,559,3,,美聯物業代理有限公司,https://i1.28hse.com/2026/06/202606182316394297288_thumb.jpg,https://www.28hse.com/buy/apartment/property-3897056,2026-08-06T17:33:59.496264+00:00
3896799,【𝟐房】可試$𝟕𝐗𝐗萬✰靚裝即住✰估價𝟕𝟎𝟖萬✰歡迎約睇,荃灣,環宇海灣,7300000,482,2,1,中原地產代理限公司,https://i1.28hse.com/2026/06/202606181831442308163_thumb.jpg,https://www.28hse.com/buy/apartment/property-3896799,2026-08-06T17:33:59.496264+00:00
3896762,【𝟑房】$𝟓𝟓𝟖萬♡全新裝修♡內園泳池♡還價可傾♡歡迎約睇,荃灣,錦豐園,5580000,518,3,1,中原地產代理限公司,https://i1.28hse.com/2026/06/202606181815197919729_thumb.jpg,https://www.28hse.com/buy/apartment/property-3896762,2026-08-06T17:33:59.496264+00:00
3895998,荃灣港鐵站旁民生區，安居樂業，價錢好商量,荃灣,運通洋樓,4600000,494,3,1,香港物業仲介公司,https://i1.28hse.com/2026/06/202606181124561415273_thumb.jpg,https://www.28hse.com/buy/apartment/property-3895998,2026-08-06T17:33:59.496264+00:00
3895791,【張小姐 [REDACTED]】【實盤】【歡迎查詢】,荃灣,翠豐臺,6500000,424,2,,美聯物業代理有限公司,https://i1.28hse.com/2026/06/202606172232346055689_thumb.jpg,https://www.28hse.com/buy/apartment/property-3895791,2026-08-06T17:33:59.496264+00:00
3895223,【1房】 極高層50樓UP ♡西南海景♡好客可議♡有匙即睇♡,荃灣,海之戀,7710000,393,1,1,中原地產,https://i1.28hse.com/2026/06/202606171656251519580_thumb.jpg,https://www.28hse.com/buy/apartment/property-3895223,2026-08-06T17:33:59.496264+00:00
3895136,荃灣站附近，企理三房,荃灣,怡景園,7080000,489,3,1,美聯物業,https://i1.28hse.com/2026/06/202606171607071826085_thumb.jpg,https://www.28hse.com/buy/apartment/property-3895136,2026-08-06T17:33:59.496264+00:00
3895105,荃灣西站附近罕有放盤,荃灣,荃灣廣場,8280000,552,3,1,美聯物業,https://i1.28hse.com/2026/06/202606171555316178533_thumb.jpg,https://www.28hse.com/buy/apartment/property-3895105,2026-08-06T17:33:59.496264+00:00
3894965,【𝟑房】可試$𝟖𝐗𝐗萬✰靚裝即住✰價錢可傾✰歡迎約睇,荃灣,荃灣廣場,8280000,552,3,1,中原地產代理限公司,https://i1.28hse.com/2026/06/202606171457437614985_thumb.jpg,https://www.28hse.com/buy/apartment/property-3894965,2026-08-06T17:33:59.496264+00:00
3894953,【𝟐房】可試$𝟓𝟐𝟎萬✰開揚市景✰價錢可傾✰歡迎查詢,荃灣,東亞花園,5200000,452,2,1,中原地產代理限公司,https://i1.28hse.com/2026/06/202606171450568513713_thumb.jpg,https://www.28hse.com/buy/apartment/property-3894953,2026-08-06T17:33:59.496264+00:00
3894389,【張小姐 [REDACTED]】【實盤】【歡迎查詢】,荃灣,綠楊新邨,7500000,582,3,,美聯物業代理有限公司,https://i1.28hse.com/2026/06/202606162256393262614_thumb.jpg,https://www.28hse.com/buy/apartment/property-3894389,2026-08-06T17:33:59.496264+00:00
3894327,荃灣西站上蓋海之戀一房精選必走盤,荃灣,海之戀,7200000,369,1,,中原地產,https://i1.28hse.com/2026/06/202606162129102104290_thumb.jpg,https://www.28hse.com/buy/apartment/property-3894327,2026-08-06T17:33:59.496264+00:00
3894203,傳統大型屋苑名廈，三房套開則，坐擁大型購物商場，幾分鐘直達港鐵,荃灣,愉景新城,7888000,610,3,2,美聯物業,https://i1.28hse.com/2026/06/202606161926598877743_thumb.jpg,https://www.28hse.com/buy/apartment/property-3894203,2026-08-06T17:33:59.496264+00:00
3894195,可試650萬，傳統大型屋苑名廈，坐擁大型購物商場，幾分鐘直達港鐵，5分鐘生活圈,荃灣,愉景新城,6580000,495,2,1,美聯物業,https://i1.28hse.com/2026/06/202606161920132449273_thumb.jpg,https://www.28hse.com/buy/apartment/property-3894195,2026-08-06T17:33:59.496264+00:00
3894183,可試6XX萬，傳統兩房靚開則，環境清幽,荃灣,翠豐臺,6500000,424,2,1,美聯物業,https://i1.28hse.com/2026/06/202606161912033576716_thumb.jpg,https://www.28hse.com/buy/apartment/property-3894183,2026-08-06T17:33:59.496264+00:00
3894137,可試5XX萬，新地大型屋苑，隔離坐擁大型購物商場，10分鐘直達港鐵,荃灣,荃景花園,5750000,529,3,1,美聯物業,https://i1.28hse.com/2026/06/202606161847283490067_thumb.jpg,https://www.28hse.com/buy/apartment/property-3894137,2026-08-06T17:33:59.496264+00:00
3894086,【𝟑房】$𝟔𝟏𝟎萬∎企理裝修∎還價可傾∎歡迎約睇,荃灣,海濱花園,6100000,559,3,1,中原地產代理限公司,https://i1.28hse.com/2026/06/202606161826285908491_thumb.jpg,https://www.28hse.com/buy/apartment/property-3894086,2026-08-06T17:33:59.496264+00:00
3894065,有鎖匙隨時約睇 靚裝靚景三房,荃灣,怡景園,7080000,489,3,,美聯物業,https://i1.28hse.com/2026/06/202606161817205088951_thumb.jpg,https://www.28hse.com/buy/apartment/property-3894065,2026-08-06T17:33:59.496264+00:00
3894054,長實 泳池會所 3房,荃灣,昇柏山,8100000,747,3,,千億物業 太子分行,https://i1.28hse.com/2026/06/202606161809578913200_thumb.jpg,https://www.28hse.com/buy/apartment/property-3894054,2026-08-06T17:33:59.496264+00:00
3893998,可試5XX萬，三分鐘直接港鐵站，五分鐘生活圈，衣食住行一應俱全,荃灣,荃錦中心,5200000,369,2,,美聯物業,https://i1.28hse.com/2026/06/202606161745297108018_thumb.jpg,https://www.28hse.com/buy/apartment/property-3893998,2026-08-06T17:33:59.496264+00:00
3893984,可試4XX萬，三分鐘直接港鐵站，五分鐘生活圈，衣食住行一應俱全,荃灣,荃錦中心,5200000,378,2,1,美聯物業,https://i1.28hse.com/2026/06/202606161740542047209_thumb.jpg,https://www.28hse.com/buy/apartment/property-3893984,2026-08-06T17:33:59.496264+00:00
3893946,【𝟐房】可試$𝟕𝐗𝐗萬∎靚裝即住∎價錢可傾∎歡迎約睇,荃灣,朗逸峰,7700000,634,2,1,中原地產代理限公司,https://i1.28hse.com/2026/06/202606161722346969602_thumb.jpg,https://www.28hse.com/buy/apartment/property-3893946,2026-08-06T17:33:59.496264+00:00
3893911,【𝟐房】$𝟖𝟐𝟎萬♡極高層𝟒𝟎+♡靚裝即住♡歡迎約睇,荃灣,爵悅庭,8200000,475,2,1,中原地產代理限公司,https://i1.28hse.com/2026/06/202606161710122226456_thumb.jpg,https://www.28hse.com/buy/apartment/property-3893911,2026-08-06T17:33:59.496264+00:00
3893840,【𝟑房𝟐廁】試$𝟔𝟎𝟎萬∎急走遺產貨∎估價𝟔𝟎𝟎萬∎幫你盡傾,荃灣,翠濤閣,6300000,703,3,2,中原地產代理限公司,https://i1.28hse.com/2026/08/202608011653073058278_thumb.jpg,https://www.28hse.com/buy/apartment/property-3893840,2026-08-06T17:33:59.496264+00:00
3893723,雙層玻璃設計[2房] 超靚裝修 荀價Firm 賣,荃灣,環宇海灣,7300000,482,2,1,環宇物業,https://i1.28hse.com/2026/06/202606161605357476807_thumb.jpg,https://www.28hse.com/buy/apartment/property-3893723,2026-08-06T17:33:59.496264+00:00
3692782,雅裝少海,荃灣,麗城花園,5700000,572,3,1,恆信地產,https://i1.28hse.com/2026/03/202603181556017213352_thumb.jpg,https://www.28hse.com/buy/apartment/property-3692782,2026-08-06T17:33:59.496264+00:00
3892912,海濱花園️+3房高層+望海景+有匙看罕有放盤+有票再傾,荃灣,海濱花園,6000000,497,3,1,中原地產代理有限公司,https://i1.28hse.com/2026/06/202606152032116038443_thumb.jpg,https://www.28hse.com/buy/apartment/property-3892912,2026-08-06T17:33:59.496264+00:00
3892743,●開揚有裝 ●3房套 ♡歡迎約睇,荃灣,荃景花園,6800000,577,3,,中原地產代理有限公司,https://i1.28hse.com/2026/06/202606151837341094487_thumb.jpg,https://www.28hse.com/buy/apartment/property-3892743,2026-08-06T17:33:59.496264+00:00
3892685,●豪華靚裝 ●3房即住 ♡歡迎約睇,荃灣,荃景花園,5800000,499,3,,中原地產代理有限公司,https://i1.28hse.com/2026/06/202606151811494837225_thumb.jpg,https://www.28hse.com/buy/apartment/property-3892685,2026-08-06T17:33:59.496264+00:00
3892682,[$400萬內] 5分鐘地鐵站 呎價$8千 還價即成,大窩口,德泰大廈,4688000,471,2,,美聯物業,https://i1.28hse.com/2026/06/202606151810112991882_thumb.jpg,https://www.28hse.com/buy/apartment/property-3892682,2026-08-06T17:33:59.496264+00:00
3892221,【𝟐房】$𝟕𝟑𝟖萬✰極高層✰無敵海景✰鎖匙即睇,荃灣,樂悠居,7380000,424,2,1,中原地產代理限公司,https://i1.28hse.com/2026/06/202606261835011888268_thumb.jpg,https://www.28hse.com/buy/apartment/property-3892221,2026-08-06T17:33:59.496264+00:00
3892212,特色戶小露台 業主移民 還價即成 (富裕地產精選推介),荃灣,荃威花園,3780000,418,2,,富裕地產荃中第二分行,https://i1.28hse.com/2026/06/202606151506114480826_thumb.jpg,https://www.28hse.com/buy/apartment/property-3892212,2026-08-06T17:33:59.496264+00:00
3892121,富麗花園昌貴閣大2房靚裝,荃灣,富麗花園,5600000,431,2,1,星輝地產代理,https://i1.28hse.com/2026/06/202606151415547560716_thumb.jpg,https://www.28hse.com/buy/apartment/property-3892121,2026-08-06T17:33:59.496264+00:00
3892102,(致滙地產-致真實盤)靚裝靚景. 業主割爱,荃灣,德大閣,4480000,362,2,,致滙地產,https://i1.28hse.com/2026/06/202606222311398883773_thumb.jpg,https://www.28hse.com/buy/apartment/property-3892102,2026-08-06T17:33:59.496264+00:00
3892077,罕有兩房# 有誠意 可議價,荃灣,朗逸峰,7700000,634,1,,中原地產代理限公司,https://i1.28hse.com/2026/06/202606241506032681027_thumb.jpg,https://www.28hse.com/buy/apartment/property-3892077,2026-08-06T17:33:59.496264+00:00
3890936,市區罕有海景一房，鐵路站上蓋，自設大型商場，高層靚景可以怜包入住,荃灣,海之戀,8200000,393,1,1,美聯物業,https://i1.28hse.com/2026/06/202606141513584695672_thumb.jpg,https://www.28hse.com/buy/apartment/property-3890936,2026-08-06T17:33:59.496264+00:00
3890860,438萬 收租首選 連約 靚裝,荃灣,荃昌中心,5980000,368,2,1,美聯物業,https://i1.28hse.com/2026/06/20260614143426898528_thumb.jpg,https://www.28hse.com/buy/apartment/property-3890860,2026-08-06T17:33:59.496264+00:00
3890816,相熟業主 拎包入住 罕有貨源,荃灣,荃豐中心,5500000,376,2,1,美聯物業,https://i1.28hse.com/2026/06/202606141403571043145_thumb.jpg,https://www.28hse.com/buy/apartment/property-3890816,2026-08-06T17:33:59.496264+00:00
3890460,【張小姐 [REDACTED]】【實盤】【歡迎查詢】,荃灣,荃錦中心,5200000,369,2,,美聯物業代理有限公司,https://i1.28hse.com/2026/06/202606132338195195483_thumb.jpg,https://www.28hse.com/buy/apartment/property-3890460,2026-08-06T17:33:59.496264+00:00
3890199,上車首選 地鐵上蓋到價,荃灣,綠楊新邨,6500000,445,2,,中原地產代理有限公司,https://i1.28hse.com/2026/06/202606131900274280659_thumb.jpg,https://www.28hse.com/buy/apartment/property-3890199,2026-08-06T17:33:59.496264+00:00
3889954,【𝟐房】可試$𝟔𝐗𝐗萬∎價錢可傾∎𝐅𝐈𝐑𝐌賣必走∎可以約睇,荃灣,樂悠居,6880000,435,2,1,中原地產代理限公司,https://i1.28hse.com/2026/08/202608011452201707501_thumb.jpg,https://www.28hse.com/buy/apartment/property-3889954,2026-08-06T17:33:59.496264+00:00
3889629,荀盤 即買即住 拎包入住,荃灣,荃景花園,5800000,499,3,,中原地產代理有限公司,https://i1.28hse.com/2026/06/202606131541016692923_thumb.jpg,https://www.28hse.com/buy/apartment/property-3889629,2026-08-06T17:33:59.496264+00:00
3889569,【𝟐房】$𝟒𝟖𝟎萬∎𝟐年新裝∎業主蝕讓∎市場最平∎歡迎約睇,荃灣,荃錦中心,4800000,354,2,1,中原地產代理限公司,https://i1.28hse.com/2026/06/20260613152146554686_thumb.jpg,https://www.28hse.com/buy/apartment/property-3889569,2026-08-06T17:33:59.496264+00:00
3889554,"地鐵上蓋,大商場大屋苑,開揚景觀",荃灣,綠楊新邨,7500000,582,3,,中原地產代理有限公司,https://i1.28hse.com/2026/06/202606131515315992299_thumb.jpg,https://www.28hse.com/buy/apartment/property-3889554,2026-08-06T17:33:59.496264+00:00
3889473,高層開揚 鄰近港鐵 平到冇朋友,大窩口,德泰大廈,3800000,471,2,,中原地產代理有限公司,https://i1.28hse.com/2026/06/202606131435475793198_thumb.jpg,https://www.28hse.com/buy/apartment/property-3889473,2026-08-06T17:33:59.496264+00:00
3889235,樂悠居+2房高層+海景向南+有匙看+近荃灣西站+有票再傾,荃灣,樂悠居,7380000,424,2,1,中原地產代理有限公司,https://i1.28hse.com/2026/06/202606131255511797221_thumb.jpg,https://www.28hse.com/buy/apartment/property-3889235,2026-08-06T17:33:59.496264+00:00
3889042,還價即成 獨家代理 入場兩房 半新樓 獨家代理 罕有筍盤,荃灣,翠豐臺,5200000,433,2,1,創富(香港)物業,https://i1.28hse.com/2026/06/202606131053544156737_thumb.jpg,https://www.28hse.com/buy/apartment/property-3889042,2026-08-06T17:33:59.496264+00:00
3888478,靚裝可拎包即住 一成首期九成按揭 已吉有匙,荃灣,麗城花園,7280000,728,3,2,家樂置業(麗城花園),https://i1.28hse.com/2026/06/202606121840482980533_thumb.jpg,https://www.28hse.com/buy/apartment/property-3888478,2026-08-06T17:33:59.496264+00:00
3888003,三房套，實盤,荃灣,樂悠居,7080000,538,3,2,環宇物業,https://i1.28hse.com/2026/06/202606121614027160319_thumb.jpg,https://www.28hse.com/buy/apartment/property-3888003,2026-08-06T17:33:59.496264+00:00
3888000,附近荃灣站，入埸兩房單位,荃灣,富裕樓,5200000,471,2,1,美聯物業,https://i1.28hse.com/2026/06/202606121612475105384_thumb.jpg,https://www.28hse.com/buy/apartment/property-3888000,2026-08-06T17:33:59.496264+00:00
3735694,兩房實盤,荃灣,樂悠居,5800000,435,2,1,環宇物業,https://i1.28hse.com/2026/02/202602071513526012568_thumb.jpg,https://www.28hse.com/buy/apartment/property-3735694,2026-08-06T17:33:59.496264+00:00
3887865,"業主有心賣,還價即成",荃灣,翡翠廣場,5990000,419,2,1,環宇物業,https://i1.28hse.com/2026/06/202606121535208362867_thumb.jpg,https://www.28hse.com/buy/apartment/property-3887865,2026-08-06T17:33:59.496264+00:00
3887850,名逸居 2房2廳 清靜園景 會所屋苑 10分鐘地鐵 (實盤可睇樓),荃灣,名逸居,7680000,530,2,1,啟富地產,https://i1.28hse.com/2026/07/20260720114805945170_thumb.jpg,https://www.28hse.com/buy/apartment/property-3887850,2026-08-06T17:33:59.496264+00:00
3887806,3房1套,荃灣,愉景新城,8280000,581,3,,中原地產代理有限公司,https://i1.28hse.com/2026/06/202606121518548327198_thumb.jpg,https://www.28hse.com/buy/apartment/property-3887806,2026-08-06T17:33:59.496264+00:00
3887609,超筍3房2廁加工人房♛連車位♛只得一間,荃灣,寶雲匯,7980000,713,3,2,美聯物業,https://i1.28hse.com/2026/06/202606121406253338758_thumb.jpg,https://www.28hse.com/buy/apartment/property-3887609,2026-08-06T17:33:59.496264+00:00
3887088,全新裝修 King Size 床兩間房都放得落 拎包入住 有匙引看,荃灣,荃景花園,5880000,434,2,1,香港置業,https://i1.28hse.com/2026/06/202606161914513614109_thumb.jpg,https://www.28hse.com/buy/apartment/property-3887088,2026-08-06T17:33:59.496264+00:00
3886610,●劈價●2房豪裝 ♡歡迎約睇,荃灣,綠楊新邨,5980000,445,2,,中原地產代理有限公司,https://i1.28hse.com/2026/06/202606111740336710387_thumb.jpg,https://www.28hse.com/buy/apartment/property-3886610,2026-08-06T17:33:59.496264+00:00
3886577,靚裝位置便利 間格四正 歡迎約睇,荃灣,荃灣廣場,8280000,552,3,,美聯物業,https://i1.28hse.com/2026/06/202606111729535141667_thumb.jpg,https://www.28hse.com/buy/apartment/property-3886577,2026-08-06T17:33:59.496264+00:00
3886013,價錢超筍 景觀超靚 實盤約睇,荃灣,愉景新城,6900000,470,2,,中原地產代理有限公司,https://i1.28hse.com/2026/06/202606111352573701587_thumb.jpg,https://www.28hse.com/buy/apartment/property-3886013,2026-08-06T17:33:59.496264+00:00
3885659,海濱花園22座中層E室｜荃灣臨海優質2房放售｜實用453呎｜$4XX萬,荃灣,海濱花園,4668000,453,2,1,美聯物業,https://i1.28hse.com/2026/06/202606110718268479625_thumb.jpg,https://www.28hse.com/buy/apartment/property-3885659,2026-08-06T17:33:59.496264+00:00
3885652,即買即住 免裝修 換樓客最愛 聯絡約睇,荃灣,荃灣廣場,8280000,552,3,1,美聯物業,https://i1.28hse.com/2026/06/202606110238141237030_thumb.jpg,https://www.28hse.com/buy/apartment/property-3885652,2026-08-06T17:33:59.496264+00:00
3885512,《中原多實盤》●●7XX萬可傾｜靚裝兩房【罕有】歡迎約睇,荃灣,名逸居,8000000,527,2,1,中原地產,https://i1.28hse.com/2026/06/202606102136087183848_thumb.jpg,https://www.28hse.com/buy/apartment/property-3885512,2026-08-06T17:33:59.496264+00:00
3885329,特大天台特色戶,荃灣,翠豐臺,7380000,437,2,,中原地產代理有限公司,https://i1.28hse.com/2026/06/202606101846333729327_thumb.jpg,https://www.28hse.com/buy/apartment/property-3885329,2026-08-06T17:33:59.496264+00:00
3884939,【3房】$700萬∎靚裝即住∎價錢可傾∎歡迎約睇,荃灣,怡景園,7000000,489,3,1,中原地產代理限公司,https://i1.28hse.com/2026/06/202606101603063982626_thumb.jpg,https://www.28hse.com/buy/apartment/property-3884939,2026-08-06T17:33:59.496264+00:00
3884935,"即住東南、養寵之家.5分鐘到地鐵上蓋,首選",荃灣,綠楊新邨,6950000,475,2,1,中原地產代理有限公司,https://i1.28hse.com/2026/06/202606261812577293024_thumb.jpg,https://www.28hse.com/buy/apartment/property-3884935,2026-08-06T17:33:59.496264+00:00
3884933,【𝟑房𝟐廁】可試$𝟔𝐗𝐗萬∎靚裝即住∎換樓推介∎歡迎約睇,荃灣,海濱花園,7000000,700,3,2,中原地產代理限公司,https://i1.28hse.com/2026/06/202606101601128672715_thumb.jpg,https://www.28hse.com/buy/apartment/property-3884933,2026-08-06T17:33:59.496264+00:00
3884905,高層靚裝,荃灣,愉景新城,7280000,493,2,,中原地產代理有限公司,https://i1.28hse.com/2026/06/202606101548501268095_thumb.jpg,https://www.28hse.com/buy/apartment/property-3884905,2026-08-06T17:33:59.496264+00:00
3884845,向南高層靚裝♛♛兩房罕有靚則,荃灣,昇柏山,6480000,527,2,1,美聯物業,https://i1.28hse.com/2026/06/202606101521483240426_thumb.jpg,https://www.28hse.com/buy/apartment/property-3884845,2026-08-06T17:33:59.496264+00:00
3884220,【張小姐 [REDACTED]】【實盤】【歡迎查詢】,荃灣,環宇海灣,7280000,482,2,,美聯物業代理有限公司,https://i1.28hse.com/2026/06/20260609224431600732_thumb.jpg,https://www.28hse.com/buy/apartment/property-3884220,2026-08-06T17:33:59.496264+00:00
3884198,️帶你進入英倫角度@西鐵站及商場上蓋物業 迷人海景買入優皮生活突顯優秀的你,荃灣,海之戀,8000000,393,1,1,中原地產,https://i1.28hse.com/2026/06/202606092211177846415_thumb.jpg,https://www.28hse.com/buy/apartment/property-3884198,2026-08-06T17:33:59.496264+00:00
3884152,●樓皇山景●可試$6XX萬 ●開揚3房套 ♡歡迎約睇,荃灣,荃景花園,7100000,577,3,,中原地產代理有限公司,https://i1.28hse.com/2026/06/202606092042536725003_thumb.jpg,https://www.28hse.com/buy/apartment/property-3884152,2026-08-06T17:33:59.496264+00:00
3883984,三房套 間格四正 靜中帶旺 新鴻基樓,荃灣,荃景花園,6980000,577,3,2,美聯物業,https://i1.28hse.com/2026/06/202606091829118674642_thumb.jpg,https://www.28hse.com/buy/apartment/property-3883984,2026-08-06T17:33:59.496264+00:00
3883981,《保證最平》●●不對工廠【開揚光猛】兩房首選,荃灣,爵悅庭,6680000,471,2,1,中原地產,https://i1.28hse.com/2026/06/202606091838106110768_thumb.jpg,https://www.28hse.com/buy/apartment/property-3883981,2026-08-06T17:33:59.496264+00:00
3883954,《中原最齊盤》●●特色大兩房【樓皇級山景】歡迎查詢約睇,荃灣,爵悅庭,7600000,494,2,1,中原地產,https://i1.28hse.com/2026/06/202606091824483639471_thumb.jpg,https://www.28hse.com/buy/apartment/property-3883954,2026-08-06T17:33:59.496264+00:00
3883344,【𝟑房】試$𝟔𝐗𝐗萬∎估價𝟔𝟎𝟖萬∎高層開揚∎歡迎約睇,荃灣,麗城花園,6500000,572,3,1,中原地產代理限公司,https://i1.28hse.com/2026/08/202608011423453123074_thumb.jpg,https://www.28hse.com/buy/apartment/property-3883344,2026-08-06T17:33:59.496264+00:00
3883024,"3房1廳,近地鐵站(真實盤)",大窩口,德泰大廈,3850000,471,3,1,荃富物業代理有限公司,https://i1.28hse.com/2026/06/202606091125471494470_thumb.jpg,https://www.28hse.com/buy/apartment/property-3883024,2026-08-06T17:33:59.496264+00:00
3882645,靚裝2房,荃灣,愉景新城,7000000,474,2,,中原地產代理有限公司,https://i1.28hse.com/2026/06/20260608190057510919_thumb.jpg,https://www.28hse.com/buy/apartment/property-3882645,2026-08-06T17:33:59.496264+00:00
3882533,爵悦庭+2房靚裝+梗廚罕有+近荃灣西站+新鴻基物業,荃灣,爵悅庭,7700000,471,2,1,中原地產代理有限公司,https://i1.28hse.com/2026/06/20260608181149230426_thumb.jpg,https://www.28hse.com/buy/apartment/property-3882533,2026-08-06T17:33:59.496264+00:00
3882432,[日訊物業好多盤] 快走二房 開揚實用 總有得傾,荃灣,海灣花園,5800000,474,2,1,日訊物業代理有限公司,https://i1.28hse.com/2026/06/202606081734507010906_thumb.jpg,https://www.28hse.com/buy/apartment/property-3882432,2026-08-06T17:33:59.496264+00:00
3882272,[日訊物業好多盤] 海景實用三房把握機會 非常缺盤,荃灣,海濱花園,7380000,579,3,1,日訊物業代理有限公司,https://i1.28hse.com/2026/06/202606161407223619042_thumb.jpg,https://www.28hse.com/buy/apartment/property-3882272,2026-08-06T17:33:59.496264+00:00
3881331,《中原保證最平》●●罕有放盤【800萬可試】歡迎約睇,荃灣,荃灣廣場,8280000,552,3,1,中原地產,https://i1.28hse.com/2026/06/202606072017158113282_thumb.jpg,https://www.28hse.com/buy/apartment/property-3881331,2026-08-06T17:33:59.496264+00:00
3881296,可試5XX萬，靚裝三房，拖喼可入住，快者得,荃灣,荃景花園,6000000,499,3,1,美聯物業,https://i1.28hse.com/2026/06/202606071952463215540_thumb.jpg,https://www.28hse.com/buy/apartment/property-3881296,2026-08-06T17:33:59.496264+00:00
3880512,【𝟐房】$𝟕𝟔𝟎萬♡靚裝即住♡前排山景♡歡迎約睇,荃灣,爵悅庭,7700000,471,2,1,中原地產代理限公司,https://i1.28hse.com/2026/06/202606071341505777883_thumb.jpg,https://www.28hse.com/buy/apartment/property-3880512,2026-08-06T17:33:59.496264+00:00
3880479,獨家【𝟐房】$448萬∎價錢可傾∎必走筍盤∎歡迎查詢,荃灣,荃景花園,4480000,362,2,1,中原地產代理限公司,https://i1.28hse.com/2026/06/202606071327221079965_thumb.jpg,https://www.28hse.com/buy/apartment/property-3880479,2026-08-06T17:33:59.496264+00:00
3880429,有山有海有車位！巨廳有匙即睇,荃灣,翠景台,7980000,704,3,,美聯物業(麗城分行),https://i1.28hse.com/2026/06/202606071304354396720_thumb.jpg,https://www.28hse.com/buy/apartment/property-3880429,2026-08-06T17:33:59.496264+00:00
3844122,相熱業主，細價銀碼上車盤，近村口,西貢,蠔涌村,2380000,350,1,1,合益地產代理公司,https://i1.28hse.com/2026/05/202605111638403161335_thumb.jpg,https://www.28hse.com/buy/apartment/property-3844122,2026-08-06T17:33:59.496264+00:00
3388112,"西貢白沙灣 村屋 地下, 連車位及花園罕有放售, 連租約",西貢,翠景臺,4650000,630,3,2,駿利地產,https://i1.28hse.com/2025/04/202504020438522501445_thumb.jpg,https://www.28hse.com/buy/apartment/property-3388112,2026-08-06T17:33:59.496264+00:00
3597668,〓 1/F + 大露台 附近可隨便泊車 〓,西貢,,2280000,650,2,,囍 田 地 產,https://i1.28hse.com/2025/10/202510141321071208754_thumb.jpg,https://www.28hse.com/buy/apartment/property-3597668,2026-08-06T17:33:59.496264+00:00
3712465,清水灣，茅蒲地下連500呎入契花園，雅裝二房車位另租可裝充電,清水灣,茅莆村,5680000,700,2,1,天豐基業有限公司,https://i1.28hse.com/2026/07/202607081053282163046_thumb.jpg,https://www.28hse.com/buy/apartment/property-3712465,2026-08-06T17:33:59.496264+00:00
3874063,絕對真盤源！西沙路西澳村，西沙路旁，交通方便！,西貢,,2880000,360,1,1,生威有限公司,https://i1.28hse.com/2026/06/202606031505497574109_thumb.jpg,https://www.28hse.com/buy/apartment/property-3874063,2026-08-06T17:33:59.496264+00:00
3957292,"極筍盤!見票即收!銀行估凸價,西沙路旁,交通方便",西貢,西沙路村屋,2880000,360,1,1,,https://i1.28hse.com/2026/08/202608022227542716666_thumb.jpg,https://www.28hse.com/buy/apartment/property-3957292,2026-08-06T17:33:59.496264+00:00
3869740,罕有實用1房連露台,清水灣,傲瀧,7900000,457,1,1,海騰物業,https://i1.28hse.com/2026/06/202606071647318670786_thumb.jpg,https://www.28hse.com/buy/apartment/property-3869740,2026-08-06T17:33:59.496264+00:00
3951854,西貢頭段｜2房頂層連天台｜太陽能頂｜交通方便｜近匡湖居,西貢,蠔涌新村,5800000,700,2,1,富達物業,https://i1.28hse.com/2026/07/202607301140387163262_thumb.jpg,https://www.28hse.com/buy/apartment/property-3951854,2026-08-06T17:33:59.496264+00:00
3433207,"開揚海景,廿四小時小巴直達",西貢,南圍,6680000,630,2,2,港基地產代理有限公司,https://i1.28hse.com/2025/06/202506271552303988697_thumb.jpg,https://www.28hse.com/buy/apartment/property-3433207,2026-08-06T17:33:59.496264+00:00
3701354,"近路方便,入契花園",西貢,蠔涌新村,6180000,630,3,2,港基地產代理有限公司,https://i1.28hse.com/2026/01/202601081559101748015_thumb.jpg,https://www.28hse.com/buy/apartment/property-3701354,2026-08-06T17:33:59.496264+00:00
3949637,^^環境清靜！遠離煩囂！身心健康！,清水灣,清水灣花園,6500000,650,3,1,環球物業 (香港),https://i1.28hse.com/2026/07/202607281533544037249_thumb.jpg,https://www.28hse.com/buy/apartment/property-3949637,2026-08-06T17:33:59.496264+00:00
3948934,西貢低密度屋苑，交通方便,西貢,逸瓏園,6900000,531,1,1,西貢逸添物業有限公司,https://i1.28hse.com/2026/07/202607271954133524979_thumb.jpg,https://www.28hse.com/buy/apartment/property-3948934,2026-08-06T17:33:59.496264+00:00
3946744,＜業主盤免佣>清水灣相思灣2樓連天台，獨立樓梯直上2樓及天台,清水灣,,3680000,350,1,1,,https://i1.28hse.com/2026/07/202607251920248539840_thumb.jpg,https://www.28hse.com/buy/apartment/property-3946744,2026-08-06T17:33:59.496264+00:00
3768387,筍價放售，中銀估價580萬，筍到你唔信！歡迎約睇,清水灣,相思灣,3880000,630,3,1,迎富地產代理有限公司,https://i1.28hse.com/2026/03/202603111735505615160_thumb.jpg,https://www.28hse.com/buy/apartment/property-3768387,2026-08-06T17:33:59.496264+00:00
3628355,西貢市中心,西貢,西貢苑,4500000,360,2,1,西貢逸添物業有限公司,https://i1.28hse.com/2026/06/202606261132266854028_thumb.jpg,https://www.28hse.com/buy/apartment/property-3628355,2026-08-06T17:33:59.496264+00:00
3843869,"高級會所,鳳凰樓層",西貢,逸瓏海滙,4310000,380,1,1,港基地產代理有限公司,https://i1.28hse.com/2026/05/202605111449231416473_thumb.jpg,https://www.28hse.com/buy/apartment/property-3843869,2026-08-06T17:33:59.496264+00:00
3843904,"開揚海景,環境優越",西貢,打蠔墩,5380000,630,3,2,港基地產代理有限公司,https://i1.28hse.com/2026/05/20260511150830876317_thumb.jpg,https://www.28hse.com/buy/apartment/property-3843904,2026-08-06T17:33:59.496264+00:00
3763165,"西貢半山,環境清幽",西貢,黃竹山新村,6800000,630,2,1,港基地產代理有限公司,https://i1.28hse.com/2026/03/202603071658152031473_thumb.jpg,https://www.28hse.com/buy/apartment/property-3763165,2026-08-06T17:33:59.496264+00:00
3942157,"筍盤推介~頂樓連天台,上車投資兩合",西貢,蠔涌新村,4200000,630,2,2,港基地產代理有限公司,https://i1.28hse.com/2026/07/202607221645364812008_thumb.jpg,https://www.28hse.com/buy/apartment/property-3942157,2026-08-06T17:33:59.496264+00:00
3938554,〈業主盤免佣〉西貢頭段極罕連天台，靚裝即住，收租回報高！,西貢,,3480000,450,1,1,,https://i1.28hse.com/2026/07/202607212327294130523_thumb.jpg,https://www.28hse.com/buy/apartment/property-3938554,2026-08-06T17:33:59.496264+00:00
3933118,蝕讓急售，高層泳池景,西貢,逸瓏海滙,4800000,425,1,,Q動力地產,https://i1.28hse.com/2026/07/202607151633315745823_thumb.jpg,https://www.28hse.com/buy/apartment/property-3933118,2026-08-06T17:33:59.496264+00:00
3931361,約睇有靚池景【新放盤】走先啦，係咁先啦！合適上樓【上樓易】荀盤前面當你自己人傾,西貢,逸瓏海滙,4800000,425,1,1,利嘉閣地產有限公司,https://i1.28hse.com/2026/07/20260714125019402398_thumb.jpg,https://www.28hse.com/buy/apartment/property-3931361,2026-08-06T17:33:59.496264+00:00
3930356,"移民求售,還價即成",西貢,逸瓏海滙,4800000,425,2,1,港基地產代理有限公司,https://i1.28hse.com/2026/07/202607131510588512910_thumb.jpg,https://www.28hse.com/buy/apartment/property-3930356,2026-08-06T17:33:59.496264+00:00
3928052,相熱業主，業主急售，細價銀碼上車盤連天台，近村口,西貢,蠔涌村,2380000,350,1,1,合益地產代理公司,https://i1.28hse.com/2026/07/202607111548114379284_thumb.jpg,https://www.28hse.com/buy/apartment/property-3928052,2026-08-06T17:33:59.496264+00:00
3522864,"4面單邊,環境清幽,車泊門前",清水灣,壁屋,5500000,630,3,1,港基地產代理有限公司,https://i1.28hse.com/2025/07/202507291604387591183_thumb.jpg,https://www.28hse.com/buy/apartment/property-3522864,2026-08-06T17:33:59.496264+00:00
3657865,** 西貢大廈 **︱3房︱靚裝,西貢,西貢大廈,6100000,537,3,1,本鴻地產,https://i1.28hse.com/2026/07/202607241825131088927_thumb.jpg,https://www.28hse.com/buy/apartment/property-3657865,2026-08-06T17:33:59.496264+00:00
3896418,【九龍後花園】逸瓏海匯精緻兩房 ‧ 環境清幽高私隱 ‧ 放工即度假,西貢,逸瓏海滙,6800000,586,2,,美聯物業,https://i1.28hse.com/2026/06/202606181547141096030_thumb.jpg,https://www.28hse.com/buy/apartment/property-3896418,2026-08-06T17:33:59.496264+00:00
3896188,進駐西貢豪宅首選！逸瓏海匯優質2房 擁星級會所 迎向優質生活,西貢,逸瓏海滙,7500000,598,2,1,美聯物業,https://i1.28hse.com/2026/06/202606181348038819605_thumb.jpg,https://www.28hse.com/buy/apartment/property-3896188,2026-08-06T17:33:59.496264+00:00
3896129,罕有清水灣低密度 科大旁傲瀧高層一房・連精裝即住,清水灣,傲瀧,7900000,460,1,,美聯物業,https://i1.28hse.com/2026/06/202606181259524682171_thumb.jpg,https://www.28hse.com/buy/apartment/property-3896129,2026-08-06T17:33:59.496264+00:00
3803310,步行GO PARK！全新裝修【鄰近海邊 ‧ 水上活動】配套完善,西貢,西沙路村屋,5780000,700,2,1,天峻物業,https://i1.28hse.com/2026/05/202605081307584526554_thumb.jpg,https://www.28hse.com/buy/apartment/property-3803310,2026-08-06T17:33:59.496264+00:00
3883225,"屋苑管理,環境清幽,15分鐘車程可達港鐵站",西貢,金豪花園,3980000,630,3,1,港基地產代理有限公司,https://i1.28hse.com/2026/06/202606091323387922160_thumb.jpg,https://www.28hse.com/buy/apartment/property-3883225,2026-08-06T17:33:59.496264+00:00
3798924,"極近村口,廿四小時小巴直達",西貢,蠔涌新村,4580000,630,3,1,港基地產代理有限公司,https://i1.28hse.com/2026/06/202606201504156538951_thumb.jpg,https://www.28hse.com/buy/apartment/property-3798924,2026-08-06T17:33:59.496264+00:00
3882221,西貢逸瓏海匯,西貢,逸瓏海滙,4310000,380,1,1,港基地產代理有限公司,https://i1.28hse.com/2026/06/202606081627425998130_thumb.jpg,https://www.28hse.com/buy/apartment/property-3882221,2026-08-06T17:33:59.496264+00:00
3882061,"＊相熟業主到價＊＊ 廳大房大, 靚樓層,搵我傾有驚喜!",西貢,逸瓏園,6500000,530,1,,利嘉閣地產有限公司,https://i1.28hse.com/2026/06/202606081528358264118_thumb.jpg,https://www.28hse.com/buy/apartment/property-3882061,2026-08-06T17:33:59.496264+00:00
3882059,"鄰近西貢市中心,地下大園,環境清幽",西貢,山美苑,6500000,630,3,2,港基地產代理有限公司,https://i1.28hse.com/2026/06/202606081528051399685_thumb.jpg,https://www.28hse.com/buy/apartment/property-3882059,2026-08-06T17:33:59.496264+00:00
3963216,【$788萬再傾！有露台●有明廁！】【有票再有驚喜】,荔枝角,泓景臺,8000000,477,2,1,美聯物業代理有限公司,https://i1.28hse.com/2026/08/202608070145152127454_thumb.jpg,https://www.28hse.com/buy/apartment/property-3963216,2026-08-06T18:22:09.518816+00:00
3963219,《則王＋兩房＋34校網》偉恆昌 恆景閣 中層兩房 則王開陽 即買即住 交吉約睇,土瓜灣,偉恆昌新村,5080000,372,2,1,天晋物業有限公司,https://i1.28hse.com/2026/08/202608070154242903411_thumb.jpg,https://www.28hse.com/buy/apartment/property-3963219,2026-08-06T18:22:09.518816+00:00
3963218,【張小姐 [REDACTED]】【實盤】【歡迎查詢】,荃灣,荃錦中心,5000000,354,2,,美聯物業代理有限公司,https://i1.28hse.com/2026/08/202608070152444848269_thumb.jpg,https://www.28hse.com/buy/apartment/property-3963218,2026-08-06T18:22:09.518816+00:00
